sample_id,region,modality,raster_file,source_file,class_name,class_id,class_label_ru,n_objects_in_patch,classes_in_patch,height,width,crop_size,obj_w_px,obj_h_px,target_fits_inside,touches_border,used_crs_fallback,mask_bg_pixels,mask_kurgany_tselye_pixels,has_kurgany_tselye,mask_kurgany_povrezhdennye_pixels,has_kurgany_povrezhdennye,mask_gorodishcha_pixels,has_gorodishcha,mask_fortifikatsii_pixels,has_fortifikatsii,mask_arkhitektury_pixels,has_arkhitektury
000000,004_ДЕМИДОВКА,Li,03_Демидовка_Li_карты_g.tif,Демидовка_Li_городища.geojson,gorodishcha,3,городища,1,gorodishcha,1736,1736,1736,867.4666311359198,597.2648711223155,True,False,False,2633263,0,False,0,False,380433,True,0,False,0,False
000001,004_ДЕМИДОВКА,Li,03_Демидовка_Li_карты_g.tif,Демидовка_Li_городища.geojson,gorodishcha,3,городища,1,gorodishcha,1276,1276,1276,637.2548343334468,512.6709510851651,True,False,False,1418102,0,False,0,False,210074,True,0,False,0,False
000082,007_ЮШКОВО,Li,03_Юшково_Li_карты_g.tif,Юшково_Li_курганы_поврежденные.geojson,kurgany_povrezhdennye,2,курганы_поврежденные,8,kurgany_povrezhdennye;kurgany_tselye,256,256,256,94.03325459692472,119.89784799396908,True,False,False,32868,18957,True,13711,True,0,False,0,False,0,False
000083,007_ЮШКОВО,Li,03_Юшково_Li_карты_g.tif,Юшково_Li_курганы_поврежденные.geojson,kurgany_povrezhdennye,2,курганы_поврежденные,10,kurgany_povrezhdennye;kurgany_tselye,256,256,256,84.57609448270547,101.12555605738532,True,False,False,15779,33714,True,16043,True,0,False,0,False,0,False
000084,007_ЮШКОВО,Li,03_Юшково_Li_карты_g.tif,Юшково_Li_курганы_поврежденные.geojson,kurgany_povrezhdennye,2,курганы_поврежденные,8,kurgany_povrezhdennye;kurgany_tselye,256,256,256,88.032157188011,93.87832328042283,True,False,False,25201,22992,True,17343,True,0,False,0,False,0,False
000085,007_ЮШКОВО,Li,03_Юшково_Li_карты_g.tif,Юшково_Li_курганы_поврежденные.geojson,kurgany_povrezhdennye,2,курганы_поврежденные,5,kurgany_povrezhdennye;kurgany_tselye,256,256,256,103.13349127800022,102.87076621624472,True,False,False,39498,14709,True,11329,True,0,False,0,False,0,False
000086,007_ЮШКОВО,Li,03_Юшково_Li_карты_g.tif,Юшково_Li_курганы_поврежденные.geojson,kurgany_povrezhdennye,2,курганы_поврежденные,7,kurgany_povrezhdennye;kurgany_tselye,274,274,274,136.80863781906228,135.55619140908007,True,False,False,39420,21136,True,14520,True,0,False,0,False,0,False
000087,007_ЮШКОВО,Li,03_Юшково_Li_карты_g.tif,Юшково_Li_курганы_поврежденные.geojson,kurgany_povrezhdennye,2,курганы_поврежденные,3,kurgany_povrezhdennye,256,256,256,115.73964889742768,122.31351701122148,True,False,False,51554,0,False,13982,True,0,False,0,False,0,False
000088,007_ЮШКОВО,Li,03_Юшково_Li_карты_g.tif,Юшково_Li_курганы_поврежденные.geojson,kurgany_povrezhdennye,2,курганы_поврежденные,2,kurgany_povrezhdennye,256,256,256,89.00746982517366,113.35328267491468,True,False,False,53370,0,False,12166,True,0,False,0,False,0,False
000089,007_ЮШКОВО,Li,03_Юшково_Li_карты_g.tif,Юшково_Li_курганы_поврежденные.geojson,kurgany_povrezhdennye,2,курганы_поврежденные,3,kurgany_povrezhdennye;kurgany_tselye,256,256,256,102.7649423627326,115.19668364073728,True,False,False,49945,6099,True,9492,True,0,False,0,False,0,False
000090,007_ЮШКОВО,Li,03_Юшково_Li_карты_g.tif,Юшково_Li_курганы_поврежденные.geojson,kurgany_povrezhdennye,2,курганы_поврежденные,5,kurgany_povrezhdennye;kurgany_tselye,324,324,324,161.70355281062945,160.98872840624742,True,False,False,56826,22121,True,26029,True,0,False,0,False,0,False
000091,007_ЮШКОВО,Li,03_Юшково_Li_карты_g.tif,Юшково_Li_курганы_поврежденные.geojson,kurgany_povrezhdennye,2,курганы_поврежденные,6,kurgany_povrezhdennye;kurgany_tselye,298,298,298,119.31843201507422,148.7687978941198,True,False,False,33811,35463,True,19530,True,0,False,0,False,0,False
000092,007_ЮШКОВО,Li,03_Юшково_Li_карты_g.tif,Юшково_Li_курганы_поврежденные.geojson,kurgany_povrezhdennye,2,курганы_поврежденные,3,kurgany_povrezhdennye;kurgany_tselye,296,296,296,143.47332808208486,147.75446281008865,True,False,False,48891,22173,True,16552,True,0,False,0,False,0,False
000093,007_ЮШКОВО,Li,03_Юшково_Li_карты_g.tif,Юшково_Li_курганы_поврежденные.geojson,kurgany_povrezhdennye,2,курганы_поврежденные,8,kurgany_povrezhdennye;kurgany_tselye,256,256,256,117.35718737597402,97.90699849535704,True,False,False,30072,18646,True,16818,True,0,False,0,False,0,False
000094,007_ЮШКОВО,Li,03_Юшково_Li_карты_g.tif,Юшково_Li_курганы_поврежденные.geojson,kurgany_povrezhdennye,2,курганы_поврежденные,5,kurgany_povrezhdennye;kurgany_tselye,268,268,268,133.6585916441569,83.00108372343054,True,False,False,51825,6885,True,13114,True,0,False,0,False,0,False
000095,007_ЮШКОВО,Li,03_Юшково_Li_карты_g.tif,Юшково_Li_курганы_поврежденные.geojson,kurgany_povrezhdennye,2,курганы_поврежденные,6,kurgany_povrezhdennye;kurgany_tselye,260,260,260,92.8781324830469,129.5048872831629,True,False,False,40522,13362,True,13716,True,0,False,0,False,0,False
000096,007_ЮШКОВО,Li,03_Юшково_Li_карты_g.tif,Юшково_Li_курганы_целые.geojson,kurgany_tselye,1,курганы_целые,2,kurgany_tselye,292,292,292,137.8466874682706,145.87018762994333,True,False,False,65385,19879,True,0,False,0,False,0,False,0,False
000097,007_ЮШКОВО,Li,03_Юшково_Li_карты_g.tif,Юшково_Li_курганы_целые.geojson,kurgany_tselye,1,курганы_целые,3,kurgany_tselye,256,256,256,67.59041563609654,94.94930691938023,True,False,False,51116,14420,True,0,False,0,False,0,False,0,False
000098,007_ЮШКОВО,Li,03_Юшково_Li_карты_g.tif,Юшково_Li_курганы_целые.geojson,kurgany_tselye,1,курганы_целые,11,kurgany_povrezhdennye;kurgany_tselye,368,368,368,144.2986331862499,183.3565488970516,True,False,False,69648,40977,True,24799,True,0,False,0,False,0,False
000099,007_ЮШКОВО,Li,03_Юшково_Li_карты_g.tif,Юшково_Li_курганы_целые.geojson,kurgany_tselye,1,курганы_целые,2,kurgany_povrezhdennye;kurgany_tselye,256,256,256,89.85249183353979,95.168254723933,True,False,False,52645,6543,True,6348,True,0,False,0,False,0,False
000100,007_ЮШКОВО,Li,03_Юшково_Li_карты_g.tif,Юшково_Li_курганы_целые.geojson,kurgany_tselye,1,курганы_целые,9,kurgany_povrezhdennye;kurgany_tselye,256,256,256,126.7316630716438,98.92319380865638,True,False,False,16451,32423,True,16662,True,0,False,0,False,0,False
000101,007_ЮШКОВО,Li,03_Юшково_Li_карты_g.tif,Юшково_Li_курганы_целые.geojson,kurgany_tselye,1,курганы_целые,5,kurgany_povrezhdennye;kurgany_tselye,256,256,256,86.96497985971065,86.32705053123539,True,False,False,38156,18382,True,8998,True,0,False,0,False,0,False
000102,007_ЮШКОВО,Li,03_Юшково_Li_карты_g.tif,Юшково_Li_курганы_целые.geojson,kurgany_tselye,1,курганы_целые,8,kurgany_povrezhdennye;kurgany_tselye,256,256,256,104.28579345992462,97.28047031753398,True,False,False,27709,30855,True,6972,True,0,False,0,False,0,False
000103,007_ЮШКОВО,Li,03_Юшково_Li_карты_g.tif,Юшково_Li_курганы_целые.geojson,kurgany_tselye,1,курганы_целые,11,kurgany_povrezhdennye;kurgany_tselye,256,256,256,117.6795004352116,114.06360241146176,True,False,False,13173,36519,True,15844,True,0,False,0,False,0,False
000104,007_ЮШКОВО,Li,03_Юшково_Li_карты_g.tif,Юшково_Li_курганы_целые.geojson,kurgany_tselye,1,курганы_целые,10,kurgany_povrezhdennye;kurgany_tselye,258,258,258,128.54677159784154,119.1259736583468,True,False,False,15945,39528,True,11091,True,0,False,0,False,0,False
000105,007_ЮШКОВО,Li,03_Юшково_Li_карты_g.tif,Юшково_Li_курганы_целые.geojson,kurgany_tselye,1,курганы_целые,10,kurgany_povrezhdennye;kurgany_tselye,256,256,256,103.77255578578496,85.8703800754074,True,False,False,16447,36736,True,12353,True,0,False,0,False,0,False
000106,007_ЮШКОВО,Li,03_Юшково_Li_карты_g.tif,Юшково_Li_курганы_целые.geojson,kurgany_tselye,1,курганы_целые,8,kurgany_povrezhdennye;kurgany_tselye,256,256,256,98.69019210809763,118.07512381485024,True,False,False,27944,31770,True,5822,True,0,False,0,False,0,False
000107,007_ЮШКОВО,Li,03_Юшково_Li_карты_g.tif,Юшково_Li_курганы_целые.geojson,kurgany_tselye,1,курганы_целые,5,kurgany_povrezhdennye;kurgany_tselye,256,256,256,90.98750132743936,87.19811920578263,True,False,False,38908,25452,True,1176,True,0,False,0,False,0,False
000108,007_ЮШКОВО,Li,03_Юшково_Li_карты_g.tif,Юшково_Li_курганы_целые.geojson,kurgany_tselye,1,курганы_целые,8,kurgany_povrezhdennye;kurgany_tselye,284,284,284,114.05960793646612,141.92462497053708,True,False,False,31411,39411,True,9834,True,0,False,0,False,0,False
000109,007_ЮШКОВО,Li,03_Юшково_Li_карты_g.tif,Юшково_Li_курганы_целые.geojson,kurgany_tselye,1,курганы_целые,7,kurgany_povrezhdennye;kurgany_tselye,262,262,262,126.06340952452406,130.20893193705643,True,False,False,27150,26800,True,14694,True,0,False,0,False,0,False
000110,007_ЮШКОВО,Li,03_Юшково_Li_карты_g.tif,Юшково_Li_курганы_целые.geojson,kurgany_tselye,1,курганы_целые,5,kurgany_povrezhdennye;kurgany_tselye,402,402,402,178.82433211973816,200.8927971755867,True,False,False,98474,57479,True,5651,True,0,False,0,False,0,False
000111,007_ЮШКОВО,Li,03_Юшково_Li_карты_g.tif,Юшково_Li_курганы_целые.geojson,kurgany_tselye,1,курганы_целые,4,kurgany_povrezhdennye;kurgany_tselye,320,320,320,146.25664013804533,159.4377976394725,True,False,False,62886,26402,True,13112,True,0,False,0,False,0,False
000112,007_ЮШКОВО,Li,03_Юшково_Li_карты_g.tif,Юшково_Li_курганы_целые.geojson,kurgany_tselye,1,курганы_целые,10,kurgany_povrezhdennye;kurgany_tselye,450,450,450,224.73983605499163,165.16428425157784,True,False,False,104373,69635,True,28492,True,0,False,0,False,0,False
000113,007_ЮШКОВО,Li,03_Юшково_Li_карты_g.tif,Юшково_Li_курганы_целые.geojson,kurgany_tselye,1,курганы_целые,3,kurgany_tselye,332,332,332,165.6230389625477,121.07493158874838,True,False,False,79612,30612,True,0,False,0,False,0,False,0,False
000114,007_ЮШКОВО,Li,03_Юшково_Li_карты_g.tif,Юшково_Li_курганы_целые.geojson,kurgany_tselye,1,курганы_целые,4,kurgany_povrezhdennye;kurgany_tselye,356,356,356,177.99501305569916,116.40287676331847,True,False,False,75663,45168,True,5905,True,0,False,0,False,0,False
000115,007_ЮШКОВО,Li,03_Юшково_Li_карты_g.tif,Юшково_Li_курганы_целые.geojson,kurgany_tselye,1,курганы_целые,3,kurgany_povrezhdennye;kurgany_tselye,286,286,286,128.52733895015288,142.19206764710478,True,False,False,45155,26989,True,9652,True,0,False,0,False,0,False
000116,007_ЮШКОВО,Li,03_Юшково_Li_карты_g.tif,Юшково_Li_курганы_целые.geojson,kurgany_tselye,1,курганы_целые,7,kurgany_povrezhdennye;kurgany_tselye,354,354,354,176.80985367168344,147.57807732342522,True,False,False,42568,69733,True,13015,True,0,False,0,False,0,False
000117,007_ЮШКОВО,Li,03_Юшково_Li_карты_g.tif,Юшково_Li_курганы_целые.geojson,kurgany_tselye,1,курганы_целые,4,kurgany_tselye,256,256,256,87.22577192416985,103.87090963469998,True,False,False,43568,21968,True,0,False,0,False,0,False,0,False
000118,007_ЮШКОВО,Li,03_Юшково_Li_карты_g.tif,Юшково_Li_курганы_целые.geojson,kurgany_tselye,1,курганы_целые,3,kurgany_povrezhdennye;kurgany_tselye,256,256,256,111.4060033869402,112.53584733334574,True,False,False,34664,9493,True,21379,True,0,False,0,False,0,False
000119,007_ЮШКОВО,Li,03_Юшково_Li_карты_g.tif,Юшково_Li_курганы_целые.geojson,kurgany_tselye,1,курганы_целые,3,kurgany_tselye,288,288,288,143.52178730844042,141.21983469243403,True,False,False,45351,37593,True,0,False,0,False,0,False,0,False
000120,007_ЮШКОВО,Li,03_Юшково_Li_карты_g.tif,Юшково_Li_курганы_целые.geojson,kurgany_tselye,1,курганы_целые,4,kurgany_tselye,278,278,278,138.15939636097588,128.3625291705788,True,False,False,40001,37283,True,0,False,0,False,0,False,0,False
000121,007_ЮШКОВО,Li,03_Юшково_Li_карты_g.tif,Юшково_Li_курганы_целые.geojson,kurgany_tselye,1,курганы_целые,5,kurgany_povrezhdennye;kurgany_tselye,256,256,256,94.93915650610444,95.75783856573192,True,False,False,50947,14124,True,465,True,0,False,0,False,0,False
000122,007_ЮШКОВО,Li,03_Юшково_Li_карты_g.tif,Юшково_Li_курганы_целые.geojson,kurgany_tselye,1,курганы_целые,9,kurgany_povrezhdennye;kurgany_tselye,552,552,552,275.4332505768892,181.78138948883856,True,False,False,192496,93145,True,19063,True,0,False,0,False,0,False
000123,007_ЮШКОВО,Ae,01_Юшково_Ae_немецкая.tif,Юшково_Ае_курганы_поврежденные.geojson,kurgany_povrezhdennye,2,курганы_поврежденные,6,kurgany_povrezhdennye;kurgany_tselye,256,256,256,38.891278920846126,35.86150123548052,True,False,False,61323,3119,True,1094,True,0,False,0,False,0,False
000124,007_ЮШКОВО,Ae,01_Юшково_Ae_немецкая.tif,Юшково_Ае_курганы_поврежденные.geojson,kurgany_povrezhdennye,2,курганы_поврежденные,5,kurgany_povrezhdennye;kurgany_tselye,256,256,256,36.453333211232255,40.93589556863333,True,False,False,61134,3343,True,1059,True,0,False,0,False,0,False
000125,007_ЮШКОВО,Ae,01_Юшково_Ae_немецкая.tif,Юшково_Ае_курганы_целые.geojson,kurgany_tselye,1,курганы_целые,5,kurgany_tselye,256,256,256,43.92583556473921,52.64089157280305,True,False,False,59901,5635,True,0,False,0,False,0,False,0,False
000126,007_ЮШКОВО,Ae,01_Юшково_Ae_немецкая.tif,Юшково_Ае_курганы_целые.geojson,kurgany_tselye,1,курганы_целые,7,kurgany_tselye,256,256,256,48.12774372090423,40.521593050384666,True,False,False,59649,5887,True,0,False,0,False,0,False,0,False
000127,007_ЮШКОВО,Ae,01_Юшково_Ae_немецкая.tif,Юшково_Ае_курганы_целые.geojson,kurgany_tselye,1,курганы_целые,8,kurgany_tselye,256,256,256,37.4075501836755,31.68832928201197,True,False,False,57259,8277,True,0,False,0,False,0,False,0,False
000128,007_ЮШКОВО,Ae,01_Юшково_Ae_немецкая.tif,Юшково_Ае_курганы_целые.geojson,kurgany_tselye,1,курганы_целые,8,kurgany_tselye,256,256,256,30.12763955970267,33.551991776427315,True,False,False,58471,7065,True,0,False,0,False,0,False,0,False
000129,007_ЮШКОВО,Ae,01_Юшково_Ae_немецкая.tif,Юшково_Ае_курганы_целые.geojson,kurgany_tselye,1,курганы_целые,7,kurgany_tselye,256,256,256,66.8128870764102,45.19949546311355,True,False,False,58336,7200,True,0,False,0,False,0,False,0,False
000130,007_ЮШКОВО,Ae,01_Юшково_Ae_немецкая.tif,Юшково_Ае_курганы_целые.geojson,kurgany_tselye,1,курганы_целые,10,kurgany_tselye,256,256,256,49.84158211350037,38.3359113388254,True,False,False,55153,10383,True,0,False,0,False,0,False,0,False
000131,007_ЮШКОВО,Ae,01_Юшково_Ae_немецкая.tif,Юшково_Ае_курганы_целые.geojson,kurgany_tselye,1,курганы_целые,10,kurgany_tselye,256,256,256,51.81654319330582,40.1994646839546,True,False,False,57150,8386,True,0,False,0,False,0,False,0,False
000132,007_ЮШКОВО,Ae,01_Юшково_Ae_немецкая.tif,Юшково_Ае_курганы_целые.geojson,kurgany_tselye,1,курганы_целые,6,kurgany_tselye,256,256,256,35.01739816657182,30.67935698521916,True,False,False,58338,7198,True,0,False,0,False,0,False,0,False
000133,007_ЮШКОВО,Ae,01_Юшково_Ae_немецкая.tif,Юшково_Ае_курганы_целые.geojson,kurgany_tselye,1,курганы_целые,8,kurgany_tselye,256,256,256,50.983969598735214,28.35830834098885,True,False,False,58175,7361,True,0,False,0,False,0,False,0,False
000134,007_ЮШКОВО,Ae,01_Юшково_Ae_немецкая.tif,Юшково_Ае_курганы_целые.geojson,kurgany_tselye,1,курганы_целые,8,kurgany_tselye,256,256,256,28.453079354445688,17.64250281193117,True,False,False,57606,7930,True,0,False,0,False,0,False,0,False
000135,007_ЮШКОВО,Ae,01_Юшково_Ae_немецкая.tif,Юшково_Ае_курганы_целые.geojson,kurgany_tselye,1,курганы_целые,12,kurgany_tselye,256,256,256,22.838264315731923,23.002658835969577,True,False,False,56806,8730,True,0,False,0,False,0,False,0,False
000136,007_ЮШКОВО,Ae,01_Юшково_Ae_немецкая.tif,Юшково_Ае_курганы_целые.geojson,kurgany_tselye,1,курганы_целые,8,kurgany_tselye,256,256,256,43.60854594388397,37.95222505720843,True,False,False,60875,4661,True,0,False,0,False,0,False,0,False
000137,007_ЮШКОВО,Ae,01_Юшково_Ae_немецкая.tif,Юшково_Ае_курганы_целые.geojson,kurgany_tselye,1,курганы_целые,6,kurgany_tselye,256,256,256,45.02609073143319,42.58165893605734,True,False,False,61701,3835,True,0,False,0,False,0,False,0,False
000138,007_ЮШКОВО,Ae,01_Юшково_Ae_немецкая.tif,Юшково_Ае_курганы_целые.geojson,kurgany_tselye,1,курганы_целые,4,kurgany_tselye,256,256,256,34.80197593008327,32.34104392062598,True,False,False,62258,3278,True,0,False,0,False,0,False,0,False
000139,007_ЮШКОВО,Ae,01_Юшково_Ae_немецкая.tif,Юшково_Ае_курганы_целые.geojson,kurgany_tselye,1,курганы_целые,14,kurgany_tselye,256,256,256,28.91101102421688,32.46687238762765,True,False,False,55226,10310,True,0,False,0,False,0,False,0,False
000140,007_ЮШКОВО,Ae,01_Юшково_Ae_немецкая.tif,Юшково_Ае_курганы_целые.geojson,kurgany_tselye,1,курганы_целые,14,kurgany_tselye,256,256,256,29.598836289862817,25.61644778270207,True,False,False,55653,9883,True,0,False,0,False,0,False,0,False
000141,007_ЮШКОВО,Ae,01_Юшково_Ae_немецкая.tif,Юшково_Ае_курганы_целые.geojson,kurgany_tselye,1,курганы_целые,14,kurgany_tselye,256,256,256,32.424831851988166,28.34739451984217,True,False,False,56279,9257,True,0,False,0,False,0,False,0,False
000142,007_ЮШКОВО,Ae,01_Юшково_Ae_немецкая.tif,Юшково_Ае_курганы_целые.geojson,kurgany_tselye,1,курганы_целые,14,kurgany_tselye,256,256,256,41.925514993225896,36.47956346093929,True,False,False,55945,9591,True,0,False,0,False,0,False,0,False
000143,007_ЮШКОВО,Ae,01_Юшково_Ae_немецкая.tif,Юшково_Ае_курганы_целые.geojson,kurgany_tselye,1,курганы_целые,12,kurgany_tselye,256,256,256,44.42848287987969,35.19354761484,True,False,False,55949,9587,True,0,False,0,False,0,False,0,False
000144,007_ЮШКОВО,Ae,01_Юшково_Ae_немецкая.tif,Юшково_Ае_курганы_целые.geojson,kurgany_tselye,1,курганы_целые,12,kurgany_tselye,256,256,256,38.05582507257861,33.313582574877486,True,False,False,56710,8826,True,0,False,0,False,0,False,0,False
000145,007_ЮШКОВО,Ae,01_Юшково_Ae_немецкая.tif,Юшково_Ае_курганы_целые.geojson,kurgany_tselye,1,курганы_целые,12,kurgany_tselye,256,256,256,32.092730583693395,26.57960314656736,True,False,False,58291,7245,True,0,False,0,False,0,False,0,False
000146,007_ЮШКОВО,Ae,01_Юшково_Ae_немецкая.tif,Юшково_Ае_курганы_целые.geojson,kurgany_tselye,1,курганы_целые,11,kurgany_tselye,256,256,256,33.99161910298135,30.71799889787295,True,False,False,57793,7743,True,0,False,0,False,0,False,0,False
000147,007_ЮШКОВО,Ae,01_Юшково_Ae_немецкая.tif,Юшково_Ае_курганы_целые.geojson,kurgany_tselye,1,курганы_целые,10,kurgany_tselye,256,256,256,33.136246748862085,28.34706791759941,True,False,False,59314,6222,True,0,False,0,False,0,False,0,False
000148,007_ЮШКОВО,Ae,01_Юшково_Ae_немецкая.tif,Юшково_Ае_курганы_целые.geojson,kurgany_tselye,1,курганы_целые,10,kurgany_tselye,256,256,256,29.081189323213465,28.53407611739065,True,False,False,60171,5365,True,0,False,0,False,0,False,0,False
000149,007_ЮШКОВО,Ae,01_Юшково_Ae_немецкая.tif,Юшково_Ае_курганы_целые.geojson,kurgany_tselye,1,курганы_целые,7,kurgany_povrezhdennye;kurgany_tselye,256,256,256,36.37125930174789,35.286329036435184,True,False,False,62183,3131,True,222,True,0,False,0,False,0,False
000150,007_ЮШКОВО,Ae,01_Юшково_Ae_немецкая.tif,Юшково_Ае_курганы_целые.geojson,kurgany_tselye,1,курганы_целые,3,kurgany_tselye,256,256,256,38.31486256242226,36.81965830675852,True,False,False,62565,2971,True,0,False,0,False,0,False,0,False
000151,007_ЮШКОВО,Ae,01_Юшково_Ae_немецкая.tif,Юшково_Ае_курганы_целые.geojson,kurgany_tselye,1,курганы_целые,7,kurgany_povrezhdennye;kurgany_tselye,256,256,256,35.178035141851694,33.28475696069248,True,False,False,60229,4354,True,953,True,0,False,0,False,0,False
000152,007_ЮШКОВО,Ae,01_Юшково_Ae_немецкая.tif,Юшково_Ае_курганы_целые.geojson,kurgany_tselye,1,курганы_целые,5,kurgany_tselye,256,256,256,46.300938344948,38.82271484402298,True,False,False,60405,5131,True,0,False,0,False,0,False,0,False
000153,007_ЮШКОВО,Ae,01_Юшково_Ae_немецкая.tif,Юшково_Ае_курганы_целые.geojson,kurgany_tselye,1,курганы_целые,7,kurgany_tselye,256,256,256,35.03585983126477,29.18487559262493,True,False,False,59121,6415,True,0,False,0,False,0,False,0,False
000154,007_ЮШКОВО,Ae,01_Юшково_Ae_немецкая.tif,Юшково_Ае_курганы_целые.geojson,kurgany_tselye,1,курганы_целые,8,kurgany_tselye,256,256,256,39.981973793305016,29.72711477946097,True,False,False,58245,7291,True,0,False,0,False,0,False,0,False
000155,007_ЮШКОВО,Ae,01_Юшково_Ae_немецкая.tif,Юшково_Ае_курганы_целые.geojson,kurgany_tselye,1,курганы_целые,7,kurgany_povrezhdennye;kurgany_tselye,256,256,256,32.11027444735914,26.569863239386137,True,False,False,61054,3388,True,1094,True,0,False,0,False,0,False
000156,007_ЮШКОВО,Ae,01_Юшково_Ae_немецкая.tif,Юшково_Ае_курганы_целые.geojson,kurgany_tselye,1,курганы_целые,6,kurgany_povrezhdennye;kurgany_tselye,256,256,256,34.107592021056405,33.2846940560142,True,False,False,61634,2808,True,1094,True,0,False,0,False,0,False
000157,007_ЮШКОВО,Ae,01_Юшково_Ae_немецкая.tif,Юшково_Ае_курганы_целые.geojson,kurgany_tselye,1,курганы_целые,7,kurgany_povrezhdennye;kurgany_tselye,256,256,256,46.761949177094365,39.063830731660765,True,False,False,60649,3396,True,1491,True,0,False,0,False,0,False
000158,007_ЮШКОВО,Ae,01_Юшково_Ae_немецкая.tif,Юшково_Ае_курганы_целые.geojson,kurgany_tselye,1,курганы_целые,5,kurgany_povrezhdennye;kurgany_tselye,256,256,256,34.01733867202226,33.09706861923192,True,False,False,61134,3343,True,1059,True,0,False,0,False,0,False
000159,007_ЮШКОВО,Ae,01_Юшково_Ae_немецкая.tif,Юшково_Ае_курганы_целые.geojson,kurgany_tselye,1,курганы_целые,5,kurgany_povrezhdennye;kurgany_tselye,256,256,256,26.030322785081864,28.958655160445577,True,False,False,61134,3343,True,1059,True,0,False,0,False,0,False
000160,007_ЮШКОВО,Ae,01_Юшково_Ae_немецкая.tif,Юшково_Ае_курганы_целые.geojson,kurgany_tselye,1,курганы_целые,5,kurgany_povrezhdennye;kurgany_tselye,256,256,256,28.616751585555654,28.996096721632117,True,False,False,61134,3343,True,1059,True,0,False,0,False,0,False
000161,007_ЮШКОВО,Ae,01_Юшково_Ae_немецкая.tif,Юшково_Ае_курганы_целые.geojson,kurgany_tselye,1,курганы_целые,3,kurgany_tselye,256,256,256,37.88988340708561,33.09990939306183,True,False,False,62090,3446,True,0,False,0,False,0,False,0,False
000162,007_ЮШКОВО,Ae,01_Юшково_Ae_немецкая.tif,Юшково_Ае_курганы_целые.geojson,kurgany_tselye,1,курганы_целые,3,kurgany_tselye,256,256,256,49.39499924206364,43.44444723236136,True,False,False,62090,3446,True,0,False,0,False,0,False,0,False
000163,007_ЮШКОВО,Ae,01_Юшково_Ae_немецкая.tif,Юшково_Ае_курганы_целые.geojson,kurgany_tselye,1,курганы_целые,3,kurgany_tselye,256,256,256,32.73765040856129,33.17504921985375,True,False,False,62090,3446,True,0,False,0,False,0,False,0,False
000164,007_ЮШКОВО,Ae,01_Юшково_Ae_немецкая.tif,Юшково_Ае_курганы_целые.geojson,kurgany_tselye,1,курганы_целые,1,kurgany_tselye,256,256,256,38.11065797292079,36.07356495840109,True,False,False,64525,1011,True,0,False,0,False,0,False,0,False
000257,009_РОМАНОВО,Ae,01_Романово_Ae_немецкая.tif,Романово_Ae_курганы_поврежденные.geojson,kurgany_povrezhdennye,2,курганы_поврежденные,1,kurgany_povrezhdennye,272,272,272,135.4245547253341,114.44357430895448,True,False,False,62221,0,False,11763,True,0,False,0,False,0,False
000258,009_РОМАНОВО,Ae,01_Романово_Ae_немецкая.tif,Романово_Ae_курганы_поврежденные.geojson,kurgany_povrezhdennye,2,курганы_поврежденные,1,kurgany_povrezhdennye,256,256,256,89.25376892044841,63.21605576551915,True,False,False,61465,0,False,4071,True,0,False,0,False,0,False
000259,009_РОМАНОВО,Ae,01_Романово_Ae_немецкая.tif,Романово_Ae_курганы_поврежденные.geojson,kurgany_povrezhdennye,2,курганы_поврежденные,1,kurgany_povrezhdennye,256,256,256,30.44916931127178,35.589152015611866,True,False,False,64715,0,False,821,True,0,False,0,False,0,False
000260,009_РОМАНОВО,Ae,01_Романово_Ae_немецкая.tif,Романово_Ae_курганы_поврежденные.geojson,kurgany_povrezhdennye,2,курганы_поврежденные,1,kurgany_povrezhdennye,256,256,256,58.72416774006943,70.1432103422577,True,False,False,62470,0,False,3066,True,0,False,0,False,0,False
000261,009_РОМАНОВО,Ae,01_Романово_Ae_немецкая.tif,Романово_Ae_курганы_поврежденные.geojson,kurgany_povrezhdennye,2,курганы_поврежденные,2,kurgany_povrezhdennye,256,256,256,57.60016330015243,43.94343223496459,True,False,False,62881,0,False,2655,True,0,False,0,False,0,False
000262,009_РОМАНОВО,Ae,01_Романово_Ae_немецкая.tif,Романово_Ae_курганы_поврежденные.geojson,kurgany_povrezhdennye,2,курганы_поврежденные,1,kurgany_povrezhdennye,256,256,256,119.40580074353672,125.9077920296634,True,False,False,54311,0,False,11225,True,0,False,0,False,0,False
000263,009_РОМАНОВО,Ae,01_Романово_Ae_немецкая.tif,Романово_Ae_курганы_поврежденные.geojson,kurgany_povrezhdennye,2,курганы_поврежденные,2,kurgany_povrezhdennye,256,256,256,76.38118322420807,58.45487825890972,True,False,False,62307,0,False,3229,True,0,False,0,False,0,False
000264,009_РОМАНОВО,Ae,01_Романово_Ae_немецкая.tif,Романово_Ae_курганы_поврежденные.geojson,kurgany_povrezhdennye,2,курганы_поврежденные,1,kurgany_povrezhdennye,256,256,256,87.66898926776501,89.24629213451946,True,False,False,60104,0,False,5432,True,0,False,0,False,0,False
000265,009_РОМАНОВО,Ae,01_Романово_Ae_немецкая.tif,Романово_Ae_курганы_поврежденные.geojson,kurgany_povrezhdennye,2,курганы_поврежденные,1,kurgany_povrezhdennye,256,256,256,32.6665310014221,38.41180658717212,True,False,False,64654,0,False,882,True,0,False,0,False,0,False
000266,009_РОМАНОВО,Ae,01_Романово_Ae_немецкая.tif,Романово_Ae_курганы_поврежденные.geojson,kurgany_povrezhdennye,2,курганы_поврежденные,1,kurgany_povrezhdennye,256,256,256,39.44238372079239,43.40668344674504,True,False,False,64414,0,False,1122,True,0,False,0,False,0,False
000267,009_РОМАНОВО,Ae,01_Романово_Ae_немецкая.tif,Романово_Ae_курганы_поврежденные.geojson,kurgany_povrezhdennye,2,курганы_поврежденные,1,kurgany_povrezhdennye,256,256,256,102.84020256582563,121.786556977457,True,False,False,55860,0,False,9676,True,0,False,0,False,0,False
000268,009_РОМАНОВО,Ae,01_Романово_Ae_немецкая.tif,Романово_Ae_курганы_поврежденные.geojson,kurgany_povrezhdennye,2,курганы_поврежденные,2,kurgany_povrezhdennye,256,256,256,91.01247100481942,83.12234276390159,True,False,False,55919,0,False,9617,True,0,False,0,False,0,False
000269,009_РОМАНОВО,Ae,01_Романово_Ae_немецкая.tif,Романово_Ae_курганы_поврежденные.geojson,kurgany_povrezhdennye,2,курганы_поврежденные,2,kurgany_povrezhdennye,256,256,256,83.7861443621163,79.00028295336055,True,False,False,56775,0,False,8761,True,0,False,0,False,0,False
000270,009_РОМАНОВО,Ae,01_Романово_Ae_немецкая.tif,Романово_Ae_курганы_поврежденные.geojson,kurgany_povrezhdennye,2,курганы_поврежденные,1,kurgany_povrezhdennye,256,256,256,81.07700766169404,67.1668728029296,True,False,False,61421,0,False,4115,True,0,False,0,False,0,False
000271,009_РОМАНОВО,Ae,01_Романово_Ae_немецкая.tif,Романово_Ae_курганы_поврежденные.geojson,kurgany_povrezhdennye,2,курганы_поврежденные,1,kurgany_povrezhdennye,508,508,508,204.94637570101457,253.10776968298356,True,False,False,219468,0,False,38596,True,0,False,0,False,0,False
000272,009_РОМАНОВО,Ae,01_Романово_Ae_немецкая.tif,Романово_Ae_фортификации.geojson,fortifikatsii,4,фортификации,1,fortifikatsii,256,256,256,67.4550053422849,77.24329596822908,True,False,False,62767,0,False,0,False,0,False,2769,True,0,False
000273,009_РОМАНОВО,Ae,01_Романово_Ae_немецкая.tif,Романово_Ae_фортификации.geojson,fortifikatsii,4,фортификации,1,fortifikatsii,256,256,256,43.053671257356925,88.52381457088285,True,False,False,62462,0,False,0,False,0,False,3074,True,0,False
000274,009_РОМАНОВО,Ae,01_Романово_Ae_немецкая.tif,Романово_Ae_фортификации.geojson,fortifikatsii,4,фортификации,3,fortifikatsii,256,256,256,38.24039880458351,88.88070838233325,True,False,False,60337,0,False,0,False,0,False,5199,True,0,False
000275,009_РОМАНОВО,Ae,01_Романово_Ae_немецкая.tif,Романово_Ae_фортификации.geojson,fortifikatsii,4,фортификации,3,fortifikatsii,256,256,256,59.64569983255193,78.22540546554546,True,False,False,57089,0,False,0,False,0,False,8447,True,0,False
000276,009_РОМАНОВО,Ae,01_Романово_Ae_немецкая.tif,Романово_Ae_фортификации.geojson,fortifikatsii,4,фортификации,3,fortifikatsii,256,256,256,78.26192456390196,68.39037971981695,True,False,False,58911,0,False,0,False,0,False,6625,True,0,False
000277,009_РОМАНОВО,Ae,01_Романово_Ae_немецкая.tif,Романово_Ae_фортификации.geojson,fortifikatsii,4,фортификации,2,fortifikatsii,256,256,256,36.51242322040015,41.14374401087632,True,False,False,63261,0,False,0,False,0,False,2275,True,0,False
000278,009_РОМАНОВО,Ae,01_Романово_Ae_немецкая.tif,Романово_Ae_фортификации.geojson,fortifikatsii,4,фортификации,2,fortifikatsii,256,256,256,39.75750276243366,43.46602746926473,True,False,False,63261,0,False,0,False,0,False,2275,True,0,False
000279,009_РОМАНОВО,Ae,01_Романово_Ae_немецкая.tif,Романово_Ae_фортификации.geojson,fortifikatsii,4,фортификации,1,fortifikatsii,256,256,256,69.65603961256495,50.77849065003743,True,False,False,63008,0,False,0,False,0,False,2528,True,0,False
000280,009_РОМАНОВО,Ae,01_Романово_Ae_немецкая.tif,Романово_Ae_фортификации.geojson,fortifikatsii,4,фортификации,1,fortifikatsii,296,296,296,147.25328881221077,145.95371696878536,True,False,False,72750,0,False,0,False,0,False,14866,True,0,False
000281,009_РОМАНОВО,Ae,01_Романово_Ae_немецкая.tif,Романово_Ae_фортификации.geojson,fortifikatsii,4,фортификации,1,fortifikatsii,256,256,256,71.59653572204135,62.52672104515404,True,False,False,62220,0,False,0,False,0,False,3316,True,0,False
000282,009_РОМАНОВО,Ae,01_Романово_Ae_немецкая.tif,Романово_Ae_фортификации.geojson,fortifikatsii,4,фортификации,1,fortifikatsii,256,256,256,86.40655801922362,92.84011844241212,True,False,False,59739,0,False,0,False,0,False,5797,True,0,False
000283,009_РОМАНОВО,Ae,01_Романово_Ae_немецкая.tif,Романово_Ae_фортификации.geojson,fortifikatsii,4,фортификации,1,fortifikatsii,256,256,256,54.30373842408208,48.31332706162178,True,False,False,64058,0,False,0,False,0,False,1478,True,0,False
000333,011_РУНА,Li,03_Руна_Li_карты_g.tif,Руна_Li_городища.geojson,gorodishcha,3,городища,1,gorodishcha,1022,1022,1022,510.102553397895,437.8062067646533,True,False,False,873537,0,False,0,False,170947,True,0,False,0,False
000334,012_ЛИХУША,Li,03_Лихуша_Li_карты_g.tif,Лихуша_Li_городища.geojson,gorodishcha,3,городища,1,gorodishcha,854,854,854,387.4211524112616,426.0555610804967,True,False,False,611440,0,False,0,False,117876,True,0,False,0,False
000335,012_ЛИХУША,Li,03_Лихуша_Li_карты_g.tif,Лихуша_Li_курганы_целые.geojson,kurgany_tselye,1,курганы_целые,1,kurgany_tselye,256,256,256,92.28532451554202,92.33545413239096,True,False,False,58927,6609,True,0,False,0,False,0,False,0,False
000336,012_ЛИХУША,Li,03_Лихуша_Li_карты_g.tif,Лихуша_Li_курганы_целые.geojson,kurgany_tselye,1,курганы_целые,1,kurgany_tselye,256,256,256,72.700912564178,77.27063630706142,True,False,False,61111,4425,True,0,False,0,False,0,False,0,False
000337,012_ЛИХУША,Li,03_Лихуша_Li_карты_g.tif,Лихуша_Li_курганы_целые.geojson,kurgany_tselye,1,курганы_целые,1,kurgany_tselye,256,256,256,79.6717639506096,76.09508997759316,True,False,False,60969,4567,True,0,False,0,False,0,False,0,False
000338,012_ЛИХУША,Li,03_Лихуша_Li_карты_g.tif,Лихуша_Li_курганы_целые.geojson,kurgany_tselye,1,курганы_целые,2,kurgany_tselye,256,256,256,96.97751605068332,121.2363206688092,True,False,False,48365,17171,True,0,False,0,False,0,False,0,False
000339,012_ЛИХУША,Li,03_Лихуша_Li_карты_g.tif,Лихуша_Li_курганы_целые.geojson,kurgany_tselye,1,курганы_целые,2,kurgany_tselye,256,256,256,114.93941856722812,116.8100554402703,True,False,False,47658,17878,True,0,False,0,False,0,False,0,False
000340,013_БЕРВЕНЕЦ,Li,03_Бервенец_Li_карты_g.tif,Бервенец_Li_курганы_поврежденные.geojson,kurgany_povrezhdennye,2,курганы_поврежденные,1,kurgany_povrezhdennye,266,266,266,86.50379027244459,132.43232236250202,True,False,False,62461,0,False,8295,True,0,False,0,False,0,False
000341,013_БЕРВЕНЕЦ,Li,03_Бервенец_Li_карты_g.tif,Бервенец_Li_курганы_поврежденные.geojson,kurgany_povrezhdennye,2,курганы_поврежденные,2,kurgany_povrezhdennye;kurgany_tselye,256,256,256,95.00480446853008,101.43505023797304,True,False,False,57837,670,True,7029,True,0,False,0,False,0,False
000342,013_БЕРВЕНЕЦ,Li,03_Бервенец_Li_карты_g.tif,Бервенец_Li_курганы_поврежденные.geojson,kurgany_povrezhdennye,2,курганы_поврежденные,1,kurgany_povrezhdennye,288,288,288,143.86365067454057,138.15664260654887,True,False,False,67929,0,False,15015,True,0,False,0,False,0,False
000343,013_БЕРВЕНЕЦ,Li,03_Бервенец_Li_карты_g.tif,Бервенец_Li_курганы_поврежденные.geojson,kurgany_povrezhdennye,2,курганы_поврежденные,2,kurgany_povrezhdennye;kurgany_tselye,256,256,256,113.42307149205644,115.08681260986243,True,False,False,44437,11560,True,9539,True,0,False,0,False,0,False
000344,013_БЕРВЕНЕЦ,Li,03_Бервенец_Li_карты_g.tif,Бервенец_Li_курганы_поврежденные.geojson,kurgany_povrezhdennye,2,курганы_поврежденные,2,kurgany_povrezhdennye;kurgany_tselye,256,256,256,109.94418607390128,102.57493603979552,True,False,False,51626,5350,True,8560,True,0,False,0,False,0,False
000345,013_БЕРВЕНЕЦ,Li,03_Бервенец_Li_карты_g.tif,Бервенец_Li_курганы_целые.geojson,kurgany_tselye,1,курганы_целые,2,kurgany_povrezhdennye;kurgany_tselye,256,256,256,118.11144484620606,121.5762073081576,True,False,False,50504,11052,True,3980,True,0,False,0,False,0,False
000346,013_БЕРВЕНЕЦ,Li,03_Бервенец_Li_карты_g.tif,Бервенец_Li_курганы_целые.geojson,kurgany_tselye,1,курганы_целые,3,kurgany_povrezhdennye;kurgany_tselye,294,294,294,146.9312600181035,143.4079246596197,True,False,False,61680,14869,True,9887,True,0,False,0,False,0,False
000347,014_СТРЕКАЛОВКА,Li,03_Стрекаловка_Li_карты_g.tif,Стрекаловка_Li_городища.geojson,gorodishcha,3,городища,1,gorodishcha,1812,1812,1812,905.1952961267782,404.4789714738727,True,False,False,3089602,0,False,0,False,193742,True,0,False,0,False
000348,014_СТРЕКАЛОВКА,Li,03_Стрекаловка_Li_карты_g.tif,Стрекаловка_Li_фортификации.geojson,fortifikatsii,4,фортификации,1,fortifikatsii,788,788,788,393.8204664393609,248.9765712618828,True,False,False,554050,0,False,0,False,0,False,66894,True,0,False
000349,014_СТРЕКАЛОВКА,Li,03_Стрекаловка_Li_карты_g.tif,Стрекаловка_Li_фортификации.geojson,fortifikatsii,4,фортификации,1,fortifikatsii,256,256,256,81.81424796261227,97.3679388826713,True,False,False,59133,0,False,0,False,0,False,6403,True,0,False
000353,015_ВЫШЕНСКОЕ,Li,03_Вышенское_Li_карты_g.tif,Вышенское_Li_фортификации.geojson,fortifikatsii,4,фортификации,6,fortifikatsii;gorodishcha,1270,1270,1270,634.4154460864087,220.8852424752696,True,False,False,482671,0,False,0,False,1011278,True,118951,True,0,False
000354,015_ВЫШЕНСКОЕ,Li,03_Вышенское_Li_карты_g.tif,Вышенское_Li_фортификации.geojson,fortifikatsii,4,фортификации,7,fortifikatsii;gorodishcha,1328,1328,1328,663.0566613878859,143.4188090824064,True,False,False,583294,0,False,0,False,994136,True,186154,True,0,False
000355,015_ВЫШЕНСКОЕ,Li,03_Вышенское_Li_карты_g.tif,Вышенское_Li_фортификации.geojson,fortifikatsii,4,фортификации,6,fortifikatsii;gorodishcha,1516,1516,1516,757.8108490709092,189.1758608353017,True,False,False,914194,0,False,0,False,1144640,True,239422,True,0,False
000356,015_ВЫШЕНСКОЕ,Li,03_Вышенское_Li_карты_g.tif,Вышенское_Li_фортификации.geojson,fortifikatsii,4,фортификации,4,fortifikatsii;gorodishcha,1510,1510,1510,754.5938064102182,267.37523593948663,True,False,False,770980,0,False,0,False,1310262,True,198858,True,0,False
000357,015_ВЫШЕНСКОЕ,Li,03_Вышенское_Li_карты_g.tif,Вышенское_Li_фортификации.geojson,fortifikatsii,4,фортификации,3,fortifikatsii;gorodishcha,582,582,582,290.03039679848604,88.85322003628265,True,False,False,320092,0,False,0,False,2074,True,16558,True,0,False
000358,015_ВЫШЕНСКОЕ,Li,03_Вышенское_Li_карты_g.tif,Вышенское_Li_фортификации.geojson,fortifikatsii,4,фортификации,3,fortifikatsii;gorodishcha,1810,1810,1810,576.4140647645798,904.2136967743936,True,False,False,1804336,0,False,0,False,1361432,True,110332,True,0,False
000359,015_ВЫШЕНСКОЕ,Li,03_Вышенское_Li_карты_g.tif,Вышенское_Li_фортификации.geojson,fortifikatsii,4,фортификации,4,fortifikatsii;gorodishcha,1798,1798,1798,224.62316193392277,898.4018298055215,True,False,False,1615155,0,False,0,False,1476246,True,141403,True,0,False
000360,015_ВЫШЕНСКОЕ,Li,03_Вышенское_Li_карты_g.tif,Вышенское_Li_фортификации.geojson,fortifikatsii,4,фортификации,2,fortifikatsii;gorodishcha,1256,1256,1256,627.1056610819339,602.5391601493708,True,False,False,1397806,0,False,0,False,118436,True,61294,True,0,False
000363,016_ЗОЛОТАРЕВКА,SpOr,01_Золотаревка_SpOr_спутник.tif,Золотаревка_SpOr_городища.geojson,gorodishcha,3,городища,1,gorodishcha,256,256,256,124.47971767674504,108.61409872829276,True,False,True,57297,0,False,0,False,8239,True,0,False,0,False
000364,017_ВЫШЕГЖА,Li,03_Вышегжа_Li_карты_g.tif,Вышегжа_Li_курганы_поврежденные.geojson,kurgany_povrezhdennye,2,курганы_поврежденные,18,kurgany_povrezhdennye;kurgany_tselye,256,256,256,28.507555179763585,30.41345527023077,True,False,False,60572,2292,True,2672,True,0,False,0,False,0,False
000365,017_ВЫШЕГЖА,Li,03_Вышегжа_Li_карты_g.tif,Вышегжа_Li_курганы_поврежденные.geojson,kurgany_povrezhdennye,2,курганы_поврежденные,19,kurgany_povrezhdennye;kurgany_tselye,256,256,256,14.06708214012906,13.329975832253696,True,False,False,60683,2165,True,2688,True,0,False,0,False,0,False
000366,017_ВЫШЕГЖА,Li,03_Вышегжа_Li_карты_g.tif,Вышегжа_Li_курганы_поврежденные.geojson,kurgany_povrezhdennye,2,курганы_поврежденные,22,kurgany_povrezhdennye;kurgany_tselye,256,256,256,28.80366831785068,29.133880328387026,True,False,False,59827,1795,True,3914,True,0,False,0,False,0,False
000367,017_ВЫШЕГЖА,Li,03_Вышегжа_Li_карты_g.tif,Вышегжа_Li_курганы_поврежденные.geojson,kurgany_povrezhdennye,2,курганы_поврежденные,21,kurgany_povrezhdennye;kurgany_tselye,256,256,256,15.398264672840014,13.41290363110602,True,False,False,61502,2986,True,1048,True,0,False,0,False,0,False
000368,017_ВЫШЕГЖА,Li,03_Вышегжа_Li_карты_g.tif,Вышегжа_Li_курганы_поврежденные.geojson,kurgany_povrezhdennye,2,курганы_поврежденные,23,kurgany_povrezhdennye;kurgany_tselye,256,256,256,18.04961824626662,16.65239993482828,True,False,False,61163,3325,True,1048,True,0,False,0,False,0,False
000369,017_ВЫШЕГЖА,Li,03_Вышегжа_Li_карты_g.tif,Вышегжа_Li_курганы_поврежденные.geojson,kurgany_povrezhdennye,2,курганы_поврежденные,23,kurgany_povrezhdennye;kurgany_tselye,256,256,256,31.56809503096156,32.6372792031616,True,False,False,58784,2292,True,4460,True,0,False,0,False,0,False
000370,017_ВЫШЕГЖА,Li,03_Вышегжа_Li_карты_g.tif,Вышегжа_Li_курганы_поврежденные.geojson,kurgany_povrezhdennye,2,курганы_поврежденные,23,kurgany_povrezhdennye;kurgany_tselye,256,256,256,24.51460799737833,24.33246060833335,True,False,False,58746,2292,True,4498,True,0,False,0,False,0,False
000371,017_ВЫШЕГЖА,Li,03_Вышегжа_Li_карты_g.tif,Вышегжа_Li_курганы_поврежденные.geojson,kurgany_povrezhdennye,2,курганы_поврежденные,23,kurgany_povrezhdennye;kurgany_tselye,256,256,256,17.8525893073529,19.22867635078728,True,False,False,58746,2292,True,4498,True,0,False,0,False,0,False
000372,017_ВЫШЕГЖА,Li,03_Вышегжа_Li_карты_g.tif,Вышегжа_Li_курганы_поврежденные.geojson,kurgany_povrezhdennye,2,курганы_поврежденные,23,kurgany_povrezhdennye;kurgany_tselye,256,256,256,17.441376047907397,17.02131723612547,True,False,False,61163,3325,True,1048,True,0,False,0,False,0,False
000373,017_ВЫШЕГЖА,Li,03_Вышегжа_Li_карты_g.tif,Вышегжа_Li_курганы_поврежденные.geojson,kurgany_povrezhdennye,2,курганы_поврежденные,24,kurgany_povrezhdennye;kurgany_tselye,256,256,256,15.246591395931318,14.01823235489428,True,False,False,61120,3368,True,1048,True,0,False,0,False,0,False
000374,017_ВЫШЕГЖА,Li,03_Вышегжа_Li_карты_g.tif,Вышегжа_Li_курганы_поврежденные.geojson,kurgany_povrezhdennye,2,курганы_поврежденные,24,kurgany_povrezhdennye;kurgany_tselye,256,256,256,13.68353272555396,14.171408021822572,True,False,False,61107,3381,True,1048,True,0,False,0,False,0,False
000375,017_ВЫШЕГЖА,Li,03_Вышегжа_Li_карты_g.tif,Вышегжа_Li_курганы_поврежденные.geojson,kurgany_povrezhdennye,2,курганы_поврежденные,23,kurgany_povrezhdennye;kurgany_tselye,256,256,256,16.990310133202,20.47629858739674,True,False,False,61273,3215,True,1048,True,0,False,0,False,0,False
000376,017_ВЫШЕГЖА,Li,03_Вышегжа_Li_карты_g.tif,Вышегжа_Li_курганы_поврежденные.geojson,kurgany_povrezhdennye,2,курганы_поврежденные,22,kurgany_povrezhdennye;kurgany_tselye,256,256,256,24.67093342659064,23.791727125644684,True,False,False,59032,2292,True,4212,True,0,False,0,False,0,False
000377,017_ВЫШЕГЖА,Li,03_Вышегжа_Li_карты_g.tif,Вышегжа_Li_курганы_поврежденные.geojson,kurgany_povrezhdennye,2,курганы_поврежденные,22,kurgany_povrezhdennye;kurgany_tselye,256,256,256,15.704499713843688,19.921303261071444,True,False,False,59808,1882,True,3846,True,0,False,0,False,0,False
000378,017_ВЫШЕГЖА,Li,03_Вышегжа_Li_карты_g.tif,Вышегжа_Li_курганы_поврежденные.geojson,kurgany_povrezhdennye,2,курганы_поврежденные,21,kurgany_povrezhdennye;kurgany_tselye,256,256,256,20.276973851025105,22.81801093183458,True,False,False,60156,1558,True,3822,True,0,False,0,False,0,False
000379,017_ВЫШЕГЖА,Li,03_Вышегжа_Li_карты_g.tif,Вышегжа_Li_курганы_поврежденные.geojson,kurgany_povrezhdennye,2,курганы_поврежденные,21,kurgany_povrezhdennye;kurgany_tselye,256,256,256,18.385531599866223,17.769607888534665,True,False,False,59851,1863,True,3822,True,0,False,0,False,0,False
000380,017_ВЫШЕГЖА,Li,03_Вышегжа_Li_карты_g.tif,Вышегжа_Li_курганы_поврежденные.geojson,kurgany_povrezhdennye,2,курганы_поврежденные,20,kurgany_povrezhdennye;kurgany_tselye,256,256,256,18.210524006281048,21.990900291129947,True,False,False,60416,1517,True,3603,True,0,False,0,False,0,False
000381,017_ВЫШЕГЖА,Li,03_Вышегжа_Li_карты_g.tif,Вышегжа_Li_курганы_поврежденные.geojson,kurgany_povrezhdennye,2,курганы_поврежденные,23,kurgany_povrezhdennye;kurgany_tselye,256,256,256,13.418160195462406,14.371935723349452,True,False,False,58746,2292,True,4498,True,0,False,0,False,0,False
000382,017_ВЫШЕГЖА,Li,03_Вышегжа_Li_карты_g.tif,Вышегжа_Li_курганы_поврежденные.geojson,kurgany_povrezhdennye,2,курганы_поврежденные,23,kurgany_povrezhdennye;kurgany_tselye,256,256,256,12.008637851569802,12.866380175575614,True,False,False,58746,2292,True,4498,True,0,False,0,False,0,False
000383,017_ВЫШЕГЖА,Li,03_Вышегжа_Li_карты_g.tif,Вышегжа_Li_курганы_поврежденные.geojson,kurgany_povrezhdennye,2,курганы_поврежденные,23,kurgany_povrezhdennye;kurgany_tselye,256,256,256,15.28618576331064,14.812460700049996,True,False,False,58746,2292,True,4498,True,0,False,0,False,0,False
000384,017_ВЫШЕГЖА,Li,03_Вышегжа_Li_карты_g.tif,Вышегжа_Li_курганы_целые.geojson,kurgany_tselye,1,курганы_целые,14,kurgany_povrezhdennye;kurgany_tselye,256,256,256,9.322271613869816,8.50082677230239,True,False,False,63624,1704,True,208,True,0,False,0,False,0,False
000385,017_ВЫШЕГЖА,Li,03_Вышегжа_Li_карты_g.tif,Вышегжа_Li_курганы_целые.geojson,kurgany_tselye,1,курганы_целые,21,kurgany_povrezhdennye;kurgany_tselye,256,256,256,11.868574608350173,12.370936799794436,True,False,False,61737,3088,True,711,True,0,False,0,False,0,False
000386,017_ВЫШЕГЖА,Li,03_Вышегжа_Li_карты_g.tif,Вышегжа_Li_курганы_целые.geojson,kurgany_tselye,1,курганы_целые,23,kurgany_povrezhdennye;kurgany_tselye,256,256,256,29.52296190173365,29.92947402410209,True,False,False,61163,3325,True,1048,True,0,False,0,False,0,False
000387,017_ВЫШЕГЖА,Li,03_Вышегжа_Li_карты_g.tif,Вышегжа_Li_курганы_целые.geojson,kurgany_tselye,1,курганы_целые,24,kurgany_povrezhdennye;kurgany_tselye,256,256,256,25.39178352570161,23.775991152971983,True,False,False,61107,3381,True,1048,True,0,False,0,False,0,False
000388,017_ВЫШЕГЖА,Li,03_Вышегжа_Li_карты_g.tif,Вышегжа_Li_курганы_целые.geojson,kurgany_tselye,1,курганы_целые,23,kurgany_povrezhdennye;kurgany_tselye,256,256,256,18.60987363359891,16.970700193196535,True,False,False,61163,3325,True,1048,True,0,False,0,False,0,False
000389,017_ВЫШЕГЖА,Li,03_Вышегжа_Li_карты_g.tif,Вышегжа_Li_курганы_целые.geojson,kurgany_tselye,1,курганы_целые,24,kurgany_povrezhdennye;kurgany_tselye,256,256,256,17.944877249887213,16.7691397536546,True,False,False,61128,3360,True,1048,True,0,False,0,False,0,False
000390,017_ВЫШЕГЖА,Li,03_Вышегжа_Li_карты_g.tif,Вышегжа_Li_курганы_целые.geojson,kurgany_tselye,1,курганы_целые,24,kurgany_povrezhdennye;kurgany_tselye,256,256,256,16.702659111935645,19.647784316912293,True,False,False,61112,3381,True,1043,True,0,False,0,False,0,False
000391,017_ВЫШЕГЖА,Li,03_Вышегжа_Li_карты_g.tif,Вышегжа_Li_курганы_целые.geojson,kurgany_tselye,1,курганы_целые,23,kurgany_povrezhdennye;kurgany_tselye,256,256,256,10.718902472173797,13.663075558841228,True,False,False,61248,3381,True,907,True,0,False,0,False,0,False
000392,017_ВЫШЕГЖА,Li,03_Вышегжа_Li_карты_g.tif,Вышегжа_Li_курганы_целые.geojson,kurgany_tselye,1,курганы_целые,24,kurgany_povrezhdennye;kurgany_tselye,256,256,256,12.4334882250987,11.74829157628119,True,False,False,61246,3381,True,909,True,0,False,0,False,0,False
000393,017_ВЫШЕГЖА,Li,03_Вышегжа_Li_карты_g.tif,Вышегжа_Li_курганы_целые.geojson,kurgany_tselye,1,курганы_целые,24,kurgany_povrezhdennye;kurgany_tselye,256,256,256,12.9632693992462,13.208113506436348,True,False,False,61107,3381,True,1048,True,0,False,0,False,0,False
000394,017_ВЫШЕГЖА,Li,03_Вышегжа_Li_карты_g.tif,Вышегжа_Li_курганы_целые.geojson,kurgany_tselye,1,курганы_целые,24,kurgany_povrezhdennye;kurgany_tselye,256,256,256,14.312439776025712,14.395492667332292,True,False,False,61107,3381,True,1048,True,0,False,0,False,0,False
000395,017_ВЫШЕГЖА,Li,03_Вышегжа_Li_карты_g.tif,Вышегжа_Li_курганы_целые.geojson,kurgany_tselye,1,курганы_целые,24,kurgany_povrezhdennye;kurgany_tselye,256,256,256,12.47636386542581,12.7280220836401,True,False,False,61191,3381,True,964,True,0,False,0,False,0,False
000396,017_ВЫШЕГЖА,Li,03_Вышегжа_Li_карты_g.tif,Вышегжа_Li_курганы_целые.geojson,kurgany_tselye,1,курганы_целые,23,kurgany_povrezhdennye;kurgany_tselye,256,256,256,20.635466679232195,19.26764562353492,True,False,False,61163,3325,True,1048,True,0,False,0,False,0,False
000397,017_ВЫШЕГЖА,Li,03_Вышегжа_Li_карты_g.tif,Вышегжа_Li_курганы_целые.geojson,kurgany_tselye,1,курганы_целые,22,kurgany_povrezhdennye;kurgany_tselye,256,256,256,14.27281504822895,15.023155577480791,True,False,False,61273,3215,True,1048,True,0,False,0,False,0,False
000398,017_ВЫШЕГЖА,Li,03_Вышегжа_Li_карты_g.tif,Вышегжа_Li_курганы_целые.geojson,kurgany_tselye,1,курганы_целые,24,kurgany_povrezhdennye;kurgany_tselye,256,256,256,16.8833087682724,16.59050971455872,True,False,False,61107,3381,True,1048,True,0,False,0,False,0,False
000399,017_ВЫШЕГЖА,Li,03_Вышегжа_Li_карты_g.tif,Вышегжа_Li_курганы_целые.geojson,kurgany_tselye,1,курганы_целые,24,kurgany_povrezhdennye;kurgany_tselye,256,256,256,13.51642758375965,14.332407245412467,True,False,False,61107,3381,True,1048,True,0,False,0,False,0,False
000400,017_ВЫШЕГЖА,Li,03_Вышегжа_Li_карты_g.tif,Вышегжа_Li_курганы_целые.geojson,kurgany_tselye,1,курганы_целые,22,kurgany_povrezhdennye;kurgany_tselye,256,256,256,14.014343830058351,15.616756454110146,True,False,False,61273,3215,True,1048,True,0,False,0,False,0,False
000401,017_ВЫШЕГЖА,Li,03_Вышегжа_Li_карты_g.tif,Вышегжа_Li_курганы_целые.geojson,kurgany_tselye,1,курганы_целые,23,kurgany_povrezhdennye;kurgany_tselye,256,256,256,17.653180451365188,13.236402474343777,True,False,False,61163,3325,True,1048,True,0,False,0,False,0,False
000402,017_ВЫШЕГЖА,Li,03_Вышегжа_Li_карты_g.tif,Вышегжа_Li_курганы_целые.geojson,kurgany_tselye,1,курганы_целые,22,kurgany_povrezhdennye;kurgany_tselye,256,256,256,31.422375394962728,35.76754844002426,True,False,False,60001,2292,True,3243,True,0,False,0,False,0,False
000403,017_ВЫШЕГЖА,Li,03_Вышегжа_Li_карты_g.tif,Вышегжа_Li_курганы_целые.geojson,kurgany_tselye,1,курганы_целые,23,kurgany_povrezhdennye;kurgany_tselye,256,256,256,16.36566679691896,19.09271515905857,True,False,False,58792,2292,True,4452,True,0,False,0,False,0,False
000404,017_ВЫШЕГЖА,Li,03_Вышегжа_Li_карты_g.tif,Вышегжа_Li_курганы_целые.geojson,kurgany_tselye,1,курганы_целые,23,kurgany_povrezhdennye;kurgany_tselye,256,256,256,17.914762309053913,17.70925262197852,True,False,False,58746,2292,True,4498,True,0,False,0,False,0,False
000405,017_ВЫШЕГЖА,Li,03_Вышегжа_Li_карты_g.tif,Вышегжа_Li_курганы_целые.geojson,kurgany_tselye,1,курганы_целые,23,kurgany_povrezhdennye;kurgany_tselye,256,256,256,17.98891616356559,17.96738452464342,True,False,False,58746,2292,True,4498,True,0,False,0,False,0,False
000406,017_ВЫШЕГЖА,Li,03_Вышегжа_Li_карты_g.tif,Вышегжа_Li_курганы_целые.geojson,kurgany_tselye,1,курганы_целые,23,kurgany_povrezhdennye;kurgany_tselye,256,256,256,14.32587204594165,20.40172279067337,True,False,False,58746,2292,True,4498,True,0,False,0,False,0,False
000407,017_ВЫШЕГЖА,Li,03_Вышегжа_Li_карты_g.tif,Вышегжа_Li_курганы_целые.geojson,kurgany_tselye,1,курганы_целые,23,kurgany_povrezhdennye;kurgany_tselye,256,256,256,19.048362066736445,17.163393342867494,True,False,False,58746,2292,True,4498,True,0,False,0,False,0,False
000408,017_ВЫШЕГЖА,Li,03_Вышегжа_Li_карты_g.tif,Вышегжа_Li_курганы_целые.geojson,kurgany_tselye,1,курганы_целые,23,kurgany_povrezhdennye;kurgany_tselye,256,256,256,14.524185381364076,16.18825758434832,True,False,False,58746,2292,True,4498,True,0,False,0,False,0,False
000409,017_ВЫШЕГЖА,Li,03_Вышегжа_Li_карты_g.tif,Вышегжа_Li_курганы_целые.geojson,kurgany_tselye,1,курганы_целые,23,kurgany_povrezhdennye;kurgany_tselye,256,256,256,13.732795042917132,17.54084124788642,True,False,False,58746,2292,True,4498,True,0,False,0,False,0,False
000410,017_ВЫШЕГЖА,Li,03_Вышегжа_Li_карты_g.tif,Вышегжа_Li_курганы_целые.geojson,kurgany_tselye,1,курганы_целые,23,kurgany_povrezhdennye;kurgany_tselye,256,256,256,15.094080390874296,16.964194655418396,True,False,False,58751,2292,True,4493,True,0,False,0,False,0,False
000411,017_ВЫШЕГЖА,Li,03_Вышегжа_Li_карты_g.tif,Вышегжа_Li_курганы_целые.geojson,kurgany_tselye,1,курганы_целые,11,kurgany_tselye,256,256,256,24.560711996397004,25.87760626897216,True,False,False,61607,3929,True,0,False,0,False,0,False,0,False
000412,017_ВЫШЕГЖА,Li,03_Вышегжа_Li_карты_g.tif,Вышегжа_Li_курганы_целые.geojson,kurgany_tselye,1,курганы_целые,11,kurgany_tselye,256,256,256,19.468049904797223,24.24884970858693,True,False,False,61900,3636,True,0,False,0,False,0,False,0,False
000413,017_ВЫШЕГЖА,Li,03_Вышегжа_Li_карты_g.tif,Вышегжа_Li_курганы_целые.geojson,kurgany_tselye,1,курганы_целые,9,kurgany_tselye,256,256,256,19.73598783556372,21.304697582498196,True,False,False,62164,3372,True,0,False,0,False,0,False,0,False
000414,017_ВЫШЕГЖА,Li,03_Вышегжа_Li_карты_g.tif,Вышегжа_Li_курганы_целые.geojson,kurgany_tselye,1,курганы_целые,9,kurgany_tselye,256,256,256,23.11873805313371,20.157491505146027,True,False,False,62421,3115,True,0,False,0,False,0,False,0,False
000415,017_ВЫШЕГЖА,Li,03_Вышегжа_Li_карты_g.tif,Вышегжа_Li_курганы_целые.geojson,kurgany_tselye,1,курганы_целые,8,kurgany_tselye,256,256,256,16.23702935501933,17.83109664171934,True,False,False,62898,2638,True,0,False,0,False,0,False,0,False
000416,017_ВЫШЕГЖА,Li,03_Вышегжа_Li_карты_g.tif,Вышегжа_Li_курганы_целые.geojson,kurgany_tselye,1,курганы_целые,20,kurgany_tselye,256,256,256,37.486361894058064,40.84793108701706,True,False,False,60115,5421,True,0,False,0,False,0,False,0,False
000417,017_ВЫШЕГЖА,Li,03_Вышегжа_Li_карты_g.tif,Вышегжа_Li_курганы_целые.geojson,kurgany_tselye,1,курганы_целые,20,kurgany_tselye,256,256,256,19.362707963678982,19.26209919527173,True,False,False,59698,5838,True,0,False,0,False,0,False,0,False
000418,017_ВЫШЕГЖА,Li,03_Вышегжа_Li_карты_g.tif,Вышегжа_Li_курганы_целые.geojson,kurgany_tselye,1,курганы_целые,24,kurgany_tselye,256,256,256,22.09666093857959,20.644468868151307,True,False,False,59095,6441,True,0,False,0,False,0,False,0,False
000419,017_ВЫШЕГЖА,Li,03_Вышегжа_Li_карты_g.tif,Вышегжа_Li_курганы_целые.geojson,kurgany_tselye,1,курганы_целые,23,kurgany_tselye,256,256,256,22.09810713119805,20.971993647515774,True,False,False,59271,6265,True,0,False,0,False,0,False,0,False
000420,017_ВЫШЕГЖА,Li,03_Вышегжа_Li_карты_g.tif,Вышегжа_Li_курганы_целые.geojson,kurgany_tselye,1,курганы_целые,22,kurgany_tselye,256,256,256,15.482879217946902,23.267654987052083,True,False,False,59564,5972,True,0,False,0,False,0,False,0,False
000421,017_ВЫШЕГЖА,Li,03_Вышегжа_Li_карты_g.tif,Вышегжа_Li_курганы_целые.geojson,kurgany_tselye,1,курганы_целые,20,kurgany_tselye,256,256,256,24.178297163685784,21.35995101183653,True,False,False,59866,5670,True,0,False,0,False,0,False,0,False
000422,017_ВЫШЕГЖА,Li,03_Вышегжа_Li_карты_g.tif,Вышегжа_Li_курганы_целые.geojson,kurgany_tselye,1,курганы_целые,20,kurgany_tselye,256,256,256,23.88095259713009,25.68759253807366,True,False,False,60190,5346,True,0,False,0,False,0,False,0,False
000423,017_ВЫШЕГЖА,Li,03_Вышегжа_Li_карты_g.tif,Вышегжа_Li_курганы_целые.geojson,kurgany_tselye,1,курганы_целые,19,kurgany_tselye,256,256,256,21.62439580215141,24.78099506162107,True,False,False,60696,4840,True,0,False,0,False,0,False,0,False
000424,017_ВЫШЕГЖА,Li,03_Вышегжа_Li_карты_g.tif,Вышегжа_Li_курганы_целые.geojson,kurgany_tselye,1,курганы_целые,19,kurgany_tselye,256,256,256,15.422453791368753,16.942259024828672,True,False,False,60194,5342,True,0,False,0,False,0,False,0,False
000425,017_ВЫШЕГЖА,Li,03_Вышегжа_Li_карты_g.tif,Вышегжа_Li_курганы_целые.geojson,kurgany_tselye,1,курганы_целые,19,kurgany_tselye,256,256,256,17.28895903704688,22.250143226236105,True,False,False,60659,4877,True,0,False,0,False,0,False,0,False
000426,017_ВЫШЕГЖА,Li,03_Вышегжа_Li_карты_g.tif,Вышегжа_Li_курганы_целые.geojson,kurgany_tselye,1,курганы_целые,19,kurgany_tselye,256,256,256,22.9966515195556,26.294260896742344,True,False,False,60983,4553,True,0,False,0,False,0,False,0,False
000427,017_ВЫШЕГЖА,Li,03_Вышегжа_Li_карты_g.tif,Вышегжа_Li_курганы_целые.geojson,kurgany_tselye,1,курганы_целые,19,kurgany_tselye,256,256,256,16.985220689559355,14.667504008859396,True,False,False,60880,4656,True,0,False,0,False,0,False,0,False
000428,017_ВЫШЕГЖА,Li,03_Вышегжа_Li_карты_g.tif,Вышегжа_Li_курганы_целые.geojson,kurgany_tselye,1,курганы_целые,19,kurgany_tselye,256,256,256,13.935654221801087,13.579555524513124,True,False,False,60506,5030,True,0,False,0,False,0,False,0,False
000429,017_ВЫШЕГЖА,Li,03_Вышегжа_Li_карты_g.tif,Вышегжа_Li_курганы_целые.geojson,kurgany_tselye,1,курганы_целые,19,kurgany_tselye,256,256,256,16.077661285875365,17.443382371217012,True,False,False,60804,4732,True,0,False,0,False,0,False,0,False
000430,017_ВЫШЕГЖА,Li,03_Вышегжа_Li_карты_g.tif,Вышегжа_Li_курганы_целые.geojson,kurgany_tselye,1,курганы_целые,18,kurgany_tselye,256,256,256,23.02618933003396,21.54240570962429,True,False,False,61539,3997,True,0,False,0,False,0,False,0,False
000431,017_ВЫШЕГЖА,Li,03_Вышегжа_Li_карты_g.tif,Вышегжа_Li_курганы_целые.geojson,kurgany_tselye,1,курганы_целые,17,kurgany_tselye,256,256,256,9.546181241283191,10.72894592024386,True,False,False,61740,3796,True,0,False,0,False,0,False,0,False
000432,017_ВЫШЕГЖА,Li,03_Вышегжа_Li_карты_g.tif,Вышегжа_Li_курганы_целые.geojson,kurgany_tselye,1,курганы_целые,19,kurgany_tselye,256,256,256,15.712147004436702,19.22925031743944,True,False,False,61493,4043,True,0,False,0,False,0,False,0,False
000433,017_ВЫШЕГЖА,Li,03_Вышегжа_Li_карты_g.tif,Вышегжа_Li_курганы_целые.geojson,kurgany_tselye,1,курганы_целые,19,kurgany_tselye,256,256,256,11.477155619766563,11.82348028384149,True,False,False,61285,4251,True,0,False,0,False,0,False,0,False
000434,017_ВЫШЕГЖА,Li,03_Вышегжа_Li_карты_g.tif,Вышегжа_Li_курганы_целые.geojson,kurgany_tselye,1,курганы_целые,18,kurgany_tselye,256,256,256,13.02176599088125,12.881726406514645,True,False,False,61536,4000,True,0,False,0,False,0,False,0,False
000435,017_ВЫШЕГЖА,Li,03_Вышегжа_Li_карты_g.tif,Вышегжа_Li_фортификации.geojson,fortifikatsii,4,фортификации,1,fortifikatsii,256,256,256,30.398475976660848,37.690158631652594,True,False,False,64700,0,False,0,False,0,False,836,True,0,False
000474,019_ОСЕЧКИ_1,Li,03_Осечки_1_Li_карты_g.tif,Осечки_1_Li_курганы_поврежденные.geojson,kurgany_povrezhdennye,2,курганы_поврежденные,2,kurgany_povrezhdennye,1318,1318,1318,602.2980290524177,658.2020499465106,True,False,False,1286472,0,False,450652,True,0,False,0,False,0,False
000475,019_ОСЕЧКИ_1,Li,03_Осечки_1_Li_карты_g.tif,Осечки_1_Li_курганы_поврежденные.geojson,kurgany_povrezhdennye,2,курганы_поврежденные,1,kurgany_povrezhdennye,1104,1104,1104,521.7890957342088,551.0688055214362,True,False,False,991012,0,False,227804,True,0,False,0,False,0,False
000477,019_ОСЕЧКИ_1,Li,03_Осечки_1_Li_карты_g.tif,Осечки_1_Li_курганы_поврежденные.geojson,kurgany_povrezhdennye,2,курганы_поврежденные,2,kurgany_povrezhdennye,1402,1402,1402,700.7769378479469,687.2891530674975,True,False,False,1309144,0,False,656460,True,0,False,0,False,0,False
000478,019_ОСЕЧКИ_1,Li,03_Осечки_1_Li_карты_g.tif,Осечки_1_Li_курганы_поврежденные.geojson,kurgany_povrezhdennye,2,курганы_поврежденные,1,kurgany_povrezhdennye,1004,1004,1004,501.8907052459724,451.1343164370136,True,False,False,837977,0,False,170039,True,0,False,0,False,0,False
000479,019_ОСЕЧКИ_1,Li,03_Осечки_1_Li_карты_g.tif,Осечки_1_Li_курганы_поврежденные.geojson,kurgany_povrezhdennye,2,курганы_поврежденные,1,kurgany_povrezhdennye,1100,1100,1100,549.4319987280429,485.3061054275163,True,False,False,998916,0,False,211084,True,0,False,0,False,0,False
000480,019_ОСЕЧКИ_1,Li,03_Осечки_1_Li_карты_g.tif,Осечки_1_Li_курганы_поврежденные.geojson,kurgany_povrezhdennye,2,курганы_поврежденные,2,kurgany_povrezhdennye,1552,1552,1552,775.4926197482284,711.3397778944241,True,False,False,1869009,0,False,539695,True,0,False,0,False,0,False
000481,019_ОСЕЧКИ_1,Li,03_Осечки_1_Li_карты_g.tif,Осечки_1_Li_курганы_поврежденные.geojson,kurgany_povrezhdennye,2,курганы_поврежденные,3,kurgany_povrezhdennye,1074,1074,1074,536.6854273790609,496.28340365372543,True,False,False,924584,0,False,228892,True,0,False,0,False,0,False
000482,019_ОСЕЧКИ_1,Li,03_Осечки_1_Li_карты_g.tif,Осечки_1_Li_курганы_поврежденные.geojson,kurgany_povrezhdennye,2,курганы_поврежденные,1,kurgany_povrezhdennye,796,796,796,397.8651330312153,382.013545827997,True,False,False,516872,0,False,116744,True,0,False,0,False,0,False
000483,019_ОСЕЧКИ_1,Li,03_Осечки_1_Li_карты_g.tif,Осечки_1_Li_курганы_поврежденные.geojson,kurgany_povrezhdennye,2,курганы_поврежденные,2,kurgany_povrezhdennye,1920,1920,1920,959.7959453194926,956.943205595159,True,False,False,2844534,0,False,841866,True,0,False,0,False,0,False
000484,019_ОСЕЧКИ_1,Li,03_Осечки_1_Li_карты_g.tif,Осечки_1_Li_курганы_поврежденные.geojson,kurgany_povrezhdennye,2,курганы_поврежденные,2,kurgany_povrezhdennye,928,928,928,463.535214015935,404.0507838875657,True,False,False,709363,0,False,151821,True,0,False,0,False,0,False
000486,019_ОСЕЧКИ_1,SpOr,01_Осечки_1_SpOr_спутник.tif,Осечки_1_SpOr_курганы_поврежденные.geojson,kurgany_povrezhdennye,2,курганы_поврежденные,2,kurgany_povrezhdennye,256,256,256,67.44889680276519,61.54128797770218,True,False,False,60881,0,False,4655,True,0,False,0,False,0,False
000487,019_ОСЕЧКИ_1,SpOr,01_Осечки_1_SpOr_спутник.tif,Осечки_1_SpOr_курганы_поврежденные.geojson,kurgany_povrezhdennye,2,курганы_поврежденные,2,kurgany_povrezhdennye,256,256,256,44.22444776847099,43.37326284881157,True,False,False,60881,0,False,4655,True,0,False,0,False,0,False
000488,019_ОСЕЧКИ_1,SpOr,01_Осечки_1_SpOr_спутник.tif,Осечки_1_SpOr_курганы_поврежденные.geojson,kurgany_povrezhdennye,2,курганы_поврежденные,1,kurgany_povrezhdennye,256,256,256,48.9395854866612,44.89104334576929,True,False,False,63800,0,False,1736,True,0,False,0,False,0,False
000489,019_ОСЕЧКИ_1,SpOr,01_Осечки_1_SpOr_спутник.tif,Осечки_1_SpOr_курганы_поврежденные.geojson,kurgany_povrezhdennye,2,курганы_поврежденные,1,kurgany_povrezhdennye,256,256,256,91.4789449742892,84.45168557984958,True,False,False,59905,0,False,5631,True,0,False,0,False,0,False
000491,019_ОСЕЧКИ_1,SpOr,01_Осечки_1_SpOr_спутник.tif,Осечки_1_SpOr_курганы_поврежденные.geojson,kurgany_povrezhdennye,2,курганы_поврежденные,3,kurgany_povrezhdennye,256,256,256,57.142701871740655,53.84880599109824,True,False,False,60010,0,False,5526,True,0,False,0,False,0,False
000492,019_ОСЕЧКИ_1,SpOr,01_Осечки_1_SpOr_спутник.tif,Осечки_1_SpOr_курганы_поврежденные.geojson,kurgany_povrezhdennye,2,курганы_поврежденные,3,kurgany_povrezhdennye,256,256,256,82.9516807538578,75.82296829065267,True,False,False,60710,0,False,4826,True,0,False,0,False,0,False
000517,023_ЕЛИЗАВЕТИНСКОЕ,Li,03_Елизаветинское_Li_карты_g.tif,Елизаветинское_Li_городища.geojson,gorodishcha,3,городища,3,gorodishcha,1648,1648,1648,795.6096961875107,823.2278762480623,True,False,False,1099717,0,False,0,False,1616187,True,0,False,0,False
000521,023_ЕЛИЗАВЕТИНСКОЕ,SpOr,01_Елизаветинское_SpOr_спутник.tif,Елизаветинское_SpOr_городища.geojson,gorodishcha,3,городища,3,gorodishcha,256,256,256,100.0842782421402,90.72278899451318,True,False,False,27970,0,False,0,False,37566,True,0,False,0,False
000522,023_ЕЛИЗАВЕТИНСКОЕ,SpOr,01_Елизаветинское_SpOr_спутник.tif,Елизаветинское_SpOr_городища.geojson,gorodishcha,3,городища,3,gorodishcha,256,256,256,70.31296075383827,71.72538589778297,True,False,False,31235,0,False,0,False,34301,True,0,False,0,False
000554,026_БОРОВИЧИ,Li,03_Боровичи_Li_карты_g.tif,Боровичи_Li_курганы_поврежденные.geojson,kurgany_povrezhdennye,2,курганы_поврежденные,2,kurgany_povrezhdennye;kurgany_tselye,432,432,432,181.46149873850203,215.71021030653725,True,False,False,152774,4776,True,29074,True,0,False,0,False,0,False
000555,026_БОРОВИЧИ,Li,03_Боровичи_Li_карты_g.tif,Боровичи_Li_курганы_поврежденные.geojson,kurgany_povrezhdennye,2,курганы_поврежденные,2,kurgany_povrezhdennye,268,268,268,133.8708176894599,130.9526749141316,True,False,False,56381,0,False,15443,True,0,False,0,False,0,False
000556,026_БОРОВИЧИ,Li,03_Боровичи_Li_карты_g.tif,Боровичи_Li_курганы_поврежденные.geojson,kurgany_povrezhdennye,2,курганы_поврежденные,2,kurgany_povrezhdennye;kurgany_tselye,512,512,512,255.77287851833185,243.9682899601388,True,False,False,185629,28246,True,48269,True,0,False,0,False,0,False
000557,026_БОРОВИЧИ,Li,03_Боровичи_Li_карты_g.tif,Боровичи_Li_курганы_поврежденные.geojson,kurgany_povrezhdennye,2,курганы_поврежденные,2,kurgany_povrezhdennye,256,256,256,112.25117682479488,113.57369191011556,True,False,False,52936,0,False,12600,True,0,False,0,False,0,False
000558,026_БОРОВИЧИ,Li,03_Боровичи_Li_карты_g.tif,Боровичи_Li_курганы_поврежденные.geojson,kurgany_povrezhdennye,2,курганы_поврежденные,6,kurgany_povrezhdennye;kurgany_tselye,386,386,386,191.29287735210085,192.3717665113217,True,False,False,95898,13575,True,39523,True,0,False,0,False,0,False
000559,026_БОРОВИЧИ,Li,03_Боровичи_Li_карты_g.tif,Боровичи_Li_курганы_поврежденные.geojson,kurgany_povrezhdennye,2,курганы_поврежденные,1,kurgany_povrezhdennye,280,280,280,139.39596505020953,114.04269021002712,True,False,False,66241,0,False,12159,True,0,False,0,False,0,False
000560,026_БОРОВИЧИ,Li,03_Боровичи_Li_карты_g.tif,Боровичи_Li_курганы_поврежденные.geojson,kurgany_povrezhdennye,2,курганы_поврежденные,2,kurgany_povrezhdennye,398,398,398,198.1005801528256,108.61367572097323,True,False,False,140464,0,False,17940,True,0,False,0,False,0,False
000561,026_БОРОВИЧИ,Li,03_Боровичи_Li_карты_g.tif,Боровичи_Li_курганы_поврежденные.geojson,kurgany_povrezhdennye,2,курганы_поврежденные,4,kurgany_povrezhdennye;kurgany_tselye,276,276,276,137.98837231821585,126.8831073026912,True,False,False,43856,19140,True,13180,True,0,False,0,False,0,False
000562,026_БОРОВИЧИ,Li,03_Боровичи_Li_карты_g.tif,Боровичи_Li_курганы_поврежденные.geojson,kurgany_povrezhdennye,2,курганы_поврежденные,4,kurgany_povrezhdennye;kurgany_tselye,328,328,328,163.06953681167457,123.4946630988083,True,False,False,70431,20930,True,16223,True,0,False,0,False,0,False
000563,026_БОРОВИЧИ,Li,03_Боровичи_Li_карты_g.tif,Боровичи_Li_курганы_поврежденные.geojson,kurgany_povrezhdennye,2,курганы_поврежденные,1,kurgany_povrezhdennye,262,262,262,130.96831036498963,123.4818230010382,True,False,False,56587,0,False,12057,True,0,False,0,False,0,False
000564,026_БОРОВИЧИ,Li,03_Боровичи_Li_карты_g.tif,Боровичи_Li_курганы_поврежденные.geojson,kurgany_povrezhdennye,2,курганы_поврежденные,8,kurgany_povrezhdennye;kurgany_tselye,494,494,494,246.54654442216636,152.96687966210314,True,False,False,156189,46802,True,41045,True,0,False,0,False,0,False
000565,026_БОРОВИЧИ,Li,03_Боровичи_Li_карты_g.tif,Боровичи_Li_курганы_поврежденные.geojson,kurgany_povrezhdennye,2,курганы_поврежденные,5,kurgany_povrezhdennye;kurgany_tselye,276,276,276,137.42638506810383,120.44492230748796,True,False,False,41608,17887,True,16681,True,0,False,0,False,0,False
000566,026_БОРОВИЧИ,Li,03_Боровичи_Li_карты_g.tif,Боровичи_Li_курганы_поврежденные.geojson,kurgany_povrezhdennye,2,курганы_поврежденные,5,kurgany_povrezhdennye;kurgany_tselye,306,306,306,148.01952805952388,152.8111930750079,True,False,False,54050,24205,True,15381,True,0,False,0,False,0,False
000567,026_БОРОВИЧИ,Li,03_Боровичи_Li_карты_g.tif,Боровичи_Li_курганы_поврежденные.geojson,kurgany_povrezhdennye,2,курганы_поврежденные,4,kurgany_povrezhdennye;kurgany_tselye,468,468,468,216.8222312128669,233.83200479667815,True,False,False,160076,2304,True,56644,True,0,False,0,False,0,False
000568,026_БОРОВИЧИ,Li,03_Боровичи_Li_карты_g.tif,Боровичи_Li_курганы_поврежденные.geojson,kurgany_povrezhdennye,2,курганы_поврежденные,2,kurgany_povrezhdennye;kurgany_tselye,1116,1116,1116,557.9012723371935,394.8471765405832,True,False,False,1049192,26503,True,169761,True,0,False,0,False,0,False
000569,026_БОРОВИЧИ,Li,03_Боровичи_Li_карты_g.tif,Боровичи_Li_курганы_поврежденные.geojson,kurgany_povrezhdennye,2,курганы_поврежденные,5,kurgany_povrezhdennye;kurgany_tselye,272,272,272,127.51347305369752,135.53890921173428,True,False,False,42038,7320,True,24626,True,0,False,0,False,0,False
000570,026_БОРОВИЧИ,Li,03_Боровичи_Li_карты_g.tif,Боровичи_Li_курганы_поврежденные.geojson,kurgany_povrezhdennye,2,курганы_поврежденные,6,kurgany_povrezhdennye;kurgany_tselye,292,292,292,145.23532790597744,116.54706768689776,True,False,False,33131,23544,True,28589,True,0,False,0,False,0,False
000571,026_БОРОВИЧИ,Li,03_Боровичи_Li_карты_g.tif,Боровичи_Li_курганы_поврежденные.geojson,kurgany_povrezhdennye,2,курганы_поврежденные,5,kurgany_povrezhdennye;kurgany_tselye,278,278,278,138.5331809695365,136.250134725103,True,False,False,43235,14174,True,19875,True,0,False,0,False,0,False
000572,026_БОРОВИЧИ,Li,03_Боровичи_Li_карты_g.tif,Боровичи_Li_курганы_поврежденные.geojson,kurgany_povrezhdennye,2,курганы_поврежденные,4,kurgany_povrezhdennye;kurgany_tselye,290,290,290,144.69491112046157,123.98715133776874,True,False,False,53844,2104,True,28152,True,0,False,0,False,0,False
000573,026_БОРОВИЧИ,Li,03_Боровичи_Li_карты_g.tif,Боровичи_Li_курганы_поврежденные.geojson,kurgany_povrezhdennye,2,курганы_поврежденные,8,kurgany_povrezhdennye;kurgany_tselye,396,396,396,197.70643005962776,150.91879737561146,True,False,False,87665,13751,True,55400,True,0,False,0,False,0,False
000574,026_БОРОВИЧИ,Li,03_Боровичи_Li_карты_g.tif,Боровичи_Li_курганы_поврежденные.geojson,kurgany_povrezhdennye,2,курганы_поврежденные,1,kurgany_povrezhdennye,360,360,360,179.94478839915513,177.89091413837957,True,False,False,107395,0,False,22205,True,0,False,0,False,0,False
000575,026_БОРОВИЧИ,Li,03_Боровичи_Li_карты_g.tif,Боровичи_Li_курганы_поврежденные.geojson,kurgany_povrezhdennye,2,курганы_поврежденные,2,kurgany_povrezhdennye,318,318,318,158.6598837713269,157.55359984931945,True,False,False,67718,0,False,33406,True,0,False,0,False,0,False
000576,026_БОРОВИЧИ,Li,03_Боровичи_Li_карты_g.tif,Боровичи_Li_курганы_поврежденные.geojson,kurgany_povrezhdennye,2,курганы_поврежденные,2,kurgany_povrezhdennye,458,458,458,218.21650538128196,228.31960758190868,True,False,False,156083,0,False,53681,True,0,False,0,False,0,False
000577,026_БОРОВИЧИ,Li,03_Боровичи_Li_карты_g.tif,Боровичи_Li_курганы_поврежденные.geojson,kurgany_povrezhdennye,2,курганы_поврежденные,1,kurgany_povrezhdennye,472,472,472,235.9580603346729,206.45103218030783,True,False,False,185279,0,False,37505,True,0,False,0,False,0,False
000578,026_БОРОВИЧИ,Li,03_Боровичи_Li_карты_g.tif,Боровичи_Li_курганы_целые.geojson,kurgany_tselye,1,курганы_целые,4,kurgany_povrezhdennye;kurgany_tselye,310,310,310,154.64867470320542,147.33312116002296,True,False,False,60127,24934,True,11039,True,0,False,0,False,0,False
000579,026_БОРОВИЧИ,Li,03_Боровичи_Li_карты_g.tif,Боровичи_Li_курганы_целые.geojson,kurgany_tselye,1,курганы_целые,6,kurgany_povrezhdennye;kurgany_tselye,256,256,256,115.56773261050864,123.68420373646532,True,False,False,32309,24986,True,8241,True,0,False,0,False,0,False
000580,026_БОРОВИЧИ,Li,03_Боровичи_Li_карты_g.tif,Боровичи_Li_курганы_целые.geojson,kurgany_tselye,1,курганы_целые,6,kurgany_povrezhdennye;kurgany_tselye,256,256,256,107.15781695209604,96.21284324674342,True,False,False,27175,26620,True,11741,True,0,False,0,False,0,False
000581,026_БОРОВИЧИ,Li,03_Боровичи_Li_карты_g.tif,Боровичи_Li_курганы_целые.geojson,kurgany_tselye,1,курганы_целые,1,kurgany_tselye,450,450,450,217.11405930226056,224.09568057392124,True,False,False,167327,35173,True,0,False,0,False,0,False,0,False
000582,026_БОРОВИЧИ,Li,03_Боровичи_Li_карты_g.tif,Боровичи_Li_курганы_целые.geojson,kurgany_tselye,1,курганы_целые,6,kurgany_povrezhdennye;kurgany_tselye,256,256,256,123.23930480051968,110.90847408397306,True,False,False,30790,17192,True,17554,True,0,False,0,False,0,False
000583,026_БОРОВИЧИ,Li,03_Боровичи_Li_карты_g.tif,Боровичи_Li_курганы_целые.geojson,kurgany_tselye,1,курганы_целые,6,kurgany_povrezhdennye;kurgany_tselye,256,256,256,110.66914526396594,102.57358441127774,True,False,False,43432,11963,True,10141,True,0,False,0,False,0,False
000584,026_БОРОВИЧИ,Li,03_Боровичи_Li_карты_g.tif,Боровичи_Li_курганы_целые.geojson,kurgany_tselye,1,курганы_целые,5,kurgany_povrezhdennye;kurgany_tselye,256,256,256,96.34514045319662,101.47473829796864,True,False,False,39470,17472,True,8594,True,0,False,0,False,0,False
000585,026_БОРОВИЧИ,Li,03_Боровичи_Li_карты_g.tif,Боровичи_Li_курганы_целые.geojson,kurgany_tselye,1,курганы_целые,4,kurgany_tselye,294,294,294,139.05641287914682,146.21261422520152,True,False,False,54830,31606,True,0,False,0,False,0,False,0,False
000586,026_БОРОВИЧИ,Li,03_Боровичи_Li_карты_g.tif,Боровичи_Li_курганы_целые.geojson,kurgany_tselye,1,курганы_целые,6,kurgany_povrezhdennye;kurgany_tselye,258,258,258,128.0088285706025,105.55263455955576,True,False,False,23582,31916,True,11066,True,0,False,0,False,0,False
000587,026_БОРОВИЧИ,Li,03_Боровичи_Li_карты_g.tif,Боровичи_Li_курганы_целые.geojson,kurgany_tselye,1,курганы_целые,4,kurgany_povrezhdennye;kurgany_tselye,256,256,256,95.64964654855572,91.55318823641642,True,False,False,43813,13298,True,8425,True,0,False,0,False,0,False
000588,026_БОРОВИЧИ,Li,03_Боровичи_Li_карты_g.tif,Боровичи_Li_курганы_целые.geojson,kurgany_tselye,1,курганы_целые,4,kurgany_povrezhdennye;kurgany_tselye,256,256,256,125.51110432250611,100.22928496821196,True,False,False,39193,14063,True,12280,True,0,False,0,False,0,False
000589,026_БОРОВИЧИ,Li,03_Боровичи_Li_карты_g.tif,Боровичи_Li_курганы_целые.geojson,kurgany_tselye,1,курганы_целые,5,kurgany_povrezhdennye;kurgany_tselye,286,286,286,142.67582966131368,112.40950774399724,True,False,False,40930,32053,True,8813,True,0,False,0,False,0,False
000590,026_БОРОВИЧИ,Li,03_Боровичи_Li_карты_g.tif,Боровичи_Li_курганы_целые.geojson,kurgany_tselye,1,курганы_целые,5,kurgany_povrezhdennye;kurgany_tselye,340,340,340,169.5233024051438,145.55165276860475,True,False,False,59184,32794,True,23622,True,0,False,0,False,0,False
000591,026_БОРОВИЧИ,Li,03_Боровичи_Li_карты_g.tif,Боровичи_Li_курганы_целые.geojson,kurgany_tselye,1,курганы_целые,5,kurgany_povrezhdennye;kurgany_tselye,290,290,290,144.61131492513445,138.77542917614562,True,False,False,31326,23344,True,29430,True,0,False,0,False,0,False
000592,026_БОРОВИЧИ,Li,03_Боровичи_Li_карты_g.tif,Боровичи_Li_курганы_целые.geojson,kurgany_tselye,1,курганы_целые,4,kurgany_povrezhdennye;kurgany_tselye,332,332,332,165.161976696693,141.8352031055623,True,False,False,78391,28617,True,3216,True,0,False,0,False,0,False
000593,026_БОРОВИЧИ,Li,03_Боровичи_Li_карты_g.tif,Боровичи_Li_курганы_целые.geojson,kurgany_tselye,1,курганы_целые,4,kurgany_povrezhdennye;kurgany_tselye,484,484,484,208.96188777988155,241.9852410629025,True,False,False,189620,35255,True,9381,True,0,False,0,False,0,False
000594,026_БОРОВИЧИ,Li,03_Боровичи_Li_карты_g.tif,Боровичи_Li_курганы_целые.geojson,kurgany_tselye,1,курганы_целые,3,kurgany_povrezhdennye;kurgany_tselye,276,276,276,137.95395251014477,124.27845293654109,True,False,False,48128,12799,True,15249,True,0,False,0,False,0,False
000595,026_БОРОВИЧИ,Li,03_Боровичи_Li_карты_g.tif,Боровичи_Li_курганы_целые.geojson,kurgany_tselye,1,курганы_целые,1,kurgany_tselye,292,292,292,145.7159638253528,136.71215234322264,True,False,False,70799,14465,True,0,False,0,False,0,False,0,False
000596,026_БОРОВИЧИ,Li,03_Боровичи_Li_карты_g.tif,Боровичи_Li_курганы_целые.geojson,kurgany_tselye,1,курганы_целые,2,kurgany_povrezhdennye;kurgany_tselye,488,488,488,243.4616565401702,231.06101728040952,True,False,False,167146,41209,True,29789,True,0,False,0,False,0,False
000597,026_БОРОВИЧИ,Li,03_Боровичи_Li_карты_g.tif,Боровичи_Li_курганы_целые.geojson,kurgany_tselye,1,курганы_целые,2,kurgany_povrezhdennye;kurgany_tselye,262,262,262,130.60168983414962,123.08647406285628,True,False,False,56145,11872,True,627,True,0,False,0,False,0,False
000602,026_БОРОВИЧИ,Li,03_Боровичи_Li_карты_g.tif,Боровичи_Li_фортификации.geojson,fortifikatsii,4,фортификации,1,fortifikatsii,272,272,272,135.97500099218652,112.3252664040604,True,False,False,63003,0,False,0,False,0,False,10981,True,0,False
000603,026_БОРОВИЧИ,Li,03_Боровичи_Li_карты_g.tif,Боровичи_Li_фортификации.geojson,fortifikatsii,4,фортификации,2,fortifikatsii,256,256,256,125.99225915153696,83.19638532585135,True,False,False,55844,0,False,0,False,0,False,9692,True,0,False
000604,026_БОРОВИЧИ,Li,03_Боровичи_Li_карты_g.tif,Боровичи_Li_фортификации.geojson,fortifikatsii,4,фортификации,2,fortifikatsii,256,256,256,124.8330397275295,124.4013579562118,True,False,False,55206,0,False,0,False,0,False,10330,True,0,False
000605,026_БОРОВИЧИ,Li,03_Боровичи_Li_карты_g.tif,Боровичи_Li_фортификации.geojson,fortifikatsii,4,фортификации,1,fortifikatsii,290,290,290,144.0701763390119,119.845350217056,True,False,False,71854,0,False,0,False,0,False,12246,True,0,False
000606,026_БОРОВИЧИ,Li,03_Боровичи_Li_карты_g.tif,Боровичи_Li_фортификации.geojson,fortifikatsii,4,фортификации,3,fortifikatsii,414,414,414,206.62007029867107,152.47179900293722,True,False,False,145261,0,False,0,False,0,False,26135,True,0,False
000607,026_БОРОВИЧИ,Li,03_Боровичи_Li_карты_g.tif,Боровичи_Li_фортификации.geojson,fortifikatsii,4,фортификации,2,fortifikatsii,354,354,354,169.57310562953603,176.9422731268883,True,False,False,98107,0,False,0,False,0,False,27209,True,0,False
000608,026_БОРОВИЧИ,Li,03_Боровичи_Li_карты_g.tif,Боровичи_Li_фортификации.geojson,fortifikatsii,4,фортификации,1,fortifikatsii,256,256,256,116.86257172492506,113.3107370976187,True,False,False,56140,0,False,0,False,0,False,9396,True,0,False
000609,026_БОРОВИЧИ,Li,03_Боровичи_Li_карты_g.tif,Боровичи_Li_фортификации.geojson,fortifikatsii,4,фортификации,2,fortifikatsii,278,278,278,97.54758117604214,138.53576618244637,True,False,False,62429,0,False,0,False,0,False,14855,True,0,False
000610,026_БОРОВИЧИ,Li,03_Боровичи_Li_карты_g.tif,Боровичи_Li_фортификации.geojson,fortifikatsii,4,фортификации,3,fortifikatsii,360,360,360,179.494610825789,158.149571036896,True,False,False,104903,0,False,0,False,0,False,24697,True,0,False
000611,026_БОРОВИЧИ,Li,03_Боровичи_Li_карты_g.tif,Боровичи_Li_фортификации.geojson,fortifikatsii,4,фортификации,3,fortifikatsii,382,382,382,160.53870113566757,190.3585405088673,True,False,False,117134,0,False,0,False,0,False,28790,True,0,False
000612,026_БОРОВИЧИ,Li,03_Боровичи_Li_карты_g.tif,Боровичи_Li_фортификации.geojson,fortifikatsii,4,фортификации,2,fortifikatsii,270,270,270,130.08706841385185,134.6505997236614,True,False,False,54139,0,False,0,False,0,False,18761,True,0,False
000613,026_БОРОВИЧИ,Li,03_Боровичи_Li_карты_g.tif,Боровичи_Li_фортификации.geojson,fortifikatsii,4,фортификации,1,fortifikatsii,270,270,270,134.50949078891625,132.12054821660604,True,False,False,63105,0,False,0,False,0,False,9795,True,0,False
000614,026_БОРОВИЧИ,Li,03_Боровичи_Li_карты_g.tif,Боровичи_Li_фортификации.geojson,fortifikatsii,4,фортификации,2,fortifikatsii,282,282,282,140.32076264033302,125.97380297256588,True,False,False,54063,0,False,0,False,0,False,25461,True,0,False
000615,026_БОРОВИЧИ,Li,03_Боровичи_Li_карты_g.tif,Боровичи_Li_фортификации.geojson,fortifikatsii,4,фортификации,1,fortifikatsii,318,318,318,146.89640854601964,158.0186550132691,True,False,False,84518,0,False,0,False,0,False,16606,True,0,False
000616,026_БОРОВИЧИ,Li,03_Боровичи_Li_карты_g.tif,Боровичи_Li_фортификации.geojson,fortifikatsii,4,фортификации,1,fortifikatsii,256,256,256,108.83813272696148,101.26848264595824,True,False,False,57945,0,False,0,False,0,False,7591,True,0,False
000617,026_БОРОВИЧИ,Li,03_Боровичи_Li_карты_g.tif,Боровичи_Li_фортификации.geojson,fortifikatsii,4,фортификации,2,fortifikatsii,290,290,290,143.57077212538783,144.96708083895632,True,False,False,57873,0,False,0,False,0,False,26227,True,0,False
000618,026_БОРОВИЧИ,Li,03_Боровичи_Li_карты_g.tif,Боровичи_Li_фортификации.geojson,fortifikatsii,4,фортификации,1,fortifikatsii,324,324,324,147.64241100754808,161.03803344068473,True,False,False,88508,0,False,0,False,0,False,16468,True,0,False
000619,026_БОРОВИЧИ,Li,03_Боровичи_Li_карты_g.tif,Боровичи_Li_фортификации.geojson,fortifikatsii,4,фортификации,3,fortifikatsii,308,308,308,153.121017784581,133.33228770641452,True,False,False,76506,0,False,0,False,0,False,18358,True,0,False
000620,026_БОРОВИЧИ,Li,03_Боровичи_Li_карты_g.tif,Боровичи_Li_фортификации.geojson,fortifikatsii,4,фортификации,3,fortifikatsii,256,256,256,111.30079209571868,127.12145046329064,True,False,False,48621,0,False,0,False,0,False,16915,True,0,False
000621,026_БОРОВИЧИ,Li,03_Боровичи_Li_карты_g.tif,Боровичи_Li_фортификации.geojson,fortifikatsii,4,фортификации,3,fortifikatsii,312,312,312,155.21013483638174,119.53839296473242,True,False,False,78839,0,False,0,False,0,False,18505,True,0,False
000622,026_БОРОВИЧИ,Li,03_Боровичи_Li_карты_g.tif,Боровичи_Li_фортификации.geojson,fortifikatsii,4,фортификации,3,fortifikatsii,268,268,268,107.70527548389668,133.61470642497602,True,False,False,52305,0,False,0,False,0,False,19519,True,0,False
000623,026_БОРОВИЧИ,Li,03_Боровичи_Li_карты_g.tif,Боровичи_Li_фортификации.geojson,fortifikatsii,4,фортификации,2,fortifikatsii,256,256,256,100.83119171788134,98.74593248589332,True,False,False,52492,0,False,0,False,0,False,13044,True,0,False
000624,026_БОРОВИЧИ,Li,03_Боровичи_Li_карты_g.tif,Боровичи_Li_фортификации.geojson,fortifikatsii,4,фортификации,3,fortifikatsii,256,256,256,92.6651094271815,98.11684563754504,True,False,False,50921,0,False,0,False,0,False,14615,True,0,False
000625,026_БОРОВИЧИ,Li,03_Боровичи_Li_карты_g.tif,Боровичи_Li_фортификации.geojson,fortifikatsii,4,фортификации,2,fortifikatsii,298,298,298,107.62572456500652,148.8260274752749,True,False,False,73013,0,False,0,False,0,False,15791,True,0,False
000626,026_БОРОВИЧИ,Li,03_Боровичи_Li_карты_g.tif,Боровичи_Li_фортификации.geojson,fortifikatsii,4,фортификации,1,fortifikatsii,280,280,280,139.71416356624312,123.97777108473689,True,False,False,69185,0,False,0,False,0,False,9215,True,0,False
000627,026_БОРОВИЧИ,Li,03_Боровичи_Li_карты_g.tif,Боровичи_Li_фортификации.geojson,fortifikatsii,4,фортификации,1,fortifikatsii,256,256,256,83.99755919003051,118.9193722512393,True,False,False,57467,0,False,0,False,0,False,8069,True,0,False
000628,026_БОРОВИЧИ,Li,03_Боровичи_Li_карты_g.tif,Боровичи_Li_фортификации.geojson,fortifikatsii,4,фортификации,2,fortifikatsii,256,256,256,89.19112595380416,88.04363458416023,True,False,False,58800,0,False,0,False,0,False,6736,True,0,False
000629,026_БОРОВИЧИ,Li,03_Боровичи_Li_карты_g.tif,Боровичи_Li_фортификации.geojson,fortifikatsii,4,фортификации,1,fortifikatsii,256,256,256,123.30255184206362,110.49456796607193,True,False,False,57703,0,False,0,False,0,False,7833,True,0,False
000630,026_БОРОВИЧИ,Li,03_Боровичи_Li_карты_g.tif,Боровичи_Li_фортификации.geojson,fortifikatsii,4,фортификации,1,fortifikatsii,276,276,276,137.02893017325752,97.96600169500717,True,False,False,65290,0,False,0,False,0,False,10886,True,0,False
000631,026_БОРОВИЧИ,Li,03_Боровичи_Li_карты_g.tif,Боровичи_Li_фортификации.geojson,fortifikatsii,4,фортификации,1,fortifikatsii,286,286,286,142.0126084459501,121.93359151480736,True,False,False,72696,0,False,0,False,0,False,9100,True,0,False
000632,026_БОРОВИЧИ,Li,03_Боровичи_Li_карты_g.tif,Боровичи_Li_фортификации.geojson,fortifikatsii,4,фортификации,1,fortifikatsii,298,298,298,148.45286883996087,142.15063074601522,True,False,False,77309,0,False,0,False,0,False,11495,True,0,False
000633,026_БОРОВИЧИ,Li,03_Боровичи_Li_карты_g.tif,Боровичи_Li_фортификации.geojson,fortifikatsii,4,фортификации,1,fortifikatsii,336,336,336,167.04441514332095,112.40726294925597,True,False,False,103527,0,False,0,False,0,False,9369,True,0,False
000634,026_БОРОВИЧИ,Li,03_Боровичи_Li_карты_g.tif,Боровичи_Li_фортификации.geojson,fortifikatsii,4,фортификации,2,fortifikatsii,294,294,294,146.7653230601012,118.5742934699922,True,False,False,68011,0,False,0,False,0,False,18425,True,0,False
000635,026_БОРОВИЧИ,Li,03_Боровичи_Li_карты_g.tif,Боровичи_Li_фортификации.geojson,fortifikatsii,4,фортификации,3,fortifikatsii,488,488,488,243.4115624381265,184.2871181014646,True,False,False,172614,0,False,0,False,0,False,65530,True,0,False
000636,026_БОРОВИЧИ,Li,03_Боровичи_Li_карты_g.tif,Боровичи_Li_фортификации.geojson,fortifikatsii,4,фортификации,7,fortifikatsii,718,718,718,358.5468453716074,336.44208381878707,True,False,False,350351,0,False,0,False,0,False,165173,True,0,False
000637,026_БОРОВИЧИ,Li,03_Боровичи_Li_карты_g.tif,Боровичи_Li_фортификации.geojson,fortifikatsii,4,фортификации,10,fortifikatsii,754,754,754,343.9212078310135,376.5266487933125,True,False,False,380485,0,False,0,False,0,False,188031,True,0,False
000638,026_БОРОВИЧИ,Li,03_Боровичи_Li_карты_g.tif,Боровичи_Li_фортификации.geojson,fortifikatsii,4,фортификации,7,fortifikatsii,454,454,454,226.0477579932228,169.00327710432234,True,False,False,87709,0,False,0,False,0,False,118407,True,0,False
000639,026_БОРОВИЧИ,Li,03_Боровичи_Li_карты_g.tif,Боровичи_Li_фортификации.geojson,fortifikatsii,4,фортификации,7,fortifikatsii,482,482,482,240.17148619052375,193.27468113039487,True,False,False,113210,0,False,0,False,0,False,119114,True,0,False
000640,026_БОРОВИЧИ,Li,03_Боровичи_Li_карты_g.tif,Боровичи_Li_фортификации.geojson,fortifikatsii,4,фортификации,7,fortifikatsii,486,486,486,242.90597685845927,233.84829023849403,True,False,False,136903,0,False,0,False,0,False,99293,True,0,False
000641,026_БОРОВИЧИ,Li,03_Боровичи_Li_карты_g.tif,Боровичи_Li_фортификации.geojson,fortifikatsii,4,фортификации,7,fortifikatsii,464,464,464,231.78235096391637,198.78352683965832,True,False,False,130524,0,False,0,False,0,False,84772,True,0,False
000642,026_БОРОВИЧИ,Li,03_Боровичи_Li_карты_g.tif,Боровичи_Li_фортификации.geojson,fortifikatsii,4,фортификации,6,fortifikatsii,452,452,452,225.67927474389185,185.5741011630463,True,False,False,141634,0,False,0,False,0,False,62670,True,0,False
000643,026_БОРОВИЧИ,Li,03_Боровичи_Li_карты_g.tif,Боровичи_Li_фортификации.geojson,fortifikatsii,4,фортификации,4,fortifikatsii,256,256,256,92.3389923793743,79.17664149774902,True,False,False,58384,0,False,0,False,0,False,7152,True,0,False
000644,026_БОРОВИЧИ,Li,03_Боровичи_Li_карты_g.tif,Боровичи_Li_фортификации.geojson,fortifikatsii,4,фортификации,4,fortifikatsii,348,348,348,173.27360011404636,165.54951394905623,True,False,False,76686,0,False,0,False,0,False,44418,True,0,False
000645,026_БОРОВИЧИ,Li,03_Боровичи_Li_карты_g.tif,Боровичи_Li_фортификации.geojson,fortifikatsii,4,фортификации,4,fortifikatsii,396,396,396,187.6772861171076,197.6817517168521,True,False,False,95757,0,False,0,False,0,False,61059,True,0,False
000646,026_БОРОВИЧИ,Li,03_Боровичи_Li_карты_g.tif,Боровичи_Li_фортификации.geojson,fortifikatsii,4,фортификации,4,fortifikatsii,400,400,400,199.9248692079011,174.5694342627857,True,False,False,104708,0,False,0,False,0,False,55292,True,0,False
000647,026_БОРОВИЧИ,Li,03_Боровичи_Li_карты_g.tif,Боровичи_Li_фортификации.geojson,fortifikatsii,4,фортификации,9,fortifikatsii,740,740,740,369.5939834718647,348.14420764329225,True,False,False,457700,0,False,0,False,0,False,89900,True,0,False
000648,026_БОРОВИЧИ,Li,03_Боровичи_Li_карты_g.tif,Боровичи_Li_фортификации.geojson,fortifikatsii,4,фортификации,7,fortifikatsii,842,842,842,420.14873746666746,263.1685751396764,True,False,False,589751,0,False,0,False,0,False,119213,True,0,False
000649,026_БОРОВИЧИ,Li,03_Боровичи_Li_карты_g.tif,Боровичи_Li_фортификации.geojson,fortifikatsii,4,фортификации,6,fortifikatsii,426,426,426,199.3110575189378,212.0403189584292,True,False,False,121692,0,False,0,False,0,False,59784,True,0,False
000650,026_БОРОВИЧИ,Li,03_Боровичи_Li_карты_g.tif,Боровичи_Li_фортификации.geojson,fortifikatsii,4,фортификации,6,fortifikatsii,366,366,366,178.77587652066987,182.21715762277168,True,False,False,72026,0,False,0,False,0,False,61930,True,0,False
000651,026_БОРОВИЧИ,Li,03_Боровичи_Li_карты_g.tif,Боровичи_Li_фортификации.geojson,fortifikatsii,4,фортификации,6,fortifikatsii,374,374,374,184.397419390737,186.3376534450517,True,False,False,90256,0,False,0,False,0,False,49620,True,0,False
000652,026_БОРОВИЧИ,Li,03_Боровичи_Li_карты_g.tif,Боровичи_Li_фортификации.geojson,fortifikatsii,4,фортификации,6,fortifikatsii,426,426,426,201.686098446374,212.73725057948883,True,False,False,120499,0,False,0,False,0,False,60977,True,0,False
000653,026_БОРОВИЧИ,Li,03_Боровичи_Li_карты_g.tif,Боровичи_Li_фортификации.geojson,fortifikatsii,4,фортификации,5,fortifikatsii,406,406,406,200.77429142082408,202.06495219838536,True,False,False,118212,0,False,0,False,0,False,46624,True,0,False
000654,026_БОРОВИЧИ,Li,03_Боровичи_Li_карты_g.tif,Боровичи_Li_фортификации.geojson,fortifikatsii,4,фортификации,6,fortifikatsii,256,256,256,65.81774252932617,80.22987309842087,True,False,False,37824,0,False,0,False,0,False,27712,True,0,False
000655,026_БОРОВИЧИ,Li,03_Боровичи_Li_карты_g.tif,Боровичи_Li_фортификации.geojson,fortifikatsii,4,фортификации,5,fortifikatsii,402,402,402,200.42600170011,95.93919507226384,True,False,False,114149,0,False,0,False,0,False,47455,True,0,False
000656,026_БОРОВИЧИ,Li,03_Боровичи_Li_карты_g.tif,Боровичи_Li_фортификации.geojson,fortifikatsii,4,фортификации,6,fortifikatsii,296,296,296,124.7877941175848,147.36337963489447,True,False,False,52818,0,False,0,False,0,False,34798,True,0,False
000657,026_БОРОВИЧИ,Li,03_Боровичи_Li_карты_g.tif,Боровичи_Li_фортификации.geojson,fortifikatsii,4,фортификации,4,fortifikatsii,256,256,256,77.76978221256401,88.38563673196884,True,False,False,48197,0,False,0,False,0,False,17339,True,0,False
000658,026_БОРОВИЧИ,Li,03_Боровичи_Li_карты_g.tif,Боровичи_Li_фортификации.geojson,fortifikatsii,4,фортификации,2,fortifikatsii,372,372,372,185.39133222191867,90.08841488509006,True,False,False,120518,0,False,0,False,0,False,17866,True,0,False
000659,026_БОРОВИЧИ,Li,03_Боровичи_Li_карты_g.tif,Боровичи_Li_фортификации.geojson,fortifikatsii,4,фортификации,3,fortifikatsii,300,300,300,149.1568875417601,126.1645222455072,True,False,False,76177,0,False,0,False,0,False,13823,True,0,False
000660,026_БОРОВИЧИ,Li,03_Боровичи_Li_карты_g.tif,Боровичи_Li_фортификации.geojson,fortifikatsii,4,фортификации,13,fortifikatsii,734,734,734,366.9969100737999,233.10429254543232,True,False,False,399984,0,False,0,False,0,False,138772,True,0,False
000661,026_БОРОВИЧИ,Li,03_Боровичи_Li_карты_g.tif,Боровичи_Li_фортификации.geojson,fortifikatsii,4,фортификации,23,fortifikatsii,1632,1632,1632,815.214192122233,190.2331113349358,True,False,False,2232753,0,False,0,False,0,False,430671,True,0,False
000662,026_БОРОВИЧИ,Li,03_Боровичи_Li_карты_g.tif,Боровичи_Li_фортификации.geojson,fortifikatsii,4,фортификации,2,fortifikatsii,296,296,296,144.65786699787927,147.82204142769422,True,False,False,66843,0,False,0,False,0,False,20773,True,0,False
000663,026_БОРОВИЧИ,Li,03_Боровичи_Li_карты_g.tif,Боровичи_Li_фортификации.geojson,fortifikatsii,4,фортификации,2,fortifikatsii,406,406,406,193.0742856150056,202.47804000039312,True,False,False,136081,0,False,0,False,0,False,28755,True,0,False
000664,026_БОРОВИЧИ,Li,03_Боровичи_Li_карты_g.tif,Боровичи_Li_фортификации.geojson,fortifikatsii,4,фортификации,3,fortifikatsii,364,364,364,132.8964419243877,181.825051857131,True,False,False,118649,0,False,0,False,0,False,13847,True,0,False
000665,026_БОРОВИЧИ,Li,03_Боровичи_Li_карты_g.tif,Боровичи_Li_фортификации.geojson,fortifikatsii,4,фортификации,2,fortifikatsii,328,328,328,131.70600646524886,163.72500679453216,True,False,False,94438,0,False,0,False,0,False,13146,True,0,False
000666,026_БОРОВИЧИ,Li,03_Боровичи_Li_карты_g.tif,Боровичи_Li_фортификации.geojson,fortifikatsii,4,фортификации,1,fortifikatsii,330,330,330,150.14028103905952,164.45791047995283,True,False,False,97314,0,False,0,False,0,False,11586,True,0,False
000667,026_БОРОВИЧИ,Li,03_Боровичи_Li_карты_g.tif,Боровичи_Li_фортификации.geojson,fortifikatsii,4,фортификации,4,fortifikatsii,844,844,844,366.78020621534046,421.8218999448525,True,False,False,644281,0,False,0,False,0,False,68055,True,0,False
000668,026_БОРОВИЧИ,Li,03_Боровичи_Li_карты_g.tif,Боровичи_Li_фортификации.geojson,fortifikatsii,4,фортификации,1,fortifikatsii,356,356,356,177.87423097412366,168.67263210003503,True,False,False,107983,0,False,0,False,0,False,18753,True,0,False
000669,026_БОРОВИЧИ,Li,03_Боровичи_Li_карты_g.tif,Боровичи_Li_фортификации.geojson,fortifikatsii,4,фортификации,2,fortifikatsii,348,348,348,173.13054473488847,168.9071707706643,True,False,False,100465,0,False,0,False,0,False,20639,True,0,False
000670,026_БОРОВИЧИ,Li,03_Боровичи_Li_карты_g.tif,Боровичи_Li_фортификации.geojson,fortifikatsii,4,фортификации,2,fortifikatsii,480,480,480,222.7006585104424,239.65296555306855,True,False,False,190153,0,False,0,False,0,False,40247,True,0,False
000671,026_БОРОВИЧИ,Li,03_Боровичи_Li_карты_g.tif,Боровичи_Li_фортификации.geojson,fortifikatsii,4,фортификации,2,fortifikatsii,312,312,312,155.37379574147283,136.0621730144861,True,False,False,72745,0,False,0,False,0,False,24599,True,0,False
000672,026_БОРОВИЧИ,Li,03_Боровичи_Li_карты_g.tif,Боровичи_Li_фортификации.geojson,fortifikatsii,4,фортификации,2,fortifikatsii,350,350,350,174.93187201791702,159.0504055749384,True,False,False,94646,0,False,0,False,0,False,27854,True,0,False
000673,026_БОРОВИЧИ,Li,03_Боровичи_Li_карты_g.tif,Боровичи_Li_фортификации.geojson,fortifikatsii,4,фортификации,1,fortifikatsii,376,376,376,185.96689576399788,187.0850810501441,True,False,False,122630,0,False,0,False,0,False,18746,True,0,False
000674,026_БОРОВИЧИ,Li,03_Боровичи_Li_карты_g.tif,Боровичи_Li_фортификации.geojson,fortifikatsii,4,фортификации,1,fortifikatsii,402,402,402,200.5650540371455,122.12720879351733,True,False,False,143941,0,False,0,False,0,False,17663,True,0,False
000675,026_БОРОВИЧИ,Li,03_Боровичи_Li_карты_g.tif,Боровичи_Li_фортификации.geojson,fortifikatsii,4,фортификации,1,fortifikatsii,468,468,468,233.10861428501428,206.7130432743266,True,False,False,196033,0,False,0,False,0,False,22991,True,0,False
000676,026_БОРОВИЧИ,Li,03_Боровичи_Li_карты_g.tif,Боровичи_Li_фортификации.geojson,fortifikatsii,4,фортификации,1,fortifikatsii,376,376,376,187.3324638442164,166.07869193886685,True,False,False,126208,0,False,0,False,0,False,15168,True,0,False
000677,026_БОРОВИЧИ,Li,03_Боровичи_Li_карты_g.tif,Боровичи_Li_фортификации.geojson,fortifikatsii,4,фортификации,2,fortifikatsii,332,332,332,165.91179040028027,144.90216974166822,True,False,False,88564,0,False,0,False,0,False,21660,True,0,False
000678,026_БОРОВИЧИ,Li,03_Боровичи_Li_карты_g.tif,Боровичи_Li_фортификации.geojson,fortifikatsii,4,фортификации,3,fortifikatsii,892,892,892,445.75178674655695,402.6238169147954,True,False,False,694701,0,False,0,False,0,False,100963,True,0,False
000679,026_БОРОВИЧИ,Li,03_Боровичи_Li_карты_g.tif,Боровичи_Li_фортификации.geojson,fortifikatsii,4,фортификации,2,fortifikatsii,602,602,602,300.99823239492696,196.5090096648485,True,False,False,331158,0,False,0,False,0,False,31246,True,0,False
000680,026_БОРОВИЧИ,Li,03_Боровичи_Li_карты_g.tif,Боровичи_Li_фортификации.geojson,fortifikatsii,4,фортификации,1,fortifikatsii,324,324,324,161.47588811116532,151.35268064213486,True,False,False,89861,0,False,0,False,0,False,15115,True,0,False
000681,026_БОРОВИЧИ,Li,03_Боровичи_Li_карты_g.tif,Боровичи_Li_фортификации.geojson,fortifikatsii,4,фортификации,2,fortifikatsii,440,440,440,219.29438804975103,167.07178275098357,True,False,False,167301,0,False,0,False,0,False,26299,True,0,False
000682,026_БОРОВИЧИ,Li,03_Боровичи_Li_карты_g.tif,Боровичи_Li_фортификации.geojson,fortifikatsii,4,фортификации,2,fortifikatsii,480,480,480,239.35700674192404,189.4111916515689,True,False,False,192103,0,False,0,False,0,False,38297,True,0,False
000683,026_БОРОВИЧИ,Li,03_Боровичи_Li_карты_g.tif,Боровичи_Li_фортификации.geojson,fortifikatsii,4,фортификации,9,fortifikatsii,1884,1884,1884,941.7527133471008,205.61628947031363,True,False,False,3272922,0,False,0,False,0,False,276534,True,0,False
000684,026_БОРОВИЧИ,Li,03_Боровичи_Li_карты_g.tif,Боровичи_Li_фортификации.geojson,fortifikatsii,4,фортификации,1,fortifikatsii,256,256,256,98.19032576983008,114.65452727859966,True,False,False,57128,0,False,0,False,0,False,8408,True,0,False
000685,026_БОРОВИЧИ,Li,03_Боровичи_Li_карты_g.tif,Боровичи_Li_фортификации.geojson,fortifikatsii,4,фортификации,4,fortifikatsii,612,612,612,305.1857250940565,209.54836263318165,True,False,False,259456,0,False,0,False,0,False,115088,True,0,False
000686,026_БОРОВИЧИ,Li,03_Боровичи_Li_карты_g.tif,Боровичи_Li_фортификации.geojson,fortifikatsii,4,фортификации,4,fortifikatsii,426,426,426,125.7808860391397,212.6012534647858,True,False,False,143861,0,False,0,False,0,False,37615,True,0,False
000687,026_БОРОВИЧИ,Li,03_Боровичи_Li_карты_g.tif,Боровичи_Li_фортификации.geojson,fortifikatsii,4,фортификации,4,fortifikatsii,256,256,256,86.39693753910379,110.385883888213,True,False,False,49214,0,False,0,False,0,False,16322,True,0,False
000688,026_БОРОВИЧИ,Li,03_Боровичи_Li_карты_g.tif,Боровичи_Li_фортификации.geojson,fortifikatsii,4,фортификации,2,fortifikatsii,408,408,408,159.75744587485914,203.3450024947216,True,False,False,154021,0,False,0,False,0,False,12443,True,0,False
000689,026_БОРОВИЧИ,Li,03_Боровичи_Li_карты_g.tif,Боровичи_Li_фортификации.geojson,fortifikatsii,4,фортификации,16,fortifikatsii,1942,1942,1942,970.724075022168,326.7254113126051,True,False,False,3406410,0,False,0,False,0,False,364954,True,0,False
000690,026_БОРОВИЧИ,Li,03_Боровичи_Li_карты_g.tif,Боровичи_Li_фортификации.geojson,fortifikatsii,4,фортификации,5,fortifikatsii,438,438,438,218.83795055211849,189.88412193019792,True,False,False,116059,0,False,0,False,0,False,75785,True,0,False
000691,026_БОРОВИЧИ,Li,03_Боровичи_Li_карты_g.tif,Боровичи_Li_фортификации.geojson,fortifikatsii,4,фортификации,2,fortifikatsii,264,264,264,131.50446475949332,105.48247734083128,True,False,False,55083,0,False,0,False,0,False,14613,True,0,False
000692,026_БОРОВИЧИ,Li,03_Боровичи_Li_карты_g.tif,Боровичи_Li_фортификации.geojson,fortifikatsii,4,фортификации,4,fortifikatsii,316,316,316,157.70370478276396,130.27346179818625,True,False,False,60920,0,False,0,False,0,False,38936,True,0,False
000693,026_БОРОВИЧИ,Li,03_Боровичи_Li_карты_g.tif,Боровичи_Li_фортификации.geojson,fortifikatsii,4,фортификации,6,fortifikatsii,1758,1758,1758,878.0334366113077,160.25420972143667,True,False,False,2859804,0,False,0,False,0,False,230760,True,0,False
000694,026_БОРОВИЧИ,Li,03_Боровичи_Li_карты_g.tif,Боровичи_Li_фортификации.geojson,fortifikatsii,4,фортификации,1,fortifikatsii,486,486,486,240.2094927465113,242.49783094037377,True,False,False,212959,0,False,0,False,0,False,23237,True,0,False
000695,026_БОРОВИЧИ,Li,03_Боровичи_Li_карты_g.tif,Боровичи_Li_фортификации.geojson,fortifikatsii,4,фортификации,1,fortifikatsii,722,722,722,360.638871432753,303.34421281698224,True,False,False,472634,0,False,0,False,0,False,48650,True,0,False
000696,026_БОРОВИЧИ,Li,03_Боровичи_Li_карты_g.tif,Боровичи_Li_фортификации.geojson,fortifikatsii,4,фортификации,1,fortifikatsii,388,388,388,193.28405710286748,160.68270902146946,True,False,False,128329,0,False,0,False,0,False,22215,True,0,False
000697,026_БОРОВИЧИ,Li,03_Боровичи_Li_карты_g.tif,Боровичи_Li_фортификации.geojson,fortifikatsii,4,фортификации,1,fortifikatsii,286,286,286,142.3939844139407,142.70126609129534,True,False,False,71939,0,False,0,False,0,False,9857,True,0,False
000698,026_БОРОВИЧИ,Li,03_Боровичи_Li_карты_g.tif,Боровичи_Li_фортификации.geojson,fortifikatsii,4,фортификации,1,fortifikatsii,256,256,256,75.7346598338347,78.72474728150964,True,False,False,62618,0,False,0,False,0,False,2918,True,0,False
000699,026_БОРОВИЧИ,Li,03_Боровичи_Li_карты_g.tif,Боровичи_Li_фортификации.geojson,fortifikatsii,4,фортификации,1,fortifikatsii,256,256,256,110.87713014567434,118.07105160316527,True,False,False,59110,0,False,0,False,0,False,6426,True,0,False
000700,026_БОРОВИЧИ,Li,03_Боровичи_Li_карты_g.tif,Боровичи_Li_фортификации.geojson,fortifikatsii,4,фортификации,1,fortifikatsii,256,256,256,104.78658285807042,96.49025169199734,True,False,False,60386,0,False,0,False,0,False,5150,True,0,False
000701,026_БОРОВИЧИ,Li,03_Боровичи_Li_карты_g.tif,Боровичи_Li_фортификации.geojson,fortifikatsii,4,фортификации,1,fortifikatsii,430,430,430,154.32137632160675,214.13976516571375,True,False,False,169958,0,False,0,False,0,False,14942,True,0,False
000702,026_БОРОВИЧИ,Li,03_Боровичи_Li_карты_g.tif,Боровичи_Li_фортификации.geojson,fortifikatsii,4,фортификации,1,fortifikatsii,274,274,274,136.23199727968515,136.2787499837371,True,False,False,62707,0,False,0,False,0,False,12369,True,0,False
000703,026_БОРОВИЧИ,Li,03_Боровичи_Li_карты_g.tif,Боровичи_Li_фортификации.geojson,fortifikatsii,4,фортификации,1,fortifikatsii,654,654,654,326.6531757765964,168.61325589006074,True,False,False,395397,0,False,0,False,0,False,32319,True,0,False
000704,026_БОРОВИЧИ,Li,03_Боровичи_Li_карты_g.tif,Боровичи_Li_фортификации.geojson,fortifikatsii,4,фортификации,3,fortifikatsii,306,306,306,152.4848883459367,136.16235570980035,True,False,False,60138,0,False,0,False,0,False,33498,True,0,False
000705,026_БОРОВИЧИ,Li,03_Боровичи_Li_карты_g.tif,Боровичи_Li_фортификации.geojson,fortifikatsii,4,фортификации,3,fortifikatsii,256,256,256,113.80828502937388,106.73772322012356,True,False,False,33936,0,False,0,False,0,False,31600,True,0,False
000706,026_БОРОВИЧИ,Li,03_Боровичи_Li_карты_g.tif,Боровичи_Li_фортификации.geojson,fortifikatsii,4,фортификации,4,fortifikatsii,482,482,482,219.7999950847621,240.14092890542088,True,False,False,169451,0,False,0,False,0,False,62873,True,0,False
000707,026_БОРОВИЧИ,Li,03_Боровичи_Li_карты_g.tif,Боровичи_Li_фортификации.geojson,fortifikatsii,4,фортификации,2,fortifikatsii,396,396,396,197.39953285432716,193.4160233568107,True,False,False,124914,0,False,0,False,0,False,31902,True,0,False
000708,026_БОРОВИЧИ,Li,03_Боровичи_Li_карты_g.tif,Боровичи_Li_фортификации.geojson,fortifikatsii,4,фортификации,2,fortifikatsii,382,382,382,190.00950195477623,159.2995381261912,True,False,False,120286,0,False,0,False,0,False,25638,True,0,False
000709,026_БОРОВИЧИ,Li,03_Боровичи_Li_карты_g.tif,Боровичи_Li_фортификации.geojson,fortifikatsii,4,фортификации,2,fortifikatsii,256,256,256,119.65294073219587,102.70636063067548,True,False,False,50737,0,False,0,False,0,False,14799,True,0,False
000710,026_БОРОВИЧИ,Li,03_Боровичи_Li_карты_g.tif,Боровичи_Li_фортификации.geojson,fortifikatsii,4,фортификации,2,fortifikatsii,1050,1050,1050,524.6163482870984,106.23012530615809,True,False,False,1041777,0,False,0,False,0,False,60723,True,0,False
000711,026_БОРОВИЧИ,Li,03_Боровичи_Li_карты_g.tif,Боровичи_Li_фортификации.geojson,fortifikatsii,4,фортификации,9,fortifikatsii,1148,1148,1148,573.2473909738559,300.3105717710696,True,False,False,1088983,0,False,0,False,0,False,228921,True,0,False
000712,026_БОРОВИЧИ,Li,03_Боровичи_Li_карты_g.tif,Боровичи_Li_фортификации.geojson,fortifikatsii,4,фортификации,5,fortifikatsii,392,392,392,195.48321677954223,141.8480682745361,True,False,False,111457,0,False,0,False,0,False,42207,True,0,False
000713,026_БОРОВИЧИ,Li,03_Боровичи_Li_карты_g.tif,Боровичи_Li_фортификации.geojson,fortifikatsii,4,фортификации,4,fortifikatsii,274,274,274,136.00010211230455,135.52958763202463,True,False,False,45690,0,False,0,False,0,False,29386,True,0,False
000714,026_БОРОВИЧИ,Li,03_Боровичи_Li_карты_g.tif,Боровичи_Li_фортификации.geojson,fortifikatsii,4,фортификации,1,fortifikatsii,412,412,412,158.89921829919567,205.20559143271916,True,False,False,152636,0,False,0,False,0,False,17108,True,0,False
000715,026_БОРОВИЧИ,Li,03_Боровичи_Li_карты_g.tif,Боровичи_Li_фортификации.geojson,fortifikatsii,4,фортификации,1,fortifikatsii,368,368,368,183.273802794286,155.06694105451442,True,False,False,117033,0,False,0,False,0,False,18391,True,0,False
000716,026_БОРОВИЧИ,Li,03_Боровичи_Li_карты_g.tif,Боровичи_Li_фортификации.geojson,fortifikatsii,4,фортификации,1,fortifikatsii,266,266,266,132.12785181938867,125.18328877164018,True,False,False,60879,0,False,0,False,0,False,9877,True,0,False
000717,026_БОРОВИЧИ,Li,03_Боровичи_Li_карты_g.tif,Боровичи_Li_фортификации.geojson,fortifikatsii,4,фортификации,2,fortifikatsii,398,398,398,198.31051147077525,140.89981131253492,True,False,False,132366,0,False,0,False,0,False,26038,True,0,False
000718,026_БОРОВИЧИ,Li,03_Боровичи_Li_карты_g.tif,Боровичи_Li_фортификации.geojson,fortifikatsii,4,фортификации,1,fortifikatsii,806,806,806,270.2309409959747,402.68103926436464,True,False,False,604549,0,False,0,False,0,False,45087,True,0,False
000719,026_БОРОВИЧИ,Li,03_Боровичи_Li_карты_g.tif,Боровичи_Li_фортификации.geojson,fortifikatsii,4,фортификации,2,fortifikatsii,256,256,256,68.21343900519524,79.98663005417863,True,False,False,53606,0,False,0,False,0,False,11930,True,0,False
000720,026_БОРОВИЧИ,Li,03_Боровичи_Li_карты_g.tif,Боровичи_Li_фортификации.geojson,fortifikatsii,4,фортификации,2,fortifikatsii,262,262,262,79.97785515384867,130.01656841484723,True,False,False,56714,0,False,0,False,0,False,11930,True,0,False
000721,026_БОРОВИЧИ,Li,03_Боровичи_Li_карты_g.tif,Боровичи_Li_фортификации.geojson,fortifikatsii,4,фортификации,2,fortifikatsii,256,256,256,113.97637677029876,101.1742061562683,True,False,False,49309,0,False,0,False,0,False,16227,True,0,False
000722,026_БОРОВИЧИ,Li,03_Боровичи_Li_карты_g.tif,Боровичи_Li_фортификации.geojson,fortifikatsii,4,фортификации,1,fortifikatsii,256,256,256,92.27272788644903,90.81998876294608,True,False,False,59919,0,False,0,False,0,False,5617,True,0,False
000723,026_БОРОВИЧИ,Li,03_Боровичи_Li_карты_g.tif,Боровичи_Li_фортификации.geojson,fortifikatsii,4,фортификации,1,fortifikatsii,262,262,262,130.47340498655296,92.62932131065516,True,False,False,60434,0,False,0,False,0,False,8210,True,0,False
000724,026_БОРОВИЧИ,Li,03_Боровичи_Li_карты_g.tif,Боровичи_Li_фортификации.geojson,fortifikatsii,4,фортификации,3,fortifikatsii,422,422,422,162.7422621077882,210.3232569060901,True,False,False,157179,0,False,0,False,0,False,20905,True,0,False
000725,026_БОРОВИЧИ,Li,03_Боровичи_Li_карты_g.tif,Боровичи_Li_фортификации.geojson,fortifikatsii,4,фортификации,1,fortifikatsii,372,372,372,185.9377806098228,165.64950556491786,True,False,False,119928,0,False,0,False,0,False,18456,True,0,False
000726,026_БОРОВИЧИ,Li,03_Боровичи_Li_карты_g.tif,Боровичи_Li_фортификации.geojson,fortifikatsii,4,фортификации,1,fortifikatsii,256,256,256,123.62021399080004,125.60194263232832,True,False,False,56197,0,False,0,False,0,False,9339,True,0,False
000727,026_БОРОВИЧИ,Li,03_Боровичи_Li_карты_g.tif,Боровичи_Li_фортификации.geojson,fortifikatsii,4,фортификации,2,fortifikatsii,258,258,258,128.42418456683126,117.44617719201456,True,False,False,50566,0,False,0,False,0,False,15998,True,0,False
000728,026_БОРОВИЧИ,Li,03_Боровичи_Li_карты_g.tif,Боровичи_Li_фортификации.geojson,fortifikatsii,4,фортификации,2,fortifikatsii,306,306,306,90.06571045261941,152.8832315373934,True,False,False,75115,0,False,0,False,0,False,18521,True,0,False
000729,026_БОРОВИЧИ,Li,03_Боровичи_Li_карты_g.tif,Боровичи_Li_фортификации.geojson,fortifikatsii,4,фортификации,1,fortifikatsii,256,256,256,127.56015933468196,106.40086295081554,True,False,False,55593,0,False,0,False,0,False,9943,True,0,False
000730,026_БОРОВИЧИ,Li,03_Боровичи_Li_карты_g.tif,Боровичи_Li_фортификации.geojson,fortifikatsii,4,фортификации,1,fortifikatsii,256,256,256,104.89208142971776,82.28888285345083,True,False,False,59112,0,False,0,False,0,False,6424,True,0,False
000731,026_БОРОВИЧИ,Li,03_Боровичи_Li_карты_g.tif,Боровичи_Li_фортификации.geojson,fortifikatsii,4,фортификации,1,fortifikatsii,276,276,276,120.53551107412382,137.6777684129566,True,False,False,63776,0,False,0,False,0,False,12400,True,0,False
000732,026_БОРОВИЧИ,Li,03_Боровичи_Li_карты_g.tif,Боровичи_Li_фортификации.geojson,fortifikatsii,4,фортификации,2,fortifikatsii,256,256,256,75.66094398032986,96.0924669541273,True,False,False,59338,0,False,0,False,0,False,6198,True,0,False
000733,026_БОРОВИЧИ,Li,03_Боровичи_Li_карты_g.tif,Боровичи_Li_фортификации.geojson,fortifikatsii,4,фортификации,2,fortifikatsii,256,256,256,98.87365095783171,94.93187793529086,True,False,False,58909,0,False,0,False,0,False,6627,True,0,False
000734,026_БОРОВИЧИ,Li,03_Боровичи_Li_карты_g.tif,Боровичи_Li_фортификации.geojson,fortifikatsii,4,фортификации,2,fortifikatsii,256,256,256,105.95701662474468,89.93147922678419,True,False,False,58915,0,False,0,False,0,False,6621,True,0,False
000735,026_БОРОВИЧИ,Li,03_Боровичи_Li_карты_g.tif,Боровичи_Li_фортификации.geojson,fortifikatsii,4,фортификации,14,fortifikatsii,882,882,882,440.0574801163813,359.34844853351035,True,False,False,570209,0,False,0,False,0,False,207715,True,0,False
000736,026_БОРОВИЧИ,Li,03_Боровичи_Li_карты_g.tif,Боровичи_Li_фортификации.geojson,fortifikatsii,4,фортификации,1,fortifikatsii,342,342,342,170.11755070300094,152.95211862770387,True,False,False,99481,0,False,0,False,0,False,17483,True,0,False
000737,026_БОРОВИЧИ,Li,03_Боровичи_Li_карты_g.tif,Боровичи_Li_фортификации.geojson,fortifikatsii,4,фортификации,1,fortifikatsii,256,256,256,111.99734561727549,88.9325565658375,True,False,False,58711,0,False,0,False,0,False,6825,True,0,False
000738,026_БОРОВИЧИ,Li,03_Боровичи_Li_карты_g.tif,Боровичи_Li_фортификации.geojson,fortifikatsii,4,фортификации,1,fortifikatsii,256,256,256,76.22090047458299,95.04646057261576,True,False,False,59560,0,False,0,False,0,False,5976,True,0,False
000739,026_БОРОВИЧИ,Li,03_Боровичи_Li_карты_g.tif,Боровичи_Li_фортификации.geojson,fortifikatsii,4,фортификации,1,fortifikatsii,256,256,256,86.92380206543149,100.2008135430363,True,False,False,59662,0,False,0,False,0,False,5874,True,0,False
000740,026_БОРОВИЧИ,Li,03_Боровичи_Li_карты_g.tif,Боровичи_Li_фортификации.geojson,fortifikatsii,4,фортификации,3,fortifikatsii,256,256,256,83.35626112413716,76.08204241840879,True,False,False,52556,0,False,0,False,0,False,12980,True,0,False
000741,026_БОРОВИЧИ,Li,03_Боровичи_Li_карты_g.tif,Боровичи_Li_фортификации.geojson,fortifikatsii,4,фортификации,2,fortifikatsii,256,256,256,82.39585461095098,64.02334723620638,True,False,False,52811,0,False,0,False,0,False,12725,True,0,False
000742,026_БОРОВИЧИ,Li,03_Боровичи_Li_карты_g.tif,Боровичи_Li_фортификации.geojson,fortifikatsii,4,фортификации,1,fortifikatsii,256,256,256,82.39579233806703,92.97327483071469,True,False,False,60294,0,False,0,False,0,False,5242,True,0,False
000743,026_БОРОВИЧИ,Li,03_Боровичи_Li_карты_g.tif,Боровичи_Li_фортификации.geojson,fortifikatsii,4,фортификации,2,fortifikatsii,310,310,310,148.89375934377534,154.29310818200457,True,False,False,56060,0,False,0,False,0,False,40040,True,0,False
000744,026_БОРОВИЧИ,Li,03_Боровичи_Li_карты_g.tif,Боровичи_Li_фортификации.geojson,fortifikatsii,4,фортификации,1,fortifikatsii,256,256,256,101.02540843421744,100.15275623647842,True,False,False,59418,0,False,0,False,0,False,6118,True,0,False
000745,026_БОРОВИЧИ,Li,03_Боровичи_Li_карты_g.tif,Боровичи_Li_фортификации.geojson,fortifikatsii,4,фортификации,1,fortifikatsii,322,322,322,160.64865939202957,153.5531586874044,True,False,False,84216,0,False,0,False,0,False,19468,True,0,False
000746,026_БОРОВИЧИ,Li,03_Боровичи_Li_карты_g.tif,Боровичи_Li_фортификации.geojson,fortifikatsii,4,фортификации,2,fortifikatsii,256,256,256,70.90440917643824,86.28774984738413,True,False,False,56784,0,False,0,False,0,False,8752,True,0,False
000747,026_БОРОВИЧИ,Li,03_Боровичи_Li_карты_g.tif,Боровичи_Li_фортификации.geojson,fortifikatsii,4,фортификации,2,fortifikatsii,322,322,322,160.4971533443337,127.09391093810956,True,False,False,90311,0,False,0,False,0,False,13373,True,0,False
000748,027_ТИМЕРЕВО,Li,03_Тимерево_Li_карты_g.tif,Тимерево_Li_курганы_поврежденные.geojson,kurgany_povrezhdennye,2,курганы_поврежденные,14,kurgany_povrezhdennye,558,558,558,278.0693720560352,265.51180154061115,True,False,False,64255,0,False,247109,True,0,False,0,False,0,False
000749,027_ТИМЕРЕВО,Li,03_Тимерево_Li_карты_g.tif,Тимерево_Li_курганы_поврежденные.geojson,kurgany_povrezhdennye,2,курганы_поврежденные,15,kurgany_povrezhdennye,682,682,682,310.67832222904985,340.9465799477589,True,False,False,183630,0,False,281494,True,0,False,0,False,0,False
000750,027_ТИМЕРЕВО,Li,03_Тимерево_Li_карты_g.tif,Тимерево_Li_курганы_поврежденные.geojson,kurgany_povrezhdennye,2,курганы_поврежденные,11,kurgany_povrezhdennye,612,612,612,305.0665880832636,250.61192840315056,True,False,False,100937,0,False,273607,True,0,False,0,False,0,False
000751,027_ТИМЕРЕВО,Li,03_Тимерево_Li_карты_g.tif,Тимерево_Li_курганы_поврежденные.geojson,kurgany_povrezhdennye,2,курганы_поврежденные,5,kurgany_povrezhdennye,412,412,412,203.150900492898,205.97539918478552,True,False,False,65991,0,False,103753,True,0,False,0,False,0,False
000752,027_ТИМЕРЕВО,Li,03_Тимерево_Li_карты_g.tif,Тимерево_Li_курганы_поврежденные.geojson,kurgany_povrezhdennye,2,курганы_поврежденные,8,kurgany_povrezhdennye,448,448,448,207.0822938019284,223.37374784032144,True,False,False,31348,0,False,169356,True,0,False,0,False,0,False
000753,027_ТИМЕРЕВО,Li,03_Тимерево_Li_карты_g.tif,Тимерево_Li_курганы_поврежденные.geojson,kurgany_povrezhdennye,2,курганы_поврежденные,21,kurgany_povrezhdennye,732,732,732,365.0353859388048,358.11631727931257,True,False,False,123645,0,False,412179,True,0,False,0,False,0,False
000754,027_ТИМЕРЕВО,Li,03_Тимерево_Li_карты_g.tif,Тимерево_Li_курганы_поврежденные.geojson,kurgany_povrezhdennye,2,курганы_поврежденные,11,kurgany_povrezhdennye,598,598,598,298.31881221149166,282.59277444307247,True,False,False,112112,0,False,245492,True,0,False,0,False,0,False
000755,027_ТИМЕРЕВО,Li,03_Тимерево_Li_карты_g.tif,Тимерево_Li_курганы_поврежденные.geojson,kurgany_povrezhdennye,2,курганы_поврежденные,22,kurgany_povrezhdennye,770,770,770,300.9773901291009,384.1737264950075,True,False,False,61206,0,False,531694,True,0,False,0,False,0,False
000756,027_ТИМЕРЕВО,Li,03_Тимерево_Li_карты_g.tif,Тимерево_Li_курганы_поврежденные.geojson,kurgany_povrezhdennye,2,курганы_поврежденные,15,kurgany_povrezhdennye,484,484,484,202.60476619003973,241.764450557311,True,False,False,53054,0,False,181202,True,0,False,0,False,0,False
000757,027_ТИМЕРЕВО,Li,03_Тимерево_Li_карты_g.tif,Тимерево_Li_курганы_поврежденные.geojson,kurgany_povrezhdennye,2,курганы_поврежденные,8,kurgany_povrezhdennye,364,364,364,139.09235782221978,181.84713281674607,True,False,False,11487,0,False,121009,True,0,False,0,False,0,False
000758,027_ТИМЕРЕВО,Li,03_Тимерево_Li_карты_g.tif,Тимерево_Li_курганы_поврежденные.geojson,kurgany_povrezhdennye,2,курганы_поврежденные,13,kurgany_povrezhdennye,452,452,452,225.89576915370796,209.35791417937392,True,False,False,55443,0,False,148861,True,0,False,0,False,0,False
000759,027_ТИМЕРЕВО,Li,03_Тимерево_Li_карты_g.tif,Тимерево_Li_курганы_поврежденные.geojson,kurgany_povrezhdennye,2,курганы_поврежденные,9,kurgany_povrezhdennye,490,490,490,244.98262819599736,188.01419435051935,True,False,False,111199,0,False,128901,True,0,False,0,False,0,False
000760,027_ТИМЕРЕВО,Li,03_Тимерево_Li_карты_g.tif,Тимерево_Li_курганы_поврежденные.geojson,kurgany_povrezhdennye,2,курганы_поврежденные,8,kurgany_povrezhdennye,318,318,318,158.4746514004559,158.8487550614826,True,False,False,16017,0,False,85107,True,0,False,0,False,0,False
000761,027_ТИМЕРЕВО,Li,03_Тимерево_Li_карты_g.tif,Тимерево_Li_курганы_поврежденные.geojson,kurgany_povrezhdennye,2,курганы_поврежденные,6,kurgany_povrezhdennye,332,332,332,165.7455508527245,164.5390869675577,True,False,False,47031,0,False,63193,True,0,False,0,False,0,False
000762,027_ТИМЕРЕВО,Li,03_Тимерево_Li_карты_g.tif,Тимерево_Li_курганы_поврежденные.geojson,kurgany_povrezhdennye,2,курганы_поврежденные,7,kurgany_povrezhdennye,256,256,256,123.07135289068518,119.31885689486188,True,False,False,20565,0,False,44971,True,0,False,0,False,0,False
000763,027_ТИМЕРЕВО,Li,03_Тимерево_Li_карты_g.tif,Тимерево_Li_курганы_поврежденные.geojson,kurgany_povrezhdennye,2,курганы_поврежденные,8,kurgany_povrezhdennye,344,344,344,127.09324849535872,171.59560188635547,True,False,False,58384,0,False,59952,True,0,False,0,False,0,False
000764,027_ТИМЕРЕВО,Li,03_Тимерево_Li_карты_g.tif,Тимерево_Li_курганы_поврежденные.geojson,kurgany_povrezhdennye,2,курганы_поврежденные,4,kurgany_povrezhdennye,256,256,256,110.98230962873694,108.8179965316264,True,False,False,30333,0,False,35203,True,0,False,0,False,0,False
000765,027_ТИМЕРЕВО,Li,03_Тимерево_Li_карты_g.tif,Тимерево_Li_курганы_поврежденные.geojson,kurgany_povrezhdennye,2,курганы_поврежденные,7,kurgany_povrezhdennye,366,366,366,182.2883791313396,176.80824203400692,True,False,False,44302,0,False,89654,True,0,False,0,False,0,False
000766,027_ТИМЕРЕВО,Li,03_Тимерево_Li_карты_g.tif,Тимерево_Li_курганы_поврежденные.geojson,kurgany_povrezhdennye,2,курганы_поврежденные,9,kurgany_povrezhdennye,512,512,512,255.84447915431423,255.12421766272925,True,False,False,94417,0,False,167727,True,0,False,0,False,0,False
000767,027_ТИМЕРЕВО,Li,03_Тимерево_Li_карты_g.tif,Тимерево_Li_курганы_поврежденные.geojson,kurgany_povrezhdennye,2,курганы_поврежденные,7,kurgany_povrezhdennye,504,504,504,213.3972772187424,251.87778975791767,True,False,False,104222,0,False,149794,True,0,False,0,False,0,False
000768,027_ТИМЕРЕВО,Li,03_Тимерево_Li_карты_g.tif,Тимерево_Li_курганы_поврежденные.geojson,kurgany_povrezhdennye,2,курганы_поврежденные,13,kurgany_povrezhdennye,616,616,616,307.9729799902811,276.46191809301376,True,False,False,137134,0,False,242322,True,0,False,0,False,0,False
000769,027_ТИМЕРЕВО,Li,03_Тимерево_Li_карты_g.tif,Тимерево_Li_курганы_поврежденные.geojson,kurgany_povrezhdennye,2,курганы_поврежденные,8,kurgany_povrezhdennye,374,374,374,186.3792348257153,171.73206005229895,True,False,False,6474,0,False,133402,True,0,False,0,False,0,False
000770,027_ТИМЕРЕВО,Li,03_Тимерево_Li_карты_g.tif,Тимерево_Li_курганы_поврежденные.geojson,kurgany_povrezhdennye,2,курганы_поврежденные,11,kurgany_povrezhdennye,482,482,482,240.14436670344728,209.08514007907053,True,False,False,24775,0,False,207549,True,0,False,0,False,0,False
000771,027_ТИМЕРЕВО,Li,03_Тимерево_Li_карты_g.tif,Тимерево_Li_курганы_поврежденные.geojson,kurgany_povrezhdennye,2,курганы_поврежденные,8,kurgany_povrezhdennye,264,264,264,131.25252935103276,115.05490262050938,True,False,False,18511,0,False,51185,True,0,False,0,False,0,False
000772,027_ТИМЕРЕВО,Li,03_Тимерево_Li_карты_g.tif,Тимерево_Li_курганы_поврежденные.geojson,kurgany_povrezhdennye,2,курганы_поврежденные,11,kurgany_povrezhdennye,306,306,306,152.5671966094431,136.14800807076284,True,False,False,22205,0,False,71431,True,0,False,0,False,0,False
000773,027_ТИМЕРЕВО,Li,03_Тимерево_Li_карты_g.tif,Тимерево_Li_курганы_поврежденные.geojson,kurgany_povrezhdennye,2,курганы_поврежденные,13,kurgany_povrezhdennye,386,386,386,192.49286404344016,173.43266421913296,True,False,False,20886,0,False,128110,True,0,False,0,False,0,False
000774,027_ТИМЕРЕВО,Li,03_Тимерево_Li_карты_g.tif,Тимерево_Li_курганы_поврежденные.geojson,kurgany_povrezhdennye,2,курганы_поврежденные,11,kurgany_povrezhdennye,484,484,484,241.61922438767203,202.1434161996501,True,False,False,117838,0,False,116418,True,0,False,0,False,0,False
000775,027_ТИМЕРЕВО,Li,03_Тимерево_Li_карты_g.tif,Тимерево_Li_курганы_поврежденные.geojson,kurgany_povrezhdennye,2,курганы_поврежденные,3,kurgany_povrezhdennye,256,256,256,127.50258000799612,106.61747759198428,True,False,False,41718,0,False,23818,True,0,False,0,False,0,False
000776,027_ТИМЕРЕВО,Li,03_Тимерево_Li_карты_g.tif,Тимерево_Li_курганы_поврежденные.geojson,kurgany_povrezhdennye,2,курганы_поврежденные,6,kurgany_povrezhdennye,284,284,284,129.91101965540233,141.8386226891187,True,False,False,28197,0,False,52459,True,0,False,0,False,0,False
000777,027_ТИМЕРЕВО,Li,03_Тимерево_Li_карты_g.tif,Тимерево_Li_курганы_поврежденные.geojson,kurgany_povrezhdennye,2,курганы_поврежденные,7,kurgany_povrezhdennye,256,256,256,121.54940035426252,121.38328371558522,True,False,False,9601,0,False,55935,True,0,False,0,False,0,False
000778,027_ТИМЕРЕВО,Li,03_Тимерево_Li_карты_g.tif,Тимерево_Li_курганы_поврежденные.geojson,kurgany_povrezhdennye,2,курганы_поврежденные,10,kurgany_povrezhdennye,268,268,268,133.59311156439716,116.80046979327354,True,False,False,24130,0,False,47694,True,0,False,0,False,0,False
000779,027_ТИМЕРЕВО,Li,03_Тимерево_Li_карты_g.tif,Тимерево_Li_курганы_поврежденные.geojson,kurgany_povrezhdennye,2,курганы_поврежденные,7,kurgany_povrezhdennye,284,284,284,141.93246574373055,110.4723501204444,True,False,False,27633,0,False,53023,True,0,False,0,False,0,False
000780,027_ТИМЕРЕВО,Li,03_Тимерево_Li_карты_g.tif,Тимерево_Li_курганы_поврежденные.geojson,kurgany_povrezhdennye,2,курганы_поврежденные,9,kurgany_povrezhdennye,270,270,270,128.68510073282906,134.06127773213166,True,False,False,25803,0,False,47097,True,0,False,0,False,0,False
000781,027_ТИМЕРЕВО,Li,03_Тимерево_Li_карты_g.tif,Тимерево_Li_курганы_поврежденные.geojson,kurgany_povrezhdennye,2,курганы_поврежденные,10,kurgany_povrezhdennye,440,440,440,210.69561945506024,219.83674624914883,True,False,False,55758,0,False,137842,True,0,False,0,False,0,False
000782,027_ТИМЕРЕВО,Li,03_Тимерево_Li_карты_g.tif,Тимерево_Li_курганы_поврежденные.geojson,kurgany_povrezhdennye,2,курганы_поврежденные,7,kurgany_povrezhdennye,302,302,302,148.817284933748,150.13952624039166,True,False,False,16620,0,False,74584,True,0,False,0,False,0,False
000783,027_ТИМЕРЕВО,Li,03_Тимерево_Li_карты_g.tif,Тимерево_Li_курганы_поврежденные.geojson,kurgany_povrezhdennye,2,курганы_поврежденные,15,kurgany_povrezhdennye,632,632,632,302.09100595906403,315.18249036715696,True,False,False,32474,0,False,366950,True,0,False,0,False,0,False
000784,027_ТИМЕРЕВО,Li,03_Тимерево_Li_карты_g.tif,Тимерево_Li_курганы_поврежденные.geojson,kurgany_povrezhdennye,2,курганы_поврежденные,21,kurgany_povrezhdennye,812,812,812,405.1673667458571,365.3735573213964,True,False,False,71119,0,False,588225,True,0,False,0,False,0,False
000785,027_ТИМЕРЕВО,Li,03_Тимерево_Li_карты_g.tif,Тимерево_Li_курганы_поврежденные.geojson,kurgany_povrezhdennye,2,курганы_поврежденные,8,kurgany_povrezhdennye,540,540,540,252.55296198649663,269.14155414303605,True,False,False,123779,0,False,167821,True,0,False,0,False,0,False
000786,027_ТИМЕРЕВО,Li,03_Тимерево_Li_карты_g.tif,Тимерево_Li_курганы_поврежденные.geojson,kurgany_povrezhdennye,2,курганы_поврежденные,9,kurgany_povrezhdennye,600,600,600,299.5458679343392,261.3417286609727,True,False,False,79105,0,False,280895,True,0,False,0,False,0,False
000787,027_ТИМЕРЕВО,Li,03_Тимерево_Li_карты_g.tif,Тимерево_Li_курганы_поврежденные.geojson,kurgany_povrezhdennye,2,курганы_поврежденные,3,kurgany_povrezhdennye,322,322,322,157.18095476039662,160.32321102902677,True,False,False,44232,0,False,59452,True,0,False,0,False,0,False
000788,027_ТИМЕРЕВО,Li,03_Тимерево_Li_карты_g.tif,Тимерево_Li_курганы_поврежденные.geojson,kurgany_povrezhdennye,2,курганы_поврежденные,8,kurgany_povrezhdennye,588,588,588,291.5494728786694,293.65816589418284,True,False,False,75451,0,False,270293,True,0,False,0,False,0,False
000789,027_ТИМЕРЕВО,Li,03_Тимерево_Li_карты_g.tif,Тимерево_Li_курганы_поврежденные.geojson,kurgany_povrezhdennye,2,курганы_поврежденные,11,kurgany_povrezhdennye,490,490,490,242.69178587941843,244.17229164369644,True,False,False,20164,0,False,219936,True,0,False,0,False,0,False
000790,027_ТИМЕРЕВО,Li,03_Тимерево_Li_карты_g.tif,Тимерево_Li_курганы_поврежденные.geojson,kurgany_povrezhdennye,2,курганы_поврежденные,16,kurgany_povrezhdennye,564,564,564,272.18755916225,281.1157527749675,True,False,False,25783,0,False,292313,True,0,False,0,False,0,False
000791,027_ТИМЕРЕВО,Li,03_Тимерево_Li_карты_g.tif,Тимерево_Li_курганы_поврежденные.geojson,kurgany_povrezhdennye,2,курганы_поврежденные,11,kurgany_povrezhdennye,454,454,454,213.65087645825565,226.77414476850956,True,False,False,8594,0,False,197522,True,0,False,0,False,0,False
000792,027_ТИМЕРЕВО,Li,03_Тимерево_Li_карты_g.tif,Тимерево_Li_курганы_поврежденные.geojson,kurgany_povrezhdennye,2,курганы_поврежденные,9,kurgany_povrezhdennye,532,532,532,262.0296450611045,265.5499513631144,True,False,False,103529,0,False,179495,True,0,False,0,False,0,False
000793,027_ТИМЕРЕВО,Li,03_Тимерево_Li_карты_g.tif,Тимерево_Li_курганы_поврежденные.geojson,kurgany_povrezhdennye,2,курганы_поврежденные,8,kurgany_povrezhdennye,382,382,382,190.1309533929337,174.1926612703415,True,False,False,10703,0,False,135221,True,0,False,0,False,0,False
000794,027_ТИМЕРЕВО,Li,03_Тимерево_Li_карты_g.tif,Тимерево_Li_курганы_поврежденные.geojson,kurgany_povrezhdennye,2,курганы_поврежденные,14,kurgany_povrezhdennye,538,538,538,268.0733386683115,248.96969690896373,True,False,False,34755,0,False,254689,True,0,False,0,False,0,False
000795,027_ТИМЕРЕВО,Li,03_Тимерево_Li_карты_g.tif,Тимерево_Li_курганы_поврежденные.geojson,kurgany_povrezhdennye,2,курганы_поврежденные,9,kurgany_povrezhdennye,328,328,328,163.50879000498853,163.1367574071897,True,False,False,9992,0,False,97592,True,0,False,0,False,0,False
000796,027_ТИМЕРЕВО,Li,03_Тимерево_Li_карты_g.tif,Тимерево_Li_курганы_поврежденные.geojson,kurgany_povrezhdennye,2,курганы_поврежденные,10,kurgany_povrezhdennye,346,346,346,156.07773866736315,172.75312820433828,True,False,False,15168,0,False,104548,True,0,False,0,False,0,False
000797,027_ТИМЕРЕВО,Li,03_Тимерево_Li_карты_g.tif,Тимерево_Li_курганы_поврежденные.geojson,kurgany_povrezhdennye,2,курганы_поврежденные,8,kurgany_povrezhdennye,358,358,358,149.46554006774934,178.79640957324406,True,False,False,32562,0,False,95602,True,0,False,0,False,0,False
000798,027_ТИМЕРЕВО,Li,03_Тимерево_Li_карты_g.tif,Тимерево_Li_курганы_поврежденные.geojson,kurgany_povrezhdennye,2,курганы_поврежденные,10,kurgany_povrezhdennye,308,308,308,153.02297196815724,135.7385412416123,True,False,False,13996,0,False,80868,True,0,False,0,False,0,False
000799,027_ТИМЕРЕВО,Li,03_Тимерево_Li_карты_g.tif,Тимерево_Li_курганы_поврежденные.geojson,kurgany_povrezhdennye,2,курганы_поврежденные,10,kurgany_povrezhdennye,468,468,468,233.46412244484276,218.79150137285447,True,False,False,96786,0,False,122238,True,0,False,0,False,0,False
000800,027_ТИМЕРЕВО,Li,03_Тимерево_Li_карты_g.tif,Тимерево_Li_курганы_поврежденные.geojson,kurgany_povrezhdennye,2,курганы_поврежденные,5,kurgany_povrezhdennye,264,264,264,131.91141382091809,128.19716963905407,True,False,False,7813,0,False,61883,True,0,False,0,False,0,False
000801,027_ТИМЕРЕВО,Li,03_Тимерево_Li_карты_g.tif,Тимерево_Li_курганы_поврежденные.geojson,kurgany_povrezhdennye,2,курганы_поврежденные,8,kurgany_povrezhdennye,354,354,354,176.40507905975775,174.16899308546508,True,False,False,51116,0,False,74200,True,0,False,0,False,0,False
000802,027_ТИМЕРЕВО,Li,03_Тимерево_Li_карты_g.tif,Тимерево_Li_курганы_поврежденные.geojson,kurgany_povrezhdennye,2,курганы_поврежденные,8,kurgany_povrezhdennye,272,272,272,129.11579261533132,135.65927540871138,True,False,False,36857,0,False,37127,True,0,False,0,False,0,False
000803,027_ТИМЕРЕВО,Li,03_Тимерево_Li_карты_g.tif,Тимерево_Li_курганы_поврежденные.geojson,kurgany_povrezhdennye,2,курганы_поврежденные,7,kurgany_povrezhdennye,366,366,366,180.14230816856795,182.074227128013,True,False,False,53923,0,False,80033,True,0,False,0,False,0,False
000804,027_ТИМЕРЕВО,Li,03_Тимерево_Li_карты_g.tif,Тимерево_Li_курганы_поврежденные.geojson,kurgany_povrezhdennye,2,курганы_поврежденные,9,kurgany_povrezhdennye,338,338,338,168.12222589039155,160.12010114252968,True,False,False,28422,0,False,85822,True,0,False,0,False,0,False
000805,027_ТИМЕРЕВО,Li,03_Тимерево_Li_карты_g.tif,Тимерево_Li_курганы_поврежденные.geojson,kurgany_povrezhdennye,2,курганы_поврежденные,5,kurgany_povrezhdennye,280,280,280,137.10380149305897,139.86635893570633,True,False,False,25292,0,False,53108,True,0,False,0,False,0,False
000806,027_ТИМЕРЕВО,Li,03_Тимерево_Li_карты_g.tif,Тимерево_Li_курганы_поврежденные.geojson,kurgany_povrezhdennye,2,курганы_поврежденные,8,kurgany_povrezhdennye,370,370,370,184.6299426816292,166.00328367188442,True,False,False,53497,0,False,83403,True,0,False,0,False,0,False
000807,027_ТИМЕРЕВО,Li,03_Тимерево_Li_карты_g.tif,Тимерево_Li_курганы_поврежденные.geojson,kurgany_povrezhdennye,2,курганы_поврежденные,6,kurgany_povrezhdennye,324,324,324,161.6811194550148,154.55208931104255,True,False,False,56321,0,False,48655,True,0,False,0,False,0,False
000808,027_ТИМЕРЕВО,Li,03_Тимерево_Li_карты_g.tif,Тимерево_Li_курганы_поврежденные.geojson,kurgany_povrezhdennye,2,курганы_поврежденные,7,kurgany_povrezhdennye,256,256,256,83.57851458480074,96.14010078823802,True,False,False,18155,0,False,47381,True,0,False,0,False,0,False
000809,027_ТИМЕРЕВО,Li,03_Тимерево_Li_карты_g.tif,Тимерево_Li_курганы_поврежденные.geojson,kurgany_povrezhdennye,2,курганы_поврежденные,9,kurgany_povrezhdennye,376,376,376,180.60716788981875,187.2776764070782,True,False,False,59467,0,False,81909,True,0,False,0,False,0,False
000810,027_ТИМЕРЕВО,Li,03_Тимерево_Li_карты_g.tif,Тимерево_Li_курганы_поврежденные.geojson,kurgany_povrezhdennye,2,курганы_поврежденные,7,kurgany_povrezhdennye,356,356,356,172.04091808990464,177.23142402230545,True,False,False,44850,0,False,81886,True,0,False,0,False,0,False
000811,027_ТИМЕРЕВО,Li,03_Тимерево_Li_карты_g.tif,Тимерево_Li_курганы_поврежденные.geojson,kurgany_povrezhdennye,2,курганы_поврежденные,8,kurgany_povrezhdennye,306,306,306,128.46974602201175,152.51099951551456,True,False,False,34647,0,False,58989,True,0,False,0,False,0,False
000812,027_ТИМЕРЕВО,Li,03_Тимерево_Li_карты_g.tif,Тимерево_Li_курганы_поврежденные.geojson,kurgany_povrezhdennye,2,курганы_поврежденные,20,kurgany_povrezhdennye,778,778,778,388.3769087586316,334.12277096852205,True,False,False,65966,0,False,539318,True,0,False,0,False,0,False
000813,027_ТИМЕРЕВО,Li,03_Тимерево_Li_карты_g.tif,Тимерево_Li_курганы_поврежденные.geojson,kurgany_povrezhdennye,2,курганы_поврежденные,5,kurgany_povrezhdennye,450,450,450,202.92542992391324,224.57482652718355,True,False,False,8944,0,False,193556,True,0,False,0,False,0,False
000814,027_ТИМЕРЕВО,Li,03_Тимерево_Li_карты_g.tif,Тимерево_Li_курганы_поврежденные.geojson,kurgany_povrezhdennye,2,курганы_поврежденные,17,kurgany_povrezhdennye,810,810,810,404.8732390790001,403.7755012694815,True,False,False,172788,0,False,483312,True,0,False,0,False,0,False
000815,027_ТИМЕРЕВО,Li,03_Тимерево_Li_карты_g.tif,Тимерево_Li_курганы_поврежденные.geojson,kurgany_povrezhdennye,2,курганы_поврежденные,19,kurgany_povrezhdennye,800,800,800,389.0600212523478,399.5589281056184,True,False,False,134949,0,False,505051,True,0,False,0,False,0,False
000816,027_ТИМЕРЕВО,Li,03_Тимерево_Li_карты_g.tif,Тимерево_Li_курганы_поврежденные.geojson,kurgany_povrezhdennye,2,курганы_поврежденные,19,kurgany_povrezhdennye,728,728,728,363.3347125886719,342.1048481014253,True,False,False,56996,0,False,472988,True,0,False,0,False,0,False
000817,027_ТИМЕРЕВО,Li,03_Тимерево_Li_карты_g.tif,Тимерево_Li_курганы_поврежденные.geojson,kurgany_povrezhdennye,2,курганы_поврежденные,10,kurgany_povrezhdennye,586,586,586,279.7565380250865,292.14224459576974,True,False,False,43427,0,False,299969,True,0,False,0,False,0,False
000818,027_ТИМЕРЕВО,Li,03_Тимерево_Li_карты_g.tif,Тимерево_Li_курганы_поврежденные.geojson,kurgany_povrezhdennye,2,курганы_поврежденные,6,kurgany_povrezhdennye,550,550,550,239.33016417313775,274.09219507103177,True,False,False,140316,0,False,162184,True,0,False,0,False,0,False
000819,027_ТИМЕРЕВО,Li,03_Тимерево_Li_карты_g.tif,Тимерево_Li_курганы_поврежденные.geojson,kurgany_povrezhdennye,2,курганы_поврежденные,9,kurgany_povrezhdennye,558,558,558,242.60220810303852,278.46070591335115,True,False,False,105418,0,False,205946,True,0,False,0,False,0,False
000820,027_ТИМЕРЕВО,Li,03_Тимерево_Li_карты_g.tif,Тимерево_Li_курганы_поврежденные.geojson,kurgany_povrezhdennye,2,курганы_поврежденные,20,kurgany_povrezhdennye,778,778,778,378.2881397893423,388.9434960294718,True,False,False,57352,0,False,547932,True,0,False,0,False,0,False
000821,027_ТИМЕРЕВО,Li,03_Тимерево_Li_карты_g.tif,Тимерево_Li_курганы_поврежденные.geojson,kurgany_povrezhdennye,2,курганы_поврежденные,25,kurgany_povrezhdennye;kurgany_tselye,954,954,954,476.8690719455191,447.4534629840077,True,False,False,218700,2940,True,688476,True,0,False,0,False,0,False
000822,027_ТИМЕРЕВО,Li,03_Тимерево_Li_карты_g.tif,Тимерево_Li_курганы_поврежденные.geojson,kurgany_povrezhdennye,2,курганы_поврежденные,6,kurgany_povrezhdennye,266,266,266,132.09418127545285,123.58191886905566,True,False,False,41698,0,False,29058,True,0,False,0,False,0,False
000823,027_ТИМЕРЕВО,Li,03_Тимерево_Li_карты_g.tif,Тимерево_Li_курганы_поврежденные.geojson,kurgany_povrezhdennye,2,курганы_поврежденные,5,kurgany_povrezhdennye,304,304,304,151.12534446640885,143.5205112396371,True,False,False,46418,0,False,45998,True,0,False,0,False,0,False
000824,027_ТИМЕРЕВО,Li,03_Тимерево_Li_карты_g.tif,Тимерево_Li_курганы_поврежденные.geojson,kurgany_povrezhdennye,2,курганы_поврежденные,6,kurgany_povrezhdennye,342,342,342,150.4805937479159,170.03213839590052,True,False,False,47053,0,False,69911,True,0,False,0,False,0,False
000825,027_ТИМЕРЕВО,Li,03_Тимерево_Li_карты_g.tif,Тимерево_Li_курганы_поврежденные.geojson,kurgany_povrezhdennye,2,курганы_поврежденные,5,kurgany_povrezhdennye,262,262,262,127.73148389998047,130.75098551797947,True,False,False,28359,0,False,40285,True,0,False,0,False,0,False
000826,027_ТИМЕРЕВО,Li,03_Тимерево_Li_карты_g.tif,Тимерево_Li_курганы_поврежденные.geojson,kurgany_povrezhdennye,2,курганы_поврежденные,7,kurgany_povrezhdennye,328,328,328,149.05922472010394,163.31999519825092,True,False,False,47133,0,False,60451,True,0,False,0,False,0,False
000827,027_ТИМЕРЕВО,Li,03_Тимерево_Li_карты_g.tif,Тимерево_Li_курганы_поврежденные.geojson,kurgany_povrezhdennye,2,курганы_поврежденные,8,kurgany_povrezhdennye,436,436,436,217.73957018506323,193.32357143965737,True,False,False,84503,0,False,105593,True,0,False,0,False,0,False
000828,027_ТИМЕРЕВО,Li,03_Тимерево_Li_карты_g.tif,Тимерево_Li_курганы_поврежденные.geojson,kurgany_povrezhdennye,2,курганы_поврежденные,15,kurgany_povrezhdennye,604,604,604,301.8630168074559,287.83081270728275,True,False,False,88685,0,False,276131,True,0,False,0,False,0,False
000829,027_ТИМЕРЕВО,Li,03_Тимерево_Li_карты_g.tif,Тимерево_Li_курганы_поврежденные.geojson,kurgany_povrezhdennye,2,курганы_поврежденные,7,kurgany_povrezhdennye,256,256,256,95.16769476699996,111.80075144385108,True,False,False,20657,0,False,44879,True,0,False,0,False,0,False
000830,027_ТИМЕРЕВО,Li,03_Тимерево_Li_карты_g.tif,Тимерево_Li_курганы_поврежденные.geojson,kurgany_povrezhdennye,2,курганы_поврежденные,6,kurgany_povrezhdennye,256,256,256,96.42839966574098,93.09002043670928,True,False,False,31923,0,False,33613,True,0,False,0,False,0,False
000831,027_ТИМЕРЕВО,Li,03_Тимерево_Li_карты_g.tif,Тимерево_Li_курганы_поврежденные.geojson,kurgany_povrezhdennye,2,курганы_поврежденные,4,kurgany_povrezhdennye,256,256,256,91.60122985252556,91.80845122776064,True,False,False,50281,0,False,15255,True,0,False,0,False,0,False
000832,027_ТИМЕРЕВО,Li,03_Тимерево_Li_карты_g.tif,Тимерево_Li_курганы_поврежденные.geojson,kurgany_povrezhdennye,2,курганы_поврежденные,5,kurgany_povrezhdennye,256,256,256,71.13700092304066,65.1942456513053,True,False,False,54114,0,False,11422,True,0,False,0,False,0,False
000833,027_ТИМЕРЕВО,Li,03_Тимерево_Li_карты_g.tif,Тимерево_Li_курганы_поврежденные.geojson,kurgany_povrezhdennye,2,курганы_поврежденные,5,kurgany_povrezhdennye,256,256,256,75.42038529645194,74.11795010783517,True,False,False,56739,0,False,8797,True,0,False,0,False,0,False
000834,027_ТИМЕРЕВО,Li,03_Тимерево_Li_карты_g.tif,Тимерево_Li_курганы_поврежденные.geojson,kurgany_povrezhdennye,2,курганы_поврежденные,4,kurgany_povrezhdennye,256,256,256,65.74061422841224,63.67393685499028,True,False,False,58400,0,False,7136,True,0,False,0,False,0,False
000835,027_ТИМЕРЕВО,Li,03_Тимерево_Li_карты_g.tif,Тимерево_Li_курганы_поврежденные.geojson,kurgany_povrezhdennye,2,курганы_поврежденные,5,kurgany_povrezhdennye,256,256,256,61.50281808804348,73.23397496708556,True,False,False,49339,0,False,16197,True,0,False,0,False,0,False
000836,027_ТИМЕРЕВО,Li,03_Тимерево_Li_карты_g.tif,Тимерево_Li_курганы_поврежденные.geojson,kurgany_povrezhdennye,2,курганы_поврежденные,4,kurgany_povrezhdennye,256,256,256,62.70676666404671,59.37583141023504,True,False,False,39477,0,False,26059,True,0,False,0,False,0,False
000837,027_ТИМЕРЕВО,Li,03_Тимерево_Li_карты_g.tif,Тимерево_Li_курганы_поврежденные.geojson,kurgany_povrezhdennye,2,курганы_поврежденные,3,kurgany_povrezhdennye,256,256,256,121.0051570855939,120.37427715946264,True,False,False,45098,0,False,20438,True,0,False,0,False,0,False
000838,027_ТИМЕРЕВО,Li,03_Тимерево_Li_карты_g.tif,Тимерево_Li_курганы_поврежденные.geojson,kurgany_povrezhdennye,2,курганы_поврежденные,5,kurgany_povrezhdennye,256,256,256,99.3716275785058,93.14696479580311,True,False,False,48080,0,False,17456,True,0,False,0,False,0,False
000839,027_ТИМЕРЕВО,Li,03_Тимерево_Li_карты_g.tif,Тимерево_Li_курганы_поврежденные.geojson,kurgany_povrezhdennye,2,курганы_поврежденные,3,kurgany_povrezhdennye,256,256,256,93.79346383502136,102.11597915729574,True,False,False,52122,0,False,13414,True,0,False,0,False,0,False
000840,027_ТИМЕРЕВО,Li,03_Тимерево_Li_карты_g.tif,Тимерево_Li_курганы_поврежденные.geojson,kurgany_povrezhdennye,2,курганы_поврежденные,4,kurgany_povrezhdennye,256,256,256,68.86515362420633,85.5941348708391,True,False,False,46175,0,False,19361,True,0,False,0,False,0,False
000841,027_ТИМЕРЕВО,Li,03_Тимерево_Li_карты_g.tif,Тимерево_Li_курганы_поврежденные.geojson,kurgany_povrezhdennye,2,курганы_поврежденные,6,kurgany_povrezhdennye,256,256,256,80.44299435335654,87.04671174279913,True,False,False,45605,0,False,19931,True,0,False,0,False,0,False
000842,027_ТИМЕРЕВО,Li,03_Тимерево_Li_карты_g.tif,Тимерево_Li_курганы_поврежденные.geojson,kurgany_povrezhdennye,2,курганы_поврежденные,7,kurgany_povrezhdennye,388,388,388,191.358818134747,193.04084794578355,True,False,False,92128,0,False,58416,True,0,False,0,False,0,False
000843,027_ТИМЕРЕВО,Li,03_Тимерево_Li_карты_g.tif,Тимерево_Li_курганы_поврежденные.geojson,kurgany_povrezhdennye,2,курганы_поврежденные,5,kurgany_povrezhdennye,256,256,256,64.03580423909781,72.9955320059592,True,False,False,33249,0,False,32287,True,0,False,0,False,0,False
000844,027_ТИМЕРЕВО,Li,03_Тимерево_Li_карты_g.tif,Тимерево_Li_курганы_поврежденные.geojson,kurgany_povrezhdennye,2,курганы_поврежденные,5,kurgany_povrezhdennye,256,256,256,110.00657293944884,90.44745156533276,True,False,False,41486,0,False,24050,True,0,False,0,False,0,False
000845,027_ТИМЕРЕВО,Li,03_Тимерево_Li_карты_g.tif,Тимерево_Li_курганы_поврежденные.geojson,kurgany_povrezhdennye,2,курганы_поврежденные,8,kurgany_povrezhdennye,358,358,358,178.5855215368684,155.95931522534076,True,False,False,54016,0,False,74148,True,0,False,0,False,0,False
000846,027_ТИМЕРЕВО,Li,03_Тимерево_Li_карты_g.tif,Тимерево_Li_курганы_поврежденные.geojson,kurgany_povrezhdennye,2,курганы_поврежденные,6,kurgany_povrezhdennye,256,256,256,105.3605118696514,92.79513826585354,True,False,False,29007,0,False,36529,True,0,False,0,False,0,False
000847,027_ТИМЕРЕВО,Li,03_Тимерево_Li_карты_g.tif,Тимерево_Li_курганы_поврежденные.geojson,kurgany_povrezhdennye,2,курганы_поврежденные,11,kurgany_povrezhdennye,398,398,398,198.19982364074056,175.4297514444491,True,False,False,57045,0,False,101359,True,0,False,0,False,0,False
000848,027_ТИМЕРЕВО,Li,03_Тимерево_Li_карты_g.tif,Тимерево_Li_курганы_поврежденные.geojson,kurgany_povrezhdennye,2,курганы_поврежденные,10,kurgany_povrezhdennye,402,402,402,200.8344817464118,186.2941371275288,True,False,False,17142,0,False,144462,True,0,False,0,False,0,False
000849,027_ТИМЕРЕВО,Li,03_Тимерево_Li_карты_g.tif,Тимерево_Li_курганы_поврежденные.geojson,kurgany_povrezhdennye,2,курганы_поврежденные,30,kurgany_povrezhdennye,918,918,918,411.6236238740135,458.2485538716935,True,False,False,202043,0,False,640681,True,0,False,0,False,0,False
000850,027_ТИМЕРЕВО,Li,03_Тимерево_Li_карты_g.tif,Тимерево_Li_курганы_поврежденные.geojson,kurgany_povrezhdennye,2,курганы_поврежденные,17,kurgany_povrezhdennye,860,860,860,410.68933604515456,429.401107709466,True,False,False,221778,0,False,517822,True,0,False,0,False,0,False
000851,027_ТИМЕРЕВО,Li,03_Тимерево_Li_карты_g.tif,Тимерево_Li_курганы_поврежденные.geojson,kurgany_povrezhdennye,2,курганы_поврежденные,19,kurgany_povrezhdennye,622,622,622,310.64124112015566,250.0929889266908,True,False,False,38686,0,False,348198,True,0,False,0,False,0,False
000852,027_ТИМЕРЕВО,Li,03_Тимерево_Li_карты_g.tif,Тимерево_Li_курганы_поврежденные.geojson,kurgany_povrezhdennye,2,курганы_поврежденные,31,kurgany_povrezhdennye,814,814,814,406.7654799599885,320.24486917973366,True,False,False,96550,0,False,566046,True,0,False,0,False,0,False
000853,027_ТИМЕРЕВО,Li,03_Тимерево_Li_карты_g.tif,Тимерево_Li_курганы_поврежденные.geojson,kurgany_povrezhdennye,2,курганы_поврежденные,5,kurgany_povrezhdennye,352,352,352,175.58855551061086,169.65732010066046,True,False,False,31930,0,False,91974,True,0,False,0,False,0,False
000854,027_ТИМЕРЕВО,Li,03_Тимерево_Li_карты_g.tif,Тимерево_Li_курганы_поврежденные.geojson,kurgany_povrezhdennye,2,курганы_поврежденные,4,kurgany_povrezhdennye,256,256,256,120.41389166376754,119.09269813437406,True,False,False,26551,0,False,38985,True,0,False,0,False,0,False
000855,027_ТИМЕРЕВО,Li,03_Тимерево_Li_карты_g.tif,Тимерево_Li_курганы_поврежденные.geojson,kurgany_povrezhdennye,2,курганы_поврежденные,9,kurgany_povrezhdennye,638,638,638,316.2751768459374,318.7340699878429,True,False,False,209614,0,False,197430,True,0,False,0,False,0,False
000856,027_ТИМЕРЕВО,Li,03_Тимерево_Li_карты_g.tif,Тимерево_Li_курганы_поврежденные.geojson,kurgany_povrezhdennye,2,курганы_поврежденные,9,kurgany_povrezhdennye,358,358,358,170.7400307664544,178.37905077247558,True,False,False,16509,0,False,111655,True,0,False,0,False,0,False
000857,027_ТИМЕРЕВО,Li,03_Тимерево_Li_карты_g.tif,Тимерево_Li_курганы_поврежденные.geojson,kurgany_povrezhdennye,2,курганы_поврежденные,5,kurgany_povrezhdennye,290,290,290,144.45648659718276,123.25498769048616,True,False,False,40276,0,False,43824,True,0,False,0,False,0,False
000858,027_ТИМЕРЕВО,Li,03_Тимерево_Li_карты_g.tif,Тимерево_Li_курганы_поврежденные.geojson,kurgany_povrezhdennye,2,курганы_поврежденные,6,kurgany_povrezhdennye,298,298,298,148.76235693226596,139.72070658566815,True,False,False,24446,0,False,64358,True,0,False,0,False,0,False
000859,027_ТИМЕРЕВО,Li,03_Тимерево_Li_карты_g.tif,Тимерево_Li_курганы_поврежденные.geojson,kurgany_povrezhdennye,2,курганы_поврежденные,7,kurgany_povrezhdennye,258,258,258,120.9616716089585,128.46029968920638,True,False,False,30312,0,False,36252,True,0,False,0,False,0,False
000860,027_ТИМЕРЕВО,Li,03_Тимерево_Li_карты_g.tif,Тимерево_Li_курганы_поврежденные.geojson,kurgany_povrezhdennye,2,курганы_поврежденные,6,kurgany_povrezhdennye,256,256,256,99.82889880891284,105.91652903696244,True,False,False,13200,0,False,52336,True,0,False,0,False,0,False
000861,027_ТИМЕРЕВО,Li,03_Тимерево_Li_карты_g.tif,Тимерево_Li_курганы_поврежденные.geojson,kurgany_povrezhdennye,2,курганы_поврежденные,15,kurgany_povrezhdennye,548,548,548,273.16981852052936,245.67277021683856,True,False,False,60316,0,False,239988,True,0,False,0,False,0,False
000862,027_ТИМЕРЕВО,Li,03_Тимерево_Li_карты_g.tif,Тимерево_Li_курганы_поврежденные.geojson,kurgany_povrezhdennye,2,курганы_поврежденные,7,kurgany_povrezhdennye,452,452,452,206.9272163882726,225.80449437702117,True,False,False,100972,0,False,103332,True,0,False,0,False,0,False
000863,027_ТИМЕРЕВО,Li,03_Тимерево_Li_карты_g.tif,Тимерево_Li_курганы_поврежденные.geojson,kurgany_povrezhdennye,2,курганы_поврежденные,3,kurgany_povrezhdennye,276,276,276,137.5287105282685,125.28548695135692,True,False,False,52980,0,False,23196,True,0,False,0,False,0,False
000864,027_ТИМЕРЕВО,Li,03_Тимерево_Li_карты_g.tif,Тимерево_Li_курганы_поврежденные.geojson,kurgany_povrezhdennye,2,курганы_поврежденные,9,kurgany_povrezhdennye,328,328,328,155.53556400815944,163.87490643173518,True,False,False,46115,0,False,61469,True,0,False,0,False,0,False
000865,027_ТИМЕРЕВО,Li,03_Тимерево_Li_карты_g.tif,Тимерево_Li_курганы_поврежденные.geojson,kurgany_povrezhdennye,2,курганы_поврежденные,11,kurgany_povrezhdennye,322,322,322,112.75739006464616,160.0198552383523,True,False,False,20869,0,False,82815,True,0,False,0,False,0,False
000866,027_ТИМЕРЕВО,Li,03_Тимерево_Li_карты_g.tif,Тимерево_Li_курганы_поврежденные.geojson,kurgany_povrezhdennye,2,курганы_поврежденные,6,kurgany_povrezhdennye,256,256,256,109.927279390388,86.1155989765341,True,False,False,8309,0,False,57227,True,0,False,0,False,0,False
000867,027_ТИМЕРЕВО,Li,03_Тимерево_Li_карты_g.tif,Тимерево_Li_курганы_поврежденные.geojson,kurgany_povrezhdennye,2,курганы_поврежденные,10,kurgany_povrezhdennye,284,284,284,141.95773769634846,128.42579256731565,True,False,False,16713,0,False,63943,True,0,False,0,False,0,False
000868,027_ТИМЕРЕВО,Li,03_Тимерево_Li_карты_g.tif,Тимерево_Li_курганы_поврежденные.geojson,kurgany_povrezhdennye,2,курганы_поврежденные,10,kurgany_povrezhdennye,274,274,274,136.7878633341669,96.5936543977876,True,False,False,26033,0,False,49043,True,0,False,0,False,0,False
000869,027_ТИМЕРЕВО,Li,03_Тимерево_Li_карты_g.tif,Тимерево_Li_курганы_поврежденные.geojson,kurgany_povrezhdennye,2,курганы_поврежденные,7,kurgany_povrezhdennye,256,256,256,79.44319771369437,106.18741309260646,True,False,False,16570,0,False,48966,True,0,False,0,False,0,False
000870,027_ТИМЕРЕВО,Li,03_Тимерево_Li_карты_g.tif,Тимерево_Li_курганы_поврежденные.geojson,kurgany_povrezhdennye,2,курганы_поврежденные,5,kurgany_povrezhdennye,340,340,340,147.8860817057922,169.92938844471684,True,False,False,43280,0,False,72320,True,0,False,0,False,0,False
000871,027_ТИМЕРЕВО,Li,03_Тимерево_Li_карты_g.tif,Тимерево_Li_курганы_поврежденные.geojson,kurgany_povrezhdennye,2,курганы_поврежденные,6,kurgany_povrezhdennye,318,318,318,158.84158297440936,156.5152033230735,True,False,False,51440,0,False,49684,True,0,False,0,False,0,False
000872,027_ТИМЕРЕВО,Li,03_Тимерево_Li_карты_g.tif,Тимерево_Li_курганы_поврежденные.geojson,kurgany_povrezhdennye,2,курганы_поврежденные,8,kurgany_povrezhdennye,374,374,374,186.2907376489489,166.44709300234743,True,False,False,99593,0,False,40283,True,0,False,0,False,0,False
000873,027_ТИМЕРЕВО,Li,03_Тимерево_Li_карты_g.tif,Тимерево_Li_курганы_поврежденные.geojson,kurgany_povrezhdennye,2,курганы_поврежденные,12,kurgany_povrezhdennye,518,518,518,203.5610273177612,258.84787701046866,True,False,False,117767,0,False,150557,True,0,False,0,False,0,False
000874,027_ТИМЕРЕВО,Li,03_Тимерево_Li_карты_g.tif,Тимерево_Li_курганы_поврежденные.geojson,kurgany_povrezhdennye,2,курганы_поврежденные,9,kurgany_povrezhdennye,408,408,408,203.29344138734672,196.2737183084797,True,False,False,64996,0,False,101468,True,0,False,0,False,0,False
000875,027_ТИМЕРЕВО,Li,03_Тимерево_Li_карты_g.tif,Тимерево_Li_курганы_поврежденные.geojson,kurgany_povrezhdennye,2,курганы_поврежденные,14,kurgany_povrezhdennye,546,546,546,272.09830044301435,212.98933459426547,True,False,False,75578,0,False,222538,True,0,False,0,False,0,False
000876,027_ТИМЕРЕВО,Li,03_Тимерево_Li_карты_g.tif,Тимерево_Li_курганы_поврежденные.geojson,kurgany_povrezhdennye,2,курганы_поврежденные,8,kurgany_povrezhdennye,370,370,370,184.1786653129272,160.50693659097325,True,False,False,30533,0,False,106367,True,0,False,0,False,0,False
000877,027_ТИМЕРЕВО,Li,03_Тимерево_Li_карты_g.tif,Тимерево_Li_курганы_поврежденные.geojson,kurgany_povrezhdennye,2,курганы_поврежденные,11,kurgany_povrezhdennye,392,392,392,159.27290157646837,195.86539996770168,True,False,False,15704,0,False,137960,True,0,False,0,False,0,False
000878,027_ТИМЕРЕВО,Li,03_Тимерево_Li_карты_g.tif,Тимерево_Li_курганы_поврежденные.geojson,kurgany_povrezhdennye,2,курганы_поврежденные,14,kurgany_povrezhdennye,534,534,534,266.0313778254042,249.8446272311332,True,False,False,17903,0,False,267253,True,0,False,0,False,0,False
000879,027_ТИМЕРЕВО,Li,03_Тимерево_Li_карты_g.tif,Тимерево_Li_курганы_поврежденные.geojson,kurgany_povrezhdennye,2,курганы_поврежденные,16,kurgany_povrezhdennye,594,594,594,225.33413108902548,296.5880419683751,True,False,False,35208,0,False,317628,True,0,False,0,False,0,False
000880,027_ТИМЕРЕВО,Li,03_Тимерево_Li_карты_g.tif,Тимерево_Li_курганы_поврежденные.geojson,kurgany_povrezhdennye,2,курганы_поврежденные,18,kurgany_povrezhdennye,566,566,566,282.8013291768558,217.23108559827207,True,False,False,30026,0,False,290330,True,0,False,0,False,0,False
000881,027_ТИМЕРЕВО,Li,03_Тимерево_Li_карты_g.tif,Тимерево_Li_курганы_поврежденные.geojson,kurgany_povrezhdennye,2,курганы_поврежденные,5,kurgany_povrezhdennye,304,304,304,151.93656154208827,149.41816249848782,True,False,False,18045,0,False,74371,True,0,False,0,False,0,False
000882,027_ТИМЕРЕВО,Li,03_Тимерево_Li_карты_g.tif,Тимерево_Li_курганы_поврежденные.geojson,kurgany_povrezhdennye,2,курганы_поврежденные,8,kurgany_povrezhdennye,390,390,390,194.83637961324985,170.69088788687623,True,False,False,17597,0,False,134503,True,0,False,0,False,0,False
000883,027_ТИМЕРЕВО,Li,03_Тимерево_Li_карты_g.tif,Тимерево_Li_курганы_поврежденные.geojson,kurgany_povrezhdennye,2,курганы_поврежденные,12,kurgany_povrezhdennye,532,532,532,265.66930625120426,259.0996005197503,True,False,False,56551,0,False,226473,True,0,False,0,False,0,False
000884,027_ТИМЕРЕВО,Li,03_Тимерево_Li_карты_g.tif,Тимерево_Li_курганы_поврежденные.geojson,kurgany_povrezhdennye,2,курганы_поврежденные,22,kurgany_povrezhdennye;kurgany_tselye,786,786,786,392.2702868468821,372.93212816085423,True,False,False,159921,18499,True,439376,True,0,False,0,False,0,False
000885,027_ТИМЕРЕВО,Li,03_Тимерево_Li_карты_g.tif,Тимерево_Li_курганы_поврежденные.geojson,kurgany_povrezhdennye,2,курганы_поврежденные,10,kurgany_povrezhdennye,518,518,518,222.55941844776785,258.2620503378556,True,False,False,9671,0,False,258653,True,0,False,0,False,0,False
000886,027_ТИМЕРЕВО,Li,03_Тимерево_Li_карты_g.tif,Тимерево_Li_курганы_поврежденные.geojson,kurgany_povrezhdennye,2,курганы_поврежденные,13,kurgany_povrezhdennye,476,476,476,217.4033692222888,237.71163711302808,True,False,False,18890,0,False,207686,True,0,False,0,False,0,False
000887,027_ТИМЕРЕВО,Li,03_Тимерево_Li_карты_g.tif,Тимерево_Li_курганы_поврежденные.geojson,kurgany_povrezhdennye,2,курганы_поврежденные,14,kurgany_povrezhdennye;kurgany_tselye,622,622,622,252.16315714408043,310.164995416718,True,False,False,150872,15176,True,220836,True,0,False,0,False,0,False
000888,027_ТИМЕРЕВО,Li,03_Тимерево_Li_карты_g.tif,Тимерево_Li_курганы_поврежденные.geojson,kurgany_povrezhdennye,2,курганы_поврежденные,14,kurgany_povrezhdennye,418,418,418,167.46863677398215,208.0920188872122,True,False,False,14948,0,False,159776,True,0,False,0,False,0,False
000889,027_ТИМЕРЕВО,Li,03_Тимерево_Li_карты_g.tif,Тимерево_Li_курганы_поврежденные.geojson,kurgany_povrezhdennye,2,курганы_поврежденные,12,kurgany_povrezhdennye,444,444,444,200.72646143146503,221.25773351619472,True,False,False,16196,0,False,180940,True,0,False,0,False,0,False
000890,027_ТИМЕРЕВО,Li,03_Тимерево_Li_карты_g.tif,Тимерево_Li_курганы_поврежденные.geojson,kurgany_povrezhdennye,2,курганы_поврежденные,13,kurgany_povrezhdennye,438,438,438,186.3728706864527,218.8985081387564,True,False,False,14309,0,False,177535,True,0,False,0,False,0,False
000891,027_ТИМЕРЕВО,Li,03_Тимерево_Li_карты_g.tif,Тимерево_Li_курганы_поврежденные.geojson,kurgany_povrezhdennye,2,курганы_поврежденные,15,kurgany_povrezhdennye,418,418,418,208.22209038537596,191.47715805081077,True,False,False,8354,0,False,166370,True,0,False,0,False,0,False
000892,027_ТИМЕРЕВО,Li,03_Тимерево_Li_карты_g.tif,Тимерево_Li_курганы_поврежденные.geojson,kurgany_povrezhdennye,2,курганы_поврежденные,12,kurgany_povrezhdennye,334,334,334,166.89902044133203,139.1760600915781,True,False,False,7417,0,False,104139,True,0,False,0,False,0,False
000893,027_ТИМЕРЕВО,Li,03_Тимерево_Li_карты_g.tif,Тимерево_Li_курганы_поврежденные.geojson,kurgany_povrezhdennye,2,курганы_поврежденные,13,kurgany_povrezhdennye,362,362,362,163.38908340780935,180.705019924626,True,False,False,13902,0,False,117142,True,0,False,0,False,0,False
000894,027_ТИМЕРЕВО,Li,03_Тимерево_Li_карты_g.tif,Тимерево_Li_курганы_поврежденные.geojson,kurgany_povrezhdennye,2,курганы_поврежденные,11,kurgany_povrezhdennye,332,332,332,153.8312376220617,165.54217452168373,True,False,False,23350,0,False,86874,True,0,False,0,False,0,False
000895,027_ТИМЕРЕВО,Li,03_Тимерево_Li_карты_g.tif,Тимерево_Li_курганы_поврежденные.geojson,kurgany_povrezhdennye,2,курганы_поврежденные,11,kurgany_povrezhdennye,630,630,630,278.3968414645473,314.7089655508231,True,False,False,128907,0,False,267993,True,0,False,0,False,0,False
000896,027_ТИМЕРЕВО,Li,03_Тимерево_Li_карты_g.tif,Тимерево_Li_курганы_поврежденные.geojson,kurgany_povrezhdennye,2,курганы_поврежденные,7,kurgany_povrezhdennye,524,524,524,246.17256435564155,261.4134510231631,True,False,False,41118,0,False,233458,True,0,False,0,False,0,False
000897,027_ТИМЕРЕВО,Li,03_Тимерево_Li_карты_g.tif,Тимерево_Li_курганы_поврежденные.geojson,kurgany_povrezhdennye,2,курганы_поврежденные,19,kurgany_povrezhdennye;kurgany_tselye,676,676,676,329.22860760239746,337.1402439658271,True,False,False,77725,17488,True,361763,True,0,False,0,False,0,False
000898,027_ТИМЕРЕВО,Li,03_Тимерево_Li_карты_g.tif,Тимерево_Li_курганы_поврежденные.geojson,kurgany_povrezhdennye,2,курганы_поврежденные,12,kurgany_povrezhdennye,430,430,430,191.7263517132844,214.71396666000712,True,False,False,18662,0,False,166238,True,0,False,0,False,0,False
000899,027_ТИМЕРЕВО,Li,03_Тимерево_Li_карты_g.tif,Тимерево_Li_курганы_поврежденные.geojson,kurgany_povrezhdennye,2,курганы_поврежденные,13,kurgany_povrezhdennye;kurgany_tselye,572,572,572,272.46428363722026,285.72655962754243,True,False,False,36791,1468,True,288925,True,0,False,0,False,0,False
000900,027_ТИМЕРЕВО,Li,03_Тимерево_Li_карты_g.tif,Тимерево_Li_курганы_поврежденные.geojson,kurgany_povrezhdennye,2,курганы_поврежденные,17,kurgany_povrezhdennye;kurgany_tselye,674,674,674,336.0459991777112,335.73726832836263,True,False,False,89877,21050,True,343349,True,0,False,0,False,0,False
000901,027_ТИМЕРЕВО,Li,03_Тимерево_Li_карты_g.tif,Тимерево_Li_курганы_поврежденные.geojson,kurgany_povrezhdennye,2,курганы_поврежденные,13,kurgany_povrezhdennye;kurgany_tselye,506,506,506,247.08215576362227,252.2053306361239,True,False,False,30429,31701,True,193906,True,0,False,0,False,0,False
000902,027_ТИМЕРЕВО,Li,03_Тимерево_Li_карты_g.tif,Тимерево_Li_курганы_поврежденные.geojson,kurgany_povrezhdennye,2,курганы_поврежденные,11,kurgany_povrezhdennye,526,526,526,262.4909958126796,233.5163151656957,True,False,False,43002,0,False,233674,True,0,False,0,False,0,False
000903,027_ТИМЕРЕВО,Li,03_Тимерево_Li_карты_g.tif,Тимерево_Li_курганы_поврежденные.geojson,kurgany_povrezhdennye,2,курганы_поврежденные,14,kurgany_povrezhdennye,416,416,416,207.15422693405907,196.45688991975877,True,False,False,5387,0,False,167669,True,0,False,0,False,0,False
000904,027_ТИМЕРЕВО,Li,03_Тимерево_Li_карты_g.tif,Тимерево_Li_курганы_поврежденные.geojson,kurgany_povrezhdennye,2,курганы_поврежденные,13,kurgany_povrezhdennye,426,426,426,152.61642881901008,212.9453485084632,True,False,False,4209,0,False,177267,True,0,False,0,False,0,False
000905,027_ТИМЕРЕВО,Li,03_Тимерево_Li_карты_g.tif,Тимерево_Li_курганы_поврежденные.geojson,kurgany_povrezhdennye,2,курганы_поврежденные,8,kurgany_povrezhdennye,354,354,354,161.02387610589108,176.09060829489377,True,False,False,21611,0,False,103705,True,0,False,0,False,0,False
000906,027_ТИМЕРЕВО,Li,03_Тимерево_Li_карты_g.tif,Тимерево_Li_курганы_поврежденные.geojson,kurgany_povrezhdennye,2,курганы_поврежденные,11,kurgany_povrezhdennye,410,410,410,194.3829937116125,204.1662984898328,True,False,False,59389,0,False,108711,True,0,False,0,False,0,False
000907,027_ТИМЕРЕВО,Li,03_Тимерево_Li_карты_g.tif,Тимерево_Li_курганы_поврежденные.geojson,kurgany_povrezhdennye,2,курганы_поврежденные,18,kurgany_povrezhdennye,668,668,668,315.2281671808841,333.6938951161462,True,False,False,60937,0,False,385287,True,0,False,0,False,0,False
000908,027_ТИМЕРЕВО,Li,03_Тимерево_Li_карты_g.tif,Тимерево_Li_курганы_поврежденные.geojson,kurgany_povrezhdennye,2,курганы_поврежденные,18,kurgany_povrezhdennye;kurgany_tselye,584,584,584,288.0320244002912,291.25889616060704,True,False,False,45597,6914,True,288545,True,0,False,0,False,0,False
000909,027_ТИМЕРЕВО,Li,03_Тимерево_Li_карты_g.tif,Тимерево_Li_курганы_поврежденные.geojson,kurgany_povrezhdennye,2,курганы_поврежденные,8,kurgany_povrezhdennye,398,398,398,198.65558068499627,184.30133068917397,True,False,False,39567,0,False,118837,True,0,False,0,False,0,False
000910,027_ТИМЕРЕВО,Li,03_Тимерево_Li_карты_g.tif,Тимерево_Li_курганы_поврежденные.geojson,kurgany_povrezhdennye,2,курганы_поврежденные,5,kurgany_povrezhdennye,342,342,342,164.28441422524796,170.32878756507708,True,False,False,29905,0,False,87059,True,0,False,0,False,0,False
000911,027_ТИМЕРЕВО,Li,03_Тимерево_Li_карты_g.tif,Тимерево_Li_курганы_поврежденные.geojson,kurgany_povrezhdennye,2,курганы_поврежденные,9,kurgany_povrezhdennye,576,576,576,287.4143304023717,270.32977651780203,True,False,False,102964,0,False,228812,True,0,False,0,False,0,False
000912,027_ТИМЕРЕВО,Li,03_Тимерево_Li_карты_g.tif,Тимерево_Li_курганы_поврежденные.geojson,kurgany_povrezhdennye,2,курганы_поврежденные,8,kurgany_povrezhdennye;kurgany_tselye,382,382,382,190.2360915765051,171.86992166548305,True,False,False,43811,2633,True,99480,True,0,False,0,False,0,False
000913,027_ТИМЕРЕВО,Li,03_Тимерево_Li_карты_g.tif,Тимерево_Li_курганы_поврежденные.geojson,kurgany_povrezhdennye,2,курганы_поврежденные,15,kurgany_povrezhdennye,608,608,608,268.31629464866825,303.3925323930616,True,False,False,85211,0,False,284453,True,0,False,0,False,0,False
000914,027_ТИМЕРЕВО,Li,03_Тимерево_Li_карты_g.tif,Тимерево_Li_курганы_поврежденные.geojson,kurgany_povrezhdennye,2,курганы_поврежденные,20,kurgany_povrezhdennye;kurgany_tselye,708,708,708,295.552290272881,353.6839914504961,True,False,False,130723,28081,True,342460,True,0,False,0,False,0,False
000915,027_ТИМЕРЕВО,Li,03_Тимерево_Li_карты_g.tif,Тимерево_Li_курганы_поврежденные.geojson,kurgany_povrezhdennye,2,курганы_поврежденные,10,kurgany_povrezhdennye;kurgany_tselye,446,446,446,202.8949045250069,222.80121974626869,True,False,False,27558,28081,True,143277,True,0,False,0,False,0,False
000916,027_ТИМЕРЕВО,Li,03_Тимерево_Li_карты_g.tif,Тимерево_Li_курганы_поврежденные.geojson,kurgany_povrezhdennye,2,курганы_поврежденные,5,kurgany_povrezhdennye;kurgany_tselye,296,296,296,147.07184926372992,143.01048619659704,True,False,False,20553,2026,True,65037,True,0,False,0,False,0,False
000917,027_ТИМЕРЕВО,Li,03_Тимерево_Li_карты_g.tif,Тимерево_Li_курганы_поврежденные.geojson,kurgany_povrezhdennye,2,курганы_поврежденные,7,kurgany_povrezhdennye,332,332,332,165.19348473287116,159.30804984629629,True,False,False,22111,0,False,88113,True,0,False,0,False,0,False
000918,027_ТИМЕРЕВО,Li,03_Тимерево_Li_карты_g.tif,Тимерево_Li_курганы_поврежденные.geojson,kurgany_povrezhdennye,2,курганы_поврежденные,7,kurgany_povrezhdennye,410,410,410,201.25653313471645,204.95076838862215,True,False,False,25035,0,False,143065,True,0,False,0,False,0,False
000919,027_ТИМЕРЕВО,Li,03_Тимерево_Li_карты_g.tif,Тимерево_Li_курганы_поврежденные.geojson,kurgany_povrezhdennye,2,курганы_поврежденные,13,kurgany_povrezhdennye,620,620,620,254.65916215440572,309.7699118030246,True,False,False,157358,0,False,227042,True,0,False,0,False,0,False
000920,027_ТИМЕРЕВО,Li,03_Тимерево_Li_карты_g.tif,Тимерево_Li_курганы_поврежденные.geojson,kurgany_povrezhdennye,2,курганы_поврежденные,12,kurgany_povrezhdennye,450,450,450,194.36061961807997,224.69049295390167,True,False,False,25739,0,False,176761,True,0,False,0,False,0,False
000921,027_ТИМЕРЕВО,Li,03_Тимерево_Li_карты_g.tif,Тимерево_Li_курганы_поврежденные.geojson,kurgany_povrezhdennye,2,курганы_поврежденные,12,kurgany_povrezhdennye,404,404,404,201.15512673509016,185.4779453387667,True,False,False,25633,0,False,137583,True,0,False,0,False,0,False
000922,027_ТИМЕРЕВО,Li,03_Тимерево_Li_карты_g.tif,Тимерево_Li_курганы_поврежденные.geojson,kurgany_povrezhdennye,2,курганы_поврежденные,8,kurgany_povrezhdennye,386,386,386,192.90646450592897,179.628377053724,True,False,False,16636,0,False,132360,True,0,False,0,False,0,False
000923,027_ТИМЕРЕВО,Li,03_Тимерево_Li_карты_g.tif,Тимерево_Li_курганы_поврежденные.geojson,kurgany_povrezhdennye,2,курганы_поврежденные,15,kurgany_povrezhdennye,538,538,538,204.88263803998623,268.8739239608297,True,False,False,43223,0,False,246221,True,0,False,0,False,0,False
000924,027_ТИМЕРЕВО,Li,03_Тимерево_Li_карты_g.tif,Тимерево_Li_курганы_поврежденные.geojson,kurgany_povrezhdennye,2,курганы_поврежденные,14,kurgany_povrezhdennye;kurgany_tselye,510,510,510,254.8991439165393,201.2158724850084,True,False,False,32129,1814,True,226157,True,0,False,0,False,0,False
000925,027_ТИМЕРЕВО,Li,03_Тимерево_Li_карты_g.tif,Тимерево_Li_курганы_поврежденные.geojson,kurgany_povrezhdennye,2,курганы_поврежденные,12,kurgany_povrezhdennye,498,498,498,226.1749733215992,248.57682518638512,True,False,False,43890,0,False,204114,True,0,False,0,False,0,False
000926,027_ТИМЕРЕВО,Li,03_Тимерево_Li_карты_g.tif,Тимерево_Li_курганы_поврежденные.geojson,kurgany_povrezhdennye,2,курганы_поврежденные,10,kurgany_povrezhdennye,466,466,466,232.265273539801,216.59496748800333,True,False,False,91840,0,False,125316,True,0,False,0,False,0,False
000927,027_ТИМЕРЕВО,Li,03_Тимерево_Li_карты_g.tif,Тимерево_Li_курганы_поврежденные.geojson,kurgany_povrezhdennye,2,курганы_поврежденные,2,kurgany_povrezhdennye,352,352,352,161.61546210757407,175.5918188950319,True,False,False,101903,0,False,22001,True,0,False,0,False,0,False
000928,027_ТИМЕРЕВО,Li,03_Тимерево_Li_карты_g.tif,Тимерево_Li_курганы_поврежденные.geojson,kurgany_povrezhdennye,2,курганы_поврежденные,16,kurgany_povrezhdennye,566,566,566,282.00909122357297,240.4358576608507,True,False,False,56219,0,False,264137,True,0,False,0,False,0,False
000929,027_ТИМЕРЕВО,Li,03_Тимерево_Li_карты_g.tif,Тимерево_Li_курганы_поврежденные.geojson,kurgany_povrezhdennye,2,курганы_поврежденные,6,kurgany_povrezhdennye,394,394,394,196.9520731479741,188.87046858651223,True,False,False,41020,0,False,114216,True,0,False,0,False,0,False
000930,027_ТИМЕРЕВО,Li,03_Тимерево_Li_карты_g.tif,Тимерево_Li_курганы_поврежденные.geojson,kurgany_povrezhdennye,2,курганы_поврежденные,8,kurgany_povrezhdennye,462,462,462,224.42618611267335,230.44349662938708,True,False,False,63529,0,False,149915,True,0,False,0,False,0,False
000931,027_ТИМЕРЕВО,Li,03_Тимерево_Li_карты_g.tif,Тимерево_Li_курганы_поврежденные.geojson,kurgany_povrezhdennye,2,курганы_поврежденные,19,kurgany_povrezhdennye,616,616,616,300.7121336390082,307.9962423068476,True,False,False,31343,0,False,348113,True,0,False,0,False,0,False
000932,027_ТИМЕРЕВО,Li,03_Тимерево_Li_карты_g.tif,Тимерево_Li_курганы_поврежденные.geojson,kurgany_povrezhdennye,2,курганы_поврежденные,17,kurgany_povrezhdennye,512,512,512,255.5927716125579,235.20105628275437,True,False,False,24053,0,False,238091,True,0,False,0,False,0,False
000933,027_ТИМЕРЕВО,Li,03_Тимерево_Li_карты_g.tif,Тимерево_Li_курганы_поврежденные.geojson,kurgany_povrezhdennye,2,курганы_поврежденные,7,kurgany_povrezhdennye,482,482,482,191.49340218630388,240.01605495788772,True,False,False,87678,0,False,144646,True,0,False,0,False,0,False
000934,027_ТИМЕРЕВО,Li,03_Тимерево_Li_карты_g.tif,Тимерево_Li_курганы_поврежденные.geojson,kurgany_povrezhdennye,2,курганы_поврежденные,21,kurgany_povrezhdennye,764,764,764,333.02828424375343,381.1928747590904,True,False,False,98992,0,False,484704,True,0,False,0,False,0,False
000935,027_ТИМЕРЕВО,Li,03_Тимерево_Li_карты_g.tif,Тимерево_Li_курганы_поврежденные.geojson,kurgany_povrezhdennye,2,курганы_поврежденные,13,kurgany_povrezhdennye,586,586,586,292.71567046640524,234.3384086524808,True,False,False,54403,0,False,288993,True,0,False,0,False,0,False
000936,027_ТИМЕРЕВО,Li,03_Тимерево_Li_карты_g.tif,Тимерево_Li_курганы_поврежденные.geojson,kurgany_povrezhdennye,2,курганы_поврежденные,15,kurgany_povrezhdennye,696,696,696,347.40345012394465,341.80647648839994,True,False,False,97227,0,False,387189,True,0,False,0,False,0,False
000937,027_ТИМЕРЕВО,Li,03_Тимерево_Li_карты_g.tif,Тимерево_Li_курганы_поврежденные.geojson,kurgany_povrezhdennye,2,курганы_поврежденные,5,kurgany_povrezhdennye,320,320,320,140.98382959141472,159.30733375236866,True,False,False,15440,0,False,86960,True,0,False,0,False,0,False
000938,027_ТИМЕРЕВО,Li,03_Тимерево_Li_карты_g.tif,Тимерево_Li_курганы_поврежденные.geojson,kurgany_povrezhdennye,2,курганы_поврежденные,11,kurgany_povrezhdennye,566,566,566,282.97816395525035,268.2096300271705,True,False,False,107871,0,False,212485,True,0,False,0,False,0,False
000939,027_ТИМЕРЕВО,Li,03_Тимерево_Li_карты_g.tif,Тимерево_Li_курганы_поврежденные.geojson,kurgany_povrezhdennye,2,курганы_поврежденные,10,kurgany_povrezhdennye,496,496,496,232.70017013418007,247.036145217493,True,False,False,17081,0,False,228935,True,0,False,0,False,0,False
000940,027_ТИМЕРЕВО,Li,03_Тимерево_Li_карты_g.tif,Тимерево_Li_курганы_поврежденные.geojson,kurgany_povrezhdennye,2,курганы_поврежденные,10,kurgany_povrezhdennye,550,550,550,274.0471475384963,249.22463290370783,True,False,False,10450,0,False,292050,True,0,False,0,False,0,False
000941,027_ТИМЕРЕВО,Li,03_Тимерево_Li_карты_g.tif,Тимерево_Li_курганы_поврежденные.geojson,kurgany_povrezhdennye,2,курганы_поврежденные,26,kurgany_povrezhdennye,744,744,744,371.07971888731777,331.33725050806794,True,False,False,30655,0,False,522881,True,0,False,0,False,0,False
000942,027_ТИМЕРЕВО,Li,03_Тимерево_Li_карты_g.tif,Тимерево_Li_курганы_поврежденные.geojson,kurgany_povrezhdennye,2,курганы_поврежденные,14,kurgany_povrezhdennye,504,504,504,251.49199026868084,217.02177796493189,True,False,False,21061,0,False,232955,True,0,False,0,False,0,False
000943,027_ТИМЕРЕВО,Li,03_Тимерево_Li_карты_g.tif,Тимерево_Li_курганы_поврежденные.geojson,kurgany_povrezhdennye,2,курганы_поврежденные,15,kurgany_povrezhdennye,494,494,494,246.66299954288075,226.89342895502168,True,False,False,4694,0,False,239342,True,0,False,0,False,0,False
000944,027_ТИМЕРЕВО,Li,03_Тимерево_Li_карты_g.tif,Тимерево_Li_курганы_поврежденные.geojson,kurgany_povrezhdennye,2,курганы_поврежденные,18,kurgany_povrezhdennye,586,586,586,292.27120898662224,253.6728713659135,True,False,False,49911,0,False,293485,True,0,False,0,False,0,False
000945,027_ТИМЕРЕВО,Li,03_Тимерево_Li_карты_g.tif,Тимерево_Li_курганы_поврежденные.geojson,kurgany_povrezhdennye,2,курганы_поврежденные,21,kurgany_povrezhdennye,558,558,558,278.68095090843906,257.1857369130011,True,False,False,21293,0,False,290071,True,0,False,0,False,0,False
000946,027_ТИМЕРЕВО,Li,03_Тимерево_Li_карты_g.tif,Тимерево_Li_курганы_поврежденные.geojson,kurgany_povrezhdennye,2,курганы_поврежденные,12,kurgany_povrezhdennye,356,356,356,177.73937354794555,163.64211367428385,True,False,False,9133,0,False,117603,True,0,False,0,False,0,False
000947,027_ТИМЕРЕВО,Li,03_Тимерево_Li_карты_g.tif,Тимерево_Li_курганы_поврежденные.geojson,kurgany_povrezhdennye,2,курганы_поврежденные,10,kurgany_povrezhdennye,256,256,256,99.2148906853921,111.81501155709036,True,False,False,177,0,False,65359,True,0,False,0,False,0,False
000948,027_ТИМЕРЕВО,Li,03_Тимерево_Li_карты_g.tif,Тимерево_Li_курганы_поврежденные.geojson,kurgany_povrezhdennye,2,курганы_поврежденные,10,kurgany_povrezhdennye,298,298,298,138.23295382549148,148.51266153143308,True,False,False,202,0,False,88602,True,0,False,0,False,0,False
000949,027_ТИМЕРЕВО,Li,03_Тимерево_Li_карты_g.tif,Тимерево_Li_курганы_поврежденные.geojson,kurgany_povrezhdennye,2,курганы_поврежденные,9,kurgany_povrezhdennye,318,318,318,158.57132777105053,152.64029650003798,True,False,False,261,0,False,100863,True,0,False,0,False,0,False
000950,027_ТИМЕРЕВО,Li,03_Тимерево_Li_карты_g.tif,Тимерево_Li_курганы_поврежденные.geojson,kurgany_povrezhdennye,2,курганы_поврежденные,11,kurgany_povrezhdennye,350,350,350,173.16041657467252,174.29913891463588,True,False,False,3173,0,False,119327,True,0,False,0,False,0,False
000951,027_ТИМЕРЕВО,Li,03_Тимерево_Li_карты_g.tif,Тимерево_Li_курганы_поврежденные.geojson,kurgany_povrezhdennye,2,курганы_поврежденные,13,kurgany_povrezhdennye,488,488,488,243.2992725306974,214.9080430341801,True,False,False,17723,0,False,220421,True,0,False,0,False,0,False
000952,027_ТИМЕРЕВО,Li,03_Тимерево_Li_карты_g.tif,Тимерево_Li_курганы_поврежденные.geojson,kurgany_povrezhdennye,2,курганы_поврежденные,10,kurgany_povrezhdennye;kurgany_tselye,368,368,368,154.6395658492017,183.4608688762613,True,False,False,11757,31,True,123636,True,0,False,0,False,0,False
000953,027_ТИМЕРЕВО,Li,03_Тимерево_Li_карты_g.tif,Тимерево_Li_курганы_поврежденные.geojson,kurgany_povrezhdennye,2,курганы_поврежденные,7,kurgany_povrezhdennye,502,502,502,240.7272696844156,250.47875193856325,True,False,False,67232,0,False,184772,True,0,False,0,False,0,False
000954,027_ТИМЕРЕВО,Li,03_Тимерево_Li_карты_g.tif,Тимерево_Li_курганы_поврежденные.geojson,kurgany_povrezhdennye,2,курганы_поврежденные,15,kurgany_povrezhdennye;kurgany_tselye,458,458,458,197.2374164569072,228.82304716834565,True,False,False,36403,18152,True,155209,True,0,False,0,False,0,False
000955,027_ТИМЕРЕВО,Li,03_Тимерево_Li_карты_g.tif,Тимерево_Li_курганы_поврежденные.geojson,kurgany_povrezhdennye,2,курганы_поврежденные,10,kurgany_povrezhdennye;kurgany_tselye,402,402,402,200.33811820436915,189.24573048932103,True,False,False,10046,23792,True,127766,True,0,False,0,False,0,False
000956,027_ТИМЕРЕВО,Li,03_Тимерево_Li_карты_g.tif,Тимерево_Li_курганы_поврежденные.geojson,kurgany_povrezhdennye,2,курганы_поврежденные,16,kurgany_povrezhdennye;kurgany_tselye,562,562,562,216.80146111639763,280.5213359182023,True,False,False,46049,28081,True,241714,True,0,False,0,False,0,False
000957,027_ТИМЕРЕВО,Li,03_Тимерево_Li_карты_g.tif,Тимерево_Li_курганы_поврежденные.geojson,kurgany_povrezhdennye,2,курганы_поврежденные,12,kurgany_povrezhdennye;kurgany_tselye,424,424,424,189.65867764315348,211.0075647195753,True,False,False,35925,3264,True,140587,True,0,False,0,False,0,False
000958,027_ТИМЕРЕВО,Li,03_Тимерево_Li_карты_g.tif,Тимерево_Li_курганы_поврежденные.geojson,kurgany_povrezhdennye,2,курганы_поврежденные,9,kurgany_povrezhdennye;kurgany_tselye,342,342,342,170.7738051307284,132.54444271314065,True,False,False,27736,0,False,89228,True,0,False,0,False,0,False
000959,027_ТИМЕРЕВО,Li,03_Тимерево_Li_карты_g.tif,Тимерево_Li_курганы_поврежденные.geojson,kurgany_povrezhdennye,2,курганы_поврежденные,10,kurgany_povrezhdennye;kurgany_tselye,336,336,336,167.0817194552991,159.54515909761645,True,False,False,30002,10200,True,72694,True,0,False,0,False,0,False
000960,027_ТИМЕРЕВО,Li,03_Тимерево_Li_карты_g.tif,Тимерево_Li_курганы_поврежденные.geojson,kurgany_povrezhdennye,2,курганы_поврежденные,9,kurgany_povrezhdennye,384,384,384,177.91049542370104,191.1401641367135,True,False,False,13138,0,False,134318,True,0,False,0,False,0,False
000961,027_ТИМЕРЕВО,Li,03_Тимерево_Li_карты_g.tif,Тимерево_Li_курганы_поврежденные.geojson,kurgany_povrezhdennye,2,курганы_поврежденные,12,kurgany_povrezhdennye,514,514,514,256.9465401186452,223.73325498754383,True,False,False,33766,0,False,230430,True,0,False,0,False,0,False
000962,027_ТИМЕРЕВО,Li,03_Тимерево_Li_карты_g.tif,Тимерево_Li_курганы_поврежденные.geojson,kurgany_povrezhdennye,2,курганы_поврежденные,12,kurgany_povrezhdennye,476,476,476,229.4732313998836,237.7743690086238,True,False,False,12331,0,False,214245,True,0,False,0,False,0,False
000963,027_ТИМЕРЕВО,Li,03_Тимерево_Li_карты_g.tif,Тимерево_Li_курганы_поврежденные.geojson,kurgany_povrezhdennye,2,курганы_поврежденные,11,kurgany_povrezhdennye,448,448,448,223.5188111965409,196.6647143101401,True,False,False,11983,0,False,188721,True,0,False,0,False,0,False
000964,027_ТИМЕРЕВО,Li,03_Тимерево_Li_карты_g.tif,Тимерево_Li_курганы_поврежденные.geojson,kurgany_povrezhdennye,2,курганы_поврежденные,12,kurgany_povrezhdennye,516,516,516,257.90476953842045,235.6448692267489,True,False,False,73281,0,False,192975,True,0,False,0,False,0,False
000965,027_ТИМЕРЕВО,Li,03_Тимерево_Li_карты_g.tif,Тимерево_Li_курганы_поврежденные.geojson,kurgany_povrezhdennye,2,курганы_поврежденные,13,kurgany_povrezhdennye,590,590,590,294.01148284550834,272.7123265897248,True,False,False,35540,0,False,312560,True,0,False,0,False,0,False
000966,027_ТИМЕРЕВО,Li,03_Тимерево_Li_карты_g.tif,Тимерево_Li_курганы_поврежденные.geojson,kurgany_povrezhdennye,2,курганы_поврежденные,6,kurgany_povrezhdennye,324,324,324,161.19654825421935,152.15190045521786,True,False,False,25636,0,False,79340,True,0,False,0,False,0,False
000967,027_ТИМЕРЕВО,Li,03_Тимерево_Li_карты_g.tif,Тимерево_Li_курганы_поврежденные.geojson,kurgany_povrezhdennye,2,курганы_поврежденные,13,kurgany_povrezhdennye;kurgany_tselye,442,442,442,215.38294282973368,220.45523881892268,True,False,False,29514,540,True,165310,True,0,False,0,False,0,False
000968,027_ТИМЕРЕВО,Li,03_Тимерево_Li_карты_g.tif,Тимерево_Li_курганы_поврежденные.geojson,kurgany_povrezhdennye,2,курганы_поврежденные,10,kurgany_povrezhdennye;kurgany_tselye,354,354,354,167.77539907487954,176.87499936654046,True,False,False,17691,1420,True,106205,True,0,False,0,False,0,False
000969,027_ТИМЕРЕВО,Li,03_Тимерево_Li_карты_g.tif,Тимерево_Li_курганы_поврежденные.geojson,kurgany_povrezhdennye,2,курганы_поврежденные,13,kurgany_povrezhdennye;kurgany_tselye,442,442,442,220.01936792627504,204.8849249629311,True,False,False,32840,31701,True,130823,True,0,False,0,False,0,False
000970,027_ТИМЕРЕВО,Li,03_Тимерево_Li_карты_g.tif,Тимерево_Li_курганы_поврежденные.geojson,kurgany_povrezhdennye,2,курганы_поврежденные,12,kurgany_povrezhdennye;kurgany_tselye,406,406,406,202.55415332502383,187.98781227303408,True,False,False,22923,4517,True,137396,True,0,False,0,False,0,False
000971,027_ТИМЕРЕВО,Li,03_Тимерево_Li_карты_g.tif,Тимерево_Li_курганы_поврежденные.geojson,kurgany_povrezhdennye,2,курганы_поврежденные,14,kurgany_povrezhdennye;kurgany_tselye,512,512,512,254.60652664767892,255.1230717261805,True,False,False,22075,5338,True,234731,True,0,False,0,False,0,False
000972,027_ТИМЕРЕВО,Li,03_Тимерево_Li_карты_g.tif,Тимерево_Li_курганы_поврежденные.geojson,kurgany_povrezhdennye,2,курганы_поврежденные,10,kurgany_povrezhdennye,392,392,392,193.35199902065787,195.13192892056915,True,False,False,12408,0,False,141256,True,0,False,0,False,0,False
000973,027_ТИМЕРЕВО,Li,03_Тимерево_Li_карты_g.tif,Тимерево_Li_курганы_поврежденные.geojson,kurgany_povrezhdennye,2,курганы_поврежденные,13,kurgany_povrezhdennye;kurgany_tselye,518,518,518,258.7079160427518,247.87613393716416,True,False,False,32494,21964,True,213866,True,0,False,0,False,0,False
000974,027_ТИМЕРЕВО,Li,03_Тимерево_Li_карты_g.tif,Тимерево_Li_курганы_поврежденные.geojson,kurgany_povrezhdennye,2,курганы_поврежденные,11,kurgany_povrezhdennye,414,414,414,190.1140519836802,206.3356734065333,True,False,False,19082,0,False,152314,True,0,False,0,False,0,False
000975,027_ТИМЕРЕВО,Li,03_Тимерево_Li_карты_g.tif,Тимерево_Li_курганы_поврежденные.geojson,kurgany_povrezhdennye,2,курганы_поврежденные,15,kurgany_povrezhdennye,594,594,594,250.18619908716877,296.0686654781104,True,False,False,61395,0,False,291441,True,0,False,0,False,0,False
000976,027_ТИМЕРЕВО,Li,03_Тимерево_Li_карты_g.tif,Тимерево_Li_курганы_поврежденные.geojson,kurgany_povrezhdennye,2,курганы_поврежденные,15,kurgany_povrezhdennye,622,622,622,253.35743590489355,310.40764352278615,True,False,False,40430,0,False,346454,True,0,False,0,False,0,False
000977,027_ТИМЕРЕВО,Li,03_Тимерево_Li_карты_g.tif,Тимерево_Li_курганы_поврежденные.geojson,kurgany_povrezhdennye,2,курганы_поврежденные,18,kurgany_povrezhdennye,742,742,742,312.6920310267989,370.65582230653575,True,False,False,80765,0,False,469799,True,0,False,0,False,0,False
000978,027_ТИМЕРЕВО,Li,03_Тимерево_Li_карты_g.tif,Тимерево_Li_курганы_поврежденные.geojson,kurgany_povrezhdennye,2,курганы_поврежденные,10,kurgany_povrezhdennye,582,582,582,266.0712656890812,290.8557974730778,True,False,False,51426,0,False,287298,True,0,False,0,False,0,False
000979,027_ТИМЕРЕВО,Li,03_Тимерево_Li_карты_g.tif,Тимерево_Li_курганы_поврежденные.geojson,kurgany_povrezhdennye,2,курганы_поврежденные,14,kurgany_povrezhdennye,520,520,520,245.15430909579996,259.1736529951431,True,False,False,46396,0,False,224004,True,0,False,0,False,0,False
000980,027_ТИМЕРЕВО,Li,03_Тимерево_Li_карты_g.tif,Тимерево_Li_курганы_поврежденные.geojson,kurgany_povrezhdennye,2,курганы_поврежденные,13,kurgany_povrezhdennye,558,558,558,184.11567297297344,278.46157791067776,True,False,False,40677,0,False,270687,True,0,False,0,False,0,False
000981,027_ТИМЕРЕВО,Li,03_Тимерево_Li_карты_g.tif,Тимерево_Li_курганы_поврежденные.geojson,kurgany_povrezhdennye,2,курганы_поврежденные,16,kurgany_povrezhdennye;kurgany_tselye,554,554,554,243.1661081593336,276.18145659540914,True,False,False,27109,3427,True,276380,True,0,False,0,False,0,False
000982,027_ТИМЕРЕВО,Li,03_Тимерево_Li_карты_g.tif,Тимерево_Li_курганы_поврежденные.geojson,kurgany_povrezhdennye,2,курганы_поврежденные,11,kurgany_povrezhdennye;kurgany_tselye,480,480,480,224.08868022028855,239.87060859777665,True,False,False,21171,1301,True,207928,True,0,False,0,False,0,False
000983,027_ТИМЕРЕВО,Li,03_Тимерево_Li_карты_g.tif,Тимерево_Li_курганы_поврежденные.geojson,kurgany_povrezhdennye,2,курганы_поврежденные,14,kurgany_povrezhdennye,544,544,544,271.5568506973631,243.1768625599924,True,False,False,93408,0,False,202528,True,0,False,0,False,0,False
000984,027_ТИМЕРЕВО,Li,03_Тимерево_Li_карты_g.tif,Тимерево_Li_курганы_поврежденные.geojson,kurgany_povrezhdennye,2,курганы_поврежденные,13,kurgany_povrezhdennye,410,410,410,189.93047897935625,204.12196798231597,True,False,False,4702,0,False,163398,True,0,False,0,False,0,False
000985,027_ТИМЕРЕВО,Li,03_Тимерево_Li_карты_g.tif,Тимерево_Li_курганы_поврежденные.geojson,kurgany_povrezhdennye,2,курганы_поврежденные,10,kurgany_povrezhdennye;kurgany_tselye,690,690,690,344.1650708252355,328.5056124065822,True,False,False,187193,1207,True,287700,True,0,False,0,False,0,False
000986,027_ТИМЕРЕВО,Li,03_Тимерево_Li_карты_g.tif,Тимерево_Li_курганы_поврежденные.geojson,kurgany_povrezhdennye,2,курганы_поврежденные,12,kurgany_povrezhdennye,602,602,602,300.69155964067244,225.4670018700704,True,False,False,88772,0,False,273632,True,0,False,0,False,0,False
000987,027_ТИМЕРЕВО,Li,03_Тимерево_Li_карты_g.tif,Тимерево_Li_курганы_поврежденные.geojson,kurgany_povrezhdennye,2,курганы_поврежденные,7,kurgany_povrezhdennye,406,406,406,165.72891172719113,202.4916359780385,True,False,False,27970,0,False,136866,True,0,False,0,False,0,False
000988,027_ТИМЕРЕВО,Li,03_Тимерево_Li_карты_g.tif,Тимерево_Li_курганы_поврежденные.geojson,kurgany_povrezhdennye,2,курганы_поврежденные,10,kurgany_povrezhdennye;kurgany_tselye,476,476,476,215.36816383477856,237.86211024948275,True,False,False,100827,13926,True,111823,True,0,False,0,False,0,False
000989,027_ТИМЕРЕВО,Li,03_Тимерево_Li_карты_g.tif,Тимерево_Li_курганы_поврежденные.geojson,kurgany_povrezhdennye,2,курганы_поврежденные,4,kurgany_povrezhdennye,268,268,268,133.5635362076492,133.22431344526862,True,False,False,18760,0,False,53064,True,0,False,0,False,0,False
000990,027_ТИМЕРЕВО,Li,03_Тимерево_Li_карты_g.tif,Тимерево_Li_курганы_поврежденные.geojson,kurgany_povrezhdennye,2,курганы_поврежденные,7,kurgany_povrezhdennye,314,314,314,107.33720993855316,156.47220691651836,True,False,False,51456,0,False,47140,True,0,False,0,False,0,False
000991,027_ТИМЕРЕВО,Li,03_Тимерево_Li_карты_g.tif,Тимерево_Li_курганы_поврежденные.geojson,kurgany_povrezhdennye,2,курганы_поврежденные,4,kurgany_povrezhdennye,330,330,330,164.38833149847508,159.4662452673958,True,False,False,47590,0,False,61310,True,0,False,0,False,0,False
000992,027_ТИМЕРЕВО,Li,03_Тимерево_Li_карты_g.tif,Тимерево_Li_курганы_поврежденные.geojson,kurgany_povrezhdennye,2,курганы_поврежденные,7,kurgany_povrezhdennye;kurgany_tselye,256,256,256,79.85243899281583,109.12627002214444,True,False,False,27181,18352,True,20003,True,0,False,0,False,0,False
000993,027_ТИМЕРЕВО,Li,03_Тимерево_Li_карты_g.tif,Тимерево_Li_курганы_поврежденные.geojson,kurgany_povrezhdennye,2,курганы_поврежденные,4,kurgany_povrezhdennye,412,412,412,205.13443541246156,171.78359365075173,True,False,False,58647,0,False,111097,True,0,False,0,False,0,False
000994,027_ТИМЕРЕВО,Li,03_Тимерево_Li_карты_g.tif,Тимерево_Li_курганы_поврежденные.geojson,kurgany_povrezhdennye,2,курганы_поврежденные,5,kurgany_povrezhdennye,394,394,394,196.156155220221,172.86992838590584,True,False,False,63150,0,False,92086,True,0,False,0,False,0,False
000995,027_ТИМЕРЕВО,Li,03_Тимерево_Li_карты_g.tif,Тимерево_Li_курганы_поврежденные.geojson,kurgany_povrezhdennye,2,курганы_поврежденные,26,kurgany_povrezhdennye;kurgany_tselye,1084,1084,1084,541.9631158606752,535.4645520443836,True,False,False,366309,6179,True,802568,True,0,False,0,False,0,False
000996,027_ТИМЕРЕВО,Li,03_Тимерево_Li_карты_g.tif,Тимерево_Li_курганы_поврежденные.geojson,kurgany_povrezhdennye,2,курганы_поврежденные,11,kurgany_povrezhdennye,546,546,546,272.44553336639166,256.04136109328925,True,False,False,142409,0,False,155707,True,0,False,0,False,0,False
000997,027_ТИМЕРЕВО,Li,03_Тимерево_Li_карты_g.tif,Тимерево_Li_курганы_поврежденные.geojson,kurgany_povrezhdennye,2,курганы_поврежденные,6,kurgany_povrezhdennye,348,348,348,173.66237028268043,145.65492555485886,True,False,False,45609,0,False,75495,True,0,False,0,False,0,False
000998,027_ТИМЕРЕВО,Li,03_Тимерево_Li_карты_g.tif,Тимерево_Li_курганы_поврежденные.geojson,kurgany_povrezhdennye,2,курганы_поврежденные,6,kurgany_povrezhdennye,256,256,256,92.87621926981392,89.89513097322786,True,False,False,11869,0,False,53667,True,0,False,0,False,0,False
000999,027_ТИМЕРЕВО,Li,03_Тимерево_Li_карты_g.tif,Тимерево_Li_курганы_поврежденные.geojson,kurgany_povrezhdennye,2,курганы_поврежденные,6,kurgany_povrezhdennye,256,256,256,90.92161888256118,115.94382049505344,True,False,False,32216,0,False,33320,True,0,False,0,False,0,False
001000,027_ТИМЕРЕВО,Li,03_Тимерево_Li_карты_g.tif,Тимерево_Li_курганы_поврежденные.geojson,kurgany_povrezhdennye,2,курганы_поврежденные,6,kurgany_povrezhdennye,256,256,256,97.02364491298206,114.51440781344536,True,False,False,22013,0,False,43523,True,0,False,0,False,0,False
001001,027_ТИМЕРЕВО,Li,03_Тимерево_Li_карты_g.tif,Тимерево_Li_курганы_поврежденные.geojson,kurgany_povrezhdennye,2,курганы_поврежденные,10,kurgany_povrezhdennye,518,518,518,258.22130686369087,224.6191877497189,True,False,False,95867,0,False,172457,True,0,False,0,False,0,False
001002,027_ТИМЕРЕВО,Li,03_Тимерево_Li_карты_g.tif,Тимерево_Li_курганы_поврежденные.geojson,kurgany_povrezhdennye,2,курганы_поврежденные,14,kurgany_povrezhdennye,746,746,746,364.4150710780884,372.7135766666733,True,False,False,106535,0,False,449981,True,0,False,0,False,0,False
001003,027_ТИМЕРЕВО,Li,03_Тимерево_Li_карты_g.tif,Тимерево_Li_курганы_поврежденные.geojson,kurgany_povrezhdennye,2,курганы_поврежденные,21,kurgany_povrezhdennye,836,836,836,417.9989158408463,377.7017328325964,True,False,False,112624,0,False,586272,True,0,False,0,False,0,False
001004,027_ТИМЕРЕВО,Li,03_Тимерево_Li_карты_g.tif,Тимерево_Li_курганы_поврежденные.geojson,kurgany_povrezhdennye,2,курганы_поврежденные,8,kurgany_povrezhdennye,502,502,502,250.58559233088388,217.78158789480872,True,False,False,48872,0,False,203132,True,0,False,0,False,0,False
001005,027_ТИМЕРЕВО,Li,03_Тимерево_Li_карты_g.tif,Тимерево_Li_курганы_поврежденные.geojson,kurgany_povrezhdennye,2,курганы_поврежденные,15,kurgany_povrezhdennye,622,622,622,310.46360042409947,291.0864514854895,True,False,False,51729,0,False,335155,True,0,False,0,False,0,False
001006,027_ТИМЕРЕВО,Li,03_Тимерево_Li_карты_g.tif,Тимерево_Li_курганы_поврежденные.geojson,kurgany_povrezhdennye,2,курганы_поврежденные,17,kurgany_povrezhdennye,644,644,644,321.19035879613745,296.1403237839341,True,False,False,52064,0,False,362672,True,0,False,0,False,0,False
001007,027_ТИМЕРЕВО,Li,03_Тимерево_Li_карты_g.tif,Тимерево_Li_курганы_поврежденные.geojson,kurgany_povrezhdennye,2,курганы_поврежденные,8,kurgany_povrezhdennye,428,428,428,213.95376574246777,212.82415993492404,True,False,False,59307,0,False,123877,True,0,False,0,False,0,False
001008,027_ТИМЕРЕВО,Li,03_Тимерево_Li_карты_g.tif,Тимерево_Li_курганы_поврежденные.geojson,kurgany_povrezhdennye,2,курганы_поврежденные,10,kurgany_povrezhdennye;kurgany_tselye,412,412,412,205.05696878068767,183.82816627605004,True,False,False,7372,17918,True,144454,True,0,False,0,False,0,False
001009,027_ТИМЕРЕВО,Li,03_Тимерево_Li_карты_g.tif,Тимерево_Li_курганы_поврежденные.geojson,kurgany_povrezhdennye,2,курганы_поврежденные,13,kurgany_povrezhdennye;kurgany_tselye,522,522,522,260.5395654775044,246.8714927320927,True,False,False,32314,17236,True,222934,True,0,False,0,False,0,False
001010,027_ТИМЕРЕВО,Li,03_Тимерево_Li_карты_g.tif,Тимерево_Li_курганы_поврежденные.geojson,kurgany_povrezhdennye,2,курганы_поврежденные,13,kurgany_povrezhdennye,526,526,526,244.5408289157637,262.36855898028693,True,False,False,60296,0,False,216380,True,0,False,0,False,0,False
001011,027_ТИМЕРЕВО,Li,03_Тимерево_Li_карты_g.tif,Тимерево_Li_курганы_поврежденные.geojson,kurgany_povrezhdennye,2,курганы_поврежденные,11,kurgany_povrezhdennye,516,516,516,248.006814578533,257.40301044634515,True,False,False,93672,0,False,172584,True,0,False,0,False,0,False
001012,027_ТИМЕРЕВО,Li,03_Тимерево_Li_карты_g.tif,Тимерево_Li_курганы_поврежденные.geojson,kurgany_povrezhdennye,2,курганы_поврежденные,6,kurgany_povrezhdennye,306,306,306,140.88330922181794,152.35189845771703,True,False,False,36833,0,False,56803,True,0,False,0,False,0,False
001013,027_ТИМЕРЕВО,Li,03_Тимерево_Li_карты_g.tif,Тимерево_Li_курганы_поврежденные.geojson,kurgany_povrezhdennye,2,курганы_поврежденные,8,kurgany_povrezhdennye,332,332,332,165.1350497035209,160.61980841666815,True,False,False,32152,0,False,78072,True,0,False,0,False,0,False
001014,027_ТИМЕРЕВО,Li,03_Тимерево_Li_карты_g.tif,Тимерево_Li_курганы_поврежденные.geojson,kurgany_povrezhdennye,2,курганы_поврежденные,10,kurgany_povrezhdennye,420,420,420,192.59290476095623,209.0388377008929,True,False,False,64682,0,False,111718,True,0,False,0,False,0,False
001015,027_ТИМЕРЕВО,Li,03_Тимерево_Li_карты_g.tif,Тимерево_Li_курганы_поврежденные.geojson,kurgany_povrezhdennye,2,курганы_поврежденные,7,kurgany_povrezhdennye,362,362,362,161.43697032005477,180.09886447323942,True,False,False,42402,0,False,88642,True,0,False,0,False,0,False
001016,027_ТИМЕРЕВО,Li,03_Тимерево_Li_карты_g.tif,Тимерево_Li_курганы_поврежденные.geojson,kurgany_povrezhdennye,2,курганы_поврежденные,9,kurgany_povrezhdennye,378,378,378,176.03750945067827,188.3174570275628,True,False,False,39483,0,False,103401,True,0,False,0,False,0,False
001017,027_ТИМЕРЕВО,Li,03_Тимерево_Li_карты_g.tif,Тимерево_Li_курганы_поврежденные.geojson,kurgany_povrezhdennye,2,курганы_поврежденные,10,kurgany_povrezhdennye,336,336,336,162.3115756362578,167.93974122017315,True,False,False,9995,0,False,102901,True,0,False,0,False,0,False
001018,027_ТИМЕРЕВО,Li,03_Тимерево_Li_карты_g.tif,Тимерево_Li_курганы_поврежденные.geojson,kurgany_povrezhdennye,2,курганы_поврежденные,8,kurgany_povrezhdennye,340,340,340,166.209288786621,169.00583116322352,True,False,False,16419,0,False,99181,True,0,False,0,False,0,False
001019,027_ТИМЕРЕВО,Li,03_Тимерево_Li_карты_g.tif,Тимерево_Li_курганы_поврежденные.geojson,kurgany_povrezhdennye,2,курганы_поврежденные,7,kurgany_povrezhdennye,392,392,392,195.08029594783417,179.90503372608225,True,False,False,26640,0,False,127024,True,0,False,0,False,0,False
001020,027_ТИМЕРЕВО,Li,03_Тимерево_Li_карты_g.tif,Тимерево_Li_курганы_поврежденные.geojson,kurgany_povrezhdennye,2,курганы_поврежденные,15,kurgany_povrezhdennye,602,602,602,300.84231473969334,293.6688035351359,True,False,False,74325,0,False,288079,True,0,False,0,False,0,False
001021,027_ТИМЕРЕВО,Li,03_Тимерево_Li_карты_g.tif,Тимерево_Li_курганы_поврежденные.geojson,kurgany_povrezhdennye,2,курганы_поврежденные,10,kurgany_povrezhdennye,446,446,446,222.38509118788457,219.8704361354804,True,False,False,41336,0,False,157580,True,0,False,0,False,0,False
001022,027_ТИМЕРЕВО,Li,03_Тимерево_Li_карты_g.tif,Тимерево_Li_курганы_поврежденные.geojson,kurgany_povrezhdennye,2,курганы_поврежденные,11,kurgany_povrezhdennye,496,496,496,206.06942862969504,247.63903586171492,True,False,False,64510,0,False,181506,True,0,False,0,False,0,False
001023,027_ТИМЕРЕВО,Li,03_Тимерево_Li_карты_g.tif,Тимерево_Li_курганы_поврежденные.geojson,kurgany_povrezhdennye,2,курганы_поврежденные,8,kurgany_povrezhdennye,402,402,402,200.0935455993628,190.555264372206,True,False,False,54122,0,False,107482,True,0,False,0,False,0,False
001024,027_ТИМЕРЕВО,Li,03_Тимерево_Li_карты_g.tif,Тимерево_Li_курганы_поврежденные.geojson,kurgany_povrezhdennye,2,курганы_поврежденные,8,kurgany_povrezhdennye,474,474,474,236.22587695483543,205.3183131290603,True,False,False,115661,0,False,109015,True,0,False,0,False,0,False
001025,027_ТИМЕРЕВО,Li,03_Тимерево_Li_карты_g.tif,Тимерево_Li_курганы_поврежденные.geojson,kurgany_povrezhdennye,2,курганы_поврежденные,8,kurgany_povrezhdennye,388,388,388,190.58301596901157,193.10604026523623,True,False,False,67644,0,False,82900,True,0,False,0,False,0,False
001026,027_ТИМЕРЕВО,Li,03_Тимерево_Li_карты_g.tif,Тимерево_Li_курганы_поврежденные.geojson,kurgany_povrezhdennye,2,курганы_поврежденные,9,kurgany_povrezhdennye,366,366,366,148.4965176996685,182.0844135059257,True,False,False,40783,0,False,93173,True,0,False,0,False,0,False
001027,027_ТИМЕРЕВО,Li,03_Тимерево_Li_карты_g.tif,Тимерево_Li_курганы_поврежденные.geojson,kurgany_povrezhdennye,2,курганы_поврежденные,9,kurgany_povrezhdennye,320,320,320,149.84812932553723,159.0172953529706,True,False,False,27134,0,False,75266,True,0,False,0,False,0,False
001028,027_ТИМЕРЕВО,Li,03_Тимерево_Li_карты_g.tif,Тимерево_Li_курганы_поврежденные.geojson,kurgany_povrezhdennye,2,курганы_поврежденные,9,kurgany_povrezhdennye,352,352,352,123.47606963244448,175.43756088226047,True,False,False,26356,0,False,97548,True,0,False,0,False,0,False
001029,027_ТИМЕРЕВО,Li,03_Тимерево_Li_карты_g.tif,Тимерево_Li_курганы_поврежденные.geojson,kurgany_povrezhdennye,2,курганы_поврежденные,10,kurgany_povrezhdennye,318,318,318,158.9383680443183,157.62135403216513,True,False,False,30053,0,False,71071,True,0,False,0,False,0,False
001030,027_ТИМЕРЕВО,Li,03_Тимерево_Li_карты_g.tif,Тимерево_Li_курганы_поврежденные.geojson,kurgany_povrezhdennye,2,курганы_поврежденные,6,kurgany_povrezhdennye,344,344,344,171.60863115916848,161.79573096320283,True,False,False,52174,0,False,66162,True,0,False,0,False,0,False
001031,027_ТИМЕРЕВО,Li,03_Тимерево_Li_карты_g.tif,Тимерево_Li_курганы_поврежденные.geojson,kurgany_povrezhdennye,2,курганы_поврежденные,6,kurgany_povrezhdennye,360,360,360,155.86003819479592,179.65729136003677,True,False,False,67543,0,False,62057,True,0,False,0,False,0,False
001032,027_ТИМЕРЕВО,Li,03_Тимерево_Li_карты_g.tif,Тимерево_Li_курганы_поврежденные.geojson,kurgany_povrezhdennye,2,курганы_поврежденные,7,kurgany_povrezhdennye,398,398,398,191.9705048901844,198.79792073723556,True,False,False,104602,0,False,53802,True,0,False,0,False,0,False
001033,027_ТИМЕРЕВО,Li,03_Тимерево_Li_карты_g.tif,Тимерево_Li_курганы_поврежденные.geojson,kurgany_povrezhdennye,2,курганы_поврежденные,8,kurgany_povrezhdennye,466,466,466,201.9579686177772,232.4720951912682,True,False,False,91757,0,False,125399,True,0,False,0,False,0,False
001034,027_ТИМЕРЕВО,Li,03_Тимерево_Li_карты_g.tif,Тимерево_Li_курганы_поврежденные.geojson,kurgany_povrezhdennye,2,курганы_поврежденные,9,kurgany_povrezhdennye,432,432,432,179.2001078510548,215.3130548072892,True,False,False,79103,0,False,107521,True,0,False,0,False,0,False
001035,027_ТИМЕРЕВО,Li,03_Тимерево_Li_карты_g.tif,Тимерево_Li_курганы_поврежденные.geojson,kurgany_povrezhdennye,2,курганы_поврежденные,5,kurgany_povrezhdennye,380,380,380,189.44913756334003,163.1573165579153,True,False,False,68550,0,False,75850,True,0,False,0,False,0,False
001036,027_ТИМЕРЕВО,Li,03_Тимерево_Li_карты_g.tif,Тимерево_Li_курганы_поврежденные.geojson,kurgany_povrezhdennye,2,курганы_поврежденные,5,kurgany_povrezhdennye,410,410,410,198.8916914840108,204.56106409411976,True,False,False,96248,0,False,71852,True,0,False,0,False,0,False
001037,027_ТИМЕРЕВО,Li,03_Тимерево_Li_карты_g.tif,Тимерево_Li_курганы_поврежденные.geojson,kurgany_povrezhdennye,2,курганы_поврежденные,3,kurgany_povrezhdennye,294,294,294,146.4525708788917,132.31022417533336,True,False,False,55292,0,False,31144,True,0,False,0,False,0,False
001038,027_ТИМЕРЕВО,Li,03_Тимерево_Li_карты_g.tif,Тимерево_Li_курганы_поврежденные.geojson,kurgany_povrezhdennye,2,курганы_поврежденные,4,kurgany_povrezhdennye,372,372,372,185.17503542824457,183.4582623837717,True,False,False,95133,0,False,43251,True,0,False,0,False,0,False
001039,027_ТИМЕРЕВО,Li,03_Тимерево_Li_карты_g.tif,Тимерево_Li_курганы_поврежденные.geojson,kurgany_povrezhdennye,2,курганы_поврежденные,3,kurgany_povrezhdennye,392,392,392,166.11957657382746,195.2043135648688,True,False,False,92225,0,False,61439,True,0,False,0,False,0,False
001040,027_ТИМЕРЕВО,Li,03_Тимерево_Li_карты_g.tif,Тимерево_Li_курганы_поврежденные.geojson,kurgany_povrezhdennye,2,курганы_поврежденные,6,kurgany_povrezhdennye,430,430,430,214.68275515826977,189.0881810149328,True,False,False,97363,0,False,87537,True,0,False,0,False,0,False
001041,027_ТИМЕРЕВО,Li,03_Тимерево_Li_карты_g.tif,Тимерево_Li_курганы_поврежденные.geojson,kurgany_povrezhdennye,2,курганы_поврежденные,6,kurgany_povrezhdennye,258,258,258,128.6686798254881,117.27305110533348,True,False,False,32096,0,False,34468,True,0,False,0,False,0,False
001042,027_ТИМЕРЕВО,Li,03_Тимерево_Li_карты_g.tif,Тимерево_Li_курганы_поврежденные.geojson,kurgany_povrezhdennye,2,курганы_поврежденные,12,kurgany_povrezhdennye,420,420,420,204.67159410937376,209.6955655513295,True,False,False,38911,0,False,137489,True,0,False,0,False,0,False
001043,027_ТИМЕРЕВО,Li,03_Тимерево_Li_карты_g.tif,Тимерево_Li_курганы_поврежденные.geojson,kurgany_povrezhdennye,2,курганы_поврежденные,6,kurgany_povrezhdennye,310,310,310,151.52836226391616,154.91907408446946,True,False,False,15917,0,False,80183,True,0,False,0,False,0,False
001044,027_ТИМЕРЕВО,Li,03_Тимерево_Li_карты_g.tif,Тимерево_Li_курганы_поврежденные.geojson,kurgany_povrezhdennye,2,курганы_поврежденные,10,kurgany_povrezhdennye,460,460,460,229.05626742866363,222.7050025200317,True,False,False,57397,0,False,154203,True,0,False,0,False,0,False
001045,027_ТИМЕРЕВО,Li,03_Тимерево_Li_карты_g.tif,Тимерево_Li_курганы_поврежденные.geojson,kurgany_povrezhdennye,2,курганы_поврежденные,11,kurgany_povrezhdennye;kurgany_tselye,342,342,342,170.5611326056429,166.9874847306289,True,False,False,10671,1764,True,104529,True,0,False,0,False,0,False
001046,027_ТИМЕРЕВО,Li,03_Тимерево_Li_карты_g.tif,Тимерево_Li_курганы_поврежденные.geojson,kurgany_povrezhdennye,2,курганы_поврежденные,11,kurgany_povrezhdennye,336,336,336,146.74544997745235,167.92837420463255,True,False,False,8707,0,False,104189,True,0,False,0,False,0,False
001047,027_ТИМЕРЕВО,Li,03_Тимерево_Li_карты_g.tif,Тимерево_Li_курганы_поврежденные.geojson,kurgany_povrezhdennye,2,курганы_поврежденные,11,kurgany_povrezhdennye,328,328,328,150.62016088980266,163.0646736918403,True,False,False,14078,0,False,93506,True,0,False,0,False,0,False
001048,027_ТИМЕРЕВО,Li,03_Тимерево_Li_карты_g.tif,Тимерево_Li_курганы_поврежденные.geojson,kurgany_povrezhdennye,2,курганы_поврежденные,12,kurgany_povrezhdennye;kurgany_tselye,412,412,412,205.31910398275275,182.04960877059304,True,False,False,19032,18206,True,132506,True,0,False,0,False,0,False
001049,027_ТИМЕРЕВО,Li,03_Тимерево_Li_карты_g.tif,Тимерево_Li_курганы_поврежденные.geojson,kurgany_povrezhdennye,2,курганы_поврежденные,14,kurgany_povrezhdennye;kurgany_tselye,530,530,530,264.64241614097983,252.91548281885133,True,False,False,53850,27169,True,199881,True,0,False,0,False,0,False
001050,027_ТИМЕРЕВО,Li,03_Тимерево_Li_карты_g.tif,Тимерево_Li_курганы_поврежденные.geojson,kurgany_povrezhdennye,2,курганы_поврежденные,13,kurgany_povrezhdennye;kurgany_tselye,460,460,460,216.88504426505963,229.83638035112668,True,False,False,23175,21989,True,166436,True,0,False,0,False,0,False
001051,027_ТИМЕРЕВО,Li,03_Тимерево_Li_карты_g.tif,Тимерево_Li_курганы_поврежденные.geojson,kurgany_povrezhdennye,2,курганы_поврежденные,14,kurgany_povrezhdennye;kurgany_tselye,414,414,414,206.6593053634153,156.3834369367435,True,False,False,16185,23120,True,132091,True,0,False,0,False,0,False
001052,027_ТИМЕРЕВО,Li,03_Тимерево_Li_карты_g.tif,Тимерево_Li_курганы_поврежденные.geojson,kurgany_povrezhdennye,2,курганы_поврежденные,10,kurgany_povrezhdennye;kurgany_tselye,402,402,402,200.625641660287,197.77814291399687,True,False,False,15194,843,True,145567,True,0,False,0,False,0,False
001053,027_ТИМЕРЕВО,Li,03_Тимерево_Li_карты_g.tif,Тимерево_Li_курганы_поврежденные.geojson,kurgany_povrezhdennye,2,курганы_поврежденные,11,kurgany_povrezhdennye,482,482,482,198.2859805668584,240.64459664725328,True,False,False,57025,0,False,175299,True,0,False,0,False,0,False
001054,027_ТИМЕРЕВО,Li,03_Тимерево_Li_карты_g.tif,Тимерево_Li_курганы_поврежденные.geojson,kurgany_povrezhdennye,2,курганы_поврежденные,6,kurgany_povrezhdennye,360,360,360,179.88958756903958,176.75230178966012,True,False,False,60784,0,False,68816,True,0,False,0,False,0,False
001055,027_ТИМЕРЕВО,Li,03_Тимерево_Li_карты_g.tif,Тимерево_Li_курганы_поврежденные.geojson,kurgany_povrezhdennye,2,курганы_поврежденные,4,kurgany_povrezhdennye,344,344,344,146.94891807389484,171.44482698276013,True,False,False,60375,0,False,57961,True,0,False,0,False,0,False
001056,027_ТИМЕРЕВО,Li,03_Тимерево_Li_карты_g.tif,Тимерево_Li_курганы_поврежденные.geojson,kurgany_povrezhdennye,2,курганы_поврежденные,12,kurgany_povrezhdennye,464,464,464,225.79494294476257,231.27478588351525,True,False,False,28320,0,False,186976,True,0,False,0,False,0,False
001057,027_ТИМЕРЕВО,Li,03_Тимерево_Li_карты_g.tif,Тимерево_Li_курганы_поврежденные.geojson,kurgany_povrezhdennye,2,курганы_поврежденные,9,kurgany_povrezhdennye,470,470,470,234.0308281662732,193.2744726909437,True,False,False,31428,0,False,189472,True,0,False,0,False,0,False
001058,027_ТИМЕРЕВО,Li,03_Тимерево_Li_карты_g.tif,Тимерево_Li_курганы_поврежденные.geojson,kurgany_povrezhdennye,2,курганы_поврежденные,7,kurgany_povrezhdennye,350,350,350,174.5827558473578,144.95210168870076,True,False,False,23791,0,False,98709,True,0,False,0,False,0,False
001059,027_ТИМЕРЕВО,Li,03_Тимерево_Li_карты_g.tif,Тимерево_Li_курганы_поврежденные.geojson,kurgany_povrezhdennye,2,курганы_поврежденные,11,kurgany_povrezhdennye,528,528,528,230.8365046325931,263.53950083231905,True,False,False,39169,0,False,239615,True,0,False,0,False,0,False
001060,027_ТИМЕРЕВО,Li,03_Тимерево_Li_карты_g.tif,Тимерево_Li_курганы_поврежденные.geojson,kurgany_povrezhdennye,2,курганы_поврежденные,9,kurgany_povrezhdennye,398,398,398,189.6596916927841,198.32267962378185,True,False,False,12532,0,False,145872,True,0,False,0,False,0,False
001061,027_ТИМЕРЕВО,Li,03_Тимерево_Li_карты_g.tif,Тимерево_Li_курганы_поврежденные.geojson,kurgany_povrezhdennye,2,курганы_поврежденные,7,kurgany_povrezhdennye,398,398,398,198.025363672047,195.218560471954,True,False,False,70903,0,False,87501,True,0,False,0,False,0,False
001062,027_ТИМЕРЕВО,Li,03_Тимерево_Li_карты_g.tif,Тимерево_Li_курганы_поврежденные.geojson,kurgany_povrezhdennye,2,курганы_поврежденные,12,kurgany_povrezhdennye;kurgany_tselye,442,442,442,180.09466026908555,220.70561431328335,True,False,False,50326,2232,True,142806,True,0,False,0,False,0,False
001063,027_ТИМЕРЕВО,Li,03_Тимерево_Li_карты_g.tif,Тимерево_Li_курганы_поврежденные.geojson,kurgany_povrezhdennye,2,курганы_поврежденные,13,kurgany_povrezhdennye,400,400,400,199.88800768739264,186.9625563172793,True,False,False,28169,0,False,131831,True,0,False,0,False,0,False
001064,027_ТИМЕРЕВО,Li,03_Тимерево_Li_карты_g.tif,Тимерево_Li_курганы_поврежденные.geojson,kurgany_povrezhdennye,2,курганы_поврежденные,6,kurgany_povrezhdennye,390,390,390,194.2526015988433,177.34166972323092,True,False,False,60926,0,False,91174,True,0,False,0,False,0,False
001065,027_ТИМЕРЕВО,Li,03_Тимерево_Li_карты_g.tif,Тимерево_Li_курганы_поврежденные.geojson,kurgany_povrezhdennye,2,курганы_поврежденные,6,kurgany_povrezhdennye,394,394,394,177.3452486493517,196.3719340970824,True,False,False,79005,0,False,76231,True,0,False,0,False,0,False
001066,027_ТИМЕРЕВО,Li,03_Тимерево_Li_карты_g.tif,Тимерево_Li_курганы_поврежденные.geojson,kurgany_povrezhdennye,2,курганы_поврежденные,5,kurgany_povrezhdennye,256,256,256,116.1012551025417,123.33932036522782,True,False,False,32706,0,False,32830,True,0,False,0,False,0,False
001067,027_ТИМЕРЕВО,Li,03_Тимерево_Li_карты_g.tif,Тимерево_Li_курганы_поврежденные.geojson,kurgany_povrezhdennye,2,курганы_поврежденные,6,kurgany_povrezhdennye,322,322,322,158.2551145576776,160.75051899984825,True,False,False,30442,0,False,73242,True,0,False,0,False,0,False
001068,027_ТИМЕРЕВО,Li,03_Тимерево_Li_карты_g.tif,Тимерево_Li_курганы_поврежденные.geojson,kurgany_povrezhdennye,2,курганы_поврежденные,10,kurgany_povrezhdennye,400,400,400,199.66016309567448,178.62348550914444,True,False,False,54163,0,False,105837,True,0,False,0,False,0,False
001069,027_ТИМЕРЕВО,Li,03_Тимерево_Li_карты_g.tif,Тимерево_Li_курганы_поврежденные.geojson,kurgany_povrezhdennye,2,курганы_поврежденные,5,kurgany_povrezhdennye,358,358,358,178.0267255846303,171.5941138005193,True,False,False,85001,0,False,43163,True,0,False,0,False,0,False
001070,027_ТИМЕРЕВО,Li,03_Тимерево_Li_карты_g.tif,Тимерево_Li_курганы_поврежденные.geojson,kurgany_povrezhdennye,2,курганы_поврежденные,9,kurgany_povrezhdennye,396,396,396,197.75133753659867,182.07831252349817,True,False,False,37028,0,False,119788,True,0,False,0,False,0,False
001071,027_ТИМЕРЕВО,Li,03_Тимерево_Li_карты_g.tif,Тимерево_Li_курганы_поврежденные.geojson,kurgany_povrezhdennye,2,курганы_поврежденные,6,kurgany_povrezhdennye,408,408,408,203.15815609180063,200.22479861956583,True,False,False,73615,0,False,92849,True,0,False,0,False,0,False
001072,027_ТИМЕРЕВО,Li,03_Тимерево_Li_карты_g.tif,Тимерево_Li_курганы_поврежденные.geojson,kurgany_povrezhdennye,2,курганы_поврежденные,12,kurgany_povrezhdennye,456,456,456,172.33311047077996,227.00920609736747,True,False,False,56001,0,False,151935,True,0,False,0,False,0,False
001073,027_ТИМЕРЕВО,Li,03_Тимерево_Li_карты_g.tif,Тимерево_Li_курганы_поврежденные.geojson,kurgany_povrezhdennye,2,курганы_поврежденные,8,kurgany_povrezhdennye,360,360,360,179.51380984158098,145.6132319940798,True,False,False,12357,0,False,117243,True,0,False,0,False,0,False
001074,027_ТИМЕРЕВО,Li,03_Тимерево_Li_карты_g.tif,Тимерево_Li_курганы_поврежденные.geojson,kurgany_povrezhdennye,2,курганы_поврежденные,17,kurgany_povrezhdennye;kurgany_tselye,642,642,642,320.0550365261539,299.25916830050664,True,False,False,87247,0,False,324917,True,0,False,0,False,0,False
001075,027_ТИМЕРЕВО,Li,03_Тимерево_Li_карты_g.tif,Тимерево_Li_курганы_поврежденные.geojson,kurgany_povrezhdennye,2,курганы_поврежденные,8,kurgany_povrezhdennye;kurgany_tselye,504,504,504,251.76630885804408,220.21201917881692,True,False,False,118883,26929,True,108204,True,0,False,0,False,0,False
001076,027_ТИМЕРЕВО,Li,03_Тимерево_Li_карты_g.tif,Тимерево_Li_курганы_поврежденные.geojson,kurgany_povrezhdennye,2,курганы_поврежденные,15,kurgany_povrezhdennye;kurgany_tselye,546,546,546,272.10543366380244,268.66045113628616,True,False,False,34874,1179,True,262063,True,0,False,0,False,0,False
001077,027_ТИМЕРЕВО,Li,03_Тимерево_Li_карты_g.tif,Тимерево_Li_курганы_поврежденные.geojson,kurgany_povrezhdennye,2,курганы_поврежденные,14,kurgany_povrezhdennye,532,532,532,227.42961875394468,265.4340643992106,True,False,False,45534,0,False,237490,True,0,False,0,False,0,False
001078,027_ТИМЕРЕВО,Li,03_Тимерево_Li_карты_g.tif,Тимерево_Li_курганы_поврежденные.geojson,kurgany_povrezhdennye,2,курганы_поврежденные,11,kurgany_povrezhdennye,488,488,488,217.60025337104292,243.68959518127423,True,False,False,25802,0,False,212342,True,0,False,0,False,0,False
001079,027_ТИМЕРЕВО,Li,03_Тимерево_Li_карты_g.tif,Тимерево_Li_курганы_поврежденные.geojson,kurgany_povrezhdennye,2,курганы_поврежденные,10,kurgany_povrezhdennye;kurgany_tselye,386,386,386,192.18181901610225,178.01224941371652,True,False,False,7106,20354,True,121536,True,0,False,0,False,0,False
001080,027_ТИМЕРЕВО,Li,03_Тимерево_Li_карты_g.tif,Тимерево_Li_курганы_поврежденные.geojson,kurgany_povrezhdennye,2,курганы_поврежденные,8,kurgany_povrezhdennye;kurgany_tselye,340,340,340,169.00454633402543,143.21843449013377,True,False,False,20606,6567,True,88427,True,0,False,0,False,0,False
001081,027_ТИМЕРЕВО,Li,03_Тимерево_Li_карты_g.tif,Тимерево_Li_курганы_поврежденные.geojson,kurgany_povrezhdennye,2,курганы_поврежденные,9,kurgany_povrezhdennye;kurgany_tselye,582,582,582,290.1007332233536,288.69867207456315,True,False,False,169159,27288,True,142277,True,0,False,0,False,0,False
001082,027_ТИМЕРЕВО,Li,03_Тимерево_Li_карты_g.tif,Тимерево_Li_курганы_поврежденные.geojson,kurgany_povrezhdennye,2,курганы_поврежденные,11,kurgany_povrezhdennye;kurgany_tselye,354,354,354,142.80068966093538,176.68924394978973,True,False,False,11355,0,False,113961,True,0,False,0,False,0,False
001083,027_ТИМЕРЕВО,Li,03_Тимерево_Li_карты_g.tif,Тимерево_Li_курганы_поврежденные.geojson,kurgany_povrezhdennye,2,курганы_поврежденные,8,kurgany_povrezhdennye,358,358,358,178.4441145416241,164.3346404282751,True,False,False,33478,0,False,94686,True,0,False,0,False,0,False
001084,027_ТИМЕРЕВО,Li,03_Тимерево_Li_карты_g.tif,Тимерево_Li_курганы_поврежденные.geojson,kurgany_povrezhdennye,2,курганы_поврежденные,12,kurgany_povrezhdennye,512,512,512,255.6854784232409,202.72591177355767,True,False,False,69049,0,False,193095,True,0,False,0,False,0,False
001085,027_ТИМЕРЕВО,Li,03_Тимерево_Li_карты_g.tif,Тимерево_Li_курганы_поврежденные.geojson,kurgany_povrezhdennye,2,курганы_поврежденные,9,kurgany_povrezhdennye,444,444,444,217.92788190765847,221.71621363589952,True,False,False,70447,0,False,126689,True,0,False,0,False,0,False
001086,027_ТИМЕРЕВО,Li,03_Тимерево_Li_карты_g.tif,Тимерево_Li_курганы_поврежденные.geojson,kurgany_povrezhdennye,2,курганы_поврежденные,7,kurgany_povrezhdennye,346,346,346,167.83222781260412,172.38491926326637,True,False,False,40809,0,False,78907,True,0,False,0,False,0,False
001087,027_ТИМЕРЕВО,Li,03_Тимерево_Li_карты_g.tif,Тимерево_Li_курганы_поврежденные.geojson,kurgany_povrezhdennye,2,курганы_поврежденные,8,kurgany_povrezhdennye,564,564,564,281.7508935532361,253.10068350262367,True,False,False,165638,0,False,152458,True,0,False,0,False,0,False
001088,027_ТИМЕРЕВО,Li,03_Тимерево_Li_карты_g.tif,Тимерево_Li_курганы_поврежденные.geojson,kurgany_povrezhdennye,2,курганы_поврежденные,8,kurgany_povrezhdennye,378,378,378,174.10444424486593,188.19428611529716,True,False,False,48627,0,False,94257,True,0,False,0,False,0,False
001089,027_ТИМЕРЕВО,Li,03_Тимерево_Li_карты_g.tif,Тимерево_Li_курганы_поврежденные.geojson,kurgany_povrezhdennye,2,курганы_поврежденные,10,kurgany_povrezhdennye,436,436,436,177.37725035984857,217.47572651113248,True,False,False,58097,0,False,131999,True,0,False,0,False,0,False
001090,027_ТИМЕРЕВО,Li,03_Тимерево_Li_карты_g.tif,Тимерево_Li_курганы_поврежденные.geojson,kurgany_povrezhdennye,2,курганы_поврежденные,11,kurgany_povrezhdennye,620,620,620,309.08898637861,286.6126984168974,True,False,False,181836,0,False,202564,True,0,False,0,False,0,False
001091,027_ТИМЕРЕВО,Li,03_Тимерево_Li_карты_g.tif,Тимерево_Li_курганы_поврежденные.geojson,kurgany_povrezhdennye,2,курганы_поврежденные,5,kurgany_povrezhdennye,366,366,366,182.83014847197396,171.48432318105665,True,False,False,64200,0,False,69756,True,0,False,0,False,0,False
001092,027_ТИМЕРЕВО,Li,03_Тимерево_Li_карты_g.tif,Тимерево_Li_курганы_поврежденные.geojson,kurgany_povrezhdennye,2,курганы_поврежденные,2,kurgany_povrezhdennye,280,280,280,139.24710357095202,121.2302275373434,True,False,False,60029,0,False,18371,True,0,False,0,False,0,False
001093,027_ТИМЕРЕВО,Li,03_Тимерево_Li_карты_g.tif,Тимерево_Li_курганы_поврежденные.geojson,kurgany_povrezhdennye,2,курганы_поврежденные,5,kurgany_povrezhdennye,266,266,266,132.48571130679116,108.24297517528268,True,False,False,17970,0,False,52786,True,0,False,0,False,0,False
001094,027_ТИМЕРЕВО,Li,03_Тимерево_Li_карты_g.tif,Тимерево_Li_курганы_поврежденные.geojson,kurgany_povrezhdennye,2,курганы_поврежденные,7,kurgany_povrezhdennye,402,402,402,200.16004492527523,188.51414695365048,True,False,False,73726,0,False,87878,True,0,False,0,False,0,False
001095,027_ТИМЕРЕВО,Li,03_Тимерево_Li_карты_g.tif,Тимерево_Li_курганы_поврежденные.geojson,kurgany_povrezhdennye,2,курганы_поврежденные,12,kurgany_povrezhdennye,454,454,454,181.115525115736,226.15222910398623,True,False,False,21275,0,False,184841,True,0,False,0,False,0,False
001096,027_ТИМЕРЕВО,Li,03_Тимерево_Li_карты_g.tif,Тимерево_Li_курганы_поврежденные.geojson,kurgany_povrezhdennye,2,курганы_поврежденные,3,kurgany_povrezhdennye,372,372,372,185.6868059537261,172.33055168747197,True,False,False,97373,0,False,41011,True,0,False,0,False,0,False
001097,027_ТИМЕРЕВО,Li,03_Тимерево_Li_карты_g.tif,Тимерево_Li_курганы_поврежденные.geojson,kurgany_povrezhdennye,2,курганы_поврежденные,2,kurgany_povrezhdennye,366,366,366,182.5054967007489,170.5598069912141,True,False,False,92557,0,False,41399,True,0,False,0,False,0,False
001098,027_ТИМЕРЕВО,Li,03_Тимерево_Li_карты_g.tif,Тимерево_Li_курганы_поврежденные.geojson,kurgany_povrezhdennye,2,курганы_поврежденные,8,kurgany_povrezhdennye,492,492,492,245.77010166829825,224.83688332120084,True,False,False,143164,0,False,98900,True,0,False,0,False,0,False
001099,027_ТИМЕРЕВО,Li,03_Тимерево_Li_карты_g.tif,Тимерево_Li_курганы_поврежденные.geojson,kurgany_povrezhdennye,2,курганы_поврежденные,6,kurgany_povrezhdennye,338,338,338,156.74439763183685,168.65529414251074,True,False,False,50738,0,False,63506,True,0,False,0,False,0,False
001100,027_ТИМЕРЕВО,Li,03_Тимерево_Li_карты_g.tif,Тимерево_Li_курганы_поврежденные.geojson,kurgany_povrezhdennye,2,курганы_поврежденные,25,kurgany_povrezhdennye;kurgany_tselye,758,758,758,378.0491362791279,329.7895657640689,True,False,False,91394,2440,True,480730,True,0,False,0,False,0,False
001101,027_ТИМЕРЕВО,Li,03_Тимерево_Li_карты_g.tif,Тимерево_Li_курганы_поврежденные.geojson,kurgany_povrezhdennye,2,курганы_поврежденные,9,kurgany_povrezhdennye,324,324,324,161.9543041172339,150.9190587884311,True,False,False,6950,0,False,98026,True,0,False,0,False,0,False
001102,027_ТИМЕРЕВО,Li,03_Тимерево_Li_карты_g.tif,Тимерево_Li_курганы_поврежденные.geojson,kurgany_povrezhdennye,2,курганы_поврежденные,6,kurgany_povrezhdennye,330,330,330,164.5278091146511,131.49334030213964,True,False,False,541,0,False,108359,True,0,False,0,False,0,False
001103,027_ТИМЕРЕВО,Li,03_Тимерево_Li_карты_g.tif,Тимерево_Li_курганы_поврежденные.geojson,kurgany_povrezhdennye,2,курганы_поврежденные,13,kurgany_povrezhdennye,516,516,516,257.35440102637114,231.1838283387713,True,False,False,17236,0,False,249020,True,0,False,0,False,0,False
001104,027_ТИМЕРЕВО,Li,03_Тимерево_Li_карты_g.tif,Тимерево_Li_курганы_поврежденные.geojson,kurgany_povrezhdennye,2,курганы_поврежденные,7,kurgany_povrezhdennye,382,382,382,185.07222773738945,190.5675191430512,True,False,False,69837,0,False,76087,True,0,False,0,False,0,False
001105,027_ТИМЕРЕВО,Li,03_Тимерево_Li_карты_g.tif,Тимерево_Li_курганы_поврежденные.geojson,kurgany_povrezhdennye,2,курганы_поврежденные,10,kurgany_povrezhdennye,458,458,458,205.0023205368655,228.8151398112788,True,False,False,113742,0,False,96022,True,0,False,0,False,0,False
001106,027_ТИМЕРЕВО,Li,03_Тимерево_Li_карты_g.tif,Тимерево_Li_курганы_поврежденные.geojson,kurgany_povrezhdennye,2,курганы_поврежденные,3,kurgany_povrezhdennye,256,256,256,99.330787663342,122.22786096844928,True,False,False,46388,0,False,19148,True,0,False,0,False,0,False
001107,027_ТИМЕРЕВО,Li,03_Тимерево_Li_карты_g.tif,Тимерево_Li_курганы_поврежденные.geojson,kurgany_povrezhdennye,2,курганы_поврежденные,10,kurgany_povrezhdennye,502,502,502,231.073831715607,250.8544826132768,True,False,False,39678,0,False,212326,True,0,False,0,False,0,False
001108,027_ТИМЕРЕВО,Li,03_Тимерево_Li_карты_g.tif,Тимерево_Li_курганы_поврежденные.geojson,kurgany_povrezhdennye,2,курганы_поврежденные,10,kurgany_povrezhdennye;kurgany_tselye,536,536,536,257.06388714256065,267.4312013012729,True,False,False,122484,10613,True,154199,True,0,False,0,False,0,False
001109,027_ТИМЕРЕВО,Li,03_Тимерево_Li_карты_g.tif,Тимерево_Li_курганы_поврежденные.geojson,kurgany_povrezhdennye,2,курганы_поврежденные,12,kurgany_povrezhdennye,578,578,578,251.7387437727149,288.12949968475834,True,False,False,44364,0,False,289720,True,0,False,0,False,0,False
001110,027_ТИМЕРЕВО,Li,03_Тимерево_Li_карты_g.tif,Тимерево_Li_курганы_поврежденные.geojson,kurgany_povrezhdennye,2,курганы_поврежденные,10,kurgany_povrezhdennye;kurgany_tselye,466,466,466,232.90566782232824,214.8290960116229,True,False,False,58584,3533,True,155039,True,0,False,0,False,0,False
001111,027_ТИМЕРЕВО,Li,03_Тимерево_Li_карты_g.tif,Тимерево_Li_курганы_поврежденные.geojson,kurgany_povrezhdennye,2,курганы_поврежденные,8,kurgany_povrezhdennye,424,424,424,211.157168117339,194.87318284791945,True,False,False,8791,0,False,170985,True,0,False,0,False,0,False
001112,027_ТИМЕРЕВО,Li,03_Тимерево_Li_карты_g.tif,Тимерево_Li_курганы_поврежденные.geojson,kurgany_povrezhdennye,2,курганы_поврежденные,4,kurgany_povrezhdennye,342,342,342,161.95364341837302,170.23548817246638,True,False,False,76380,0,False,40584,True,0,False,0,False,0,False
001113,027_ТИМЕРЕВО,Li,03_Тимерево_Li_карты_g.tif,Тимерево_Li_курганы_поврежденные.geojson,kurgany_povrezhdennye,2,курганы_поврежденные,6,kurgany_povrezhdennye,282,282,282,132.66273848013148,140.93374693753475,True,False,False,26908,0,False,52616,True,0,False,0,False,0,False
001114,027_ТИМЕРЕВО,Li,03_Тимерево_Li_карты_g.tif,Тимерево_Li_курганы_поврежденные.geojson,kurgany_povrezhdennye,2,курганы_поврежденные,7,kurgany_povrezhdennye,356,356,356,163.64657769909996,177.4938249027612,True,False,False,22205,0,False,104531,True,0,False,0,False,0,False
001115,027_ТИМЕРЕВО,Li,03_Тимерево_Li_карты_g.tif,Тимерево_Li_курганы_поврежденные.geojson,kurgany_povrezhdennye,2,курганы_поврежденные,8,kurgany_povrezhdennye,294,294,294,144.41114198415596,146.7837645857197,True,False,False,8545,0,False,77891,True,0,False,0,False,0,False
001116,027_ТИМЕРЕВО,Li,03_Тимерево_Li_карты_g.tif,Тимерево_Li_курганы_поврежденные.geojson,kurgany_povrezhdennye,2,курганы_поврежденные,6,kurgany_povrezhdennye,320,320,320,149.64849831302672,159.5529562792227,True,False,False,11931,0,False,90469,True,0,False,0,False,0,False
001117,027_ТИМЕРЕВО,Li,03_Тимерево_Li_карты_g.tif,Тимерево_Li_курганы_поврежденные.geojson,kurgany_povrezhdennye,2,курганы_поврежденные,11,kurgany_povrezhdennye,400,400,400,198.8235246622814,199.89966029283184,True,False,False,21181,0,False,138819,True,0,False,0,False,0,False
001118,027_ТИМЕРЕВО,Li,03_Тимерево_Li_карты_g.tif,Тимерево_Li_курганы_поврежденные.geojson,kurgany_povrezhdennye,2,курганы_поврежденные,15,kurgany_povrezhdennye,484,484,484,218.25573587555976,241.44858172141505,True,False,False,33194,0,False,201062,True,0,False,0,False,0,False
001119,027_ТИМЕРЕВО,Li,03_Тимерево_Li_карты_g.tif,Тимерево_Li_курганы_поврежденные.geojson,kurgany_povrezhdennye,2,курганы_поврежденные,9,kurgany_povrezhdennye,382,382,382,152.01399600132376,190.398415792561,True,False,False,33965,0,False,111959,True,0,False,0,False,0,False
001120,027_ТИМЕРЕВО,Li,03_Тимерево_Li_карты_g.tif,Тимерево_Li_курганы_поврежденные.geojson,kurgany_povrezhdennye,2,курганы_поврежденные,4,kurgany_povrezhdennye,514,514,514,256.4980934420445,244.23101969041164,True,False,False,190264,0,False,73932,True,0,False,0,False,0,False
001121,027_ТИМЕРЕВО,Li,03_Тимерево_Li_карты_g.tif,Тимерево_Li_курганы_поврежденные.geojson,kurgany_povrezhdennye,2,курганы_поврежденные,6,kurgany_povrezhdennye,366,366,366,182.300854306657,155.1269269360687,True,False,False,70589,0,False,63367,True,0,False,0,False,0,False
001122,027_ТИМЕРЕВО,Li,03_Тимерево_Li_карты_g.tif,Тимерево_Li_курганы_поврежденные.geojson,kurgany_povrezhdennye,2,курганы_поврежденные,2,kurgany_povrezhdennye,338,338,338,135.96344426506306,168.97300157680706,True,False,False,96958,0,False,17286,True,0,False,0,False,0,False
001123,027_ТИМЕРЕВО,Li,03_Тимерево_Li_карты_g.tif,Тимерево_Li_курганы_поврежденные.geojson,kurgany_povrezhdennye,2,курганы_поврежденные,7,kurgany_povrezhdennye,352,352,352,175.2954495930938,173.6733845806039,True,False,False,87056,0,False,36848,True,0,False,0,False,0,False
001124,027_ТИМЕРЕВО,Li,03_Тимерево_Li_карты_g.tif,Тимерево_Li_курганы_поврежденные.geojson,kurgany_povrezhdennye,2,курганы_поврежденные,11,kurgany_povrezhdennye,496,496,496,226.90260630332415,247.62984633423315,True,False,False,67754,0,False,178262,True,0,False,0,False,0,False
001125,027_ТИМЕРЕВО,Li,03_Тимерево_Li_карты_g.tif,Тимерево_Li_курганы_поврежденные.geojson,kurgany_povrezhdennye,2,курганы_поврежденные,5,kurgany_povrezhdennye,314,314,314,156.35807430603523,155.03280946970847,True,False,False,45555,0,False,53041,True,0,False,0,False,0,False
001126,027_ТИМЕРЕВО,Li,03_Тимерево_Li_карты_g.tif,Тимерево_Li_курганы_целые.geojson,kurgany_tselye,1,курганы_целые,8,kurgany_povrezhdennye;kurgany_tselye,278,278,278,138.13284112372529,117.97445239488528,True,False,False,4762,24464,True,48058,True,0,False,0,False,0,False
001127,027_ТИМЕРЕВО,Li,03_Тимерево_Li_карты_g.tif,Тимерево_Li_курганы_целые.geojson,kurgany_tselye,1,курганы_целые,9,kurgany_povrezhdennye;kurgany_tselye,312,312,312,155.3810171363781,120.14780033368912,True,False,False,4168,27163,True,66013,True,0,False,0,False,0,False
001128,027_ТИМЕРЕВО,Li,03_Тимерево_Li_карты_g.tif,Тимерево_Li_курганы_целые.geojson,kurgany_tselye,1,курганы_целые,7,kurgany_povrezhdennye;kurgany_tselye,462,462,462,230.49693582345265,198.0229689924116,True,False,False,76650,30368,True,106426,True,0,False,0,False,0,False
001129,027_ТИМЕРЕВО,Li,03_Тимерево_Li_карты_g.tif,Тимерево_Li_курганы_целые.geojson,kurgany_tselye,1,курганы_целые,12,kurgany_povrezhdennye;kurgany_tselye,408,408,408,203.2485473947476,148.84192148210042,True,False,False,26456,28584,True,111424,True,0,False,0,False,0,False
001130,027_ТИМЕРЕВО,Li,03_Тимерево_Li_карты_g.tif,Тимерево_Li_курганы_целые.geojson,kurgany_tselye,1,курганы_целые,8,kurgany_povrezhdennye;kurgany_tselye,260,260,260,129.40482135861328,118.9930653198476,True,False,False,27174,14281,True,26145,True,0,False,0,False,0,False
001131,027_ТИМЕРЕВО,Li,03_Тимерево_Li_карты_g.tif,Тимерево_Li_курганы_целые.geojson,kurgany_tselye,1,курганы_целые,11,kurgany_povrezhdennye;kurgany_tselye,406,406,406,202.67831119008997,195.84649572131184,True,False,False,7120,28081,True,129635,True,0,False,0,False,0,False
001132,027_ТИМЕРЕВО,Li,03_Тимерево_Li_карты_g.tif,Тимерево_Li_курганы_целые.geojson,kurgany_tselye,1,курганы_целые,6,kurgany_povrezhdennye;kurgany_tselye,256,256,256,91.67133311740496,100.84912037467764,True,False,False,30089,10958,True,24489,True,0,False,0,False,0,False
001133,027_ТИМЕРЕВО,Li,03_Тимерево_Li_карты_g.tif,Тимерево_Li_курганы_целые.geojson,kurgany_tselye,1,курганы_целые,7,kurgany_povrezhdennye;kurgany_tselye,256,256,256,104.77022627600763,67.83704472699579,True,False,False,34774,17414,True,13348,True,0,False,0,False,0,False
001134,027_ТИМЕРЕВО,Li,03_Тимерево_Li_карты_g.tif,Тимерево_Li_курганы_целые.geojson,kurgany_tselye,1,курганы_целые,7,kurgany_povrezhdennye;kurgany_tselye,262,262,262,130.64266328000602,102.24309436967653,True,False,False,24561,13607,True,30476,True,0,False,0,False,0,False
001135,027_ТИМЕРЕВО,Ae,01_Тимерево_Ae_немецкая.tif,Тимерево_Ae_курганы_поврежденные.geojson,kurgany_povrezhdennye,2,курганы_поврежденные,21,kurgany_povrezhdennye;kurgany_tselye,748,748,748,373.7997399043195,347.9495611142422,True,False,False,130456,136813,True,292235,True,0,False,0,False,0,False
001136,027_ТИМЕРЕВО,Ae,01_Тимерево_Ae_немецкая.tif,Тимерево_Ae_курганы_поврежденные.geojson,kurgany_povrezhdennye,2,курганы_поврежденные,29,kurgany_povrezhdennye;kurgany_tselye,934,934,934,284.5302945968335,466.93493156444697,True,False,False,286067,298688,True,287601,True,0,False,0,False,0,False
001137,027_ТИМЕРЕВО,Ae,01_Тимерево_Ae_немецкая.tif,Тимерево_Ae_курганы_поврежденные.geojson,kurgany_povrezhdennye,2,курганы_поврежденные,9,kurgany_povrezhdennye;kurgany_tselye,396,396,396,163.6119010056883,197.81914950017892,True,False,False,75857,43757,True,37202,True,0,False,0,False,0,False
001138,027_ТИМЕРЕВО,Ae,01_Тимерево_Ae_немецкая.tif,Тимерево_Ae_курганы_поврежденные.geojson,kurgany_povrezhdennye,2,курганы_поврежденные,10,kurgany_povrezhdennye;kurgany_tselye,450,450,450,221.03462759124176,224.0352173267412,True,False,False,66748,75281,True,60471,True,0,False,0,False,0,False
001139,027_ТИМЕРЕВО,Ae,01_Тимерево_Ae_немецкая.tif,Тимерево_Ae_курганы_поврежденные.geojson,kurgany_povrezhdennye,2,курганы_поврежденные,4,kurgany_povrezhdennye;kurgany_tselye,274,274,274,101.31944398100774,136.98375460115022,True,False,False,49552,13838,True,11686,True,0,False,0,False,0,False
001140,027_ТИМЕРЕВО,Ae,01_Тимерево_Ae_немецкая.tif,Тимерево_Ae_курганы_поврежденные.geojson,kurgany_povrezhdennye,2,курганы_поврежденные,5,kurgany_povrezhdennye;kurgany_tselye,288,288,288,129.83784675492367,143.12477066775745,True,False,False,38928,30019,True,13997,True,0,False,0,False,0,False
001141,027_ТИМЕРЕВО,Ae,01_Тимерево_Ae_немецкая.tif,Тимерево_Ae_курганы_поврежденные.geojson,kurgany_povrezhdennye,2,курганы_поврежденные,6,kurgany_povrezhdennye;kurgany_tselye,420,420,420,139.50257864053256,209.1406785971448,True,False,False,88907,30678,True,56815,True,0,False,0,False,0,False
001142,027_ТИМЕРЕВО,Ae,01_Тимерево_Ae_немецкая.tif,Тимерево_Ae_курганы_поврежденные.geojson,kurgany_povrezhdennye,2,курганы_поврежденные,6,kurgany_povrezhdennye;kurgany_tselye,360,360,360,147.2125242060561,179.08871768371773,True,False,False,64662,43201,True,21737,True,0,False,0,False,0,False
001143,027_ТИМЕРЕВО,Ae,01_Тимерево_Ae_немецкая.tif,Тимерево_Ae_курганы_поврежденные.geojson,kurgany_povrezhdennye,2,курганы_поврежденные,13,kurgany_povrezhdennye;kurgany_tselye,386,386,386,146.58446394760654,192.7534997362675,True,False,False,39646,22974,True,86376,True,0,False,0,False,0,False
001144,027_ТИМЕРЕВО,Ae,01_Тимерево_Ae_немецкая.tif,Тимерево_Ae_курганы_поврежденные.geojson,kurgany_povrezhdennye,2,курганы_поврежденные,10,kurgany_povrezhdennye;kurgany_tselye,310,310,310,142.62528617383026,154.02712935578535,True,False,False,16053,18997,True,61050,True,0,False,0,False,0,False
001145,027_ТИМЕРЕВО,Ae,01_Тимерево_Ae_немецкая.tif,Тимерево_Ae_курганы_поврежденные.geojson,kurgany_povrezhdennye,2,курганы_поврежденные,9,kurgany_povrezhdennye;kurgany_tselye,256,256,256,91.81673781755455,114.99246192605422,True,False,False,11391,28667,True,25478,True,0,False,0,False,0,False
001146,027_ТИМЕРЕВО,Ae,01_Тимерево_Ae_немецкая.tif,Тимерево_Ae_курганы_поврежденные.geojson,kurgany_povrezhdennye,2,курганы_поврежденные,17,kurgany_povrezhdennye;kurgany_tselye,438,438,438,147.5496423683393,218.50558359584983,True,False,False,46445,62202,True,83197,True,0,False,0,False,0,False
001147,027_ТИМЕРЕВО,Ae,01_Тимерево_Ae_немецкая.tif,Тимерево_Ae_курганы_поврежденные.geojson,kurgany_povrezhdennye,2,курганы_поврежденные,11,kurgany_povrezhdennye;kurgany_tselye,436,436,436,217.47884771193236,174.58334300824518,True,False,False,17936,34740,True,137420,True,0,False,0,False,0,False
001148,027_ТИМЕРЕВО,Ae,01_Тимерево_Ae_немецкая.tif,Тимерево_Ae_курганы_поврежденные.geojson,kurgany_povrezhdennye,2,курганы_поврежденные,9,kurgany_povrezhdennye;kurgany_tselye,382,382,382,165.54178733466262,190.5449686454245,True,False,False,10704,68205,True,67015,True,0,False,0,False,0,False
001149,027_ТИМЕРЕВО,Ae,01_Тимерево_Ae_немецкая.tif,Тимерево_Ae_курганы_поврежденные.geojson,kurgany_povrezhdennye,2,курганы_поврежденные,5,kurgany_povrezhdennye;kurgany_tselye,386,386,386,142.35106716583215,192.61825343729856,True,False,False,100728,1967,True,46301,True,0,False,0,False,0,False
001150,027_ТИМЕРЕВО,Ae,01_Тимерево_Ae_немецкая.tif,Тимерево_Ae_курганы_поврежденные.geojson,kurgany_povrezhdennye,2,курганы_поврежденные,6,kurgany_povrezhdennye;kurgany_tselye,356,356,356,155.43617981612348,177.33989690355514,True,False,False,33314,17343,True,76079,True,0,False,0,False,0,False
001151,027_ТИМЕРЕВО,Ae,01_Тимерево_Ae_немецкая.tif,Тимерево_Ae_курганы_поврежденные.geojson,kurgany_povrezhdennye,2,курганы_поврежденные,6,kurgany_povrezhdennye;kurgany_tselye,326,326,326,114.9421240939693,162.70040956665594,True,False,False,48412,7163,True,50701,True,0,False,0,False,0,False
001152,027_ТИМЕРЕВО,Ae,01_Тимерево_Ae_немецкая.tif,Тимерево_Ae_курганы_поврежденные.geojson,kurgany_povrezhdennye,2,курганы_поврежденные,8,kurgany_povrezhdennye;kurgany_tselye,358,358,358,151.78199515576603,178.302186590354,True,False,False,26830,26769,True,74565,True,0,False,0,False,0,False
001153,027_ТИМЕРЕВО,Ae,01_Тимерево_Ae_немецкая.tif,Тимерево_Ae_курганы_поврежденные.geojson,kurgany_povrezhdennye,2,курганы_поврежденные,9,kurgany_povrezhdennye;kurgany_tselye,350,350,350,140.35719758315264,174.21368311828354,True,False,False,35327,20833,True,66340,True,0,False,0,False,0,False
001154,027_ТИМЕРЕВО,Ae,01_Тимерево_Ae_немецкая.tif,Тимерево_Ae_курганы_поврежденные.geojson,kurgany_povrezhdennye,2,курганы_поврежденные,4,kurgany_povrezhdennye,256,256,256,106.81647695500504,94.3787476013758,True,False,False,36307,0,False,29229,True,0,False,0,False,0,False
001155,027_ТИМЕРЕВО,Ae,01_Тимерево_Ae_немецкая.tif,Тимерево_Ae_курганы_поврежденные.geojson,kurgany_povrezhdennye,2,курганы_поврежденные,14,kurgany_povrezhdennye;kurgany_tselye,478,478,478,188.25261540332045,238.56288882857052,True,False,False,81829,15423,True,131232,True,0,False,0,False,0,False
001156,027_ТИМЕРЕВО,Ae,01_Тимерево_Ae_немецкая.tif,Тимерево_Ae_курганы_поврежденные.geojson,kurgany_povrezhdennye,2,курганы_поврежденные,13,kurgany_povrezhdennye,408,408,408,145.6511629603826,203.23271595866944,True,False,False,32609,0,False,133855,True,0,False,0,False,0,False
001157,027_ТИМЕРЕВО,Ae,01_Тимерево_Ae_немецкая.tif,Тимерево_Ae_курганы_поврежденные.geojson,kurgany_povrezhdennye,2,курганы_поврежденные,11,kurgany_povrezhdennye;kurgany_tselye,428,428,428,158.39809104308912,213.19058027316356,True,False,False,69808,35519,True,77857,True,0,False,0,False,0,False
001158,027_ТИМЕРЕВО,Ae,01_Тимерево_Ae_немецкая.tif,Тимерево_Ae_курганы_поврежденные.geojson,kurgany_povrezhdennye,2,курганы_поврежденные,3,kurgany_povrezhdennye;kurgany_tselye,256,256,256,120.10966235427436,123.89680698818862,True,False,False,37878,2959,True,24699,True,0,False,0,False,0,False
001159,027_ТИМЕРЕВО,Ae,01_Тимерево_Ae_немецкая.tif,Тимерево_Ae_курганы_поврежденные.geojson,kurgany_povrezhdennye,2,курганы_поврежденные,9,kurgany_povrezhdennye;kurgany_tselye,470,470,470,234.9346916826189,198.9701563488029,True,False,False,125504,3199,True,92197,True,0,False,0,False,0,False
001160,027_ТИМЕРЕВО,Ae,01_Тимерево_Ae_немецкая.tif,Тимерево_Ae_курганы_поврежденные.geojson,kurgany_povrezhdennye,2,курганы_поврежденные,10,kurgany_povrezhdennye,354,354,354,141.40319325777847,176.16419115423088,True,False,False,34425,0,False,90891,True,0,False,0,False,0,False
001161,027_ТИМЕРЕВО,Ae,01_Тимерево_Ae_немецкая.tif,Тимерево_Ae_курганы_поврежденные.geojson,kurgany_povrezhdennye,2,курганы_поврежденные,8,kurgany_povrezhdennye,302,302,302,119.82112500613351,150.47699831198383,True,False,False,30478,0,False,60726,True,0,False,0,False,0,False
001162,027_ТИМЕРЕВО,Ae,01_Тимерево_Ae_немецкая.tif,Тимерево_Ae_курганы_поврежденные.geojson,kurgany_povrezhdennye,2,курганы_поврежденные,7,kurgany_povrezhdennye,324,324,324,161.64079742376373,143.31832070486203,True,False,False,34186,0,False,70790,True,0,False,0,False,0,False
001163,027_ТИМЕРЕВО,Ae,01_Тимерево_Ae_немецкая.tif,Тимерево_Ae_курганы_поврежденные.geojson,kurgany_povrezhdennye,2,курганы_поврежденные,9,kurgany_povrezhdennye,302,302,302,98.68699396449016,150.10047390502018,True,False,False,15643,0,False,75561,True,0,False,0,False,0,False
001164,027_ТИМЕРЕВО,Ae,01_Тимерево_Ae_немецкая.tif,Тимерево_Ae_курганы_поврежденные.geojson,kurgany_povrezhdennye,2,курганы_поврежденные,8,kurgany_povrezhdennye,386,386,386,184.5667137210369,192.18701486224484,True,False,False,59901,0,False,89095,True,0,False,0,False,0,False
001165,027_ТИМЕРЕВО,Ae,01_Тимерево_Ae_немецкая.tif,Тимерево_Ae_курганы_поврежденные.geojson,kurgany_povrezhdennye,2,курганы_поврежденные,13,kurgany_povrezhdennye;kurgany_tselye,496,496,496,247.08389852069223,233.76461102096704,True,False,False,76754,13427,True,155835,True,0,False,0,False,0,False
001166,027_ТИМЕРЕВО,Ae,01_Тимерево_Ae_немецкая.tif,Тимерево_Ae_курганы_поврежденные.geojson,kurgany_povrezhdennye,2,курганы_поврежденные,11,kurgany_povrezhdennye;kurgany_tselye,472,472,472,214.63178459599945,235.29874195510368,True,False,False,64750,31340,True,126694,True,0,False,0,False,0,False
001167,027_ТИМЕРЕВО,Ae,01_Тимерево_Ae_немецкая.tif,Тимерево_Ae_курганы_поврежденные.geojson,kurgany_povrezhdennye,2,курганы_поврежденные,13,kurgany_povrezhdennye;kurgany_tselye,464,464,464,172.33488234540826,231.5971487806228,True,False,False,23225,38957,True,153114,True,0,False,0,False,0,False
001168,027_ТИМЕРЕВО,Ae,01_Тимерево_Ae_немецкая.tif,Тимерево_Ae_курганы_поврежденные.geojson,kurgany_povrezhdennye,2,курганы_поврежденные,15,kurgany_povrezhdennye;kurgany_tselye,450,450,450,137.97464754004983,224.07356870170423,True,False,False,29205,6247,True,167048,True,0,False,0,False,0,False
001169,027_ТИМЕРЕВО,Ae,01_Тимерево_Ae_немецкая.tif,Тимерево_Ae_курганы_поврежденные.geojson,kurgany_povrezhdennye,2,курганы_поврежденные,29,kurgany_povrezhdennye;kurgany_tselye,624,624,624,267.7405416355486,311.41389619950564,True,False,False,37943,3126,True,348307,True,0,False,0,False,0,False
001170,027_ТИМЕРЕВО,Ae,01_Тимерево_Ae_немецкая.tif,Тимерево_Ae_курганы_поврежденные.geojson,kurgany_povrezhdennye,2,курганы_поврежденные,6,kurgany_povrezhdennye;kurgany_tselye,434,434,434,132.29248722082372,216.8768735866652,True,False,False,92999,36441,True,58916,True,0,False,0,False,0,False
001171,027_ТИМЕРЕВО,Ae,01_Тимерево_Ae_немецкая.tif,Тимерево_Ae_курганы_поврежденные.geojson,kurgany_povrezhdennye,2,курганы_поврежденные,6,kurgany_povrezhdennye;kurgany_tselye,386,386,386,178.11296800536076,192.869793213578,True,False,False,79378,29068,True,40550,True,0,False,0,False,0,False
001172,027_ТИМЕРЕВО,Ae,01_Тимерево_Ae_немецкая.tif,Тимерево_Ae_курганы_поврежденные.geojson,kurgany_povrezhdennye,2,курганы_поврежденные,15,kurgany_povrezhdennye;kurgany_tselye,448,448,448,194.07066660263237,223.53677587981556,True,False,False,12262,22660,True,165782,True,0,False,0,False,0,False
001173,027_ТИМЕРЕВО,Ae,01_Тимерево_Ae_немецкая.tif,Тимерево_Ae_курганы_поврежденные.geojson,kurgany_povrezhdennye,2,курганы_поврежденные,12,kurgany_povrezhdennye;kurgany_tselye,368,368,368,175.5151478579557,183.3697761867112,True,False,False,17470,24038,True,93916,True,0,False,0,False,0,False
001174,027_ТИМЕРЕВО,Ae,01_Тимерево_Ae_немецкая.tif,Тимерево_Ae_курганы_поврежденные.geojson,kurgany_povrezhdennye,2,курганы_поврежденные,7,kurgany_povrezhdennye,256,256,256,109.6173895022873,124.96159441978013,True,False,False,4904,0,False,60632,True,0,False,0,False,0,False
001175,027_ТИМЕРЕВО,Ae,01_Тимерево_Ae_немецкая.tif,Тимерево_Ae_курганы_поврежденные.geojson,kurgany_povrezhdennye,2,курганы_поврежденные,9,kurgany_povrezhdennye;kurgany_tselye,356,356,356,160.23352300267794,177.852616638216,True,False,False,6649,25573,True,94514,True,0,False,0,False,0,False
001176,027_ТИМЕРЕВО,Ae,01_Тимерево_Ae_немецкая.tif,Тимерево_Ae_курганы_поврежденные.geojson,kurgany_povrezhdennye,2,курганы_поврежденные,15,kurgany_povrezhdennye;kurgany_tselye,512,512,512,210.26125584485547,255.7299976271588,True,False,False,24909,55446,True,181789,True,0,False,0,False,0,False
001177,027_ТИМЕРЕВО,Ae,01_Тимерево_Ae_немецкая.tif,Тимерево_Ae_курганы_поврежденные.geojson,kurgany_povrezhdennye,2,курганы_поврежденные,6,kurgany_povrezhdennye,256,256,256,99.41356011012677,110.463850744962,True,False,False,8915,0,False,56621,True,0,False,0,False,0,False
001178,027_ТИМЕРЕВО,Ae,01_Тимерево_Ae_немецкая.tif,Тимерево_Ae_курганы_поврежденные.geojson,kurgany_povrezhdennye,2,курганы_поврежденные,27,kurgany_povrezhdennye;kurgany_tselye,810,810,810,326.7447506724173,404.8256459604468,True,False,False,125159,220469,True,310472,True,0,False,0,False,0,False
001179,027_ТИМЕРЕВО,Ae,01_Тимерево_Ae_немецкая.tif,Тимерево_Ae_курганы_поврежденные.geojson,kurgany_povrezhdennye,2,курганы_поврежденные,17,kurgany_povrezhdennye;kurgany_tselye,528,528,528,252.9395518810535,263.2265793709941,True,False,False,30352,49190,True,199242,True,0,False,0,False,0,False
001180,027_ТИМЕРЕВО,Ae,01_Тимерево_Ae_немецкая.tif,Тимерево_Ae_курганы_поврежденные.geojson,kurgany_povrezhdennye,2,курганы_поврежденные,10,kurgany_povrezhdennye;kurgany_tselye,394,394,394,176.11981551443506,196.07553297245417,True,False,False,10667,40897,True,103672,True,0,False,0,False,0,False
001181,027_ТИМЕРЕВО,Ae,01_Тимерево_Ae_немецкая.tif,Тимерево_Ae_курганы_поврежденные.geojson,kurgany_povrezhdennye,2,курганы_поврежденные,13,kurgany_povrezhdennye;kurgany_tselye,358,358,358,168.9895900780695,178.11260565573005,True,False,False,6195,44019,True,77950,True,0,False,0,False,0,False
001182,027_ТИМЕРЕВО,Ae,01_Тимерево_Ae_немецкая.tif,Тимерево_Ae_курганы_поврежденные.geojson,kurgany_povrezhdennye,2,курганы_поврежденные,11,kurgany_povrezhdennye;kurgany_tselye,376,376,376,138.2006086793205,187.20985586397407,True,False,False,4228,28633,True,108515,True,0,False,0,False,0,False
001183,027_ТИМЕРЕВО,Ae,01_Тимерево_Ae_немецкая.tif,Тимерево_Ae_курганы_поврежденные.geojson,kurgany_povrezhdennye,2,курганы_поврежденные,12,kurgany_povrezhdennye;kurgany_tselye,420,420,420,152.84689265681726,209.83567536308607,True,False,False,10151,21442,True,144807,True,0,False,0,False,0,False
001184,027_ТИМЕРЕВО,Ae,01_Тимерево_Ae_немецкая.tif,Тимерево_Ae_курганы_поврежденные.geojson,kurgany_povrezhdennye,2,курганы_поврежденные,6,kurgany_povrezhdennye;kurgany_tselye,400,400,400,173.07801514222248,199.72151433668228,True,False,False,49189,51286,True,59525,True,0,False,0,False,0,False
001185,027_ТИМЕРЕВО,Ae,01_Тимерево_Ae_немецкая.tif,Тимерево_Ae_курганы_поврежденные.geojson,kurgany_povrezhdennye,2,курганы_поврежденные,5,kurgany_povrezhdennye;kurgany_tselye,300,300,300,136.1094077558793,149.23008996441052,True,False,False,35864,5527,True,48609,True,0,False,0,False,0,False
001186,027_ТИМЕРЕВО,Ae,01_Тимерево_Ae_немецкая.tif,Тимерево_Ae_курганы_поврежденные.geojson,kurgany_povrezhdennye,2,курганы_поврежденные,9,kurgany_povrezhdennye;kurgany_tselye,496,496,496,162.45699950534402,247.181314463282,True,False,False,55823,52242,True,137951,True,0,False,0,False,0,False
001187,027_ТИМЕРЕВО,Ae,01_Тимерево_Ae_немецкая.tif,Тимерево_Ae_курганы_поврежденные.geojson,kurgany_povrezhdennye,2,курганы_поврежденные,15,kurgany_povrezhdennye;kurgany_tselye,696,696,696,228.47301513174585,347.1097771452424,True,False,False,221398,34762,True,228256,True,0,False,0,False,0,False
001188,027_ТИМЕРЕВО,Ae,01_Тимерево_Ae_немецкая.tif,Тимерево_Ae_курганы_поврежденные.geojson,kurgany_povrezhdennye,2,курганы_поврежденные,10,kurgany_povrezhdennye;kurgany_tselye,446,446,446,190.7184830540456,222.25247612905736,True,False,False,7038,44792,True,147086,True,0,False,0,False,0,False
001189,027_ТИМЕРЕВО,Ae,01_Тимерево_Ae_немецкая.tif,Тимерево_Ae_курганы_поврежденные.geojson,kurgany_povrezhdennye,2,курганы_поврежденные,14,kurgany_povrezhdennye;kurgany_tselye,474,474,474,236.78031266615017,215.5936897565496,True,False,False,29269,10714,True,184693,True,0,False,0,False,0,False
001190,027_ТИМЕРЕВО,Ae,01_Тимерево_Ae_немецкая.tif,Тимерево_Ae_курганы_поврежденные.geojson,kurgany_povrezhdennye,2,курганы_поврежденные,11,kurgany_povrezhdennye;kurgany_tselye,352,352,352,118.66272488075973,175.5419049221828,True,False,False,4700,15693,True,103511,True,0,False,0,False,0,False
001191,027_ТИМЕРЕВО,Ae,01_Тимерево_Ae_немецкая.tif,Тимерево_Ae_курганы_поврежденные.geojson,kurgany_povrezhdennye,2,курганы_поврежденные,13,kurgany_povrezhdennye;kurgany_tselye,414,414,414,154.2150578629194,206.78494353273504,True,False,False,6048,15737,True,149611,True,0,False,0,False,0,False
001192,027_ТИМЕРЕВО,Ae,01_Тимерево_Ae_немецкая.tif,Тимерево_Ae_курганы_поврежденные.geojson,kurgany_povrezhdennye,2,курганы_поврежденные,14,kurgany_povrezhdennye;kurgany_tselye,342,342,342,163.21165833452824,170.3414334329983,True,False,False,6862,0,False,110102,True,0,False,0,False,0,False
001193,027_ТИМЕРЕВО,Ae,01_Тимерево_Ae_немецкая.tif,Тимерево_Ae_курганы_поврежденные.geojson,kurgany_povrezhdennye,2,курганы_поврежденные,13,kurgany_povrezhdennye;kurgany_tselye,474,474,474,206.1210736622424,236.70363001822636,True,False,False,33370,83687,True,107619,True,0,False,0,False,0,False
001194,027_ТИМЕРЕВО,Ae,01_Тимерево_Ae_немецкая.tif,Тимерево_Ae_курганы_поврежденные.geojson,kurgany_povrezhdennye,2,курганы_поврежденные,11,kurgany_povrezhdennye,358,358,358,143.88269262151084,178.3246655290116,True,False,False,23822,0,False,104342,True,0,False,0,False,0,False
001195,027_ТИМЕРЕВО,Ae,01_Тимерево_Ae_немецкая.tif,Тимерево_Ae_курганы_поврежденные.geojson,kurgany_povrezhdennye,2,курганы_поврежденные,11,kurgany_povrezhdennye,344,344,344,126.24293507989674,171.6080494646361,True,False,False,2654,0,False,115682,True,0,False,0,False,0,False
001196,027_ТИМЕРЕВО,Ae,01_Тимерево_Ae_немецкая.tif,Тимерево_Ae_курганы_поврежденные.geojson,kurgany_povrezhdennye,2,курганы_поврежденные,9,kurgany_povrezhdennye,316,316,316,157.08069493189072,157.0609402350475,True,False,False,15223,0,False,84633,True,0,False,0,False,0,False
001197,027_ТИМЕРЕВО,Ae,01_Тимерево_Ae_немецкая.tif,Тимерево_Ae_курганы_поврежденные.geojson,kurgany_povrezhdennye,2,курганы_поврежденные,10,kurgany_povrezhdennye,400,400,400,152.89541805739483,199.16659836772317,True,False,False,51443,0,False,108557,True,0,False,0,False,0,False
001198,027_ТИМЕРЕВО,Ae,01_Тимерево_Ae_немецкая.tif,Тимерево_Ae_курганы_поврежденные.geojson,kurgany_povrezhdennye,2,курганы_поврежденные,17,kurgany_povrezhdennye,574,574,574,286.6223034486571,268.38966051801185,True,False,False,45663,0,False,283813,True,0,False,0,False,0,False
001199,027_ТИМЕРЕВО,Ae,01_Тимерево_Ae_немецкая.tif,Тимерево_Ae_курганы_поврежденные.geojson,kurgany_povrezhdennye,2,курганы_поврежденные,8,kurgany_povrezhdennye,256,256,256,79.7804752738881,93.46128270692871,True,False,False,2207,0,False,63329,True,0,False,0,False,0,False
001200,027_ТИМЕРЕВО,Ae,01_Тимерево_Ae_немецкая.tif,Тимерево_Ae_курганы_поврежденные.geojson,kurgany_povrezhdennye,2,курганы_поврежденные,20,kurgany_povrezhdennye;kurgany_tselye,506,506,506,248.42904810379773,252.34397536389363,True,False,False,13617,5779,True,236640,True,0,False,0,False,0,False
001201,027_ТИМЕРЕВО,Ae,01_Тимерево_Ae_немецкая.tif,Тимерево_Ae_курганы_поврежденные.geojson,kurgany_povrezhdennye,2,курганы_поврежденные,18,kurgany_povrezhdennye;kurgany_tselye,522,522,522,229.9387023349675,260.3277203685652,True,False,False,18351,46937,True,207196,True,0,False,0,False,0,False
001202,027_ТИМЕРЕВО,Ae,01_Тимерево_Ae_немецкая.tif,Тимерево_Ae_курганы_поврежденные.geojson,kurgany_povrezhdennye,2,курганы_поврежденные,13,kurgany_povrezhdennye;kurgany_tselye,446,446,446,222.760241560545,195.6733076683713,True,False,False,13147,32163,True,153606,True,0,False,0,False,0,False
001203,027_ТИМЕРЕВО,Ae,01_Тимерево_Ae_немецкая.tif,Тимерево_Ae_курганы_поврежденные.geojson,kurgany_povrezhdennye,2,курганы_поврежденные,11,kurgany_povrezhdennye,506,506,506,139.0236447588278,252.1722715241497,True,False,False,143503,0,False,112533,True,0,False,0,False,0,False
001204,027_ТИМЕРЕВО,Ae,01_Тимерево_Ae_немецкая.tif,Тимерево_Ae_курганы_поврежденные.geojson,kurgany_povrezhdennye,2,курганы_поврежденные,8,kurgany_povrezhdennye,442,442,442,212.9463376252072,220.75730748749356,True,False,False,72960,0,False,122404,True,0,False,0,False,0,False
001205,027_ТИМЕРЕВО,Ae,01_Тимерево_Ae_немецкая.tif,Тимерево_Ae_курганы_поврежденные.geojson,kurgany_povrezhdennye,2,курганы_поврежденные,11,kurgany_povrezhdennye;kurgany_tselye,378,378,378,183.4283936775529,188.30552470744183,True,False,False,4078,18381,True,120425,True,0,False,0,False,0,False
001206,027_ТИМЕРЕВО,Ae,01_Тимерево_Ae_немецкая.tif,Тимерево_Ae_курганы_поврежденные.geojson,kurgany_povrezhdennye,2,курганы_поврежденные,11,kurgany_povrezhdennye;kurgany_tselye,402,402,402,168.39711778313034,200.1655891093655,True,False,False,17682,31579,True,112343,True,0,False,0,False,0,False
001207,027_ТИМЕРЕВО,Ae,01_Тимерево_Ae_немецкая.tif,Тимерево_Ae_курганы_поврежденные.geojson,kurgany_povrezhdennye,2,курганы_поврежденные,8,kurgany_povrezhdennye;kurgany_tselye,306,306,306,149.62977726295804,152.36019647965995,True,False,False,18205,14189,True,61242,True,0,False,0,False,0,False
001208,027_ТИМЕРЕВО,Ae,01_Тимерево_Ae_немецкая.tif,Тимерево_Ae_курганы_поврежденные.geojson,kurgany_povrezhdennye,2,курганы_поврежденные,16,kurgany_povrezhdennye;kurgany_tselye,712,712,712,296.26679796866256,355.7315322133132,True,False,False,118145,8784,True,380015,True,0,False,0,False,0,False
001209,027_ТИМЕРЕВО,Ae,01_Тимерево_Ae_немецкая.tif,Тимерево_Ae_курганы_поврежденные.geojson,kurgany_povrezhdennye,2,курганы_поврежденные,20,kurgany_povrezhdennye;kurgany_tselye,684,684,684,328.4550931678019,341.0958714695935,True,False,False,60297,8799,True,398760,True,0,False,0,False,0,False
001210,027_ТИМЕРЕВО,Ae,01_Тимерево_Ae_немецкая.tif,Тимерево_Ae_курганы_поврежденные.geojson,kurgany_povrezhdennye,2,курганы_поврежденные,21,kurgany_povrezhdennye;kurgany_tselye,890,890,890,410.00656973603935,444.83550703413823,True,False,False,312664,45036,True,434400,True,0,False,0,False,0,False
001211,027_ТИМЕРЕВО,Ae,01_Тимерево_Ae_немецкая.tif,Тимерево_Ae_курганы_поврежденные.geojson,kurgany_povrezhdennye,2,курганы_поврежденные,6,kurgany_povrezhdennye,498,498,498,230.8288185067728,248.7017517930992,True,False,False,113746,0,False,134258,True,0,False,0,False,0,False
001212,027_ТИМЕРЕВО,Ae,01_Тимерево_Ae_немецкая.tif,Тимерево_Ae_курганы_поврежденные.geojson,kurgany_povrezhdennye,2,курганы_поврежденные,11,kurgany_povrezhdennye;kurgany_tselye,604,604,604,301.01479775482323,221.3927963637156,True,False,False,100804,0,False,264012,True,0,False,0,False,0,False
001213,027_ТИМЕРЕВО,Ae,01_Тимерево_Ae_немецкая.tif,Тимерево_Ae_курганы_поврежденные.geojson,kurgany_povrezhdennye,2,курганы_поврежденные,13,kurgany_povrezhdennye;kurgany_tselye,632,632,632,264.1145378028313,315.6605014042132,True,False,False,98404,19969,True,281051,True,0,False,0,False,0,False
001214,027_ТИМЕРЕВО,Ae,01_Тимерево_Ae_немецкая.tif,Тимерево_Ae_курганы_поврежденные.geojson,kurgany_povrezhdennye,2,курганы_поврежденные,10,kurgany_povrezhdennye;kurgany_tselye,406,406,406,159.26980103927667,202.27693688730747,True,False,False,2889,29912,True,132035,True,0,False,0,False,0,False
001215,027_ТИМЕРЕВО,Ae,01_Тимерево_Ae_немецкая.tif,Тимерево_Ae_курганы_поврежденные.geojson,kurgany_povrezhdennye,2,курганы_поврежденные,7,kurgany_povrezhdennye;kurgany_tselye,366,366,366,151.25645571254844,182.05071621216064,True,False,False,47151,0,False,86805,True,0,False,0,False,0,False
001216,027_ТИМЕРЕВО,Ae,01_Тимерево_Ae_немецкая.tif,Тимерево_Ae_курганы_поврежденные.geojson,kurgany_povrezhdennye,2,курганы_поврежденные,17,kurgany_povrezhdennye;kurgany_tselye,740,740,740,285.483062388105,369.7805276217388,True,False,False,112913,89538,True,345149,True,0,False,0,False,0,False
001217,027_ТИМЕРЕВО,Ae,01_Тимерево_Ae_немецкая.tif,Тимерево_Ae_курганы_поврежденные.geojson,kurgany_povrezhdennye,2,курганы_поврежденные,22,kurgany_povrezhdennye;kurgany_tselye,586,586,586,271.5739192527651,292.0491121277211,True,False,False,26751,37710,True,278935,True,0,False,0,False,0,False
001218,027_ТИМЕРЕВО,Ae,01_Тимерево_Ae_немецкая.tif,Тимерево_Ae_курганы_поврежденные.geojson,kurgany_povrezhdennye,2,курганы_поврежденные,14,kurgany_povrezhdennye;kurgany_tselye,418,418,418,192.79322531724296,208.14711126019975,True,False,False,16995,5944,True,151785,True,0,False,0,False,0,False
001219,027_ТИМЕРЕВО,Ae,01_Тимерево_Ae_немецкая.tif,Тимерево_Ae_курганы_поврежденные.geojson,kurgany_povrezhdennye,2,курганы_поврежденные,13,kurgany_povrezhdennye;kurgany_tselye,350,350,350,174.97606097571116,159.26726243172342,True,False,False,11163,318,True,111019,True,0,False,0,False,0,False
001220,027_ТИМЕРЕВО,Ae,01_Тимерево_Ae_немецкая.tif,Тимерево_Ae_курганы_поврежденные.geojson,kurgany_povrezhdennye,2,курганы_поврежденные,22,kurgany_povrezhdennye,554,554,554,210.2072834549748,276.6001674460294,True,False,False,26812,0,False,280104,True,0,False,0,False,0,False
001221,027_ТИМЕРЕВО,Ae,01_Тимерево_Ae_немецкая.tif,Тимерево_Ae_курганы_поврежденные.geojson,kurgany_povrezhdennye,2,курганы_поврежденные,19,kurgany_povrezhdennye;kurgany_tselye,506,506,506,179.8683581592277,252.05558675998736,True,False,False,23302,18353,True,214381,True,0,False,0,False,0,False
001222,027_ТИМЕРЕВО,Ae,01_Тимерево_Ae_немецкая.tif,Тимерево_Ae_курганы_поврежденные.geojson,kurgany_povrezhdennye,2,курганы_поврежденные,12,kurgany_povrezhdennye;kurgany_tselye,386,386,386,192.6328312936275,189.64862799829916,True,False,False,9791,19388,True,119817,True,0,False,0,False,0,False
001223,027_ТИМЕРЕВО,Ae,01_Тимерево_Ae_немецкая.tif,Тимерево_Ae_курганы_поврежденные.geojson,kurgany_povrezhdennye,2,курганы_поврежденные,11,kurgany_povrezhdennye;kurgany_tselye,362,362,362,174.63996394189854,180.032544635224,True,False,False,11122,32266,True,87656,True,0,False,0,False,0,False
001224,027_ТИМЕРЕВО,Ae,01_Тимерево_Ae_немецкая.tif,Тимерево_Ae_курганы_поврежденные.geojson,kurgany_povrezhdennye,2,курганы_поврежденные,22,kurgany_povrezhdennye,552,552,552,173.88313062983923,275.5061650459963,True,False,False,37156,0,False,267548,True,0,False,0,False,0,False
001225,027_ТИМЕРЕВО,Ae,01_Тимерево_Ae_немецкая.tif,Тимерево_Ae_курганы_поврежденные.geojson,kurgany_povrezhdennye,2,курганы_поврежденные,9,kurgany_povrezhdennye,320,320,320,101.23154328107928,159.26684794810214,True,False,False,10708,0,False,91692,True,0,False,0,False,0,False
001226,027_ТИМЕРЕВО,Ae,01_Тимерево_Ae_немецкая.tif,Тимерево_Ae_курганы_поврежденные.geojson,kurgany_povrezhdennye,2,курганы_поврежденные,12,kurgany_povrezhdennye,446,446,446,180.56080725174817,222.84677571881795,True,False,False,73221,0,False,125695,True,0,False,0,False,0,False
001227,027_ТИМЕРЕВО,Ae,01_Тимерево_Ae_немецкая.tif,Тимерево_Ae_курганы_поврежденные.geojson,kurgany_povrezhdennye,2,курганы_поврежденные,12,kurgany_povrezhdennye,490,490,490,176.50419442560187,244.0524342561718,True,False,False,81713,0,False,158387,True,0,False,0,False,0,False
001228,027_ТИМЕРЕВО,Ae,01_Тимерево_Ae_немецкая.tif,Тимерево_Ae_курганы_поврежденные.geojson,kurgany_povrezhdennye,2,курганы_поврежденные,11,kurgany_povrezhdennye,370,370,370,132.0846744506646,184.538980869762,True,False,False,25196,0,False,111704,True,0,False,0,False,0,False
001229,027_ТИМЕРЕВО,Ae,01_Тимерево_Ae_немецкая.tif,Тимерево_Ae_курганы_поврежденные.geojson,kurgany_povrezhdennye,2,курганы_поврежденные,6,kurgany_povrezhdennye,284,284,284,108.4584084639191,141.43840326773156,True,False,False,27617,0,False,53039,True,0,False,0,False,0,False
001230,027_ТИМЕРЕВО,Ae,01_Тимерево_Ae_немецкая.tif,Тимерево_Ae_курганы_поврежденные.geojson,kurgany_povrezhdennye,2,курганы_поврежденные,9,kurgany_povrezhdennye,358,358,358,146.73057642326586,178.9000452094808,True,False,False,51860,0,False,76304,True,0,False,0,False,0,False
001231,027_ТИМЕРЕВО,Ae,01_Тимерево_Ae_немецкая.tif,Тимерево_Ae_курганы_поврежденные.geojson,kurgany_povrezhdennye,2,курганы_поврежденные,21,kurgany_povrezhdennye,512,512,512,181.2521690777994,255.62387583963272,True,False,False,50723,0,False,211421,True,0,False,0,False,0,False
001232,027_ТИМЕРЕВО,Ae,01_Тимерево_Ae_немецкая.tif,Тимерево_Ae_курганы_поврежденные.geojson,kurgany_povrezhdennye,2,курганы_поврежденные,18,kurgany_povrezhdennye,474,474,474,152.54117766080262,236.452797587383,True,False,False,18830,0,False,205846,True,0,False,0,False,0,False
001233,027_ТИМЕРЕВО,Ae,01_Тимерево_Ae_немецкая.tif,Тимерево_Ae_курганы_поврежденные.geojson,kurgany_povrezhdennye,2,курганы_поврежденные,16,kurgany_povrezhdennye,454,454,454,226.2369595735512,219.3349362376817,True,False,False,19732,0,False,186384,True,0,False,0,False,0,False
001234,027_ТИМЕРЕВО,Ae,01_Тимерево_Ae_немецкая.tif,Тимерево_Ae_курганы_поврежденные.geojson,kurgany_povrezhdennye,2,курганы_поврежденные,16,kurgany_povrezhdennye,406,406,406,137.9914846550468,202.5991730729593,True,False,False,8613,0,False,156223,True,0,False,0,False,0,False
001235,027_ТИМЕРЕВО,Ae,01_Тимерево_Ae_немецкая.tif,Тимерево_Ae_курганы_поврежденные.geojson,kurgany_povrezhdennye,2,курганы_поврежденные,15,kurgany_povrezhdennye,386,386,386,192.2463046203383,171.70005369827516,True,False,False,8142,0,False,140854,True,0,False,0,False,0,False
001236,027_ТИМЕРЕВО,Ae,01_Тимерево_Ae_немецкая.tif,Тимерево_Ae_курганы_поврежденные.geojson,kurgany_povrezhdennye,2,курганы_поврежденные,13,kurgany_povrezhdennye,368,368,368,137.83070464759027,183.69687795196688,True,False,False,6009,0,False,129415,True,0,False,0,False,0,False
001237,027_ТИМЕРЕВО,Ae,01_Тимерево_Ae_немецкая.tif,Тимерево_Ae_курганы_поврежденные.geojson,kurgany_povrezhdennye,2,курганы_поврежденные,12,kurgany_povrezhdennye,346,346,346,127.73911703521551,172.96882883944394,True,False,False,2156,0,False,117560,True,0,False,0,False,0,False
001238,027_ТИМЕРЕВО,Ae,01_Тимерево_Ae_немецкая.tif,Тимерево_Ae_курганы_поврежденные.geojson,kurgany_povrezhdennye,2,курганы_поврежденные,11,kurgany_povrezhdennye;kurgany_tselye,416,416,416,182.00782170741172,207.66725972511531,True,False,False,23779,14188,True,135089,True,0,False,0,False,0,False
001239,027_ТИМЕРЕВО,Ae,01_Тимерево_Ae_немецкая.tif,Тимерево_Ae_курганы_поврежденные.geojson,kurgany_povrezhdennye,2,курганы_поврежденные,15,kurgany_povrezhdennye;kurgany_tselye,760,760,760,347.9883247017855,379.68828535390094,True,False,False,162049,238539,True,177012,True,0,False,0,False,0,False
001240,027_ТИМЕРЕВО,Ae,01_Тимерево_Ae_немецкая.tif,Тимерево_Ae_курганы_поврежденные.geojson,kurgany_povrezhdennye,2,курганы_поврежденные,11,kurgany_povrezhdennye;kurgany_tselye,600,600,600,226.09205340187515,299.87829820178536,True,False,False,42510,68364,True,249126,True,0,False,0,False,0,False
001241,027_ТИМЕРЕВО,Ae,01_Тимерево_Ae_немецкая.tif,Тимерево_Ae_курганы_поврежденные.geojson,kurgany_povrezhdennye,2,курганы_поврежденные,14,kurgany_povrezhdennye;kurgany_tselye,602,602,602,179.28914036977235,300.1471569565915,True,False,False,143038,13314,True,206052,True,0,False,0,False,0,False
001242,027_ТИМЕРЕВО,Ae,01_Тимерево_Ae_немецкая.tif,Тимерево_Ae_курганы_поврежденные.geojson,kurgany_povrezhdennye,2,курганы_поврежденные,29,kurgany_povrezhdennye;kurgany_tselye,948,948,948,387.0346115771725,473.026924369062,True,False,False,141448,103970,True,653286,True,0,False,0,False,0,False
001243,027_ТИМЕРЕВО,Ae,01_Тимерево_Ae_немецкая.tif,Тимерево_Ae_курганы_поврежденные.geojson,kurgany_povrezhdennye,2,курганы_поврежденные,38,kurgany_povrezhdennye;kurgany_tselye,1062,1062,1062,352.1761013749608,530.6383122509137,True,False,False,153341,258392,True,716111,True,0,False,0,False,0,False
001244,027_ТИМЕРЕВО,Ae,01_Тимерево_Ae_немецкая.tif,Тимерево_Ae_курганы_поврежденные.geojson,kurgany_povrezhdennye,2,курганы_поврежденные,7,kurgany_povrezhdennye;kurgany_tselye,370,370,370,171.69355438652522,184.1591701567063,True,False,False,9099,6582,True,121219,True,0,False,0,False,0,False
001245,027_ТИМЕРЕВО,Ae,01_Тимерево_Ae_немецкая.tif,Тимерево_Ae_курганы_поврежденные.geojson,kurgany_povrezhdennye,2,курганы_поврежденные,21,kurgany_povrezhdennye;kurgany_tselye,790,790,790,360.64072151567086,394.4504693294541,True,False,False,65274,197291,True,361535,True,0,False,0,False,0,False
001246,027_ТИМЕРЕВО,Ae,01_Тимерево_Ae_немецкая.tif,Тимерево_Ae_курганы_поврежденные.geojson,kurgany_povrezhdennye,2,курганы_поврежденные,13,kurgany_povrezhdennye,512,512,512,205.58878275374525,255.3021521049451,True,False,False,61826,0,False,200318,True,0,False,0,False,0,False
001247,027_ТИМЕРЕВО,Ae,01_Тимерево_Ae_немецкая.tif,Тимерево_Ae_курганы_поврежденные.geojson,kurgany_povrezhdennye,2,курганы_поврежденные,10,kurgany_povrezhdennye,398,398,398,165.0634116132618,198.3591195305283,True,False,False,20021,0,False,138383,True,0,False,0,False,0,False
001248,027_ТИМЕРЕВО,Ae,01_Тимерево_Ae_немецкая.tif,Тимерево_Ae_курганы_поврежденные.geojson,kurgany_povrezhdennye,2,курганы_поврежденные,12,kurgany_povrezhdennye,368,368,368,159.7510678477332,183.15791208168125,True,False,False,26495,0,False,108929,True,0,False,0,False,0,False
001249,027_ТИМЕРЕВО,Ae,01_Тимерево_Ae_немецкая.tif,Тимерево_Ae_курганы_поврежденные.geojson,kurgany_povrezhdennye,2,курганы_поврежденные,13,kurgany_povrezhdennye;kurgany_tselye,392,392,392,167.71809072102118,195.28774998168987,True,False,False,19750,13181,True,120733,True,0,False,0,False,0,False
001250,027_ТИМЕРЕВО,Ae,01_Тимерево_Ae_немецкая.tif,Тимерево_Ae_курганы_поврежденные.geojson,kurgany_povrezhdennye,2,курганы_поврежденные,11,kurgany_povrezhdennye,362,362,362,160.0734945523058,180.16631967649008,True,False,False,35381,0,False,95663,True,0,False,0,False,0,False
001251,027_ТИМЕРЕВО,Ae,01_Тимерево_Ae_немецкая.tif,Тимерево_Ae_курганы_поврежденные.geojson,kurgany_povrezhdennye,2,курганы_поврежденные,7,kurgany_povrezhdennye,256,256,256,108.1532902553245,126.21004259595506,True,False,False,31580,0,False,33956,True,0,False,0,False,0,False
001252,027_ТИМЕРЕВО,Ae,01_Тимерево_Ae_немецкая.tif,Тимерево_Ae_курганы_поврежденные.geojson,kurgany_povrezhdennye,2,курганы_поврежденные,17,kurgany_povrezhdennye,460,460,460,205.02506900844824,229.9215029066322,True,False,False,24721,0,False,186879,True,0,False,0,False,0,False
001253,027_ТИМЕРЕВО,Ae,01_Тимерево_Ae_немецкая.tif,Тимерево_Ae_курганы_поврежденные.geojson,kurgany_povrezhdennye,2,курганы_поврежденные,8,kurgany_povrezhdennye,256,256,256,124.8424352141642,115.72244557839164,True,False,False,5819,0,False,59717,True,0,False,0,False,0,False
001254,027_ТИМЕРЕВО,Ae,01_Тимерево_Ae_немецкая.tif,Тимерево_Ae_курганы_поврежденные.geojson,kurgany_povrezhdennye,2,курганы_поврежденные,14,kurgany_povrezhdennye;kurgany_tselye,396,396,396,166.06074342522794,197.64953039467383,True,False,False,20422,19279,True,117115,True,0,False,0,False,0,False
001255,027_ТИМЕРЕВО,Ae,01_Тимерево_Ae_немецкая.tif,Тимерево_Ae_курганы_поврежденные.geojson,kurgany_povrezhdennye,2,курганы_поврежденные,11,kurgany_povrezhdennye,374,374,374,162.036417890105,186.51736672082097,True,False,False,38408,0,False,101468,True,0,False,0,False,0,False
001256,027_ТИМЕРЕВО,Ae,01_Тимерево_Ae_немецкая.tif,Тимерево_Ae_курганы_поврежденные.geojson,kurgany_povrezhdennye,2,курганы_поврежденные,14,kurgany_povrezhdennye;kurgany_tselye,464,464,464,155.2625605435929,231.09993187347277,True,False,False,17154,14995,True,183147,True,0,False,0,False,0,False
001257,027_ТИМЕРЕВО,Ae,01_Тимерево_Ae_немецкая.tif,Тимерево_Ae_курганы_поврежденные.geojson,kurgany_povrezhdennye,2,курганы_поврежденные,17,kurgany_povrezhdennye;kurgany_tselye,498,498,498,180.1934144374876,248.00884250756133,True,False,False,27154,27293,True,193557,True,0,False,0,False,0,False
001258,027_ТИМЕРЕВО,Ae,01_Тимерево_Ae_немецкая.tif,Тимерево_Ae_курганы_поврежденные.geojson,kurgany_povrezhdennye,2,курганы_поврежденные,16,kurgany_povrezhdennye;kurgany_tselye,656,656,656,327.2984030312937,236.53415845665745,True,False,False,35623,39259,True,355454,True,0,False,0,False,0,False
001259,027_ТИМЕРЕВО,Ae,01_Тимерево_Ae_немецкая.tif,Тимерево_Ae_курганы_поврежденные.geojson,kurgany_povrezhdennye,2,курганы_поврежденные,10,kurgany_povrezhdennye,396,396,396,197.47815426893547,179.38323608076067,True,False,False,28711,0,False,128105,True,0,False,0,False,0,False
001260,027_ТИМЕРЕВО,Ae,01_Тимерево_Ae_немецкая.tif,Тимерево_Ae_курганы_поврежденные.geojson,kurgany_povrezhdennye,2,курганы_поврежденные,16,kurgany_povrezhdennye;kurgany_tselye,552,552,552,234.0297294989286,275.08814575853853,True,False,False,34499,26111,True,244094,True,0,False,0,False,0,False
001263,027_ТИМЕРЕВО,Ae,01_Тимерево_Ae_немецкая.tif,Тимерево_Ae_курганы_поврежденные.geojson,kurgany_povrezhdennye,2,курганы_поврежденные,9,kurgany_povrezhdennye;kurgany_tselye,440,440,440,219.33402695640527,209.071017221384,True,False,False,3371,8053,True,182176,True,0,False,0,False,0,False
001264,027_ТИМЕРЕВО,Ae,01_Тимерево_Ae_немецкая.tif,Тимерево_Ae_курганы_поврежденные.geojson,kurgany_povrezhdennye,2,курганы_поврежденные,22,kurgany_povrezhdennye;kurgany_tselye,788,788,788,297.88779057249855,393.6269607756156,True,False,False,53908,313093,True,253943,True,0,False,0,False,0,False
001265,027_ТИМЕРЕВО,Ae,01_Тимерево_Ae_немецкая.tif,Тимерево_Ae_курганы_поврежденные.geojson,kurgany_povrezhdennye,2,курганы_поврежденные,12,kurgany_povrezhdennye,508,508,508,197.22016962227252,253.02110144267235,True,False,False,78229,0,False,179835,True,0,False,0,False,0,False
001266,027_ТИМЕРЕВО,Ae,01_Тимерево_Ae_немецкая.tif,Тимерево_Ae_курганы_поврежденные.geojson,kurgany_povrezhdennye,2,курганы_поврежденные,17,kurgany_povrezhdennye;kurgany_tselye,636,636,636,195.4820821004452,317.92165325352374,True,False,False,29547,19489,True,355460,True,0,False,0,False,0,False
001267,027_ТИМЕРЕВО,Ae,01_Тимерево_Ae_немецкая.tif,Тимерево_Ae_курганы_поврежденные.geojson,kurgany_povrezhdennye,2,курганы_поврежденные,12,kurgany_povrezhdennye;kurgany_tselye,398,398,398,189.6076628268647,198.70468109767344,True,False,False,26945,19543,True,111916,True,0,False,0,False,0,False
001268,027_ТИМЕРЕВО,Ae,01_Тимерево_Ae_немецкая.tif,Тимерево_Ae_курганы_поврежденные.geojson,kurgany_povrezhdennye,2,курганы_поврежденные,13,kurgany_povrezhdennye;kurgany_tselye,384,384,384,182.92691147040696,191.2222368590273,True,False,False,17593,20811,True,109052,True,0,False,0,False,0,False
001269,027_ТИМЕРЕВО,Ae,01_Тимерево_Ae_немецкая.tif,Тимерево_Ae_курганы_поврежденные.geojson,kurgany_povrezhdennye,2,курганы_поврежденные,11,kurgany_povrezhdennye;kurgany_tselye,302,302,302,150.99752119057874,134.60792699434586,True,False,False,20399,13133,True,57672,True,0,False,0,False,0,False
001270,027_ТИМЕРЕВО,Ae,01_Тимерево_Ae_немецкая.tif,Тимерево_Ae_курганы_поврежденные.geojson,kurgany_povrezhdennye,2,курганы_поврежденные,20,kurgany_povrezhdennye;kurgany_tselye,516,516,516,212.588499136476,257.5069495561206,True,False,False,32578,43321,True,190357,True,0,False,0,False,0,False
001271,027_ТИМЕРЕВО,Ae,01_Тимерево_Ae_немецкая.tif,Тимерево_Ae_курганы_поврежденные.geojson,kurgany_povrezhdennye,2,курганы_поврежденные,11,kurgany_povrezhdennye;kurgany_tselye,310,310,310,144.85023474270028,154.8149147598458,True,False,False,13242,14525,True,68333,True,0,False,0,False,0,False
001272,027_ТИМЕРЕВО,Ae,01_Тимерево_Ae_немецкая.tif,Тимерево_Ae_курганы_поврежденные.geojson,kurgany_povrezhdennye,2,курганы_поврежденные,20,kurgany_povrezhdennye;kurgany_tselye,522,522,522,253.61494506663348,260.5617785808891,True,False,False,19720,25856,True,226908,True,0,False,0,False,0,False
001273,027_ТИМЕРЕВО,Ae,01_Тимерево_Ae_немецкая.tif,Тимерево_Ae_курганы_поврежденные.geojson,kurgany_povrezhdennye,2,курганы_поврежденные,13,kurgany_povrezhdennye;kurgany_tselye,524,524,524,227.02722262594128,261.5202976588193,True,False,False,19188,16403,True,238985,True,0,False,0,False,0,False
001274,027_ТИМЕРЕВО,Ae,01_Тимерево_Ae_немецкая.tif,Тимерево_Ae_курганы_поврежденные.geojson,kurgany_povrezhdennye,2,курганы_поврежденные,11,kurgany_povrezhdennye;kurgany_tselye,418,418,418,195.91701129715892,208.4756555940596,True,False,False,4126,32029,True,138569,True,0,False,0,False,0,False
001275,027_ТИМЕРЕВО,Ae,01_Тимерево_Ae_немецкая.tif,Тимерево_Ae_курганы_поврежденные.geojson,kurgany_povrezhdennye,2,курганы_поврежденные,11,kurgany_povrezhdennye;kurgany_tselye,338,338,338,142.99705033649826,168.61603431652543,True,False,False,6244,30363,True,77637,True,0,False,0,False,0,False
001276,027_ТИМЕРЕВО,Ae,01_Тимерево_Ae_немецкая.tif,Тимерево_Ae_курганы_поврежденные.geojson,kurgany_povrezhdennye,2,курганы_поврежденные,14,kurgany_povrezhdennye;kurgany_tselye,412,412,412,147.1818712342789,205.09734233503005,True,False,False,22033,61169,True,86542,True,0,False,0,False,0,False
001277,027_ТИМЕРЕВО,Ae,01_Тимерево_Ae_немецкая.tif,Тимерево_Ae_курганы_поврежденные.geojson,kurgany_povrezhdennye,2,курганы_поврежденные,12,kurgany_povrezhdennye;kurgany_tselye,424,424,424,180.19058015270969,211.0262515731013,True,False,False,16192,62956,True,100628,True,0,False,0,False,0,False
001278,027_ТИМЕРЕВО,Ae,01_Тимерево_Ae_немецкая.tif,Тимерево_Ae_курганы_поврежденные.geojson,kurgany_povrezhdennye,2,курганы_поврежденные,11,kurgany_povrezhdennye;kurgany_tselye,362,362,362,180.30694512791075,176.50238948423294,True,False,False,13976,17844,True,99224,True,0,False,0,False,0,False
001279,027_ТИМЕРЕВО,Ae,01_Тимерево_Ae_немецкая.tif,Тимерево_Ae_курганы_поврежденные.geojson,kurgany_povrezhdennye,2,курганы_поврежденные,14,kurgany_povrezhdennye;kurgany_tselye,486,486,486,197.14060865079247,242.0988761258996,True,False,False,28303,18810,True,189083,True,0,False,0,False,0,False
001280,027_ТИМЕРЕВО,Ae,01_Тимерево_Ae_немецкая.tif,Тимерево_Ae_курганы_поврежденные.geojson,kurgany_povrezhdennye,2,курганы_поврежденные,11,kurgany_povrezhdennye;kurgany_tselye,372,372,372,142.965312079018,185.215157961421,True,False,False,21678,2278,True,114428,True,0,False,0,False,0,False
001281,027_ТИМЕРЕВО,Ae,01_Тимерево_Ae_немецкая.tif,Тимерево_Ae_курганы_поврежденные.geojson,kurgany_povrezhdennye,2,курганы_поврежденные,13,kurgany_povrezhdennye;kurgany_tselye,344,344,344,171.98478877194154,154.7000844057657,True,False,False,16868,16668,True,84800,True,0,False,0,False,0,False
001282,027_ТИМЕРЕВО,Ae,01_Тимерево_Ae_немецкая.tif,Тимерево_Ae_курганы_поврежденные.geojson,kurgany_povrezhdennye,2,курганы_поврежденные,17,kurgany_povrezhdennye;kurgany_tselye,586,586,586,292.4389792758019,286.2592358999983,True,False,False,40756,17581,True,285059,True,0,False,0,False,0,False
001283,027_ТИМЕРЕВО,Ae,01_Тимерево_Ae_немецкая.tif,Тимерево_Ae_курганы_поврежденные.geojson,kurgany_povrezhdennye,2,курганы_поврежденные,22,kurgany_povrezhdennye;kurgany_tselye,646,646,646,281.8144057345702,322.03303537683604,True,False,False,49117,45038,True,323161,True,0,False,0,False,0,False
001284,027_ТИМЕРЕВО,Ae,01_Тимерево_Ae_немецкая.tif,Тимерево_Ae_курганы_поврежденные.geojson,kurgany_povrezhdennye,2,курганы_поврежденные,14,kurgany_povrezhdennye;kurgany_tselye,496,496,496,239.39130240294224,247.60857361693343,True,False,False,31212,22017,True,192787,True,0,False,0,False,0,False
001285,027_ТИМЕРЕВО,Ae,01_Тимерево_Ae_немецкая.tif,Тимерево_Ae_курганы_поврежденные.geojson,kurgany_povrezhdennye,2,курганы_поврежденные,12,kurgany_povrezhdennye;kurgany_tselye,500,500,500,249.30370283750636,233.75298226199703,True,False,False,11456,67872,True,170672,True,0,False,0,False,0,False
001286,027_ТИМЕРЕВО,Ae,01_Тимерево_Ae_немецкая.tif,Тимерево_Ae_курганы_поврежденные.geojson,kurgany_povrezhdennye,2,курганы_поврежденные,5,kurgany_povrezhdennye;kurgany_tselye,474,474,474,188.46437406856003,236.8201418364295,True,False,False,120903,64538,True,39235,True,0,False,0,False,0,False
001287,027_ТИМЕРЕВО,Ae,01_Тимерево_Ae_немецкая.tif,Тимерево_Ae_курганы_поврежденные.geojson,kurgany_povrezhdennye,2,курганы_поврежденные,2,kurgany_povrezhdennye,362,362,362,144.52760400398017,180.86213359284432,True,False,False,100697,0,False,30347,True,0,False,0,False,0,False
001288,027_ТИМЕРЕВО,Ae,01_Тимерево_Ae_немецкая.tif,Тимерево_Ae_курганы_поврежденные.geojson,kurgany_povrezhdennye,2,курганы_поврежденные,13,kurgany_povrezhdennye;kurgany_tselye,556,556,556,214.4410032888208,277.537852766765,True,False,False,60690,135660,True,112786,True,0,False,0,False,0,False
001289,027_ТИМЕРЕВО,Ae,01_Тимерево_Ae_немецкая.tif,Тимерево_Ae_курганы_поврежденные.geojson,kurgany_povrezhdennye,2,курганы_поврежденные,4,kurgany_povrezhdennye;kurgany_tselye,326,326,326,136.67291317899665,162.39509865938274,True,False,False,62883,4931,True,38462,True,0,False,0,False,0,False
001290,027_ТИМЕРЕВО,Ae,01_Тимерево_Ae_немецкая.tif,Тимерево_Ae_курганы_поврежденные.geojson,kurgany_povrezhdennye,2,курганы_поврежденные,8,kurgany_povrezhdennye;kurgany_tselye,414,414,414,185.85634022252597,206.15618573487896,True,False,False,53965,29009,True,88422,True,0,False,0,False,0,False
001291,027_ТИМЕРЕВО,Ae,01_Тимерево_Ae_немецкая.tif,Тимерево_Ae_курганы_поврежденные.geojson,kurgany_povrezhdennye,2,курганы_поврежденные,6,kurgany_povrezhdennye;kurgany_tselye,286,286,286,142.5629313144862,138.0233706668986,True,False,False,31496,14155,True,36145,True,0,False,0,False,0,False
001292,027_ТИМЕРЕВО,Ae,01_Тимерево_Ae_немецкая.tif,Тимерево_Ae_курганы_поврежденные.geojson,kurgany_povrezhdennye,2,курганы_поврежденные,7,kurgany_povrezhdennye;kurgany_tselye,302,302,302,99.60721905038814,150.34368795506074,True,False,False,32166,34675,True,24363,True,0,False,0,False,0,False
001293,027_ТИМЕРЕВО,Ae,01_Тимерево_Ae_немецкая.tif,Тимерево_Ae_курганы_поврежденные.geojson,kurgany_povrezhdennye,2,курганы_поврежденные,12,kurgany_povrezhdennye;kurgany_tselye,658,658,658,252.71076766030515,328.2416187854532,True,False,False,140274,172277,True,120413,True,0,False,0,False,0,False
001294,027_ТИМЕРЕВО,Ae,01_Тимерево_Ae_немецкая.tif,Тимерево_Ae_курганы_поврежденные.geojson,kurgany_povrezhdennye,2,курганы_поврежденные,9,kurgany_povrezhdennye;kurgany_tselye,614,614,614,220.5545638000028,306.7077982136436,True,False,False,172700,116343,True,87953,True,0,False,0,False,0,False
001295,027_ТИМЕРЕВО,Ae,01_Тимерево_Ae_немецкая.tif,Тимерево_Ae_курганы_поврежденные.geojson,kurgany_povrezhdennye,2,курганы_поврежденные,11,kurgany_povrezhdennye;kurgany_tselye,496,496,496,184.15135570168547,247.2598256666413,True,False,False,34094,114917,True,97005,True,0,False,0,False,0,False
001296,027_ТИМЕРЕВО,Ae,01_Тимерево_Ae_немецкая.tif,Тимерево_Ae_курганы_поврежденные.geojson,kurgany_povrezhdennye,2,курганы_поврежденные,12,kurgany_povrezhdennye;kurgany_tselye,386,386,386,184.13538614483784,192.31530986957011,True,False,False,10549,50638,True,87809,True,0,False,0,False,0,False
001297,027_ТИМЕРЕВО,Ae,01_Тимерево_Ae_немецкая.tif,Тимерево_Ae_курганы_поврежденные.geojson,kurgany_povrezhdennye,2,курганы_поврежденные,9,kurgany_povrezhdennye;kurgany_tselye,332,332,332,154.66625162874007,165.54280428275578,True,False,False,2102,17911,True,90211,True,0,False,0,False,0,False
001298,027_ТИМЕРЕВО,Ae,01_Тимерево_Ae_немецкая.tif,Тимерево_Ae_курганы_поврежденные.geojson,kurgany_povrezhdennye,2,курганы_поврежденные,10,kurgany_povrezhdennye;kurgany_tselye,350,350,350,146.95779206226,174.6790157433588,True,False,False,8820,39727,True,73953,True,0,False,0,False,0,False
001299,027_ТИМЕРЕВО,Ae,01_Тимерево_Ae_немецкая.tif,Тимерево_Ae_курганы_поврежденные.geojson,kurgany_povrezhdennye,2,курганы_поврежденные,11,kurgany_povrezhdennye;kurgany_tselye,326,326,326,132.3437330208337,162.4352866983793,True,False,False,7700,19941,True,78635,True,0,False,0,False,0,False
001300,027_ТИМЕРЕВО,Ae,01_Тимерево_Ae_немецкая.tif,Тимерево_Ae_курганы_поврежденные.geojson,kurgany_povrezhdennye,2,курганы_поврежденные,9,kurgany_povrezhdennye,338,338,338,161.70664964131765,168.5263892255458,True,False,False,38975,0,False,75269,True,0,False,0,False,0,False
001301,027_ТИМЕРЕВО,Ae,01_Тимерево_Ae_немецкая.tif,Тимерево_Ae_курганы_поврежденные.geojson,kurgany_povrezhdennye,2,курганы_поврежденные,14,kurgany_povrezhdennye;kurgany_tselye,532,532,532,214.2968306666708,265.47490101430714,True,False,False,32749,99295,True,150980,True,0,False,0,False,0,False
001302,027_ТИМЕРЕВО,Ae,01_Тимерево_Ae_немецкая.tif,Тимерево_Ae_курганы_поврежденные.geojson,kurgany_povrezhdennye,2,курганы_поврежденные,11,kurgany_povrezhdennye;kurgany_tselye,404,404,404,156.63093825760356,201.12408403352944,True,False,False,29454,36238,True,97524,True,0,False,0,False,0,False
001303,027_ТИМЕРЕВО,Ae,01_Тимерево_Ae_немецкая.tif,Тимерево_Ae_курганы_поврежденные.geojson,kurgany_povrezhdennye,2,курганы_поврежденные,6,kurgany_povrezhdennye;kurgany_tselye,284,284,284,139.5705396382962,141.36325948634234,True,False,False,19110,35291,True,26255,True,0,False,0,False,0,False
001304,027_ТИМЕРЕВО,Ae,01_Тимерево_Ae_немецкая.tif,Тимерево_Ae_курганы_поврежденные.geojson,kurgany_povrezhdennye,2,курганы_поврежденные,7,kurgany_povrezhdennye;kurgany_tselye,298,298,298,142.6925636897409,148.77203365620682,True,False,False,15896,36675,True,36233,True,0,False,0,False,0,False
001305,027_ТИМЕРЕВО,Ae,01_Тимерево_Ae_немецкая.tif,Тимерево_Ae_курганы_поврежденные.geojson,kurgany_povrezhdennye,2,курганы_поврежденные,13,kurgany_povrezhdennye;kurgany_tselye,536,536,536,178.84034530519875,267.98474089355426,True,False,False,51595,98803,True,136898,True,0,False,0,False,0,False
001306,027_ТИМЕРЕВО,Ae,01_Тимерево_Ae_немецкая.tif,Тимерево_Ae_курганы_поврежденные.geojson,kurgany_povrezhdennye,2,курганы_поврежденные,14,kurgany_povrezhdennye;kurgany_tselye,410,410,410,166.54484784223146,204.3469633756471,True,False,False,16420,49502,True,102178,True,0,False,0,False,0,False
001307,027_ТИМЕРЕВО,Ae,01_Тимерево_Ae_немецкая.tif,Тимерево_Ae_курганы_поврежденные.geojson,kurgany_povrezhdennye,2,курганы_поврежденные,13,kurgany_povrezhdennye;kurgany_tselye,460,460,460,192.84283784280643,229.64282178666576,True,False,False,20803,63816,True,126981,True,0,False,0,False,0,False
001308,027_ТИМЕРЕВО,Ae,01_Тимерево_Ae_немецкая.tif,Тимерево_Ae_курганы_поврежденные.geojson,kurgany_povrezhdennye,2,курганы_поврежденные,7,kurgany_povrezhdennye,502,502,502,204.6268794122598,250.6610384644073,True,False,False,136109,0,False,115895,True,0,False,0,False,0,False
001309,027_ТИМЕРЕВО,Ae,01_Тимерево_Ae_немецкая.tif,Тимерево_Ae_курганы_поврежденные.geojson,kurgany_povrezhdennye,2,курганы_поврежденные,14,kurgany_povrezhdennye;kurgany_tselye,686,686,686,248.75884408113424,342.9151240703268,True,False,False,124634,59051,True,286911,True,0,False,0,False,0,False
001310,027_ТИМЕРЕВО,Ae,01_Тимерево_Ae_немецкая.tif,Тимерево_Ae_курганы_поврежденные.geojson,kurgany_povrezhdennye,2,курганы_поврежденные,10,kurgany_povrezhdennye,452,452,452,180.21274116654345,225.9805791749893,True,False,False,24166,0,False,180138,True,0,False,0,False,0,False
001311,027_ТИМЕРЕВО,Ae,01_Тимерево_Ae_немецкая.tif,Тимерево_Ae_курганы_поврежденные.geojson,kurgany_povrezhdennye,2,курганы_поврежденные,4,kurgany_povrezhdennye,354,354,354,151.73931042720054,176.40937599348217,True,False,False,66666,0,False,58650,True,0,False,0,False,0,False
001312,027_ТИМЕРЕВО,Ae,01_Тимерево_Ae_немецкая.tif,Тимерево_Ae_курганы_поврежденные.geojson,kurgany_povrezhdennye,2,курганы_поврежденные,6,kurgany_povrezhdennye,380,380,380,142.69435093936858,189.72704131753267,True,False,False,61847,0,False,82553,True,0,False,0,False,0,False
001313,027_ТИМЕРЕВО,Ae,01_Тимерево_Ae_немецкая.tif,Тимерево_Ae_курганы_поврежденные.geojson,kurgany_povrezhdennye,2,курганы_поврежденные,8,kurgany_povrezhdennye,416,416,416,175.78375966096786,207.11403241855928,True,False,False,45872,0,False,127184,True,0,False,0,False,0,False
001314,027_ТИМЕРЕВО,Ae,01_Тимерево_Ae_немецкая.tif,Тимерево_Ae_курганы_поврежденные.geojson,kurgany_povrezhdennye,2,курганы_поврежденные,29,kurgany_povrezhdennye;kurgany_tselye,974,974,974,377.8347914969679,486.35138667942965,True,False,False,182075,60851,True,705750,True,0,False,0,False,0,False
001315,027_ТИМЕРЕВО,Ae,01_Тимерево_Ae_немецкая.tif,Тимерево_Ae_курганы_поврежденные.geojson,kurgany_povrezhdennye,2,курганы_поврежденные,29,kurgany_povrezhdennye;kurgany_tselye,886,886,886,341.43158768885945,442.8691266659068,True,False,False,79148,60013,True,645835,True,0,False,0,False,0,False
001316,027_ТИМЕРЕВО,Ae,01_Тимерево_Ae_немецкая.tif,Тимерево_Ae_курганы_поврежденные.geojson,kurgany_povrezhdennye,2,курганы_поврежденные,11,kurgany_povrezhdennye;kurgany_tselye,474,474,474,197.7397976540074,236.6701050068039,True,False,False,55591,2336,True,166749,True,0,False,0,False,0,False
001317,027_ТИМЕРЕВО,Ae,01_Тимерево_Ae_немецкая.tif,Тимерево_Ae_курганы_поврежденные.geojson,kurgany_povrezhdennye,2,курганы_поврежденные,10,kurgany_povrezhdennye;kurgany_tselye,508,508,508,219.62623000175657,253.8646820883006,True,False,False,70255,45756,True,142053,True,0,False,0,False,0,False
001318,027_ТИМЕРЕВО,Ae,01_Тимерево_Ae_немецкая.tif,Тимерево_Ae_курганы_поврежденные.geojson,kurgany_povrezhdennye,2,курганы_поврежденные,10,kurgany_povrezhdennye;kurgany_tselye,452,452,452,127.2118553985658,225.49880805002115,True,False,False,44394,39620,True,120290,True,0,False,0,False,0,False
001319,027_ТИМЕРЕВО,Ae,01_Тимерево_Ae_немецкая.tif,Тимерево_Ae_курганы_поврежденные.geojson,kurgany_povrezhdennye,2,курганы_поврежденные,8,kurgany_povrezhdennye;kurgany_tselye,348,348,348,128.04702347033398,173.29931866451298,True,False,False,30351,4103,True,86650,True,0,False,0,False,0,False
001320,027_ТИМЕРЕВО,Ae,01_Тимерево_Ae_немецкая.tif,Тимерево_Ae_курганы_поврежденные.geojson,kurgany_povrezhdennye,2,курганы_поврежденные,10,kurgany_povrezhdennye;kurgany_tselye,396,396,396,136.8027301268275,197.248643076092,True,False,False,37716,17,True,119083,True,0,False,0,False,0,False
001321,027_ТИМЕРЕВО,Ae,01_Тимерево_Ae_немецкая.tif,Тимерево_Ae_курганы_поврежденные.geojson,kurgany_povrezhdennye,2,курганы_поврежденные,11,kurgany_povrezhdennye;kurgany_tselye,346,346,346,157.08230079340473,172.18310126969138,True,False,False,2080,19006,True,98630,True,0,False,0,False,0,False
001322,027_ТИМЕРЕВО,Ae,01_Тимерево_Ae_немецкая.tif,Тимерево_Ae_курганы_поврежденные.geojson,kurgany_povrezhdennye,2,курганы_поврежденные,17,kurgany_povrezhdennye;kurgany_tselye,516,516,516,165.77334282352942,257.3164699599243,True,False,False,19390,92713,True,154153,True,0,False,0,False,0,False
001323,027_ТИМЕРЕВО,Ae,01_Тимерево_Ae_немецкая.tif,Тимерево_Ae_курганы_поврежденные.geojson,kurgany_povrezhdennye,2,курганы_поврежденные,11,kurgany_povrezhdennye;kurgany_tselye,390,390,390,156.69632076150262,194.4090271457337,True,False,False,17848,26262,True,107990,True,0,False,0,False,0,False
001324,027_ТИМЕРЕВО,Ae,01_Тимерево_Ae_немецкая.tif,Тимерево_Ae_курганы_поврежденные.geojson,kurgany_povrezhdennye,2,курганы_поврежденные,11,kurgany_povrezhdennye;kurgany_tselye,382,382,382,153.8632004977552,190.53099582689623,True,False,False,15171,76977,True,53776,True,0,False,0,False,0,False
001325,027_ТИМЕРЕВО,Ae,01_Тимерево_Ae_немецкая.tif,Тимерево_Ae_курганы_поврежденные.geojson,kurgany_povrezhdennye,2,курганы_поврежденные,10,kurgany_povrezhdennye;kurgany_tselye,350,350,350,174.94644565112344,162.3197697823363,True,False,False,10507,61544,True,50449,True,0,False,0,False,0,False
001326,027_ТИМЕРЕВО,Ae,01_Тимерево_Ae_немецкая.tif,Тимерево_Ae_курганы_поврежденные.geojson,kurgany_povrezhdennye,2,курганы_поврежденные,10,kurgany_povrezhdennye;kurgany_tselye,392,392,392,145.55801303432358,195.25565043775543,True,False,False,10822,68886,True,73956,True,0,False,0,False,0,False
001327,027_ТИМЕРЕВО,Ae,01_Тимерево_Ae_немецкая.tif,Тимерево_Ae_курганы_поврежденные.geojson,kurgany_povrezhdennye,2,курганы_поврежденные,10,kurgany_povrezhdennye;kurgany_tselye,552,552,552,187.62982960944456,275.0485149413114,True,False,False,172164,17808,True,114732,True,0,False,0,False,0,False
001328,027_ТИМЕРЕВО,Ae,01_Тимерево_Ae_немецкая.tif,Тимерево_Ae_курганы_поврежденные.geojson,kurgany_povrezhdennye,2,курганы_поврежденные,8,kurgany_povrezhdennye;kurgany_tselye,376,376,376,175.23691173653992,187.53948170820144,True,False,False,31461,29642,True,80273,True,0,False,0,False,0,False
001329,027_ТИМЕРЕВО,Ae,01_Тимерево_Ae_немецкая.tif,Тимерево_Ae_курганы_поврежденные.geojson,kurgany_povrezhdennye,2,курганы_поврежденные,8,kurgany_povrezhdennye;kurgany_tselye,382,382,382,142.17845523041598,190.49224120262176,True,False,False,48145,216,True,97563,True,0,False,0,False,0,False
001330,027_ТИМЕРЕВО,Ae,01_Тимерево_Ae_немецкая.tif,Тимерево_Ae_курганы_поврежденные.geojson,kurgany_povrezhdennye,2,курганы_поврежденные,6,kurgany_povrezhdennye,274,274,274,136.89946295842628,127.08471028293874,True,False,False,21343,0,False,53733,True,0,False,0,False,0,False
001331,027_ТИМЕРЕВО,Ae,01_Тимерево_Ae_немецкая.tif,Тимерево_Ae_курганы_поврежденные.geojson,kurgany_povrezhdennye,2,курганы_поврежденные,13,kurgany_povrezhdennye;kurgany_tselye,432,432,432,201.47080563851057,215.17250079177973,True,False,False,22732,34509,True,129383,True,0,False,0,False,0,False
001332,027_ТИМЕРЕВО,Ae,01_Тимерево_Ae_немецкая.tif,Тимерево_Ae_курганы_поврежденные.geojson,kurgany_povrezhdennye,2,курганы_поврежденные,8,kurgany_povrezhdennye;kurgany_tselye,292,292,292,145.59038802104632,130.84711186413608,True,False,False,18609,7995,True,58660,True,0,False,0,False,0,False
001333,027_ТИМЕРЕВО,Ae,01_Тимерево_Ae_немецкая.tif,Тимерево_Ae_курганы_поврежденные.geojson,kurgany_povrezhdennye,2,курганы_поврежденные,9,kurgany_povrezhdennye;kurgany_tselye,298,298,298,114.39962469560504,148.84995412210557,True,False,False,15864,15653,True,57287,True,0,False,0,False,0,False
001334,027_ТИМЕРЕВО,Ae,01_Тимерево_Ae_немецкая.tif,Тимерево_Ae_курганы_поврежденные.geojson,kurgany_povrezhdennye,2,курганы_поврежденные,9,kurgany_povrezhdennye;kurgany_tselye,256,256,256,100.46171909262408,123.78478523237976,True,False,False,6699,14914,True,43923,True,0,False,0,False,0,False
001335,027_ТИМЕРЕВО,Ae,01_Тимерево_Ae_немецкая.tif,Тимерево_Ae_курганы_поврежденные.geojson,kurgany_povrezhdennye,2,курганы_поврежденные,9,kurgany_povrezhdennye;kurgany_tselye,256,256,256,87.42506769220785,90.16124491798978,True,False,False,6229,30977,True,28330,True,0,False,0,False,0,False
001336,027_ТИМЕРЕВО,Ae,01_Тимерево_Ae_немецкая.tif,Тимерево_Ae_курганы_поврежденные.geojson,kurgany_povrezhdennye,2,курганы_поврежденные,10,kurgany_povrezhdennye;kurgany_tselye,284,284,284,128.6593187175999,141.71046563162648,True,False,False,7490,14857,True,58309,True,0,False,0,False,0,False
001337,027_ТИМЕРЕВО,Ae,01_Тимерево_Ae_немецкая.tif,Тимерево_Ae_курганы_поврежденные.geojson,kurgany_povrezhdennye,2,курганы_поврежденные,12,kurgany_povrezhdennye;kurgany_tselye,312,312,312,155.5853982310164,150.0957097670736,True,False,False,11637,642,True,85065,True,0,False,0,False,0,False
001338,027_ТИМЕРЕВО,Ae,01_Тимерево_Ae_немецкая.tif,Тимерево_Ae_курганы_поврежденные.geojson,kurgany_povrezhdennye,2,курганы_поврежденные,7,kurgany_povrezhdennye,262,262,262,117.39324314514607,130.7319268179283,True,False,False,4470,0,False,64174,True,0,False,0,False,0,False
001339,027_ТИМЕРЕВО,Ae,01_Тимерево_Ae_немецкая.tif,Тимерево_Ae_курганы_поврежденные.geojson,kurgany_povrezhdennye,2,курганы_поврежденные,16,kurgany_povrezhdennye;kurgany_tselye,420,420,420,189.6414399173905,209.70250424919251,True,False,False,20977,24825,True,130598,True,0,False,0,False,0,False
001340,027_ТИМЕРЕВО,Ae,01_Тимерево_Ae_немецкая.tif,Тимерево_Ae_курганы_поврежденные.geojson,kurgany_povrezhdennye,2,курганы_поврежденные,12,kurgany_povrezhdennye;kurgany_tselye,312,312,312,140.23167094645137,155.5468668505106,True,False,False,10732,12435,True,74177,True,0,False,0,False,0,False
001341,027_ТИМЕРЕВО,Ae,01_Тимерево_Ae_немецкая.tif,Тимерево_Ae_курганы_поврежденные.geojson,kurgany_povrezhdennye,2,курганы_поврежденные,24,kurgany_povrezhdennye;kurgany_tselye,642,642,642,274.6678554485075,320.8007492949227,True,False,False,64349,143979,True,203836,True,0,False,0,False,0,False
001342,027_ТИМЕРЕВО,Ae,01_Тимерево_Ae_немецкая.tif,Тимерево_Ae_курганы_поврежденные.geojson,kurgany_povrezhdennye,2,курганы_поврежденные,18,kurgany_povrezhdennye;kurgany_tselye,460,460,460,180.66089504188577,229.9332956449177,True,False,False,30303,1553,True,179744,True,0,False,0,False,0,False
001343,027_ТИМЕРЕВО,Ae,01_Тимерево_Ae_немецкая.tif,Тимерево_Ae_курганы_поврежденные.geojson,kurgany_povrezhdennye,2,курганы_поврежденные,7,kurgany_povrezhdennye;kurgany_tselye,500,500,500,195.29137485650628,249.68386708260763,True,False,False,101387,104668,True,43945,True,0,False,0,False,0,False
001344,027_ТИМЕРЕВО,Ae,01_Тимерево_Ae_немецкая.tif,Тимерево_Ae_курганы_поврежденные.geojson,kurgany_povrezhdennye,2,курганы_поврежденные,12,kurgany_povrezhdennye,576,576,576,273.17456506564093,287.5291413375655,True,False,False,104849,0,False,226927,True,0,False,0,False,0,False
001345,027_ТИМЕРЕВО,Ae,01_Тимерево_Ae_немецкая.tif,Тимерево_Ae_курганы_поврежденные.geojson,kurgany_povrezhdennye,2,курганы_поврежденные,13,kurgany_povrezhdennye;kurgany_tselye,418,418,418,202.00408682994347,208.34471811061908,True,False,False,15164,13558,True,146002,True,0,False,0,False,0,False
001346,027_ТИМЕРЕВО,Ae,01_Тимерево_Ae_немецкая.tif,Тимерево_Ae_курганы_поврежденные.geojson,kurgany_povrezhdennye,2,курганы_поврежденные,14,kurgany_povrezhdennye;kurgany_tselye,578,578,578,228.20680106571768,288.0092960533864,True,False,False,42717,8430,True,282937,True,0,False,0,False,0,False
001347,027_ТИМЕРЕВО,Ae,01_Тимерево_Ae_немецкая.tif,Тимерево_Ae_курганы_поврежденные.geojson,kurgany_povrezhdennye,2,курганы_поврежденные,24,kurgany_povrezhdennye;kurgany_tselye,822,822,822,302.8046000393656,410.01068038444174,True,False,False,78200,17690,True,579794,True,0,False,0,False,0,False
001348,027_ТИМЕРЕВО,Ae,01_Тимерево_Ae_немецкая.tif,Тимерево_Ae_курганы_поврежденные.geojson,kurgany_povrezhdennye,2,курганы_поврежденные,11,kurgany_povrezhdennye;kurgany_tselye,416,416,416,163.21631818261005,207.96034258539996,True,False,False,9715,13829,True,149512,True,0,False,0,False,0,False
001349,027_ТИМЕРЕВО,Ae,01_Тимерево_Ae_немецкая.tif,Тимерево_Ae_курганы_поврежденные.geojson,kurgany_povrezhdennye,2,курганы_поврежденные,11,kurgany_povrezhdennye;kurgany_tselye,354,354,354,147.57091999966144,176.48672392566323,True,False,False,20497,1002,True,103817,True,0,False,0,False,0,False
001350,027_ТИМЕРЕВО,Ae,01_Тимерево_Ae_немецкая.tif,Тимерево_Ae_курганы_поврежденные.geojson,kurgany_povrezhdennye,2,курганы_поврежденные,19,kurgany_povrezhdennye;kurgany_tselye,596,596,596,237.55788613190865,297.8194788737315,True,False,False,48230,50890,True,256096,True,0,False,0,False,0,False
001351,027_ТИМЕРЕВО,Ae,01_Тимерево_Ae_немецкая.tif,Тимерево_Ae_курганы_поврежденные.geojson,kurgany_povrezhdennye,2,курганы_поврежденные,17,kurgany_povrezhdennye;kurgany_tselye,664,664,664,266.4644971058937,331.47689774743634,True,False,False,44563,98709,True,297624,True,0,False,0,False,0,False
001352,027_ТИМЕРЕВО,Ae,01_Тимерево_Ae_немецкая.tif,Тимерево_Ae_курганы_поврежденные.geojson,kurgany_povrezhdennye,2,курганы_поврежденные,14,kurgany_povrezhdennye;kurgany_tselye,604,604,604,234.53050929811,301.84917605953825,True,False,False,28980,10272,True,325564,True,0,False,0,False,0,False
001353,027_ТИМЕРЕВО,Ae,01_Тимерево_Ae_немецкая.tif,Тимерево_Ae_курганы_поврежденные.geojson,kurgany_povrezhdennye,2,курганы_поврежденные,20,kurgany_povrezhdennye;kurgany_tselye,692,692,692,197.99714019288595,345.9468180311328,True,False,False,52810,38738,True,387316,True,0,False,0,False,0,False
001354,027_ТИМЕРЕВО,Ae,01_Тимерево_Ae_немецкая.tif,Тимерево_Ae_курганы_поврежденные.geojson,kurgany_povrezhdennye,2,курганы_поврежденные,9,kurgany_povrezhdennye,398,398,398,177.17035277234504,198.5194488811822,True,False,False,19656,0,False,138748,True,0,False,0,False,0,False
001355,027_ТИМЕРЕВО,Ae,01_Тимерево_Ae_немецкая.tif,Тимерево_Ae_курганы_поврежденные.geojson,kurgany_povrezhdennye,2,курганы_поврежденные,24,kurgany_povrezhdennye;kurgany_tselye,710,710,710,177.23477907119238,354.04877893238034,True,False,False,49602,37828,True,416670,True,0,False,0,False,0,False
001356,027_ТИМЕРЕВО,Ae,01_Тимерево_Ae_немецкая.tif,Тимерево_Ae_курганы_поврежденные.geojson,kurgany_povrezhdennye,2,курганы_поврежденные,20,kurgany_povrezhdennye;kurgany_tselye,600,600,600,217.42188690319588,299.7693472821661,True,False,False,61836,38635,True,259529,True,0,False,0,False,0,False
001357,027_ТИМЕРЕВО,Ae,01_Тимерево_Ae_немецкая.tif,Тимерево_Ae_курганы_поврежденные.geojson,kurgany_povrezhdennye,2,курганы_поврежденные,14,kurgany_povrezhdennye;kurgany_tselye,448,448,448,176.9755209703979,223.86777126963293,True,False,False,19852,28790,True,152062,True,0,False,0,False,0,False
001358,027_ТИМЕРЕВО,Ae,01_Тимерево_Ae_немецкая.tif,Тимерево_Ae_курганы_поврежденные.geojson,kurgany_povrezhdennye,2,курганы_поврежденные,14,kurgany_povrezhdennye;kurgany_tselye,502,502,502,191.4450561171269,250.7948851556052,True,False,False,28695,16820,True,206489,True,0,False,0,False,0,False
001359,027_ТИМЕРЕВО,Ae,01_Тимерево_Ae_немецкая.tif,Тимерево_Ae_курганы_поврежденные.geojson,kurgany_povrezhdennye,2,курганы_поврежденные,12,kurgany_povrezhdennye;kurgany_tselye,386,386,386,164.5508400369031,192.5098772566504,True,False,False,24174,30691,True,94131,True,0,False,0,False,0,False
001360,027_ТИМЕРЕВО,Ae,01_Тимерево_Ae_немецкая.tif,Тимерево_Ae_курганы_поврежденные.geojson,kurgany_povrezhdennye,2,курганы_поврежденные,6,kurgany_povrezhdennye,318,318,318,92.70368256077414,158.71353453264135,True,False,False,13828,0,False,87296,True,0,False,0,False,0,False
001361,027_ТИМЕРЕВО,Ae,01_Тимерево_Ae_немецкая.tif,Тимерево_Ae_курганы_поврежденные.geojson,kurgany_povrezhdennye,2,курганы_поврежденные,11,kurgany_povrezhdennye;kurgany_tselye,440,440,440,154.16980843837555,219.3210377320328,True,False,False,54374,13083,True,126143,True,0,False,0,False,0,False
001362,027_ТИМЕРЕВО,Ae,01_Тимерево_Ae_немецкая.tif,Тимерево_Ae_курганы_поврежденные.geojson,kurgany_povrezhdennye,2,курганы_поврежденные,16,kurgany_povrezhdennye;kurgany_tselye,524,524,524,177.63550966164232,261.82975205002737,True,False,False,30412,63192,True,180972,True,0,False,0,False,0,False
001363,027_ТИМЕРЕВО,Ae,01_Тимерево_Ae_немецкая.tif,Тимерево_Ae_курганы_поврежденные.geojson,kurgany_povrezhdennye,2,курганы_поврежденные,17,kurgany_povrezhdennye;kurgany_tselye,510,510,510,169.4906222377385,254.32458812562408,True,False,False,51555,55897,True,152648,True,0,False,0,False,0,False
001364,027_ТИМЕРЕВО,Ae,01_Тимерево_Ae_немецкая.tif,Тимерево_Ae_курганы_поврежденные.geojson,kurgany_povrezhdennye,2,курганы_поврежденные,16,kurgany_povrezhdennye;kurgany_tselye,488,488,488,145.73545378805534,243.1154599840337,True,False,False,50967,60632,True,126545,True,0,False,0,False,0,False
001365,027_ТИМЕРЕВО,Ae,01_Тимерево_Ae_немецкая.tif,Тимерево_Ae_курганы_поврежденные.geojson,kurgany_povrezhdennye,2,курганы_поврежденные,10,kurgany_povrezhdennye;kurgany_tselye,402,402,402,200.03867787444423,168.25222017889934,True,False,False,10192,18436,True,132976,True,0,False,0,False,0,False
001366,027_ТИМЕРЕВО,Ae,01_Тимерево_Ae_немецкая.tif,Тимерево_Ae_курганы_поврежденные.geojson,kurgany_povrezhdennye,2,курганы_поврежденные,10,kurgany_povrezhdennye;kurgany_tselye,420,420,420,175.36528306248294,209.1116214707569,True,False,False,38859,189,True,137352,True,0,False,0,False,0,False
001367,027_ТИМЕРЕВО,Ae,01_Тимерево_Ae_немецкая.tif,Тимерево_Ae_курганы_поврежденные.geojson,kurgany_povrezhdennye,2,курганы_поврежденные,18,kurgany_povrezhdennye;kurgany_tselye,608,608,608,208.32728525666855,303.7634602491602,True,False,False,85468,18570,True,265626,True,0,False,0,False,0,False
001368,027_ТИМЕРЕВО,Ae,01_Тимерево_Ae_немецкая.tif,Тимерево_Ae_курганы_поврежденные.geojson,kurgany_povrezhdennye,2,курганы_поврежденные,17,kurgany_povrezhdennye;kurgany_tselye,574,574,574,269.2944595016851,286.49174408962455,True,False,False,18298,148154,True,163024,True,0,False,0,False,0,False
001369,027_ТИМЕРЕВО,Ae,01_Тимерево_Ae_немецкая.tif,Тимерево_Ae_курганы_поврежденные.geojson,kurgany_povrezhdennye,2,курганы_поврежденные,15,kurgany_povrezhdennye;kurgany_tselye,490,490,490,142.5340430812562,244.23349496536625,True,False,False,31608,34829,True,173663,True,0,False,0,False,0,False
001370,027_ТИМЕРЕВО,Ae,01_Тимерево_Ae_немецкая.tif,Тимерево_Ae_курганы_поврежденные.geojson,kurgany_povrezhdennye,2,курганы_поврежденные,21,kurgany_povrezhdennye;kurgany_tselye,582,582,582,200.98974689974048,290.7556293272512,True,False,False,38897,7259,True,292568,True,0,False,0,False,0,False
001371,027_ТИМЕРЕВО,Ae,01_Тимерево_Ae_немецкая.tif,Тимерево_Ae_курганы_поврежденные.geojson,kurgany_povrezhdennye,2,курганы_поврежденные,17,kurgany_povrezhdennye;kurgany_tselye,534,534,534,266.1724877881761,240.2007771857002,True,False,False,32852,26243,True,226061,True,0,False,0,False,0,False
001372,027_ТИМЕРЕВО,Ae,01_Тимерево_Ae_немецкая.tif,Тимерево_Ae_курганы_поврежденные.geojson,kurgany_povrezhdennye,2,курганы_поврежденные,11,kurgany_povrezhdennye;kurgany_tselye,434,434,434,171.6972697247821,216.52270277258697,True,False,False,21020,51269,True,116067,True,0,False,0,False,0,False
001373,027_ТИМЕРЕВО,Ae,01_Тимерево_Ae_немецкая.tif,Тимерево_Ae_курганы_поврежденные.geojson,kurgany_povrezhdennye,2,курганы_поврежденные,16,kurgany_povrezhdennye;kurgany_tselye,474,474,474,188.72479453297987,236.9001684025601,True,False,False,16861,39441,True,168374,True,0,False,0,False,0,False
001374,027_ТИМЕРЕВО,Ae,01_Тимерево_Ae_немецкая.tif,Тимерево_Ae_курганы_поврежденные.geojson,kurgany_povrezhdennye,2,курганы_поврежденные,11,kurgany_povrezhdennye;kurgany_tselye,358,358,358,171.56805695197596,178.17276392877355,True,False,False,14515,3351,True,110298,True,0,False,0,False,0,False
001375,027_ТИМЕРЕВО,Ae,01_Тимерево_Ae_немецкая.tif,Тимерево_Ae_курганы_поврежденные.geojson,kurgany_povrezhdennye,2,курганы_поврежденные,6,kurgany_povrezhdennye,258,258,258,124.36254462895116,128.8318036423292,True,False,False,6529,0,False,60035,True,0,False,0,False,0,False
001376,027_ТИМЕРЕВО,Ae,01_Тимерево_Ae_немецкая.tif,Тимерево_Ae_курганы_поврежденные.geojson,kurgany_povrezhdennye,2,курганы_поврежденные,14,kurgany_povrezhdennye,410,410,410,138.15577377906328,204.57949478284704,True,False,False,21834,0,False,146266,True,0,False,0,False,0,False
001377,027_ТИМЕРЕВО,Ae,01_Тимерево_Ae_немецкая.tif,Тимерево_Ae_курганы_поврежденные.geojson,kurgany_povrezhdennye,2,курганы_поврежденные,6,kurgany_povrezhdennye;kurgany_tselye,288,288,288,143.3700836282624,142.84088073921643,True,False,False,11973,12472,True,58499,True,0,False,0,False,0,False
001378,027_ТИМЕРЕВО,Ae,01_Тимерево_Ae_немецкая.tif,Тимерево_Ae_курганы_поврежденные.geojson,kurgany_povrezhdennye,2,курганы_поврежденные,13,kurgany_povrezhdennye;kurgany_tselye,474,474,474,203.86991295789025,236.41848659035537,True,False,False,50913,16760,True,157003,True,0,False,0,False,0,False
001379,027_ТИМЕРЕВО,Ae,01_Тимерево_Ae_немецкая.tif,Тимерево_Ae_курганы_поврежденные.geojson,kurgany_povrezhdennye,2,курганы_поврежденные,9,kurgany_povrezhdennye,352,352,352,167.0938011991567,175.2961994766905,True,False,False,21689,0,False,102215,True,0,False,0,False,0,False
001380,027_ТИМЕРЕВО,Ae,01_Тимерево_Ae_немецкая.tif,Тимерево_Ae_курганы_поврежденные.geojson,kurgany_povrezhdennye,2,курганы_поврежденные,11,kurgany_povrezhdennye,382,382,382,116.3633319466298,190.7246753914328,True,False,False,25479,0,False,120445,True,0,False,0,False,0,False
001381,027_ТИМЕРЕВО,Ae,01_Тимерево_Ae_немецкая.tif,Тимерево_Ae_курганы_поврежденные.geojson,kurgany_povrezhdennye,2,курганы_поврежденные,12,kurgany_povrezhdennye,396,396,396,166.1924122827288,197.2095961101096,True,False,False,29284,0,False,127532,True,0,False,0,False,0,False
001382,027_ТИМЕРЕВО,Ae,01_Тимерево_Ae_немецкая.tif,Тимерево_Ae_курганы_поврежденные.geojson,kurgany_povrezhdennye,2,курганы_поврежденные,15,kurgany_povrezhdennye;kurgany_tselye,532,532,532,185.32882902893448,265.3618887044321,True,False,False,55876,2061,True,225087,True,0,False,0,False,0,False
001383,027_ТИМЕРЕВО,Ae,01_Тимерево_Ae_немецкая.tif,Тимерево_Ae_курганы_поврежденные.geojson,kurgany_povrezhdennye,2,курганы_поврежденные,21,kurgany_povrezhdennye;kurgany_tselye,592,592,592,189.41763081739103,295.5458870442571,True,False,False,39262,17903,True,293299,True,0,False,0,False,0,False
001384,027_ТИМЕРЕВО,Ae,01_Тимерево_Ae_немецкая.tif,Тимерево_Ae_курганы_поврежденные.geojson,kurgany_povrezhdennye,2,курганы_поврежденные,12,kurgany_povrezhdennye;kurgany_tselye,440,440,440,148.5870364811784,219.9576065999101,True,False,False,26194,24575,True,142831,True,0,False,0,False,0,False
001385,027_ТИМЕРЕВО,Ae,01_Тимерево_Ae_немецкая.tif,Тимерево_Ae_курганы_поврежденные.geojson,kurgany_povrezhdennye,2,курганы_поврежденные,10,kurgany_povrezhdennye,360,360,360,124.02571902364788,179.82402689823525,True,False,False,19564,0,False,110036,True,0,False,0,False,0,False
001386,027_ТИМЕРЕВО,Ae,01_Тимерево_Ae_немецкая.tif,Тимерево_Ae_курганы_поврежденные.geojson,kurgany_povrezhdennye,2,курганы_поврежденные,13,kurgany_povrezhdennye,422,422,422,210.80682050709447,204.0222280761566,True,False,False,21984,0,False,156100,True,0,False,0,False,0,False
001387,027_ТИМЕРЕВО,Ae,01_Тимерево_Ae_немецкая.tif,Тимерево_Ae_курганы_поврежденные.geojson,kurgany_povrezhdennye,2,курганы_поврежденные,8,kurgany_povrezhdennye,336,336,336,167.43239849310194,164.81880408626688,True,False,False,4335,0,False,108561,True,0,False,0,False,0,False
001388,027_ТИМЕРЕВО,Ae,01_Тимерево_Ae_немецкая.tif,Тимерево_Ae_курганы_поврежденные.geojson,kurgany_povrezhdennye,2,курганы_поврежденные,11,kurgany_povrezhdennye,374,374,374,159.17567892055365,186.19322983556944,True,False,False,5722,0,False,134154,True,0,False,0,False,0,False
001389,027_ТИМЕРЕВО,Ae,01_Тимерево_Ae_немецкая.tif,Тимерево_Ae_курганы_поврежденные.geojson,kurgany_povrezhdennye,2,курганы_поврежденные,12,kurgany_povrezhdennye;kurgany_tselye,434,434,434,188.1947933161163,216.6709120088441,True,False,False,11444,603,True,176309,True,0,False,0,False,0,False
001390,027_ТИМЕРЕВО,Ae,01_Тимерево_Ae_немецкая.tif,Тимерево_Ae_курганы_поврежденные.geojson,kurgany_povrezhdennye,2,курганы_поврежденные,12,kurgany_povrezhdennye,408,408,408,160.8988277937646,203.85561036216265,True,False,False,10432,0,False,156032,True,0,False,0,False,0,False
001391,027_ТИМЕРЕВО,Ae,01_Тимерево_Ae_немецкая.tif,Тимерево_Ae_курганы_поврежденные.geojson,kurgany_povrezhdennye,2,курганы_поврежденные,14,kurgany_povrezhdennye;kurgany_tselye,490,490,490,145.33491213004373,244.61335396515005,True,False,False,8444,3086,True,228570,True,0,False,0,False,0,False
001392,027_ТИМЕРЕВО,Ae,01_Тимерево_Ae_немецкая.tif,Тимерево_Ae_курганы_поврежденные.geojson,kurgany_povrezhdennye,2,курганы_поврежденные,23,kurgany_povrezhdennye;kurgany_tselye,706,706,706,276.73216613315543,352.2841190027563,True,False,False,46999,73929,True,377508,True,0,False,0,False,0,False
001393,027_ТИМЕРЕВО,Ae,01_Тимерево_Ae_немецкая.tif,Тимерево_Ae_курганы_поврежденные.geojson,kurgany_povrezhdennye,2,курганы_поврежденные,12,kurgany_povrezhdennye;kurgany_tselye,526,526,526,202.3412468408086,262.2896609999497,True,False,False,26148,52094,True,198434,True,0,False,0,False,0,False
001394,027_ТИМЕРЕВО,Ae,01_Тимерево_Ae_немецкая.tif,Тимерево_Ae_курганы_поврежденные.geojson,kurgany_povrezhdennye,2,курганы_поврежденные,15,kurgany_povrezhdennye;kurgany_tselye,490,490,490,201.313242399594,244.1583061011076,True,False,False,42490,39800,True,157810,True,0,False,0,False,0,False
001395,027_ТИМЕРЕВО,Ae,01_Тимерево_Ae_немецкая.tif,Тимерево_Ae_курганы_поврежденные.geojson,kurgany_povrezhdennye,2,курганы_поврежденные,15,kurgany_povrezhdennye;kurgany_tselye,554,554,554,202.1171065175331,276.24701466846795,True,False,False,45906,49762,True,211248,True,0,False,0,False,0,False
001396,027_ТИМЕРЕВО,Ae,01_Тимерево_Ae_немецкая.tif,Тимерево_Ae_курганы_поврежденные.geojson,kurgany_povrezhdennye,2,курганы_поврежденные,10,kurgany_povrezhdennye;kurgany_tselye,418,418,418,198.06170481668545,208.92244395187856,True,False,False,40950,243,True,133531,True,0,False,0,False,0,False
001397,027_ТИМЕРЕВО,Ae,01_Тимерево_Ae_немецкая.tif,Тимерево_Ae_курганы_поврежденные.geojson,kurgany_povrezhdennye,2,курганы_поврежденные,8,kurgany_povrezhdennye,442,442,442,177.84712962754318,220.01764876428072,True,False,False,82176,0,False,113188,True,0,False,0,False,0,False
001398,027_ТИМЕРЕВО,Ae,01_Тимерево_Ae_немецкая.tif,Тимерево_Ae_курганы_поврежденные.geojson,kurgany_povrezhdennye,2,курганы_поврежденные,10,kurgany_povrezhdennye;kurgany_tselye,438,438,438,201.79548713405296,218.59139928507247,True,False,False,19118,25368,True,147358,True,0,False,0,False,0,False
001399,027_ТИМЕРЕВО,Ae,01_Тимерево_Ae_немецкая.tif,Тимерево_Ae_курганы_поврежденные.geojson,kurgany_povrezhdennye,2,курганы_поврежденные,20,kurgany_povrezhdennye;kurgany_tselye,656,656,656,281.6894398832321,327.7526121408018,True,False,False,47320,165369,True,217647,True,0,False,0,False,0,False
001400,027_ТИМЕРЕВО,Ae,01_Тимерево_Ae_немецкая.tif,Тимерево_Ae_курганы_поврежденные.geojson,kurgany_povrezhdennye,2,курганы_поврежденные,12,kurgany_povrezhdennye;kurgany_tselye,494,494,494,216.57042237851616,246.2255206624916,True,False,False,18793,71190,True,154053,True,0,False,0,False,0,False
001401,027_ТИМЕРЕВО,Ae,01_Тимерево_Ae_немецкая.tif,Тимерево_Ae_курганы_поврежденные.geojson,kurgany_povrezhdennye,2,курганы_поврежденные,11,kurgany_povrezhdennye;kurgany_tselye,452,452,452,165.90430690702976,225.76944170096075,True,False,False,9204,30579,True,164521,True,0,False,0,False,0,False
001402,027_ТИМЕРЕВО,Ae,01_Тимерево_Ae_немецкая.tif,Тимерево_Ae_курганы_поврежденные.geojson,kurgany_povrezhdennye,2,курганы_поврежденные,12,kurgany_povrezhdennye;kurgany_tselye,444,444,444,221.2377289959865,208.53462086661224,True,False,False,69008,6577,True,121551,True,0,False,0,False,0,False
001403,027_ТИМЕРЕВО,Ae,01_Тимерево_Ae_немецкая.tif,Тимерево_Ae_курганы_поврежденные.geojson,kurgany_povrezhdennye,2,курганы_поврежденные,9,kurgany_povrezhdennye,330,330,330,129.83788682516936,164.41608767640858,True,False,False,39508,0,False,69392,True,0,False,0,False,0,False
001404,027_ТИМЕРЕВО,Ae,01_Тимерево_Ae_немецкая.tif,Тимерево_Ae_курганы_поврежденные.geojson,kurgany_povrezhdennye,2,курганы_поврежденные,12,kurgany_povrezhdennye;kurgany_tselye,368,368,368,183.46485358954803,183.85710754611003,True,False,False,10029,13825,True,111570,True,0,False,0,False,0,False
001405,027_ТИМЕРЕВО,Ae,01_Тимерево_Ae_немецкая.tif,Тимерево_Ae_курганы_поврежденные.geojson,kurgany_povrezhdennye,2,курганы_поврежденные,12,kurgany_povrezhdennye;kurgany_tselye,358,358,358,147.7510165058433,178.67586530501958,True,False,False,18408,158,True,109598,True,0,False,0,False,0,False
001406,027_ТИМЕРЕВО,Ae,01_Тимерево_Ae_немецкая.tif,Тимерево_Ae_курганы_поврежденные.geojson,kurgany_povrezhdennye,2,курганы_поврежденные,13,kurgany_povrezhdennye;kurgany_tselye,408,408,408,200.1384439272165,203.25998732909105,True,False,False,15681,13787,True,136996,True,0,False,0,False,0,False
001407,027_ТИМЕРЕВО,Ae,01_Тимерево_Ae_немецкая.tif,Тимерево_Ae_курганы_поврежденные.geojson,kurgany_povrezhdennye,2,курганы_поврежденные,12,kurgany_povrezhdennye,344,344,344,138.85073134427745,171.30576516365844,True,False,False,16856,0,False,101480,True,0,False,0,False,0,False
001408,027_ТИМЕРЕВО,Ae,01_Тимерево_Ae_немецкая.tif,Тимерево_Ae_курганы_поврежденные.geojson,kurgany_povrezhdennye,2,курганы_поврежденные,14,kurgany_povrezhdennye;kurgany_tselye,404,404,404,181.4380415415344,201.4177113209528,True,False,False,32309,3170,True,127737,True,0,False,0,False,0,False
001409,027_ТИМЕРЕВО,Ae,01_Тимерево_Ae_немецкая.tif,Тимерево_Ae_курганы_поврежденные.geojson,kurgany_povrezhdennye,2,курганы_поврежденные,9,kurgany_povrezhdennye;kurgany_tselye,314,314,314,155.0259482524062,156.4494628861961,True,False,False,15741,8226,True,74629,True,0,False,0,False,0,False
001410,027_ТИМЕРЕВО,Ae,01_Тимерево_Ae_немецкая.tif,Тимерево_Ae_курганы_поврежденные.geojson,kurgany_povrezhdennye,2,курганы_поврежденные,17,kurgany_povrezhdennye,488,488,488,164.79449520106965,243.2012120329713,True,False,False,67238,0,False,170906,True,0,False,0,False,0,False
001411,027_ТИМЕРЕВО,Ae,01_Тимерево_Ae_немецкая.tif,Тимерево_Ae_курганы_поврежденные.geojson,kurgany_povrezhdennye,2,курганы_поврежденные,12,kurgany_povrezhdennye,500,500,500,163.8437971928586,249.62901261046989,True,False,False,121435,0,False,128565,True,0,False,0,False,0,False
001412,027_ТИМЕРЕВО,Ae,01_Тимерево_Ae_немецкая.tif,Тимерево_Ae_курганы_поврежденные.geojson,kurgany_povrezhdennye,2,курганы_поврежденные,10,kurgany_povrezhdennye,358,358,358,136.1625363981608,178.5223724896144,True,False,False,24688,0,False,103476,True,0,False,0,False,0,False
001413,027_ТИМЕРЕВО,Ae,01_Тимерево_Ae_немецкая.tif,Тимерево_Ae_курганы_поврежденные.geojson,kurgany_povrezhdennye,2,курганы_поврежденные,6,kurgany_povrezhdennye,522,522,522,211.98660731258383,260.9713237868049,True,False,False,163094,0,False,109390,True,0,False,0,False,0,False
001414,027_ТИМЕРЕВО,Ae,01_Тимерево_Ae_немецкая.tif,Тимерево_Ae_курганы_поврежденные.geojson,kurgany_povrezhdennye,2,курганы_поврежденные,10,kurgany_povrezhdennye,578,578,578,181.43749471513064,288.7795612599479,True,False,False,195247,0,False,138837,True,0,False,0,False,0,False
001415,027_ТИМЕРЕВО,Ae,01_Тимерево_Ae_немецкая.tif,Тимерево_Ae_курганы_поврежденные.geojson,kurgany_povrezhdennye,2,курганы_поврежденные,8,kurgany_povrezhdennye;kurgany_tselye,580,580,580,237.62594963105423,289.7228906147441,True,False,False,207456,1147,True,127797,True,0,False,0,False,0,False
001416,027_ТИМЕРЕВО,Ae,01_Тимерево_Ae_немецкая.tif,Тимерево_Ae_курганы_поврежденные.geojson,kurgany_povrezhdennye,2,курганы_поврежденные,6,kurgany_povrezhdennye,290,290,290,139.84966526083196,144.302157673162,True,False,False,22075,0,False,62025,True,0,False,0,False,0,False
001417,027_ТИМЕРЕВО,Ae,01_Тимерево_Ae_немецкая.tif,Тимерево_Ae_курганы_поврежденные.geojson,kurgany_povrezhdennye,2,курганы_поврежденные,7,kurgany_povrezhdennye;kurgany_tselye,256,256,256,122.94865213956597,118.31749934152522,True,False,False,5930,10809,True,48797,True,0,False,0,False,0,False
001418,027_ТИМЕРЕВО,Ae,01_Тимерево_Ae_немецкая.tif,Тимерево_Ae_курганы_поврежденные.geojson,kurgany_povrezhdennye,2,курганы_поврежденные,10,kurgany_povrezhdennye;kurgany_tselye,364,364,364,150.88932734144882,181.51489499164128,True,False,False,38920,21621,True,71955,True,0,False,0,False,0,False
001419,027_ТИМЕРЕВО,Ae,01_Тимерево_Ae_немецкая.tif,Тимерево_Ae_курганы_поврежденные.geojson,kurgany_povrezhdennye,2,курганы_поврежденные,13,kurgany_povrezhdennye;kurgany_tselye,382,382,382,160.0953075999481,190.57422884236544,True,False,False,37682,123,True,108119,True,0,False,0,False,0,False
001420,027_ТИМЕРЕВО,Ae,01_Тимерево_Ae_немецкая.tif,Тимерево_Ae_курганы_поврежденные.geojson,kurgany_povrezhdennye,2,курганы_поврежденные,15,kurgany_povrezhdennye;kurgany_tselye,516,516,516,231.2338084256874,257.1482248521246,True,False,False,53385,108434,True,104437,True,0,False,0,False,0,False
001421,027_ТИМЕРЕВО,Ae,01_Тимерево_Ae_немецкая.tif,Тимерево_Ae_курганы_поврежденные.geojson,kurgany_povrezhdennye,2,курганы_поврежденные,12,kurgany_povrezhdennye;kurgany_tselye,390,390,390,181.5182902894296,194.68255858288236,True,False,False,24274,27524,True,100302,True,0,False,0,False,0,False
001422,027_ТИМЕРЕВО,Ae,01_Тимерево_Ae_немецкая.tif,Тимерево_Ae_курганы_поврежденные.geojson,kurgany_povrezhdennye,2,курганы_поврежденные,6,kurgany_povrezhdennye,286,286,286,142.60042064804972,133.34322451935128,True,False,False,35829,0,False,45967,True,0,False,0,False,0,False
001423,027_ТИМЕРЕВО,Ae,01_Тимерево_Ae_немецкая.tif,Тимерево_Ae_курганы_поврежденные.geojson,kurgany_povrezhdennye,2,курганы_поврежденные,7,kurgany_povrezhdennye,284,284,284,141.52353818635405,135.0746092553175,True,False,False,37787,0,False,42869,True,0,False,0,False,0,False
001424,027_ТИМЕРЕВО,Ae,01_Тимерево_Ae_немецкая.tif,Тимерево_Ae_курганы_поврежденные.geojson,kurgany_povrezhdennye,2,курганы_поврежденные,6,kurgany_povrezhdennye,272,272,272,113.1144299428302,135.09398631780346,True,False,False,37918,0,False,36066,True,0,False,0,False,0,False
001425,027_ТИМЕРЕВО,Ae,01_Тимерево_Ae_немецкая.tif,Тимерево_Ae_курганы_поврежденные.geojson,kurgany_povrezhdennye,2,курганы_поврежденные,10,kurgany_povrezhdennye,350,350,350,147.88031922066816,174.70319050109094,True,False,False,20149,0,False,102351,True,0,False,0,False,0,False
001426,027_ТИМЕРЕВО,Ae,01_Тимерево_Ae_немецкая.tif,Тимерево_Ae_курганы_поврежденные.geojson,kurgany_povrezhdennye,2,курганы_поврежденные,11,kurgany_povrezhdennye,466,466,466,158.67927262903237,232.06946943769577,True,False,False,53039,0,False,164117,True,0,False,0,False,0,False
001427,027_ТИМЕРЕВО,Ae,01_Тимерево_Ae_немецкая.tif,Тимерево_Ae_курганы_поврежденные.geojson,kurgany_povrezhdennye,2,курганы_поврежденные,8,kurgany_povrezhdennye,318,318,318,136.27563431512905,158.6394305074347,True,False,False,34199,0,False,66925,True,0,False,0,False,0,False
001428,027_ТИМЕРЕВО,Ae,01_Тимерево_Ae_немецкая.tif,Тимерево_Ae_курганы_поврежденные.geojson,kurgany_povrezhdennye,2,курганы_поврежденные,12,kurgany_povrezhdennye;kurgany_tselye,448,448,448,156.15192525626378,223.5059839679412,True,False,False,76414,15428,True,108862,True,0,False,0,False,0,False
001429,027_ТИМЕРЕВО,Ae,01_Тимерево_Ae_немецкая.tif,Тимерево_Ae_курганы_поврежденные.geojson,kurgany_povrezhdennye,2,курганы_поврежденные,18,kurgany_povrezhdennye;kurgany_tselye,482,482,482,170.89471464075822,240.7823038436393,True,False,False,71776,16870,True,143678,True,0,False,0,False,0,False
001430,027_ТИМЕРЕВО,Ae,01_Тимерево_Ae_немецкая.tif,Тимерево_Ae_курганы_поврежденные.geojson,kurgany_povrezhdennye,2,курганы_поврежденные,12,kurgany_povrezhdennye,406,406,406,174.67853292142334,202.0544973854876,True,False,False,69226,0,False,95610,True,0,False,0,False,0,False
001431,027_ТИМЕРЕВО,Ae,01_Тимерево_Ae_немецкая.tif,Тимерево_Ae_курганы_поврежденные.geojson,kurgany_povrezhdennye,2,курганы_поврежденные,10,kurgany_povrezhdennye;kurgany_tselye,338,338,338,125.97532164178143,168.10331073307324,True,False,False,31598,25325,True,57321,True,0,False,0,False,0,False
001432,027_ТИМЕРЕВО,Ae,01_Тимерево_Ae_немецкая.tif,Тимерево_Ae_курганы_поврежденные.geojson,kurgany_povrezhdennye,2,курганы_поврежденные,8,kurgany_povrezhdennye;kurgany_tselye,376,376,376,167.30807012195618,187.3722206011205,True,False,False,57813,10372,True,73191,True,0,False,0,False,0,False
001433,027_ТИМЕРЕВО,Ae,01_Тимерево_Ae_немецкая.tif,Тимерево_Ae_курганы_поврежденные.geojson,kurgany_povrezhdennye,2,курганы_поврежденные,11,kurgany_povrezhdennye;kurgany_tselye,404,404,404,172.42515331279492,201.80515279335637,True,False,False,84638,171,True,78407,True,0,False,0,False,0,False
001434,027_ТИМЕРЕВО,Ae,01_Тимерево_Ae_немецкая.tif,Тимерево_Ae_курганы_поврежденные.geojson,kurgany_povrezhdennye,2,курганы_поврежденные,7,kurgany_povrezhdennye;kurgany_tselye,354,354,354,116.06091077748736,176.4125821614971,True,False,False,69214,86,True,56016,True,0,False,0,False,0,False
001435,027_ТИМЕРЕВО,Ae,01_Тимерево_Ae_немецкая.tif,Тимерево_Ae_курганы_поврежденные.geojson,kurgany_povrezhdennye,2,курганы_поврежденные,7,kurgany_povrezhdennye,372,372,372,152.90256149887716,185.87606190479315,True,False,False,71664,0,False,66720,True,0,False,0,False,0,False
001436,027_ТИМЕРЕВО,Ae,01_Тимерево_Ae_немецкая.tif,Тимерево_Ae_курганы_поврежденные.geojson,kurgany_povrezhdennye,2,курганы_поврежденные,7,kurgany_povrezhdennye,278,278,278,132.02749742933398,138.1261256981915,True,False,False,28958,0,False,48326,True,0,False,0,False,0,False
001437,027_ТИМЕРЕВО,Ae,01_Тимерево_Ae_немецкая.tif,Тимерево_Ae_курганы_поврежденные.geojson,kurgany_povrezhdennye,2,курганы_поврежденные,7,kurgany_povrezhdennye,256,256,256,118.0092375297433,116.55307579010253,True,False,False,33345,0,False,32191,True,0,False,0,False,0,False
001438,027_ТИМЕРЕВО,Ae,01_Тимерево_Ae_немецкая.tif,Тимерево_Ae_курганы_поврежденные.geojson,kurgany_povrezhdennye,2,курганы_поврежденные,12,kurgany_povrezhdennye;kurgany_tselye,428,428,428,213.99211903317828,156.3748235669285,True,False,False,84012,15261,True,83911,True,0,False,0,False,0,False
001439,027_ТИМЕРЕВО,Ae,01_Тимерево_Ae_немецкая.tif,Тимерево_Ae_курганы_поврежденные.geojson,kurgany_povrezhdennye,2,курганы_поврежденные,5,kurgany_povrezhdennye;kurgany_tselye,256,256,256,106.6622164629382,127.2438566399593,True,False,False,35221,682,True,29633,True,0,False,0,False,0,False
001440,027_ТИМЕРЕВО,Ae,01_Тимерево_Ae_немецкая.tif,Тимерево_Ae_курганы_поврежденные.geojson,kurgany_povrezhdennye,2,курганы_поврежденные,4,kurgany_povrezhdennye,282,282,282,115.2002238013774,140.888324002039,True,False,False,36879,0,False,42645,True,0,False,0,False,0,False
001441,027_ТИМЕРЕВО,Ae,01_Тимерево_Ae_немецкая.tif,Тимерево_Ae_курганы_поврежденные.geojson,kurgany_povrezhdennye,2,курганы_поврежденные,5,kurgany_povrezhdennye;kurgany_tselye,302,302,302,150.22374495143143,129.59407680245917,True,False,False,52885,134,True,38185,True,0,False,0,False,0,False
001442,027_ТИМЕРЕВО,Ae,01_Тимерево_Ae_немецкая.tif,Тимерево_Ae_курганы_поврежденные.geojson,kurgany_povrezhdennye,2,курганы_поврежденные,5,kurgany_povrezhdennye,388,388,388,134.86902985662329,193.7838974474452,True,False,False,99789,0,False,50755,True,0,False,0,False,0,False
001443,027_ТИМЕРЕВО,Ae,01_Тимерево_Ae_немецкая.tif,Тимерево_Ae_курганы_поврежденные.geojson,kurgany_povrezhdennye,2,курганы_поврежденные,7,kurgany_povrezhdennye;kurgany_tselye,380,380,380,167.96843441869785,189.51144896114303,True,False,False,75008,11102,True,58290,True,0,False,0,False,0,False
001444,027_ТИМЕРЕВО,Ae,01_Тимерево_Ae_немецкая.tif,Тимерево_Ae_курганы_поврежденные.geojson,kurgany_povrezhdennye,2,курганы_поврежденные,9,kurgany_povrezhdennye;kurgany_tselye,332,332,332,129.37124263518234,165.49179845633176,True,False,False,30596,15256,True,64372,True,0,False,0,False,0,False
001445,027_ТИМЕРЕВО,Ae,01_Тимерево_Ae_немецкая.tif,Тимерево_Ae_курганы_поврежденные.geojson,kurgany_povrezhdennye,2,курганы_поврежденные,6,kurgany_povrezhdennye;kurgany_tselye,318,318,318,136.03570501122317,158.71769929935218,True,False,False,28691,1365,True,71068,True,0,False,0,False,0,False
001446,027_ТИМЕРЕВО,Ae,01_Тимерево_Ae_немецкая.tif,Тимерево_Ae_курганы_поврежденные.geojson,kurgany_povrezhdennye,2,курганы_поврежденные,4,kurgany_povrezhdennye,286,286,286,142.1835146795618,142.11875392631083,True,False,False,34287,0,False,47509,True,0,False,0,False,0,False
001447,027_ТИМЕРЕВО,Ae,01_Тимерево_Ae_немецкая.tif,Тимерево_Ae_курганы_поврежденные.geojson,kurgany_povrezhdennye,2,курганы_поврежденные,5,kurgany_povrezhdennye,332,332,332,110.08909483921968,165.24092260696125,True,False,False,61231,0,False,48993,True,0,False,0,False,0,False
001448,027_ТИМЕРЕВО,Ae,01_Тимерево_Ae_немецкая.tif,Тимерево_Ae_курганы_поврежденные.geojson,kurgany_povrezhdennye,2,курганы_поврежденные,7,kurgany_povrezhdennye,326,326,326,105.22896709767208,162.76790240854808,True,False,False,54138,0,False,52138,True,0,False,0,False,0,False
001449,027_ТИМЕРЕВО,Ae,01_Тимерево_Ae_немецкая.tif,Тимерево_Ae_курганы_поврежденные.geojson,kurgany_povrezhdennye,2,курганы_поврежденные,4,kurgany_povrezhdennye,344,344,344,142.40799123679864,171.8993764022883,True,False,False,78699,0,False,39637,True,0,False,0,False,0,False
001450,027_ТИМЕРЕВО,Ae,01_Тимерево_Ae_немецкая.tif,Тимерево_Ae_курганы_поврежденные.geojson,kurgany_povrezhdennye,2,курганы_поврежденные,4,kurgany_povrezhdennye,280,280,280,127.53716986642502,139.58402978025052,True,False,False,46360,0,False,32040,True,0,False,0,False,0,False
001451,027_ТИМЕРЕВО,Ae,01_Тимерево_Ae_немецкая.tif,Тимерево_Ae_курганы_поврежденные.geojson,kurgany_povrezhdennye,2,курганы_поврежденные,2,kurgany_povrezhdennye,334,334,334,149.63562393168516,166.1459005451858,True,False,False,81602,0,False,29954,True,0,False,0,False,0,False
001452,027_ТИМЕРЕВО,Ae,01_Тимерево_Ae_немецкая.tif,Тимерево_Ae_курганы_поврежденные.geojson,kurgany_povrezhdennye,2,курганы_поврежденные,5,kurgany_povrezhdennye;kurgany_tselye,266,266,266,121.32445744444938,132.6366101247285,True,False,False,38649,6296,True,25811,True,0,False,0,False,0,False
001453,027_ТИМЕРЕВО,Ae,01_Тимерево_Ae_немецкая.tif,Тимерево_Ae_курганы_поврежденные.geojson,kurgany_povrezhdennye,2,курганы_поврежденные,10,kurgany_povrezhdennye,346,346,346,143.1488504819582,172.9570777929306,True,False,False,48378,0,False,71338,True,0,False,0,False,0,False
001454,027_ТИМЕРЕВО,Ae,01_Тимерево_Ae_немецкая.tif,Тимерево_Ae_курганы_поврежденные.geojson,kurgany_povrezhdennye,2,курганы_поврежденные,7,kurgany_povrezhdennye;kurgany_tselye,332,332,332,121.30757386633846,165.50928540859525,True,False,False,75039,3667,True,31518,True,0,False,0,False,0,False
001455,027_ТИМЕРЕВО,Ae,01_Тимерево_Ae_немецкая.tif,Тимерево_Ae_курганы_поврежденные.geojson,kurgany_povrezhdennye,2,курганы_поврежденные,3,kurgany_povrezhdennye;kurgany_tselye,262,262,262,129.41896745144894,130.9278090977615,True,False,False,37170,19157,True,12317,True,0,False,0,False,0,False
001456,027_ТИМЕРЕВО,Ae,01_Тимерево_Ae_немецкая.tif,Тимерево_Ae_курганы_поврежденные.geojson,kurgany_povrezhdennye,2,курганы_поврежденные,7,kurgany_povrezhdennye;kurgany_tselye,324,324,324,141.98912050068157,161.1552455416236,True,False,False,43694,17375,True,43907,True,0,False,0,False,0,False
001457,027_ТИМЕРЕВО,Ae,01_Тимерево_Ae_немецкая.tif,Тимерево_Ae_курганы_поврежденные.geojson,kurgany_povrezhdennye,2,курганы_поврежденные,14,kurgany_povrezhdennye;kurgany_tselye,498,498,498,179.55420072442277,248.72527976664716,True,False,False,114830,20685,True,112489,True,0,False,0,False,0,False
001458,027_ТИМЕРЕВО,Ae,01_Тимерево_Ae_немецкая.tif,Тимерево_Ae_курганы_поврежденные.geojson,kurgany_povrezhdennye,2,курганы_поврежденные,8,kurgany_povrezhdennye,320,320,320,156.3307755667032,159.10121550388786,True,False,False,50108,0,False,52292,True,0,False,0,False,0,False
001459,027_ТИМЕРЕВО,Ae,01_Тимерево_Ae_немецкая.tif,Тимерево_Ae_курганы_поврежденные.geojson,kurgany_povrezhdennye,2,курганы_поврежденные,8,kurgany_povrezhdennye;kurgany_tselye,316,316,316,91.7575711754216,157.06662508710056,True,False,False,45366,0,False,54490,True,0,False,0,False,0,False
001460,027_ТИМЕРЕВО,Ae,01_Тимерево_Ae_немецкая.tif,Тимерево_Ae_курганы_поврежденные.geojson,kurgany_povrezhdennye,2,курганы_поврежденные,7,kurgany_povrezhdennye;kurgany_tselye,256,256,256,90.27674063425955,110.16367046378838,True,False,False,20321,1370,True,43845,True,0,False,0,False,0,False
001461,027_ТИМЕРЕВО,Ae,01_Тимерево_Ae_немецкая.tif,Тимерево_Ae_курганы_поврежденные.geojson,kurgany_povrezhdennye,2,курганы_поврежденные,8,kurgany_povrezhdennye;kurgany_tselye,276,276,276,128.64719056715464,137.22065898427056,True,False,False,25339,5924,True,44913,True,0,False,0,False,0,False
001462,027_ТИМЕРЕВО,Ae,01_Тимерево_Ae_немецкая.tif,Тимерево_Ae_курганы_поврежденные.geojson,kurgany_povrezhdennye,2,курганы_поврежденные,7,kurgany_povrezhdennye;kurgany_tselye,318,318,318,158.77657625865834,155.43556952044972,True,False,False,41340,28049,True,31735,True,0,False,0,False,0,False
001463,027_ТИМЕРЕВО,Ae,01_Тимерево_Ae_немецкая.tif,Тимерево_Ae_курганы_поврежденные.geojson,kurgany_povrezhdennye,2,курганы_поврежденные,3,kurgany_povrezhdennye;kurgany_tselye,324,324,324,134.66670906963165,161.7664390785209,True,False,False,81347,6689,True,16940,True,0,False,0,False,0,False
001464,027_ТИМЕРЕВО,Ae,01_Тимерево_Ae_немецкая.tif,Тимерево_Ae_курганы_поврежденные.geojson,kurgany_povrezhdennye,2,курганы_поврежденные,5,kurgany_povrezhdennye;kurgany_tselye,256,256,256,114.32252079702609,109.1052265892852,True,False,False,31085,8949,True,25502,True,0,False,0,False,0,False
001465,027_ТИМЕРЕВО,Ae,01_Тимерево_Ae_немецкая.tif,Тимерево_Ae_курганы_поврежденные.geojson,kurgany_povrezhdennye,2,курганы_поврежденные,10,kurgany_povrezhdennye,686,686,686,265.5815302373325,342.76401286620074,True,False,False,275253,0,False,195343,True,0,False,0,False,0,False
001466,027_ТИМЕРЕВО,Ae,01_Тимерево_Ae_немецкая.tif,Тимерево_Ae_курганы_поврежденные.geojson,kurgany_povrezhdennye,2,курганы_поврежденные,9,kurgany_povrezhdennye;kurgany_tselye,312,312,312,119.8907302705073,155.28063971198677,True,False,False,31293,2807,True,63244,True,0,False,0,False,0,False
001467,027_ТИМЕРЕВО,Ae,01_Тимерево_Ae_немецкая.tif,Тимерево_Ae_курганы_поврежденные.geojson,kurgany_povrezhdennye,2,курганы_поврежденные,9,kurgany_povrezhdennye;kurgany_tselye,256,256,256,80.47439476746295,104.25986252275348,True,False,False,19183,12629,True,33724,True,0,False,0,False,0,False
001468,027_ТИМЕРЕВО,Ae,01_Тимерево_Ae_немецкая.tif,Тимерево_Ae_курганы_поврежденные.geojson,kurgany_povrezhdennye,2,курганы_поврежденные,9,kurgany_povrezhdennye;kurgany_tselye,270,270,270,119.0939162651394,134.19866458097457,True,False,False,35897,4062,True,32941,True,0,False,0,False,0,False
001469,027_ТИМЕРЕВО,Ae,01_Тимерево_Ae_немецкая.tif,Тимерево_Ae_курганы_поврежденные.geojson,kurgany_povrezhdennye,2,курганы_поврежденные,9,kurgany_povrezhdennye;kurgany_tselye,256,256,256,106.74934768093718,117.78168760775642,True,False,False,15871,16221,True,33444,True,0,False,0,False,0,False
001470,027_ТИМЕРЕВО,Ae,01_Тимерево_Ae_немецкая.tif,Тимерево_Ae_курганы_поврежденные.geojson,kurgany_povrezhdennye,2,курганы_поврежденные,6,kurgany_povrezhdennye;kurgany_tselye,256,256,256,120.04379041612586,118.05139946276708,True,False,False,28337,9899,True,27300,True,0,False,0,False,0,False
001471,027_ТИМЕРЕВО,Ae,01_Тимерево_Ae_немецкая.tif,Тимерево_Ae_курганы_поврежденные.geojson,kurgany_povrezhdennye,2,курганы_поврежденные,10,kurgany_povrezhdennye;kurgany_tselye,352,352,352,129.47409580555671,175.13311503636712,True,False,False,22460,8194,True,93250,True,0,False,0,False,0,False
001472,027_ТИМЕРЕВО,Ae,01_Тимерево_Ae_немецкая.tif,Тимерево_Ae_курганы_поврежденные.geojson,kurgany_povrezhdennye,2,курганы_поврежденные,14,kurgany_povrezhdennye;kurgany_tselye,416,416,416,151.88664958261427,207.5974977814769,True,False,False,40106,18976,True,113974,True,0,False,0,False,0,False
001473,027_ТИМЕРЕВО,Ae,01_Тимерево_Ae_немецкая.tif,Тимерево_Ae_курганы_поврежденные.geojson,kurgany_povrezhdennye,2,курганы_поврежденные,19,kurgany_povrezhdennye,486,486,486,191.7133448267108,242.942314054184,True,False,False,61769,0,False,174427,True,0,False,0,False,0,False
001474,027_ТИМЕРЕВО,Ae,01_Тимерево_Ae_немецкая.tif,Тимерево_Ae_курганы_поврежденные.geojson,kurgany_povrezhdennye,2,курганы_поврежденные,21,kurgany_povrezhdennye;kurgany_tselye,630,630,630,275.1839361109528,314.9871525292591,True,False,False,102229,95516,True,199155,True,0,False,0,False,0,False
001475,027_ТИМЕРЕВО,Ae,01_Тимерево_Ae_немецкая.tif,Тимерево_Ae_курганы_поврежденные.geojson,kurgany_povrezhdennye,2,курганы_поврежденные,12,kurgany_povrezhdennye;kurgany_tselye,434,434,434,215.4435648871128,216.8991874225763,True,False,False,57787,11890,True,118679,True,0,False,0,False,0,False
001476,027_ТИМЕРЕВО,Ae,01_Тимерево_Ae_немецкая.tif,Тимерево_Ae_курганы_поврежденные.geojson,kurgany_povrezhdennye,2,курганы_поврежденные,12,kurgany_povrezhdennye;kurgany_tselye,342,342,342,148.1190502481352,170.13447711945125,True,False,False,38437,446,True,78081,True,0,False,0,False,0,False
001477,027_ТИМЕРЕВО,Ae,01_Тимерево_Ae_немецкая.tif,Тимерево_Ae_курганы_поврежденные.geojson,kurgany_povrezhdennye,2,курганы_поврежденные,12,kurgany_povrezhdennye,356,356,356,177.4367203586312,151.641915836759,True,False,False,17912,0,False,108824,True,0,False,0,False,0,False
001478,027_ТИМЕРЕВО,Ae,01_Тимерево_Ae_немецкая.tif,Тимерево_Ae_курганы_поврежденные.geojson,kurgany_povrezhdennye,2,курганы_поврежденные,12,kurgany_povrezhdennye,358,358,358,160.1856499097419,178.49039606539444,True,False,False,30431,0,False,97733,True,0,False,0,False,0,False
001479,027_ТИМЕРЕВО,Ae,01_Тимерево_Ae_немецкая.tif,Тимерево_Ae_курганы_поврежденные.geojson,kurgany_povrezhdennye,2,курганы_поврежденные,10,kurgany_povrezhdennye,328,328,328,150.58297433195872,163.54916579642753,True,False,False,41940,0,False,65644,True,0,False,0,False,0,False
001480,027_ТИМЕРЕВО,Ae,01_Тимерево_Ae_немецкая.tif,Тимерево_Ae_курганы_поврежденные.geojson,kurgany_povrezhdennye,2,курганы_поврежденные,6,kurgany_povrezhdennye;kurgany_tselye,306,306,306,146.27026137745395,152.2012393791521,True,False,False,50388,1026,True,42222,True,0,False,0,False,0,False
001481,027_ТИМЕРЕВО,Ae,01_Тимерево_Ae_немецкая.tif,Тимерево_Ae_курганы_поврежденные.geojson,kurgany_povrezhdennye,2,курганы_поврежденные,10,kurgany_povrezhdennye,306,306,306,152.7072462593956,152.2009298947195,True,False,False,11883,0,False,81753,True,0,False,0,False,0,False
001482,027_ТИМЕРЕВО,Ae,01_Тимерево_Ae_немецкая.tif,Тимерево_Ae_курганы_поврежденные.geojson,kurgany_povrezhdennye,2,курганы_поврежденные,12,kurgany_povrezhdennye,408,408,408,155.46984928574872,203.3472503302931,True,False,False,35993,0,False,130471,True,0,False,0,False,0,False
001483,027_ТИМЕРЕВО,Ae,01_Тимерево_Ae_немецкая.tif,Тимерево_Ae_курганы_поврежденные.geojson,kurgany_povrezhdennye,2,курганы_поврежденные,8,kurgany_povrezhdennye;kurgany_tselye,318,318,318,140.7462964771548,158.20116557890398,True,False,False,25215,19617,True,56292,True,0,False,0,False,0,False
001484,027_ТИМЕРЕВО,Ae,01_Тимерево_Ae_немецкая.tif,Тимерево_Ae_курганы_поврежденные.geojson,kurgany_povrezhdennye,2,курганы_поврежденные,9,kurgany_povrezhdennye;kurgany_tselye,306,306,306,114.21222258414188,152.12439330855798,True,False,False,21858,18056,True,53722,True,0,False,0,False,0,False
001485,027_ТИМЕРЕВО,Ae,01_Тимерево_Ae_немецкая.tif,Тимерево_Ae_курганы_поврежденные.geojson,kurgany_povrezhdennye,2,курганы_поврежденные,11,kurgany_povrezhdennye;kurgany_tselye,420,420,420,160.29147329551367,209.67762193798148,True,False,False,41366,21354,True,113680,True,0,False,0,False,0,False
001486,027_ТИМЕРЕВО,Ae,01_Тимерево_Ae_немецкая.tif,Тимерево_Ae_курганы_поврежденные.geojson,kurgany_povrezhdennye,2,курганы_поврежденные,12,kurgany_povrezhdennye;kurgany_tselye,374,374,374,155.9789603918575,186.015793959671,True,False,False,31383,12993,True,95500,True,0,False,0,False,0,False
001487,027_ТИМЕРЕВО,Ae,01_Тимерево_Ae_немецкая.tif,Тимерево_Ae_курганы_поврежденные.geojson,kurgany_povrezhdennye,2,курганы_поврежденные,5,kurgany_povrezhdennye,384,384,384,138.00552118223328,191.8739061164709,True,False,False,89621,0,False,57835,True,0,False,0,False,0,False
001488,027_ТИМЕРЕВО,Ae,01_Тимерево_Ae_немецкая.tif,Тимерево_Ae_курганы_поврежденные.geojson,kurgany_povrezhdennye,2,курганы_поврежденные,6,kurgany_povrezhdennye;kurgany_tselye,470,470,470,234.88315276187245,184.8202075595188,True,False,False,143738,5,True,77157,True,0,False,0,False,0,False
001489,027_ТИМЕРЕВО,Ae,01_Тимерево_Ae_немецкая.tif,Тимерево_Ae_курганы_поврежденные.geojson,kurgany_povrezhdennye,2,курганы_поврежденные,12,kurgany_povrezhdennye;kurgany_tselye,520,520,520,213.6366027598251,259.6892964248688,True,False,False,134189,3040,True,133171,True,0,False,0,False,0,False
001490,027_ТИМЕРЕВО,Ae,01_Тимерево_Ae_немецкая.tif,Тимерево_Ae_курганы_поврежденные.geojson,kurgany_povrezhdennye,2,курганы_поврежденные,7,kurgany_povrezhdennye;kurgany_tselye,360,360,360,159.65296208618668,179.2009857621726,True,False,False,56615,37776,True,35209,True,0,False,0,False,0,False
001491,027_ТИМЕРЕВО,Ae,01_Тимерево_Ae_немецкая.tif,Тимерево_Ae_курганы_поврежденные.geojson,kurgany_povrezhdennye,2,курганы_поврежденные,10,kurgany_povrezhdennye;kurgany_tselye,482,482,482,174.35471469599813,240.3808115366668,True,False,False,105013,42602,True,84709,True,0,False,0,False,0,False
001492,027_ТИМЕРЕВО,Ae,01_Тимерево_Ae_немецкая.tif,Тимерево_Ae_курганы_поврежденные.geojson,kurgany_povrezhdennye,2,курганы_поврежденные,4,kurgany_povrezhdennye;kurgany_tselye,542,542,542,220.64536895824665,270.75461610063724,True,False,False,199351,11304,True,83109,True,0,False,0,False,0,False
001493,027_ТИМЕРЕВО,Ae,01_Тимерево_Ae_немецкая.tif,Тимерево_Ae_курганы_поврежденные.geojson,kurgany_povrezhdennye,2,курганы_поврежденные,5,kurgany_povrezhdennye;kurgany_tselye,388,388,388,177.9022801684082,193.23462035308577,True,False,False,88082,10058,True,52404,True,0,False,0,False,0,False
001494,027_ТИМЕРЕВО,Ae,01_Тимерево_Ae_немецкая.tif,Тимерево_Ae_курганы_поврежденные.geojson,kurgany_povrezhdennye,2,курганы_поврежденные,4,kurgany_povrezhdennye;kurgany_tselye,370,370,370,159.67359779038776,184.62614313665225,True,False,False,90219,59,True,46622,True,0,False,0,False,0,False
001495,027_ТИМЕРЕВО,Ae,01_Тимерево_Ae_немецкая.tif,Тимерево_Ae_курганы_поврежденные.geojson,kurgany_povrezhdennye,2,курганы_поврежденные,8,kurgany_povrezhdennye;kurgany_tselye,420,420,420,146.24726152657968,209.7523769706407,True,False,False,81592,38072,True,56736,True,0,False,0,False,0,False
001496,027_ТИМЕРЕВО,Ae,01_Тимерево_Ae_немецкая.tif,Тимерево_Ae_курганы_поврежденные.geojson,kurgany_povrezhdennye,2,курганы_поврежденные,8,kurgany_povrezhdennye;kurgany_tselye,388,388,388,129.31605287732472,193.1582171431475,True,False,False,92519,9906,True,48119,True,0,False,0,False,0,False
001497,027_ТИМЕРЕВО,Ae,01_Тимерево_Ae_немецкая.tif,Тимерево_Ae_курганы_поврежденные.geojson,kurgany_povrezhdennye,2,курганы_поврежденные,5,kurgany_povrezhdennye;kurgany_tselye,408,408,408,152.32286347811652,203.0399750831352,True,False,False,94626,15605,True,56233,True,0,False,0,False,0,False
001498,027_ТИМЕРЕВО,Ae,01_Тимерево_Ae_немецкая.tif,Тимерево_Ae_курганы_поврежденные.geojson,kurgany_povrezhdennye,2,курганы_поврежденные,7,kurgany_povrezhdennye;kurgany_tselye,400,400,400,150.32600092952583,199.0664662565245,True,False,False,50476,19566,True,89958,True,0,False,0,False,0,False
001499,027_ТИМЕРЕВО,Ae,01_Тимерево_Ae_немецкая.tif,Тимерево_Ae_курганы_поврежденные.geojson,kurgany_povrezhdennye,2,курганы_поврежденные,8,kurgany_povrezhdennye,390,390,390,142.50805536439938,194.32857802392212,True,False,False,77657,0,False,74443,True,0,False,0,False,0,False
001500,027_ТИМЕРЕВО,Ae,01_Тимерево_Ae_немецкая.tif,Тимерево_Ae_курганы_поврежденные.geojson,kurgany_povrezhdennye,2,курганы_поврежденные,7,kurgany_povrezhdennye,256,256,256,72.72052227616715,95.93562297835992,True,False,False,38142,0,False,27394,True,0,False,0,False,0,False
001501,027_ТИМЕРЕВО,Ae,01_Тимерево_Ae_немецкая.tif,Тимерево_Ae_курганы_поврежденные.geojson,kurgany_povrezhdennye,2,курганы_поврежденные,8,kurgany_povrezhdennye,304,304,304,105.65006764751575,151.4888428100659,True,False,False,45801,0,False,46615,True,0,False,0,False,0,False
001502,027_ТИМЕРЕВО,Ae,01_Тимерево_Ae_немецкая.tif,Тимерево_Ae_курганы_поврежденные.geojson,kurgany_povrezhdennye,2,курганы_поврежденные,9,kurgany_povrezhdennye;kurgany_tselye,322,322,322,131.22895976999098,160.68402557646206,True,False,False,46159,0,False,57525,True,0,False,0,False,0,False
001503,027_ТИМЕРЕВО,Ae,01_Тимерево_Ae_немецкая.tif,Тимерево_Ae_курганы_поврежденные.geojson,kurgany_povrezhdennye,2,курганы_поврежденные,7,kurgany_povrezhdennye,342,342,342,116.18865669502811,170.03192403528038,True,False,False,67137,0,False,49827,True,0,False,0,False,0,False
001504,027_ТИМЕРЕВО,Ae,01_Тимерево_Ae_немецкая.tif,Тимерево_Ae_курганы_поврежденные.geojson,kurgany_povrezhdennye,2,курганы_поврежденные,5,kurgany_povrezhdennye,406,406,406,131.2506035774929,202.86427010232325,True,False,False,111270,0,False,53566,True,0,False,0,False,0,False
001505,027_ТИМЕРЕВО,Ae,01_Тимерево_Ae_немецкая.tif,Тимерево_Ae_курганы_поврежденные.geojson,kurgany_povrezhdennye,2,курганы_поврежденные,3,kurgany_povrezhdennye,266,266,266,71.32009073598257,132.43694562723974,True,False,False,45192,0,False,25564,True,0,False,0,False,0,False
001506,027_ТИМЕРЕВО,Ae,01_Тимерево_Ae_немецкая.tif,Тимерево_Ae_курганы_поврежденные.geojson,kurgany_povrezhdennye,2,курганы_поврежденные,10,kurgany_povrezhdennye;kurgany_tselye,402,402,402,121.60511556179252,200.15127990647383,True,False,False,59727,14166,True,87711,True,0,False,0,False,0,False
001507,027_ТИМЕРЕВО,Ae,01_Тимерево_Ae_немецкая.tif,Тимерево_Ae_курганы_поврежденные.geojson,kurgany_povrezhdennye,2,курганы_поврежденные,8,kurgany_povrezhdennye;kurgany_tselye,328,328,328,139.21692773444204,163.09075841604044,True,False,False,30997,14680,True,61907,True,0,False,0,False,0,False
001508,027_ТИМЕРЕВО,Ae,01_Тимерево_Ae_немецкая.tif,Тимерево_Ae_курганы_поврежденные.geojson,kurgany_povrezhdennye,2,курганы_поврежденные,4,kurgany_povrezhdennye,310,310,310,142.6793933472274,154.50619251277266,True,False,False,57935,0,False,38165,True,0,False,0,False,0,False
001509,027_ТИМЕРЕВО,Ae,01_Тимерево_Ae_немецкая.tif,Тимерево_Ae_курганы_поврежденные.geojson,kurgany_povrezhdennye,2,курганы_поврежденные,6,kurgany_povrezhdennye;kurgany_tselye,354,354,354,166.8353430645,176.74414088954154,True,False,False,71332,1023,True,52961,True,0,False,0,False,0,False
001510,027_ТИМЕРЕВО,Ae,01_Тимерево_Ae_немецкая.tif,Тимерево_Ae_курганы_поврежденные.geojson,kurgany_povrezhdennye,2,курганы_поврежденные,6,kurgany_povrezhdennye,346,346,346,123.66571606905887,172.54064166938457,True,False,False,54874,0,False,64842,True,0,False,0,False,0,False
001511,027_ТИМЕРЕВО,Ae,01_Тимерево_Ae_немецкая.tif,Тимерево_Ae_курганы_поврежденные.geojson,kurgany_povrezhdennye,2,курганы_поврежденные,14,kurgany_povrezhdennye;kurgany_tselye,488,488,488,190.41649957762337,243.7971787110993,True,False,False,84708,1052,True,152384,True,0,False,0,False,0,False
001512,027_ТИМЕРЕВО,Ae,01_Тимерево_Ae_немецкая.tif,Тимерево_Ae_курганы_поврежденные.geojson,kurgany_povrezhdennye,2,курганы_поврежденные,9,kurgany_povrezhdennye;kurgany_tselye,372,372,372,138.70602570231657,185.709040358968,True,False,False,33064,2313,True,103007,True,0,False,0,False,0,False
001513,027_ТИМЕРЕВО,Ae,01_Тимерево_Ae_немецкая.tif,Тимерево_Ae_курганы_поврежденные.geojson,kurgany_povrezhdennye,2,курганы_поврежденные,10,kurgany_povrezhdennye;kurgany_tselye,390,390,390,175.90496393295498,194.22686876124803,True,False,False,13623,28798,True,109679,True,0,False,0,False,0,False
001514,027_ТИМЕРЕВО,Ae,01_Тимерево_Ae_немецкая.tif,Тимерево_Ae_курганы_поврежденные.geojson,kurgany_povrezhdennye,2,курганы_поврежденные,11,kurgany_povrezhdennye;kurgany_tselye,410,410,410,167.49314132879036,204.4298669237092,True,False,False,26651,281,True,141168,True,0,False,0,False,0,False
001515,027_ТИМЕРЕВО,Ae,01_Тимерево_Ae_немецкая.tif,Тимерево_Ae_курганы_поврежденные.geojson,kurgany_povrezhdennye,2,курганы_поврежденные,12,kurgany_povrezhdennye;kurgany_tselye,440,440,440,150.1776612456092,219.37986806804136,True,False,False,19183,12266,True,162151,True,0,False,0,False,0,False
001516,027_ТИМЕРЕВО,Ae,01_Тимерево_Ae_немецкая.tif,Тимерево_Ae_курганы_поврежденные.geojson,kurgany_povrezhdennye,2,курганы_поврежденные,13,kurgany_povrezhdennye;kurgany_tselye,472,472,472,172.52755376056982,235.18527155584164,True,False,False,55248,3,True,167533,True,0,False,0,False,0,False
001517,027_ТИМЕРЕВО,Ae,01_Тимерево_Ae_немецкая.tif,Тимерево_Ae_курганы_поврежденные.geojson,kurgany_povrezhdennye,2,курганы_поврежденные,12,kurgany_povrezhdennye,440,440,440,156.72180270605452,219.17703603608103,True,False,False,60946,0,False,132654,True,0,False,0,False,0,False
001518,027_ТИМЕРЕВО,Ae,01_Тимерево_Ae_немецкая.tif,Тимерево_Ae_курганы_поврежденные.geojson,kurgany_povrezhdennye,2,курганы_поврежденные,10,kurgany_povrezhdennye;kurgany_tselye,462,462,462,174.35537007709215,230.93231576219995,True,False,False,100323,61,True,113060,True,0,False,0,False,0,False
001519,027_ТИМЕРЕВО,Ae,01_Тимерево_Ae_немецкая.tif,Тимерево_Ae_курганы_поврежденные.geojson,kurgany_povrezhdennye,2,курганы_поврежденные,17,kurgany_povrezhdennye;kurgany_tselye,560,560,560,194.11285792888611,279.4672262988818,True,False,False,127904,26856,True,158840,True,0,False,0,False,0,False
001520,027_ТИМЕРЕВО,Ae,01_Тимерево_Ae_немецкая.tif,Тимерево_Ae_курганы_поврежденные.geojson,kurgany_povrezhdennye,2,курганы_поврежденные,10,kurgany_povrezhdennye,476,476,476,192.921290684473,237.76983667602255,True,False,False,68717,0,False,157859,True,0,False,0,False,0,False
001521,027_ТИМЕРЕВО,Ae,01_Тимерево_Ae_немецкая.tif,Тимерево_Ae_курганы_поврежденные.geojson,kurgany_povrezhdennye,2,курганы_поврежденные,5,kurgany_povrezhdennye,448,448,448,201.2522005922907,223.78938133440732,True,False,False,89882,0,False,110822,True,0,False,0,False,0,False
001522,027_ТИМЕРЕВО,Ae,01_Тимерево_Ae_немецкая.tif,Тимерево_Ae_курганы_поврежденные.geojson,kurgany_povrezhdennye,2,курганы_поврежденные,11,kurgany_povrezhdennye,546,546,546,231.4203859638028,272.6045786859999,True,False,False,103005,0,False,195111,True,0,False,0,False,0,False
001523,027_ТИМЕРЕВО,Ae,01_Тимерево_Ae_немецкая.tif,Тимерево_Ae_курганы_поврежденные.geojson,kurgany_povrezhdennye,2,курганы_поврежденные,10,kurgany_povrezhdennye,406,406,406,183.6184824697143,202.94066628041568,True,False,False,49915,0,False,114921,True,0,False,0,False,0,False
001524,027_ТИМЕРЕВО,Ae,01_Тимерево_Ae_немецкая.tif,Тимерево_Ae_курганы_поврежденные.geojson,kurgany_povrezhdennye,2,курганы_поврежденные,8,kurgany_povrezhdennye,360,360,360,135.4149399993011,179.30380177080292,True,False,False,54829,0,False,74771,True,0,False,0,False,0,False
001525,027_ТИМЕРЕВО,Ae,01_Тимерево_Ae_немецкая.tif,Тимерево_Ae_курганы_поврежденные.geojson,kurgany_povrezhdennye,2,курганы_поврежденные,4,kurgany_povrezhdennye;kurgany_tselye,392,392,392,164.30686277622132,195.5154504692124,True,False,False,111135,10530,True,31999,True,0,False,0,False,0,False
001526,027_ТИМЕРЕВО,Ae,01_Тимерево_Ae_немецкая.tif,Тимерево_Ae_курганы_поврежденные.geojson,kurgany_povrezhdennye,2,курганы_поврежденные,6,kurgany_povrezhdennye;kurgany_tselye,356,356,356,150.92255749891427,177.07376115822254,True,False,False,64141,15913,True,46682,True,0,False,0,False,0,False
001527,027_ТИМЕРЕВО,Ae,01_Тимерево_Ae_немецкая.tif,Тимерево_Ae_курганы_поврежденные.geojson,kurgany_povrezhdennye,2,курганы_поврежденные,5,kurgany_povrezhdennye;kurgany_tselye,262,262,262,113.46814273733344,130.94628543905162,True,False,False,35720,2885,True,30039,True,0,False,0,False,0,False
001528,027_ТИМЕРЕВО,Ae,01_Тимерево_Ae_немецкая.tif,Тимерево_Ae_курганы_поврежденные.geojson,kurgany_povrezhdennye,2,курганы_поврежденные,5,kurgany_povrezhdennye,318,318,318,109.20885812373152,158.60854940762258,True,False,False,42309,0,False,58815,True,0,False,0,False,0,False
001529,027_ТИМЕРЕВО,Ae,01_Тимерево_Ae_немецкая.tif,Тимерево_Ae_курганы_поврежденные.geojson,kurgany_povrezhdennye,2,курганы_поврежденные,8,kurgany_povrezhdennye,308,308,308,113.18125838858704,153.47596464771675,True,False,False,35912,0,False,58952,True,0,False,0,False,0,False
001530,027_ТИМЕРЕВО,Ae,01_Тимерево_Ae_немецкая.tif,Тимерево_Ae_курганы_поврежденные.geojson,kurgany_povrezhdennye,2,курганы_поврежденные,12,kurgany_povrezhdennye,458,458,458,202.37515752421453,228.29521990366032,True,False,False,96374,0,False,113390,True,0,False,0,False,0,False
001531,027_ТИМЕРЕВО,Ae,01_Тимерево_Ae_немецкая.tif,Тимерево_Ae_курганы_поврежденные.geojson,kurgany_povrezhdennye,2,курганы_поврежденные,11,kurgany_povrezhdennye;kurgany_tselye,476,476,476,211.2343294687616,237.08265087608115,True,False,False,67496,63323,True,95757,True,0,False,0,False,0,False
001532,027_ТИМЕРЕВО,Ae,01_Тимерево_Ae_немецкая.tif,Тимерево_Ae_курганы_поврежденные.geojson,kurgany_povrezhdennye,2,курганы_поврежденные,11,kurgany_povrezhdennye;kurgany_tselye,652,652,652,287.2254487296496,325.79656760810445,True,False,False,234842,18416,True,171846,True,0,False,0,False,0,False
001533,027_ТИМЕРЕВО,Ae,01_Тимерево_Ae_немецкая.tif,Тимерево_Ae_курганы_поврежденные.geojson,kurgany_povrezhdennye,2,курганы_поврежденные,20,kurgany_povrezhdennye;kurgany_tselye,670,670,670,201.95077081153983,334.9427750247596,True,False,False,102495,72270,True,274135,True,0,False,0,False,0,False
001534,027_ТИМЕРЕВО,Ae,01_Тимерево_Ae_немецкая.tif,Тимерево_Ae_курганы_целые.geojson,kurgany_tselye,1,курганы_целые,34,kurgany_povrezhdennye;kurgany_tselye,986,986,986,366.4104927117381,492.6343054152112,True,False,False,191644,206485,True,574067,True,0,False,0,False,0,False
001535,027_ТИМЕРЕВО,Ae,01_Тимерево_Ae_немецкая.tif,Тимерево_Ae_курганы_целые.geojson,kurgany_tselye,1,курганы_целые,10,kurgany_povrezhdennye;kurgany_tselye,500,500,500,150.45279361969406,249.1069057153304,True,False,False,29282,92079,True,128639,True,0,False,0,False,0,False
001536,027_ТИМЕРЕВО,Ae,01_Тимерево_Ae_немецкая.tif,Тимерево_Ae_курганы_целые.geojson,kurgany_tselye,1,курганы_целые,7,kurgany_povrezhdennye;kurgany_tselye,396,396,396,167.288715320438,197.3842536787648,True,False,False,85869,40503,True,30444,True,0,False,0,False,0,False
001537,027_ТИМЕРЕВО,Ae,01_Тимерево_Ae_немецкая.tif,Тимерево_Ae_курганы_целые.geojson,kurgany_tselye,1,курганы_целые,7,kurgany_povrezhdennye;kurgany_tselye,348,348,348,173.24343915380848,173.32099141661186,True,False,False,61597,44760,True,14747,True,0,False,0,False,0,False
001538,027_ТИМЕРЕВО,Ae,01_Тимерево_Ae_немецкая.tif,Тимерево_Ae_курганы_целые.geojson,kurgany_tselye,1,курганы_целые,6,kurgany_povrezhdennye;kurgany_tselye,262,262,262,130.4798435837004,124.07625101778024,True,False,False,37647,14400,True,16597,True,0,False,0,False,0,False
001539,027_ТИМЕРЕВО,Ae,01_Тимерево_Ae_немецкая.tif,Тимерево_Ae_курганы_целые.geojson,kurgany_tselye,1,курганы_целые,7,kurgany_povrezhdennye;kurgany_tselye,352,352,352,148.49033722030043,175.24095382172231,True,False,False,62290,44003,True,17611,True,0,False,0,False,0,False
001540,027_ТИМЕРЕВО,Ae,01_Тимерево_Ae_немецкая.tif,Тимерево_Ae_курганы_целые.geojson,kurgany_tselye,1,курганы_целые,7,kurgany_povrezhdennye;kurgany_tselye,402,402,402,151.1610331751545,200.2869167225364,True,False,False,55316,24127,True,82161,True,0,False,0,False,0,False
001541,027_ТИМЕРЕВО,Ae,01_Тимерево_Ae_немецкая.tif,Тимерево_Ae_курганы_целые.geojson,kurgany_tselye,1,курганы_целые,19,kurgany_povrezhdennye;kurgany_tselye,704,704,704,279.7592906369398,351.51528047033094,True,False,False,64971,213441,True,217204,True,0,False,0,False,0,False
001542,027_ТИМЕРЕВО,Ae,01_Тимерево_Ae_немецкая.tif,Тимерево_Ae_курганы_целые.geojson,kurgany_tselye,1,курганы_целые,6,kurgany_povrezhdennye;kurgany_tselye,348,348,348,134.30433325952848,173.1877620507412,True,False,False,24517,39025,True,57562,True,0,False,0,False,0,False
001543,027_ТИМЕРЕВО,Ae,01_Тимерево_Ae_немецкая.tif,Тимерево_Ae_курганы_целые.geojson,kurgany_tselye,1,курганы_целые,11,kurgany_povrezhdennye;kurgany_tselye,462,462,462,203.52424554563595,230.53622990443856,True,False,False,79489,87328,True,46627,True,0,False,0,False,0,False
001544,027_ТИМЕРЕВО,Ae,01_Тимерево_Ae_немецкая.tif,Тимерево_Ae_курганы_целые.geojson,kurgany_tselye,1,курганы_целые,10,kurgany_povrezhdennye;kurgany_tselye,404,404,404,201.52879934059777,197.58765822363856,True,False,False,40418,86565,True,36233,True,0,False,0,False,0,False
001545,027_ТИМЕРЕВО,Ae,01_Тимерево_Ae_немецкая.tif,Тимерево_Ae_курганы_целые.geojson,kurgany_tselye,1,курганы_целые,15,kurgany_povrezhdennye;kurgany_tselye,684,684,684,311.74381725924025,341.0823815391511,True,False,False,57402,285896,True,124558,True,0,False,0,False,0,False
001546,027_ТИМЕРЕВО,Ae,01_Тимерево_Ae_немецкая.tif,Тимерево_Ae_курганы_целые.geojson,kurgany_tselye,1,курганы_целые,13,kurgany_povrezhdennye;kurgany_tselye,616,616,616,298.6587639013327,307.3245600986397,True,False,False,43800,240645,True,95011,True,0,False,0,False,0,False
001547,027_ТИМЕРЕВО,Ae,01_Тимерево_Ae_немецкая.tif,Тимерево_Ae_курганы_целые.geojson,kurgany_tselye,1,курганы_целые,17,kurgany_povrezhdennye;kurgany_tselye,620,620,620,295.6162228335994,309.8341288981506,True,False,False,75256,260981,True,48163,True,0,False,0,False,0,False
001548,027_ТИМЕРЕВО,Ae,01_Тимерево_Ae_немецкая.tif,Тимерево_Ae_курганы_целые.geojson,kurgany_tselye,1,курганы_целые,15,kurgany_povrezhdennye;kurgany_tselye,530,530,530,235.98750143432383,264.29558674224046,True,False,False,47038,172640,True,61222,True,0,False,0,False,0,False
001549,027_ТИМЕРЕВО,Ae,01_Тимерево_Ae_немецкая.tif,Тимерево_Ae_курганы_целые.geojson,kurgany_tselye,1,курганы_целые,8,kurgany_povrezhdennye;kurgany_tselye,474,474,474,181.33238082454807,236.2966257843556,True,False,False,57479,124621,True,42576,True,0,False,0,False,0,False
001550,027_ТИМЕРЕВО,Ae,01_Тимерево_Ae_немецкая.tif,Тимерево_Ae_курганы_целые.geojson,kurgany_tselye,1,курганы_целые,6,kurgany_povrezhdennye;kurgany_tselye,408,408,408,158.96156223595582,203.5530433310533,True,False,False,73319,57847,True,35298,True,0,False,0,False,0,False
001551,027_ТИМЕРЕВО,Ae,01_Тимерево_Ae_немецкая.tif,Тимерево_Ae_курганы_целые.geojson,kurgany_tselye,1,курганы_целые,13,kurgany_povrezhdennye;kurgany_tselye,582,582,582,234.4606679743008,290.68408736962704,True,False,False,45179,134444,True,159101,True,0,False,0,False,0,False
001552,027_ТИМЕРЕВО,Ae,01_Тимерево_Ae_немецкая.tif,Тимерево_Ae_курганы_целые.geojson,kurgany_tselye,1,курганы_целые,8,kurgany_povrezhdennye;kurgany_tselye,330,330,330,120.91629603600242,164.77670559046445,True,False,False,24266,34445,True,50189,True,0,False,0,False,0,False
001553,027_ТИМЕРЕВО,Ae,01_Тимерево_Ae_немецкая.tif,Тимерево_Ae_курганы_целые.geojson,kurgany_tselye,1,курганы_целые,21,kurgany_povrezhdennye;kurgany_tselye,736,736,736,316.02789296970303,367.7617841144085,True,False,False,109299,235997,True,196400,True,0,False,0,False,0,False
001554,027_ТИМЕРЕВО,Ae,01_Тимерево_Ae_немецкая.tif,Тимерево_Ae_курганы_целые.geojson,kurgany_tselye,1,курганы_целые,5,kurgany_povrezhdennye;kurgany_tselye,256,256,256,122.96039928420548,122.89765284975051,True,False,False,15403,38060,True,12073,True,0,False,0,False,0,False
001555,027_ТИМЕРЕВО,Ae,01_Тимерево_Ae_немецкая.tif,Тимерево_Ae_курганы_целые.geojson,kurgany_tselye,1,курганы_целые,6,kurgany_povrezhdennye;kurgany_tselye,256,256,256,112.22558803487632,120.00183014841052,True,False,False,9536,37316,True,18684,True,0,False,0,False,0,False
001556,027_ТИМЕРЕВО,Ae,01_Тимерево_Ae_немецкая.tif,Тимерево_Ae_курганы_целые.geojson,kurgany_tselye,1,курганы_целые,7,kurgany_povrezhdennye;kurgany_tselye,294,294,294,107.30017258323706,146.254299469024,True,False,False,19682,35442,True,31312,True,0,False,0,False,0,False
001557,027_ТИМЕРЕВО,Ae,01_Тимерево_Ae_немецкая.tif,Тимерево_Ae_курганы_целые.geojson,kurgany_tselye,1,курганы_целые,14,kurgany_povrezhdennye;kurgany_tselye,694,694,694,287.0992995882186,346.1057309641594,True,False,False,153772,151430,True,176434,True,0,False,0,False,0,False
001558,027_ТИМЕРЕВО,Ae,01_Тимерево_Ae_немецкая.tif,Тимерево_Ae_курганы_целые.geojson,kurgany_tselye,1,курганы_целые,13,kurgany_povrezhdennye;kurgany_tselye,654,654,654,240.83066184835675,326.4917556277691,True,False,False,207742,172066,True,47908,True,0,False,0,False,0,False
001559,027_ТИМЕРЕВО,Ae,01_Тимерево_Ae_немецкая.tif,Тимерево_Ae_курганы_целые.geojson,kurgany_tselye,1,курганы_целые,9,kurgany_povrezhdennye;kurgany_tselye,424,424,424,195.68622029694964,211.48070424756784,True,False,False,66252,97797,True,15727,True,0,False,0,False,0,False
001560,027_ТИМЕРЕВО,Ae,01_Тимерево_Ae_немецкая.tif,Тимерево_Ae_курганы_целые.geojson,kurgany_tselye,1,курганы_целые,4,kurgany_povrezhdennye;kurgany_tselye,344,344,344,168.68076043615696,171.09427545240698,True,False,False,57459,24161,True,36716,True,0,False,0,False,0,False
001561,027_ТИМЕРЕВО,Ae,01_Тимерево_Ae_немецкая.tif,Тимерево_Ae_курганы_целые.geojson,kurgany_tselye,1,курганы_целые,10,kurgany_povrezhdennye;kurgany_tselye,416,416,416,207.6214892591896,195.354280917006,True,False,False,46879,101935,True,24242,True,0,False,0,False,0,False
001562,027_ТИМЕРЕВО,Ae,01_Тимерево_Ae_немецкая.tif,Тимерево_Ae_курганы_целые.geojson,kurgany_tselye,1,курганы_целые,9,kurgany_povrezhdennye;kurgany_tselye,394,394,394,178.86889745901067,196.42910978280025,True,False,False,53979,80933,True,20324,True,0,False,0,False,0,False
001563,027_ТИМЕРЕВО,Ae,01_Тимерево_Ae_немецкая.tif,Тимерево_Ae_курганы_целые.geojson,kurgany_tselye,1,курганы_целые,5,kurgany_povrezhdennye;kurgany_tselye,342,342,342,149.7459426966504,170.59645378571332,True,False,False,74197,21328,True,21439,True,0,False,0,False,0,False
001564,027_ТИМЕРЕВО,Ae,01_Тимерево_Ae_немецкая.tif,Тимерево_Ae_курганы_целые.geojson,kurgany_tselye,1,курганы_целые,8,kurgany_povrezhdennye;kurgany_tselye,256,256,256,101.1993637742064,111.26889007257329,True,False,False,10539,47180,True,7817,True,0,False,0,False,0,False
001565,027_ТИМЕРЕВО,Ae,01_Тимерево_Ae_немецкая.tif,Тимерево_Ae_курганы_целые.geojson,kurgany_tselye,1,курганы_целые,9,kurgany_povrezhdennye;kurgany_tselye,256,256,256,117.80818203003216,113.93344757745682,True,False,False,11789,41012,True,12735,True,0,False,0,False,0,False
001566,027_ТИМЕРЕВО,Ae,01_Тимерево_Ae_немецкая.tif,Тимерево_Ae_курганы_целые.geojson,kurgany_tselye,1,курганы_целые,8,kurgany_povrezhdennye;kurgany_tselye,258,258,258,128.6881950488198,126.9854212442829,True,False,False,17350,46087,True,3127,True,0,False,0,False,0,False
001567,027_ТИМЕРЕВО,Ae,01_Тимерево_Ae_немецкая.tif,Тимерево_Ae_курганы_целые.geojson,kurgany_tselye,1,курганы_целые,7,kurgany_povrezhdennye;kurgany_tselye,256,256,256,106.68736911927016,120.53918697426316,True,False,False,19038,28149,True,18349,True,0,False,0,False,0,False
001568,027_ТИМЕРЕВО,Ae,01_Тимерево_Ae_немецкая.tif,Тимерево_Ae_курганы_целые.geojson,kurgany_tselye,1,курганы_целые,5,kurgany_povrezhdennye;kurgany_tselye,256,256,256,83.07718096980271,114.49138438992664,True,False,False,31369,24784,True,9383,True,0,False,0,False,0,False
001569,027_ТИМЕРЕВО,Ae,01_Тимерево_Ae_немецкая.tif,Тимерево_Ae_курганы_целые.geojson,kurgany_tselye,1,курганы_целые,6,kurgany_povrezhdennye;kurgany_tselye,266,266,266,112.41723247939552,132.74386618226995,True,False,False,28803,18238,True,23715,True,0,False,0,False,0,False
001570,027_ТИМЕРЕВО,Ae,01_Тимерево_Ae_немецкая.tif,Тимерево_Ae_курганы_целые.geojson,kurgany_tselye,1,курганы_целые,8,kurgany_povrezhdennye;kurgany_tselye,400,400,400,155.87064046369875,199.54686972909192,True,False,False,50981,24165,True,84854,True,0,False,0,False,0,False
001571,027_ТИМЕРЕВО,Ae,01_Тимерево_Ae_немецкая.tif,Тимерево_Ae_курганы_целые.geojson,kurgany_tselye,1,курганы_целые,6,kurgany_povrezhdennye;kurgany_tselye,256,256,256,100.1384248320788,124.83562067052485,True,False,False,32009,16146,True,17381,True,0,False,0,False,0,False
001572,027_ТИМЕРЕВО,Ae,01_Тимерево_Ae_немецкая.tif,Тимерево_Ae_курганы_целые.geojson,kurgany_tselye,1,курганы_целые,24,kurgany_povrezhdennye;kurgany_tselye,722,722,722,251.7292025725588,360.8877654451424,True,False,False,113119,86944,True,321221,True,0,False,0,False,0,False
001573,027_ТИМЕРЕВО,Ae,01_Тимерево_Ae_немецкая.tif,Тимерево_Ae_курганы_целые.geojson,kurgany_tselye,1,курганы_целые,5,kurgany_povrezhdennye;kurgany_tselye,280,280,280,114.2360023257628,139.82607573252045,True,False,False,20035,27951,True,30414,True,0,False,0,False,0,False
001574,027_ТИМЕРЕВО,Ae,01_Тимерево_Ae_немецкая.tif,Тимерево_Ae_курганы_целые.geojson,kurgany_tselye,1,курганы_целые,7,kurgany_povrezhdennye;kurgany_tselye,256,256,256,85.18683960796088,95.48546072844051,True,False,False,12133,14661,True,38742,True,0,False,0,False,0,False
001575,027_ТИМЕРЕВО,Ae,01_Тимерево_Ae_немецкая.tif,Тимерево_Ae_курганы_целые.geojson,kurgany_tselye,1,курганы_целые,25,kurgany_povrezhdennye;kurgany_tselye,836,836,836,287.5716566276794,417.2919463023444,True,False,False,147737,134687,True,416472,True,0,False,0,False,0,False
001576,027_ТИМЕРЕВО,Ae,01_Тимерево_Ae_немецкая.tif,Тимерево_Ae_курганы_целые.geojson,kurgany_tselye,1,курганы_целые,7,kurgany_povrezhdennye;kurgany_tselye,418,418,418,191.08672319869768,208.8758518569546,True,False,False,48785,55053,True,70886,True,0,False,0,False,0,False
001577,027_ТИМЕРЕВО,Ae,01_Тимерево_Ae_немецкая.tif,Тимерево_Ae_курганы_целые.geojson,kurgany_tselye,1,курганы_целые,11,kurgany_povrezhdennye;kurgany_tselye,368,368,368,168.81279795776695,183.75498340453336,True,False,False,5146,22960,True,107318,True,0,False,0,False,0,False
001578,027_ТИМЕРЕВО,Ae,01_Тимерево_Ae_немецкая.tif,Тимерево_Ae_курганы_целые.geojson,kurgany_tselye,1,курганы_целые,19,kurgany_povrezhdennye;kurgany_tselye,566,566,566,231.8200938542292,282.301492076404,True,False,False,36278,72304,True,211774,True,0,False,0,False,0,False
001579,027_ТИМЕРЕВО,Ae,01_Тимерево_Ae_немецкая.tif,Тимерево_Ae_курганы_целые.geojson,kurgany_tselye,1,курганы_целые,22,kurgany_povrezhdennye;kurgany_tselye,616,616,616,265.3635397553645,307.2904291626341,True,False,False,39823,67048,True,272585,True,0,False,0,False,0,False
001580,027_ТИМЕРЕВО,Ae,01_Тимерево_Ae_немецкая.tif,Тимерево_Ae_курганы_целые.geojson,kurgany_tselye,1,курганы_целые,25,kurgany_povrezhdennye;kurgany_tselye,706,706,706,319.8619193139454,352.8133938244814,True,False,False,32895,84056,True,381485,True,0,False,0,False,0,False
001581,027_ТИМЕРЕВО,Ae,01_Тимерево_Ae_немецкая.tif,Тимерево_Ae_курганы_целые.geojson,kurgany_tselye,1,курганы_целые,24,kurgany_povrezhdennye;kurgany_tselye,650,650,650,287.73601827603267,324.3703874071404,True,False,False,38005,185599,True,198896,True,0,False,0,False,0,False
001582,027_ТИМЕРЕВО,Ae,01_Тимерево_Ae_немецкая.tif,Тимерево_Ae_курганы_целые.geojson,kurgany_tselye,1,курганы_целые,18,kurgany_povrezhdennye;kurgany_tselye,530,530,530,234.17369765812788,264.454425008715,True,False,False,45044,115336,True,120520,True,0,False,0,False,0,False
001583,027_ТИМЕРЕВО,Ae,01_Тимерево_Ae_немецкая.tif,Тимерево_Ae_курганы_целые.geojson,kurgany_tselye,1,курганы_целые,17,kurgany_povrezhdennye;kurgany_tselye,546,546,546,272.63941019570063,237.16750403459943,True,False,False,21849,169749,True,106518,True,0,False,0,False,0,False
001584,027_ТИМЕРЕВО,Ae,01_Тимерево_Ae_немецкая.tif,Тимерево_Ae_курганы_целые.geojson,kurgany_tselye,1,курганы_целые,7,kurgany_povrezhdennye;kurgany_tselye,322,322,322,160.20180408052238,156.06386259235427,True,False,False,9982,55777,True,37925,True,0,False,0,False,0,False
001585,027_ТИМЕРЕВО,Ae,01_Тимерево_Ae_немецкая.tif,Тимерево_Ae_курганы_целые.geojson,kurgany_tselye,1,курганы_целые,7,kurgany_povrezhdennye;kurgany_tselye,332,332,332,165.28775454279187,105.70336815157026,True,False,False,4113,78350,True,27761,True,0,False,0,False,0,False
001586,027_ТИМЕРЕВО,Ae,01_Тимерево_Ae_немецкая.tif,Тимерево_Ae_курганы_целые.geojson,kurgany_tselye,1,курганы_целые,7,kurgany_povrezhdennye;kurgany_tselye,320,320,320,159.71884583274863,148.5391366138292,True,False,False,5681,76578,True,20141,True,0,False,0,False,0,False
001587,027_ТИМЕРЕВО,Ae,01_Тимерево_Ae_немецкая.tif,Тимерево_Ae_курганы_целые.geojson,kurgany_tselye,1,курганы_целые,15,kurgany_povrezhdennye;kurgany_tselye,632,632,632,231.0484525239911,315.38880082670454,True,False,False,32035,160368,True,207021,True,0,False,0,False,0,False
001588,027_ТИМЕРЕВО,Ae,01_Тимерево_Ae_немецкая.tif,Тимерево_Ae_курганы_целые.geojson,kurgany_tselye,1,курганы_целые,15,kurgany_povrezhdennye;kurgany_tselye,410,410,410,161.5386566979611,204.5583796686032,True,False,False,11409,31209,True,125482,True,0,False,0,False,0,False
001589,027_ТИМЕРЕВО,Ae,01_Тимерево_Ae_немецкая.tif,Тимерево_Ae_курганы_целые.geojson,kurgany_tselye,1,курганы_целые,14,kurgany_povrezhdennye;kurgany_tselye,410,410,410,161.5073058043282,204.3673795285787,True,False,False,8169,37805,True,122126,True,0,False,0,False,0,False
001590,027_ТИМЕРЕВО,Ae,01_Тимерево_Ae_немецкая.tif,Тимерево_Ae_курганы_целые.geojson,kurgany_tselye,1,курганы_целые,11,kurgany_povrezhdennye;kurgany_tselye,342,342,342,159.0915534259057,170.205657207472,True,False,False,5168,31964,True,79832,True,0,False,0,False,0,False
001591,027_ТИМЕРЕВО,Ae,01_Тимерево_Ae_немецкая.tif,Тимерево_Ae_курганы_целые.geojson,kurgany_tselye,1,курганы_целые,10,kurgany_povrezhdennye;kurgany_tselye,316,316,316,157.37001516369406,146.8903115936303,True,False,False,15968,20482,True,63406,True,0,False,0,False,0,False
001592,027_ТИМЕРЕВО,Ae,01_Тимерево_Ae_немецкая.tif,Тимерево_Ae_курганы_целые.geojson,kurgany_tselye,1,курганы_целые,10,kurgany_povrezhdennye;kurgany_tselye,428,428,428,168.05767988251506,213.0049710207506,True,False,False,3310,44698,True,135176,True,0,False,0,False,0,False
001593,027_ТИМЕРЕВО,Ae,01_Тимерево_Ae_немецкая.tif,Тимерево_Ae_курганы_целые.geojson,kurgany_tselye,1,курганы_целые,19,kurgany_povrezhdennye;kurgany_tselye,712,712,712,355.9791419351837,334.1984872873828,True,False,False,63531,93195,True,350218,True,0,False,0,False,0,False
001594,027_ТИМЕРЕВО,Ae,01_Тимерево_Ae_немецкая.tif,Тимерево_Ae_курганы_целые.geojson,kurgany_tselye,1,курганы_целые,7,kurgany_povrezhdennye;kurgany_tselye,438,438,438,153.89396284264913,218.74010938431124,True,False,False,75107,46700,True,70037,True,0,False,0,False,0,False
001595,027_ТИМЕРЕВО,Ae,01_Тимерево_Ae_немецкая.tif,Тимерево_Ae_курганы_целые.geojson,kurgany_tselye,1,курганы_целые,8,kurgany_povrezhdennye;kurgany_tselye,302,302,302,133.90424560617268,150.83771864549797,True,False,False,801,40649,True,49754,True,0,False,0,False,0,False
001596,027_ТИМЕРЕВО,Ae,01_Тимерево_Ae_немецкая.tif,Тимерево_Ae_курганы_целые.geojson,kurgany_tselye,1,курганы_целые,8,kurgany_povrezhdennye;kurgany_tselye,324,324,324,127.75610571800104,161.7778950371617,True,False,False,7862,54099,True,43015,True,0,False,0,False,0,False
001597,027_ТИМЕРЕВО,Ae,01_Тимерево_Ae_немецкая.tif,Тимерево_Ae_курганы_целые.geojson,kurgany_tselye,1,курганы_целые,10,kurgany_povrezhdennye;kurgany_tselye,396,396,396,193.5169160238762,197.01201489056015,True,False,False,41536,73333,True,41947,True,0,False,0,False,0,False
001598,027_ТИМЕРЕВО,Ae,01_Тимерево_Ae_немецкая.tif,Тимерево_Ae_курганы_целые.geojson,kurgany_tselye,1,курганы_целые,12,kurgany_povrezhdennye;kurgany_tselye,530,530,530,225.6422565136823,264.9922360959676,True,False,False,36533,122193,True,122174,True,0,False,0,False,0,False
001599,027_ТИМЕРЕВО,Ae,01_Тимерево_Ae_немецкая.tif,Тимерево_Ae_курганы_целые.geojson,kurgany_tselye,1,курганы_целые,13,kurgany_povrezhdennye;kurgany_tselye,476,476,476,221.29792460694128,237.05134185308447,True,False,False,44446,95816,True,86314,True,0,False,0,False,0,False
001600,027_ТИМЕРЕВО,Ae,01_Тимерево_Ae_немецкая.tif,Тимерево_Ae_курганы_целые.geojson,kurgany_tselye,1,курганы_целые,19,kurgany_povrezhdennye;kurgany_tselye,812,812,812,339.3661983312199,405.7782437041012,True,False,False,243486,168358,True,247500,True,0,False,0,False,0,False
001601,027_ТИМЕРЕВО,Ae,01_Тимерево_Ae_немецкая.tif,Тимерево_Ae_курганы_целые.geojson,kurgany_tselye,1,курганы_целые,25,kurgany_povrezhdennye;kurgany_tselye,706,706,706,331.9633896775287,352.0803119367209,True,False,False,64641,247826,True,185969,True,0,False,0,False,0,False
001602,027_ТИМЕРЕВО,Ae,01_Тимерево_Ae_немецкая.tif,Тимерево_Ae_курганы_целые.geojson,kurgany_tselye,1,курганы_целые,10,kurgany_povrezhdennye;kurgany_tselye,462,462,462,210.32136123953163,230.1815849816797,True,False,False,12045,94691,True,106708,True,0,False,0,False,0,False
001603,027_ТИМЕРЕВО,Ae,01_Тимерево_Ae_немецкая.tif,Тимерево_Ae_курганы_целые.geojson,kurgany_tselye,1,курганы_целые,12,kurgany_povrezhdennye;kurgany_tselye,498,498,498,206.0081191200916,248.54475628631144,True,False,False,12970,146934,True,88100,True,0,False,0,False,0,False
001604,027_ТИМЕРЕВО,Ae,01_Тимерево_Ae_немецкая.tif,Тимерево_Ae_курганы_целые.geojson,kurgany_tselye,1,курганы_целые,11,kurgany_povrezhdennye;kurgany_tselye,332,332,332,153.99150622551284,165.94700016800658,True,False,False,2412,36602,True,71210,True,0,False,0,False,0,False
001605,027_ТИМЕРЕВО,Ae,01_Тимерево_Ae_немецкая.tif,Тимерево_Ae_курганы_целые.geojson,kurgany_tselye,1,курганы_целые,13,kurgany_povrezhdennye;kurgany_tselye,616,616,616,222.034152209258,307.55439435608315,True,False,False,129429,116063,True,133964,True,0,False,0,False,0,False
001606,027_ТИМЕРЕВО,Ae,01_Тимерево_Ae_немецкая.tif,Тимерево_Ae_курганы_целые.geojson,kurgany_tselye,1,курганы_целые,16,kurgany_povrezhdennye;kurgany_tselye,482,482,482,154.3459216108205,240.35326815031647,True,False,False,53834,77339,True,101151,True,0,False,0,False,0,False
001607,027_ТИМЕРЕВО,Ae,01_Тимерево_Ae_немецкая.tif,Тимерево_Ae_курганы_целые.geojson,kurgany_tselye,1,курганы_целые,13,kurgany_povrezhdennye;kurgany_tselye,454,454,454,151.38449737153164,226.26704652466964,True,False,False,48797,50989,True,106330,True,0,False,0,False,0,False
001608,027_ТИМЕРЕВО,Ae,01_Тимерево_Ae_немецкая.tif,Тимерево_Ae_курганы_целые.geojson,kurgany_tselye,1,курганы_целые,21,kurgany_povrezhdennye;kurgany_tselye,676,676,676,337.7277060874749,328.6344797721542,True,False,False,64042,128337,True,264597,True,0,False,0,False,0,False
001609,027_ТИМЕРЕВО,Ae,01_Тимерево_Ae_немецкая.tif,Тимерево_Ae_курганы_целые.geojson,kurgany_tselye,1,курганы_целые,7,kurgany_povrezhdennye;kurgany_tselye,460,460,460,226.16080788584168,229.18236907534157,True,False,False,71705,98737,True,41158,True,0,False,0,False,0,False
001610,027_ТИМЕРЕВО,Ae,01_Тимерево_Ae_немецкая.tif,Тимерево_Ae_курганы_целые.geojson,kurgany_tselye,1,курганы_целые,15,kurgany_povrezhdennye;kurgany_tselye,392,392,392,195.29009730588916,185.5035865927572,True,False,False,24142,61596,True,67926,True,0,False,0,False,0,False
001611,027_ТИМЕРЕВО,Ae,01_Тимерево_Ae_немецкая.tif,Тимерево_Ae_курганы_целые.geojson,kurgany_tselye,1,курганы_целые,14,kurgany_povrezhdennye;kurgany_tselye,418,418,418,169.1525061415383,208.6874902194283,True,False,False,20538,82393,True,71793,True,0,False,0,False,0,False
001612,027_ТИМЕРЕВО,Ae,01_Тимерево_Ae_немецкая.tif,Тимерево_Ae_курганы_целые.geojson,kurgany_tselye,1,курганы_целые,7,kurgany_povrezhdennye;kurgany_tselye,438,438,438,194.4546544779161,218.68542093030825,True,False,False,18323,106834,True,66687,True,0,False,0,False,0,False
001613,027_ТИМЕРЕВО,Ae,01_Тимерево_Ae_немецкая.tif,Тимерево_Ae_курганы_целые.geojson,kurgany_tselye,1,курганы_целые,15,kurgany_povrezhdennye;kurgany_tselye,616,616,616,235.3692504564773,307.58519096972424,True,False,False,44521,137677,True,197258,True,0,False,0,False,0,False
001614,027_ТИМЕРЕВО,Ae,01_Тимерево_Ae_немецкая.tif,Тимерево_Ae_курганы_целые.geojson,kurgany_tselye,1,курганы_целые,9,kurgany_povrezhdennye;kurgany_tselye,384,384,384,183.3497941743031,191.03275214418693,True,False,False,14626,45991,True,86839,True,0,False,0,False,0,False
001615,027_ТИМЕРЕВО,Ae,01_Тимерево_Ae_немецкая.tif,Тимерево_Ae_курганы_целые.geojson,kurgany_tselye,1,курганы_целые,18,kurgany_povrezhdennye;kurgany_tselye,538,538,538,175.27092679761395,268.8926193641525,True,False,False,55491,49232,True,184721,True,0,False,0,False,0,False
001616,027_ТИМЕРЕВО,Ae,01_Тимерево_Ae_немецкая.tif,Тимерево_Ae_курганы_целые.geojson,kurgany_tselye,1,курганы_целые,23,kurgany_povrezhdennye;kurgany_tselye,686,686,686,258.1272941343177,342.7254024571781,True,False,False,78132,67428,True,325036,True,0,False,0,False,0,False
001617,027_ТИМЕРЕВО,Ae,01_Тимерево_Ae_немецкая.tif,Тимерево_Ae_курганы_целые.geojson,kurgany_tselye,1,курганы_целые,9,kurgany_povrezhdennye;kurgany_tselye,418,418,418,171.89217032679045,208.76847596677453,True,False,False,26622,49429,True,98673,True,0,False,0,False,0,False
001618,027_ТИМЕРЕВО,Ae,01_Тимерево_Ae_немецкая.tif,Тимерево_Ae_курганы_целые.geojson,kurgany_tselye,1,курганы_целые,7,kurgany_povrezhdennye;kurgany_tselye,388,388,388,156.89228329141045,193.7584465345249,True,False,False,30423,47425,True,72696,True,0,False,0,False,0,False
001619,027_ТИМЕРЕВО,Ae,01_Тимерево_Ae_немецкая.tif,Тимерево_Ae_курганы_целые.geojson,kurgany_tselye,1,курганы_целые,10,kurgany_povrezhdennye;kurgany_tselye,472,472,472,186.7977787933969,235.48068335097463,True,False,False,139019,42356,True,41409,True,0,False,0,False,0,False
001620,027_ТИМЕРЕВО,Ae,01_Тимерево_Ae_немецкая.tif,Тимерево_Ae_курганы_целые.geojson,kurgany_tselye,1,курганы_целые,10,kurgany_povrezhdennye;kurgany_tselye,474,474,474,189.72482562636415,236.78756277470225,True,False,False,101039,36045,True,87592,True,0,False,0,False,0,False
001621,027_ТИМЕРЕВО,Ae,01_Тимерево_Ae_немецкая.tif,Тимерево_Ae_курганы_целые.geojson,kurgany_tselye,1,курганы_целые,11,kurgany_povrezhdennye;kurgany_tselye,308,308,308,124.44468468852564,153.9564963370466,True,False,False,10006,13829,True,71029,True,0,False,0,False,0,False
001622,027_ТИМЕРЕВО,Ae,01_Тимерево_Ae_немецкая.tif,Тимерево_Ae_курганы_целые.geojson,kurgany_tselye,1,курганы_целые,11,kurgany_povrezhdennye;kurgany_tselye,382,382,382,150.05347941197664,190.9976077486056,True,False,False,30513,16870,True,98541,True,0,False,0,False,0,False
001623,027_ТИМЕРЕВО,Ae,01_Тимерево_Ae_немецкая.tif,Тимерево_Ae_курганы_целые.geojson,kurgany_tselye,1,курганы_целые,11,kurgany_povrezhdennye;kurgany_tselye,426,426,426,167.08226344326323,212.49517528568848,True,False,False,65321,49301,True,66854,True,0,False,0,False,0,False
001624,027_ТИМЕРЕВО,Ae,01_Тимерево_Ae_немецкая.tif,Тимерево_Ae_курганы_целые.geojson,kurgany_tselye,1,курганы_целые,11,kurgany_povrezhdennye;kurgany_tselye,446,446,446,210.2810495667336,222.2614077174665,True,False,False,100237,56922,True,41757,True,0,False,0,False,0,False
001625,027_ТИМЕРЕВО,Ae,01_Тимерево_Ae_немецкая.tif,Тимерево_Ae_курганы_целые.geojson,kurgany_tselye,1,курганы_целые,9,kurgany_povrezhdennye;kurgany_tselye,308,308,308,131.02305176766075,153.46142611927385,True,False,False,33100,15261,True,46503,True,0,False,0,False,0,False
001626,027_ТИМЕРЕВО,Ae,01_Тимерево_Ae_немецкая.tif,Тимерево_Ae_курганы_целые.geojson,kurgany_tselye,1,курганы_целые,8,kurgany_povrezhdennye;kurgany_tselye,350,350,350,174.58147903157905,145.7460538606809,True,False,False,59585,22765,True,40150,True,0,False,0,False,0,False
001627,027_ТИМЕРЕВО,Ae,01_Тимерево_Ae_немецкая.tif,Тимерево_Ae_курганы_целые.geojson,kurgany_tselye,1,курганы_целые,4,kurgany_povrezhdennye;kurgany_tselye,256,256,256,105.07570263276274,106.28586505860068,True,False,False,42872,14375,True,8289,True,0,False,0,False,0,False
001628,027_ТИМЕРЕВО,Ae,01_Тимерево_Ae_немецкая.tif,Тимерево_Ae_курганы_целые.geojson,kurgany_tselye,1,курганы_целые,7,kurgany_povrezhdennye;kurgany_tselye,256,256,256,103.26490614494072,121.13004514123853,True,False,False,25508,25035,True,14993,True,0,False,0,False,0,False
001629,027_ТИМЕРЕВО,Ae,01_Тимерево_Ae_немецкая.tif,Тимерево_Ae_курганы_целые.geojson,kurgany_tselye,1,курганы_целые,6,kurgany_povrezhdennye;kurgany_tselye,266,266,266,115.59349695102756,132.95961450832823,True,False,False,35280,23618,True,11858,True,0,False,0,False,0,False
001630,027_ТИМЕРЕВО,Ae,01_Тимерево_Ae_немецкая.tif,Тимерево_Ae_курганы_целые.geojson,kurgany_tselye,1,курганы_целые,8,kurgany_povrezhdennye;kurgany_tselye,416,416,416,196.66309814327164,207.48612478625864,True,False,False,113855,37551,True,21650,True,0,False,0,False,0,False
001631,027_ТИМЕРЕВО,Ae,01_Тимерево_Ae_немецкая.tif,Тимерево_Ae_курганы_целые.geojson,kurgany_tselye,1,курганы_целые,10,kurgany_povrezhdennye;kurgany_tselye,380,380,380,186.9537929469573,189.41363157547136,True,False,False,30657,57599,True,56144,True,0,False,0,False,0,False
001632,027_ТИМЕРЕВО,Ae,01_Тимерево_Ae_немецкая.tif,Тимерево_Ae_курганы_целые.geojson,kurgany_tselye,1,курганы_целые,19,kurgany_povrezhdennye;kurgany_tselye,704,704,704,257.5286911440258,351.7419752998818,True,False,False,62982,215856,True,216778,True,0,False,0,False,0,False
001667,029_НИКОЛО-ЛЕНИВЕЦ,Li,03_Николо-Ленивец_Li_карты_g.tif,Николо-Ленивец_Li_городища.geojson,gorodishcha,3,городища,1,gorodishcha,896,896,896,447.0908613584492,322.0058348029497,True,False,False,701851,0,False,0,False,100965,True,0,False,0,False
001668,029_НИКОЛО-ЛЕНИВЕЦ,Li,03_Николо-Ленивец_Li_карты_g.tif,Николо-Ленивец_Li_курганы_целые.geojson,kurgany_tselye,1,курганы_целые,1,kurgany_tselye,256,256,256,69.86420664703508,68.2388868741616,True,False,False,61841,3695,True,0,False,0,False,0,False,0,False
001669,029_НИКОЛО-ЛЕНИВЕЦ,Li,03_Николо-Ленивец_Li_карты_g.tif,Николо-Ленивец_Li_курганы_целые.geojson,kurgany_tselye,1,курганы_целые,2,kurgany_tselye,256,256,256,30.315906634787243,29.94869479909209,True,False,False,64482,1054,True,0,False,0,False,0,False,0,False
001670,029_НИКОЛО-ЛЕНИВЕЦ,Li,03_Николо-Ленивец_Li_карты_g.tif,Николо-Ленивец_Li_курганы_целые.geojson,kurgany_tselye,1,курганы_целые,4,kurgany_tselye,256,256,256,32.74070160754506,29.47028941940192,True,False,False,62823,2713,True,0,False,0,False,0,False,0,False
001671,029_НИКОЛО-ЛЕНИВЕЦ,Li,03_Николо-Ленивец_Li_карты_g.tif,Николо-Ленивец_Li_курганы_целые.geojson,kurgany_tselye,1,курганы_целые,4,kurgany_tselye,256,256,256,28.64005464944071,21.16932879667496,True,False,False,62823,2713,True,0,False,0,False,0,False,0,False
001672,029_НИКОЛО-ЛЕНИВЕЦ,Li,03_Николо-Ленивец_Li_карты_g.tif,Николо-Ленивец_Li_курганы_целые.geojson,kurgany_tselye,1,курганы_целые,3,kurgany_tselye,256,256,256,30.170501610846404,35.50717132165637,True,False,False,63451,2085,True,0,False,0,False,0,False,0,False
001673,029_НИКОЛО-ЛЕНИВЕЦ,Li,03_Николо-Ленивец_Li_карты_g.tif,Николо-Ленивец_Li_курганы_целые.geojson,kurgany_tselye,1,курганы_целые,3,kurgany_tselye,256,256,256,32.74073721258917,31.436302345242616,True,False,False,63694,1842,True,0,False,0,False,0,False,0,False
001674,029_НИКОЛО-ЛЕНИВЕЦ,Ae,01_Николо-Ленивец_Ae_немецкая.tif,Николо-Ленивец_Ae_городища.geojson,gorodishcha,3,городища,1,gorodishcha,346,346,346,172.80201599244523,117.56343741362652,True,False,False,103299,0,False,0,False,16417,True,0,False,0,False
001686,033_МИЛОВИДОВО_0.1км,Li,03_Миловидово_0.1км_Li_карты_g.tif,Миловидово_0.1км_Li_курганы_целые.geojson,kurgany_tselye,1,курганы_целые,1,kurgany_tselye,256,256,256,55.82498820508488,54.91761036225751,True,False,False,63216,2320,True,0,False,0,False,0,False,0,False
001687,033_МИЛОВИДОВО_0.1км,Ae,01_Миловидово_0.1км_Ae_немецкая.tif,Миловидово_0.1км_Ae_курганы_целые.geojson,kurgany_tselye,1,курганы_целые,2,kurgany_tselye,256,256,256,79.57787682701021,62.76576834431542,True,False,False,60528,5008,True,0,False,0,False,0,False,0,False
001688,033_МИЛОВИДОВО_0.1км,Ae,01_Миловидово_0.1км_Ae_немецкая.tif,Миловидово_0.1км_Ae_курганы_целые.geojson,kurgany_tselye,1,курганы_целые,2,kurgany_tselye,256,256,256,45.8862682299215,45.51791606319228,True,False,False,60529,5007,True,0,False,0,False,0,False,0,False
001689,033_МИЛОВИДОВО_0.1км,Ae,01_Миловидово_0.1км_Ae_немецкая.tif,Миловидово_0.1км_Ae_курганы_целые.geojson,kurgany_tselye,1,курганы_целые,1,kurgany_tselye,606,606,606,302.9951910707284,301.8816259374919,True,False,False,300252,66984,True,0,False,0,False,0,False,0,False
001690,033_МИЛОВИДОВО_0.1км,Ae,01_Миловидово_0.1км_Ae_немецкая.tif,Миловидово_0.1км_Ae_курганы_целые.geojson,kurgany_tselye,1,курганы_целые,1,kurgany_tselye,292,292,292,145.6784282664032,145.19669159972744,True,False,False,69291,15973,True,0,False,0,False,0,False,0,False
001691,033_МИЛОВИДОВО_0.1км,Ae,01_Миловидово_0.1км_Ae_немецкая.tif,Миловидово_0.1км_Ae_курганы_целые.geojson,kurgany_tselye,1,курганы_целые,1,kurgany_tselye,256,256,256,97.8283657164437,76.52861865997134,True,False,False,59347,6189,True,0,False,0,False,0,False,0,False
001692,033_МИЛОВИДОВО_0.1км,Ae,01_Миловидово_0.1км_Ae_немецкая.tif,Миловидово_0.1км_Ae_курганы_целые.geojson,kurgany_tselye,1,курганы_целые,2,kurgany_povrezhdennye;kurgany_tselye,890,890,890,444.96851831112326,313.4555936823174,True,False,False,666519,103122,True,22459,True,0,False,0,False,0,False
001693,033_МИЛОВИДОВО_0.1км,Ae,01_Миловидово_0.1км_Ae_немецкая.tif,Миловидово_0.1км_Ae_курганы_целые.geojson,kurgany_tselye,1,курганы_целые,2,kurgany_povrezhdennye;kurgany_tselye,806,806,806,402.87542079211033,317.0285434007802,True,False,False,525912,91527,True,32197,True,0,False,0,False,0,False
001694,033_МИЛОВИДОВО_0.1км,Ae,01_Миловидово_0.1км_Ae_немецкая.tif,Миловидово_0.1км_Ae_курганы_целые.geojson,kurgany_tselye,1,курганы_целые,1,kurgany_tselye,976,976,976,487.3413125134279,412.6307309901442,True,False,False,803770,148806,True,0,False,0,False,0,False,0,False
001695,033_МИЛОВИДОВО_0.1км,Ae,01_Миловидово_0.1км_Ae_немецкая.tif,Миловидово_0.1км_Ae_курганы_целые.geojson,kurgany_tselye,1,курганы_целые,2,kurgany_povrezhdennye;kurgany_tselye,1382,1382,1382,690.8861298014336,496.643536053504,True,False,False,1269714,255229,True,384981,True,0,False,0,False,0,False
001696,033_МИЛОВИДОВО_0.1км,Ae,01_Миловидово_0.1км_Ae_немецкая.tif,Миловидово_0.1км_Ae_курганы_целые.geojson,kurgany_tselye,1,курганы_целые,2,kurgany_povrezhdennye;kurgany_tselye,1528,1528,1528,721.0099837458961,763.5288903019107,True,False,False,1917479,414892,True,2413,True,0,False,0,False,0,False
001697,033_МИЛОВИДОВО_0.1км,Ae,01_Миловидово_0.1км_Ae_немецкая.tif,Миловидово_0.1км_Ae_курганы_целые.geojson,kurgany_tselye,1,курганы_целые,1,kurgany_tselye,986,986,986,433.29451877338494,492.7823162188324,True,False,False,803074,169122,True,0,False,0,False,0,False,0,False
001698,033_МИЛОВИДОВО_0.1км,Ae,01_Миловидово_0.1км_Ae_немецкая.tif,Миловидово_0.1км_Ae_курганы_целые.geojson,kurgany_tselye,1,курганы_целые,3,kurgany_povrezhdennye;kurgany_tselye,906,906,906,452.9981681883692,351.4458035674329,True,False,False,606990,112465,True,101381,True,0,False,0,False,0,False
001699,033_МИЛОВИДОВО_0.1км,Ae,01_Миловидово_0.1км_Ae_немецкая.tif,Миловидово_0.1км_Ae_курганы_целые.geojson,kurgany_tselye,1,курганы_целые,3,kurgany_povrezhdennye;kurgany_tselye,804,804,804,360.5959410512469,401.60304339366667,True,False,False,515439,108697,True,22280,True,0,False,0,False,0,False
001700,033_МИЛОВИДОВО_0.1км,Ae,01_Миловидово_0.1км_Ae_немецкая.tif,Миловидово_0.1км_Ae_курганы_целые.geojson,kurgany_tselye,1,курганы_целые,2,kurgany_povrezhdennye;kurgany_tselye,846,846,846,422.0497607603569,409.0010566702521,True,False,False,459292,128948,True,127476,True,0,False,0,False,0,False
001701,033_МИЛОВИДОВО_0.1км,Ae,01_Миловидово_0.1км_Ae_немецкая.tif,Миловидово_0.1км_Ae_курганы_целые.geojson,kurgany_tselye,1,курганы_целые,1,kurgany_tselye,642,642,642,320.3177430299478,267.5772832585856,True,False,False,341962,70202,True,0,False,0,False,0,False,0,False
001702,033_МИЛОВИДОВО_0.1км,Ae,01_Миловидово_0.1км_Ae_немецкая.tif,Миловидово_0.1км_Ae_курганы_целые.geojson,kurgany_tselye,1,курганы_целые,1,kurgany_tselye,478,478,478,234.15741488737856,238.7893779609084,True,False,False,188998,39486,True,0,False,0,False,0,False,0,False
001703,033_МИЛОВИДОВО_0.1км,Ae,01_Миловидово_0.1км_Ae_немецкая.tif,Миловидово_0.1км_Ae_курганы_целые.geojson,kurgany_tselye,1,курганы_целые,3,fortifikatsii;kurgany_povrezhdennye;kurgany_tselye,612,612,612,305.0199479331865,233.17911746471415,True,False,False,311640,54370,True,6282,True,0,False,2252,True,0,False
001704,033_МИЛОВИДОВО_0.1км,Ae,01_Миловидово_0.1км_Ae_немецкая.tif,Миловидово_0.1км_Ae_курганы_целые.geojson,kurgany_tselye,1,курганы_целые,1,kurgany_tselye,256,256,256,112.09587348909244,91.350676043612,True,False,False,58633,6903,True,0,False,0,False,0,False,0,False
001705,033_МИЛОВИДОВО_0.1км,Ae,01_Миловидово_0.1км_Ae_немецкая.tif,Миловидово_0.1км_Ae_курганы_целые.geojson,kurgany_tselye,1,курганы_целые,1,kurgany_tselye,758,758,758,378.9028550337478,336.6013222481869,True,False,False,481469,93095,True,0,False,0,False,0,False,0,False
001706,033_МИЛОВИДОВО_0.1км,Ae,01_Миловидово_0.1км_Ae_немецкая.tif,Миловидово_0.1км_Ae_курганы_целые.geojson,kurgany_tselye,1,курганы_целые,1,kurgany_tselye,266,266,266,91.81150302958756,132.79511457001246,True,False,False,61798,8958,True,0,False,0,False,0,False,0,False
001707,033_МИЛОВИДОВО_0.1км,Ae,01_Миловидово_0.1км_Ae_немецкая.tif,Миловидово_0.1км_Ae_курганы_целые.geojson,kurgany_tselye,1,курганы_целые,2,kurgany_tselye,274,274,274,129.52886708559413,136.5301245942546,True,False,False,58095,16981,True,0,False,0,False,0,False,0,False
001708,033_МИЛОВИДОВО_0.1км,Ae,01_Миловидово_0.1км_Ae_немецкая.tif,Миловидово_0.1км_Ae_курганы_целые.geojson,kurgany_tselye,1,курганы_целые,2,kurgany_tselye,278,278,278,138.80940092033873,129.07867216651394,True,False,False,59433,17851,True,0,False,0,False,0,False,0,False
001709,033_МИЛОВИДОВО_0.1км,Ae,01_Миловидово_0.1км_Ae_немецкая.tif,Миловидово_0.1км_Ae_курганы_целые.geojson,kurgany_tselye,1,курганы_целые,1,kurgany_tselye,1006,1006,1006,502.87283992344186,440.8349567297959,True,False,False,852707,159329,True,0,False,0,False,0,False,0,False
001710,033_МИЛОВИДОВО_0.1км,Ae,01_Миловидово_0.1км_Ae_немецкая.tif,Миловидово_0.1км_Ae_курганы_целые.geojson,kurgany_tselye,1,курганы_целые,1,kurgany_tselye,1136,1136,1136,567.047673477528,474.64405745372096,True,False,False,1085308,205188,True,0,False,0,False,0,False,0,False
001711,033_МИЛОВИДОВО_0.1км,Ae,01_Миловидово_0.1км_Ae_немецкая.tif,Миловидово_0.1км_Ae_курганы_целые.geojson,kurgany_tselye,1,курганы_целые,1,kurgany_tselye,292,292,292,140.1224138198281,145.83815848125317,True,False,False,70599,14665,True,0,False,0,False,0,False,0,False
001712,033_МИЛОВИДОВО_0.1км,Ae,01_Миловидово_0.1км_Ae_немецкая.tif,Миловидово_0.1км_Ae_курганы_целые.geojson,kurgany_tselye,1,курганы_целые,1,kurgany_tselye,800,800,800,369.2609838727906,399.261030759384,True,False,False,543862,96138,True,0,False,0,False,0,False,0,False
001713,033_МИЛОВИДОВО_0.1км,Ae,01_Миловидово_0.1км_Ae_немецкая.tif,Миловидово_0.1км_Ae_курганы_целые.geojson,kurgany_tselye,1,курганы_целые,1,kurgany_tselye,676,676,676,337.19633207049435,297.8354759619017,True,False,False,394799,62177,True,0,False,0,False,0,False,0,False
001714,033_МИЛОВИДОВО_0.1км,Ae,01_Миловидово_0.1км_Ae_немецкая.tif,Миловидово_0.1км_Ae_фортификации.geojson,fortifikatsii,4,фортификации,2,fortifikatsii;kurgany_povrezhdennye,256,256,256,55.50545999606497,92.69411885439555,True,False,False,53501,0,False,10598,True,0,False,1437,True,0,False
001715,033_МИЛОВИДОВО_0.1км,Ae,01_Миловидово_0.1км_Ae_немецкая.tif,Миловидово_0.1км_Ae_фортификации.geojson,fortifikatsii,4,фортификации,3,fortifikatsii;kurgany_povrezhdennye;kurgany_tselye,256,256,256,48.104731998164986,103.24015631941457,True,False,False,48344,8658,True,6282,True,0,False,2252,True,0,False
001716,033_МИЛОВИДОВО_0.1км,Ae,01_Миловидово_0.1км_Ae_немецкая.tif,Миловидово_0.1км_Ae_фортификации.geojson,fortifikatsii,4,фортификации,2,fortifikatsii;kurgany_povrezhdennye,256,256,256,85.23304752006102,75.62428223326022,True,False,False,39578,0,False,22818,True,0,False,3140,True,0,False
001717,033_МИЛОВИДОВО_0.1км,Ae,01_Миловидово_0.1км_Ae_немецкая.tif,Миловидово_0.1км_Ae_фортификации.geojson,fortifikatsii,4,фортификации,2,fortifikatsii;kurgany_povrezhdennye,256,256,256,78.94877135910754,70.93771059842675,True,False,False,51115,0,False,13274,True,0,False,1147,True,0,False
001718,033_МИЛОВИДОВО_0.1км,Ae,01_Миловидово_0.1км_Ae_немецкая.tif,Миловидово_0.1км_Ae_фортификации.geojson,fortifikatsii,4,фортификации,4,fortifikatsii;kurgany_povrezhdennye,256,256,256,49.79183641370911,36.37400895134736,True,False,False,50393,0,False,14241,True,0,False,902,True,0,False
001719,033_МИЛОВИДОВО_0.1км,Ae,01_Миловидово_0.1км_Ae_немецкая.tif,Миловидово_0.1км_Ae_фортификации.geojson,fortifikatsii,4,фортификации,4,fortifikatsii;kurgany_povrezhdennye,256,256,256,24.39460278040531,29.01250109489772,True,False,False,51677,0,False,12957,True,0,False,902,True,0,False
001720,033_МИЛОВИДОВО_0.1км,Ae,01_Миловидово_0.1км_Ae_немецкая.tif,Миловидово_0.1км_Ae_фортификации.geojson,fortifikatsii,4,фортификации,1,fortifikatsii,256,256,256,63.157700616639744,29.67540743789794,True,False,False,64948,0,False,0,False,0,False,588,True,0,False
001721,033_МИЛОВИДОВО_0.1км,Ae,01_Миловидово_0.1км_Ae_немецкая.tif,Миловидово_0.1км_Ae_фортификации.geojson,fortifikatsii,4,фортификации,1,fortifikatsii,256,256,256,67.1003777420856,96.52162180262695,True,False,False,64174,0,False,0,False,0,False,1362,True,0,False
001724,033_МИЛОВИДОВО_0.1км,Ae,01_Миловидово_0.1км_Ae_немецкая.tif,Миловидово_0.1км_Ае_курганы_поврежденные.geojson,kurgany_povrezhdennye,2,курганы_поврежденные,1,kurgany_povrezhdennye,666,666,666,327.4819208692612,332.14891249055484,True,False,False,359177,0,False,84379,True,0,False,0,False,0,False
001725,033_МИЛОВИДОВО_0.1км,Ae,01_Миловидово_0.1км_Ae_немецкая.tif,Миловидово_0.1км_Ае_курганы_поврежденные.geojson,kurgany_povrezhdennye,2,курганы_поврежденные,2,fortifikatsii;kurgany_povrezhdennye,400,400,400,181.8983644145674,199.81802928397488,True,False,False,133780,0,False,23080,True,0,False,3140,True,0,False
001726,033_МИЛОВИДОВО_0.1км,Ae,01_Миловидово_0.1км_Ae_немецкая.tif,Миловидово_0.1км_Ае_курганы_поврежденные.geojson,kurgany_povrezhdennye,2,курганы_поврежденные,4,fortifikatsii;kurgany_povrezhdennye,324,324,324,161.4500409726834,112.99498322558152,True,False,False,89833,0,False,14241,True,0,False,902,True,0,False
001727,033_МИЛОВИДОВО_0.1км,Ae,01_Миловидово_0.1км_Ae_немецкая.tif,Миловидово_0.1км_Ае_курганы_поврежденные.geojson,kurgany_povrezhdennye,2,курганы_поврежденные,4,fortifikatsii;kurgany_povrezhdennye,256,256,256,100.3185449548526,87.78666646061808,True,False,False,50567,0,False,14067,True,0,False,902,True,0,False
001728,033_МИЛОВИДОВО_0.1км,Ae,01_Миловидово_0.1км_Ae_немецкая.tif,Миловидово_0.1км_Ае_курганы_поврежденные.geojson,kurgany_povrezhdennye,2,курганы_поврежденные,2,fortifikatsii;kurgany_povrezhdennye,294,294,294,146.28490714661157,128.7430729539286,True,False,False,72015,0,False,13274,True,0,False,1147,True,0,False
001729,033_МИЛОВИДОВО_0.1км,Ae,01_Миловидово_0.1км_Ae_немецкая.tif,Миловидово_0.1км_Ае_курганы_поврежденные.geojson,kurgany_povrezhdennye,2,курганы_поврежденные,1,kurgany_povrezhdennye,320,320,320,152.6109320085371,159.90250305203986,True,False,False,85395,0,False,17005,True,0,False,0,False,0,False
001732,033_МИЛОВИДОВО_0.1км,Ae,01_Миловидово_0.1км_Ae_немецкая.tif,Миловидово_0.1км_Ае_курганы_поврежденные.geojson,kurgany_povrezhdennye,2,курганы_поврежденные,6,kurgany_povrezhdennye;kurgany_tselye,1570,1570,1570,509.39583866265343,784.264869401007,True,False,False,2027892,84805,True,352203,True,0,False,0,False,0,False
001733,033_МИЛОВИДОВО_0.1км,Ae,01_Миловидово_0.1км_Ae_немецкая.tif,Миловидово_0.1км_Ае_курганы_поврежденные.geojson,kurgany_povrezhdennye,2,курганы_поврежденные,2,kurgany_povrezhdennye,698,698,698,348.7934220523967,297.7031066459878,True,False,False,319169,0,False,168035,True,0,False,0,False,0,False
001734,033_МИЛОВИДОВО_0.1км,Ae,01_Миловидово_0.1км_Ae_немецкая.tif,Миловидово_0.1км_Ае_курганы_поврежденные.geojson,kurgany_povrezhdennye,2,курганы_поврежденные,2,kurgany_povrezhdennye,1122,1122,1122,560.8175321846547,529.0559769715853,True,False,False,964043,0,False,294841,True,0,False,0,False,0,False
001735,033_МИЛОВИДОВО_0.1км,Ae,01_Миловидово_0.1км_Ae_немецкая.tif,Миловидово_0.1км_Ае_курганы_поврежденные.geojson,kurgany_povrezhdennye,2,курганы_поврежденные,1,kurgany_povrezhdennye,650,650,650,324.29570360461,273.0340259383822,True,False,False,354536,0,False,67964,True,0,False,0,False,0,False
001736,033_МИЛОВИДОВО_0.1км,Ae,01_Миловидово_0.1км_Ae_немецкая.tif,Миловидово_0.1км_Ае_курганы_поврежденные.geojson,kurgany_povrezhdennye,2,курганы_поврежденные,1,kurgany_povrezhdennye,330,330,330,164.20787303444268,162.6197448864879,True,False,False,95523,0,False,13377,True,0,False,0,False,0,False
001737,033_МИЛОВИДОВО_0.1км,Ae,01_Миловидово_0.1км_Ae_немецкая.tif,Миловидово_0.1км_Ае_курганы_поврежденные.geojson,kurgany_povrezhdennye,2,курганы_поврежденные,1,kurgany_povrezhdennye,380,380,380,172.46770236111163,189.84454112436936,True,False,False,123249,0,False,21151,True,0,False,0,False,0,False
001738,033_МИЛОВИДОВО_0.1км,Ae,01_Миловидово_0.1км_Ae_немецкая.tif,Миловидово_0.1км_Ае_курганы_поврежденные.geojson,kurgany_povrezhdennye,2,курганы_поврежденные,1,kurgany_povrezhdennye,354,354,354,176.21378695263903,156.62618249745393,True,False,False,105199,0,False,20117,True,0,False,0,False,0,False
001739,033_МИЛОВИДОВО_0.1км,Ae,01_Миловидово_0.1км_Ae_немецкая.tif,Миловидово_0.1км_Ае_курганы_поврежденные.geojson,kurgany_povrezhdennye,2,курганы_поврежденные,1,kurgany_povrezhdennye,500,500,500,249.27979360716915,201.7837121668314,True,False,False,216969,0,False,33031,True,0,False,0,False,0,False
001740,033_МИЛОВИДОВО_0.1км,Ae,01_Миловидово_0.1км_Ae_немецкая.tif,Миловидово_0.1км_Ае_курганы_поврежденные.geojson,kurgany_povrezhdennye,2,курганы_поврежденные,4,kurgany_povrezhdennye;kurgany_tselye,1070,1070,1070,432.28403683821904,534.5326113807846,True,False,False,841498,12898,True,290504,True,0,False,0,False,0,False
001741,033_МИЛОВИДОВО_0.1км,Ae,01_Миловидово_0.1км_Ae_немецкая.tif,Миловидово_0.1км_Ае_курганы_поврежденные.geojson,kurgany_povrezhdennye,2,курганы_поврежденные,2,kurgany_povrezhdennye;kurgany_tselye,1534,1534,1534,592.4394297815089,766.5306627770005,True,False,False,1970842,93142,True,289172,True,0,False,0,False,0,False
001742,033_МИЛОВИДОВО_0.1км,Ae,01_Миловидово_0.1км_Ae_немецкая.tif,Миловидово_0.1км_Ае_курганы_поврежденные.geojson,kurgany_povrezhdennye,2,курганы_поврежденные,1,kurgany_povrezhdennye,1506,1506,1506,670.9829110841674,752.2792735735246,True,False,False,1942011,0,False,326025,True,0,False,0,False,0,False
001743,033_МИЛОВИДОВО_0.1км,Ae,01_Миловидово_0.1км_Ae_немецкая.tif,Миловидово_0.1км_Ае_курганы_поврежденные.geojson,kurgany_povrezhdennye,2,курганы_поврежденные,1,kurgany_povrezhdennye,644,644,644,298.8327965215448,321.515777902695,True,False,False,351143,0,False,63593,True,0,False,0,False,0,False
001744,033_МИЛОВИДОВО_0.1км,Ae,01_Миловидово_0.1км_Ae_немецкая.tif,Миловидово_0.1км_Ае_курганы_поврежденные.geojson,kurgany_povrezhdennye,2,курганы_поврежденные,1,kurgany_povrezhdennye,364,364,364,149.2205890157681,181.3019825537456,True,False,False,115640,0,False,16856,True,0,False,0,False,0,False
001745,033_МИЛОВИДОВО_0.1км,Ae,01_Миловидово_0.1км_Ae_немецкая.tif,Миловидово_0.1км_Ае_курганы_поврежденные.geojson,kurgany_povrezhdennye,2,курганы_поврежденные,1,kurgany_povrezhdennye,282,282,282,131.3184339128495,140.0828207169735,True,False,False,66619,0,False,12905,True,0,False,0,False,0,False
001746,033_МИЛОВИДОВО_0.1км,Ae,01_Миловидово_0.1км_Ae_немецкая.tif,Миловидово_0.1км_Ае_курганы_поврежденные.geojson,kurgany_povrezhdennye,2,курганы_поврежденные,2,kurgany_povrezhdennye;kurgany_tselye,1466,1466,1466,281.7845914960385,732.60226660055,True,False,False,1928086,108697,True,112373,True,0,False,0,False,0,False
001747,033_МИЛОВИДОВО_0.1км,Ae,01_Миловидово_0.1км_Ae_немецкая.tif,Миловидово_0.1км_Ае_курганы_поврежденные.geojson,kurgany_povrezhdennye,2,курганы_поврежденные,2,kurgany_povrezhdennye;kurgany_tselye,892,892,892,445.0087626651141,217.5343324570252,True,False,False,698811,36509,True,60344,True,0,False,0,False,0,False
001748,033_МИЛОВИДОВО_0.1км,Ae,01_Миловидово_0.1км_Ae_немецкая.tif,Миловидово_0.1км_Ае_курганы_поврежденные.geojson,kurgany_povrezhdennye,2,курганы_поврежденные,1,kurgany_povrezhdennye,1300,1300,1300,649.3503110983604,411.4445328986034,True,False,False,1510451,0,False,179549,True,0,False,0,False,0,False
001749,033_МИЛОВИДОВО_0.1км,Ae,01_Миловидово_0.1км_Ae_немецкая.tif,Миловидово_0.1км_Ае_курганы_поврежденные.geojson,kurgany_povrezhdennye,2,курганы_поврежденные,1,kurgany_povrezhdennye,968,968,968,483.7309994471013,291.99332828495994,True,False,False,851445,0,False,85579,True,0,False,0,False,0,False
001750,033_МИЛОВИДОВО_0.1км,Ae,01_Миловидово_0.1км_Ae_немецкая.tif,Миловидово_0.1км_Ае_курганы_поврежденные.geojson,kurgany_povrezhdennye,2,курганы_поврежденные,2,kurgany_povrezhdennye,1056,1056,1056,484.0595778193632,527.376574600204,True,False,False,852571,0,False,262565,True,0,False,0,False,0,False
001751,033_МИЛОВИДОВО_0.1км,Ae,01_Миловидово_0.1км_Ae_немецкая.tif,Миловидово_0.1км_Ае_курганы_поврежденные.geojson,kurgany_povrezhdennye,2,курганы_поврежденные,1,kurgany_povrezhdennye,388,388,388,190.42861256600983,193.26527689871256,True,False,False,125407,0,False,25137,True,0,False,0,False,0,False
001752,033_МИЛОВИДОВО_0.1км,Ae,01_Миловидово_0.1км_Ae_немецкая.tif,Миловидово_0.1км_Ае_курганы_поврежденные.geojson,kurgany_povrezhdennye,2,курганы_поврежденные,1,kurgany_povrezhdennye,650,650,650,324.2675382504177,307.4847517500833,True,False,False,346056,0,False,76444,True,0,False,0,False,0,False
001753,033_МИЛОВИДОВО_0.1км,Ae,01_Миловидово_0.1км_Ae_немецкая.tif,Миловидово_0.1км_Ае_курганы_поврежденные.geojson,kurgany_povrezhdennye,2,курганы_поврежденные,1,kurgany_povrezhdennye,364,364,364,181.94482424005272,171.86173936347453,True,False,False,111009,0,False,21487,True,0,False,0,False,0,False
001754,033_МИЛОВИДОВО_0.1км,Ae,01_Миловидово_0.1км_Ae_немецкая.tif,Миловидово_0.1км_Ае_курганы_поврежденные.geojson,kurgany_povrezhdennye,2,курганы_поврежденные,1,kurgany_povrezhdennye,456,456,456,227.5283322102617,213.5799827114616,True,False,False,171143,0,False,36793,True,0,False,0,False,0,False
001755,033_МИЛОВИДОВО_0.1км,Ae,01_Миловидово_0.1км_Ae_немецкая.tif,Миловидово_0.1км_Ае_курганы_поврежденные.geojson,kurgany_povrezhdennye,2,курганы_поврежденные,1,kurgany_povrezhdennye,440,440,440,219.0197030662624,192.70819316347317,True,False,False,164181,0,False,29419,True,0,False,0,False,0,False
001756,033_МИЛОВИДОВО_0.1км,Ae,01_Миловидово_0.1км_Ae_немецкая.tif,Миловидово_0.1км_Ае_курганы_поврежденные.geojson,kurgany_povrezhdennye,2,курганы_поврежденные,1,kurgany_povrezhdennye,436,436,436,176.6114062238524,217.1480428653722,True,False,False,164102,0,False,25994,True,0,False,0,False,0,False
001757,033_МИЛОВИДОВО_0.1км,Ae,01_Миловидово_0.1км_Ae_немецкая.tif,Миловидово_0.1км_Ае_курганы_поврежденные.geojson,kurgany_povrezhdennye,2,курганы_поврежденные,2,fortifikatsii;kurgany_povrezhdennye,578,578,578,288.00058870530324,279.41663366466634,True,False,False,292224,0,False,40423,True,0,False,1437,True,0,False
001760,033_МИЛОВИДОВО_0.1км,Ae,01_Миловидово_0.1км_Ae_немецкая.tif,Миловидово_0.1км_Ае_курганы_поврежденные.geojson,kurgany_povrezhdennye,2,курганы_поврежденные,3,kurgany_povrezhdennye;kurgany_tselye,1442,1442,1442,720.0333166092555,623.8190559825534,True,False,False,1707968,112465,True,258931,True,0,False,0,False,0,False
001761,033_МИЛОВИДОВО_0.1км,Ae,01_Миловидово_0.1км_Ae_немецкая.tif,Миловидово_0.1км_Ае_курганы_поврежденные.geojson,kurgany_povrezhdennye,2,курганы_поврежденные,3,kurgany_povrezhdennye;kurgany_tselye,1352,1352,1352,624.4432739414813,675.467360888629,True,False,False,1464335,70752,True,292817,True,0,False,0,False,0,False
001762,033_МИЛОВИДОВО_0.1км,Ae,01_Миловидово_0.1км_Ae_немецкая.tif,Миловидово_0.1км_Ае_курганы_поврежденные.geojson,kurgany_povrezhdennye,2,курганы_поврежденные,3,fortifikatsii;kurgany_povrezhdennye;kurgany_tselye,284,284,284,84.29937443911825,141.09258344664855,True,False,False,66461,5661,True,6282,True,0,False,2252,True,0,False
001763,033_МИЛОВИДОВО_0.1км,Ae,01_Миловидово_0.1км_Ae_немецкая.tif,Миловидово_0.1км_Ае_курганы_поврежденные.geojson,kurgany_povrezhdennye,2,курганы_поврежденные,1,kurgany_povrezhdennye,256,256,256,87.57385269414696,82.37682682396084,True,False,False,61506,0,False,4030,True,0,False,0,False,0,False
001764,033_МИЛОВИДОВО_0.1км,Ae,01_Миловидово_0.1км_Ae_немецкая.tif,Миловидово_0.1км_Ае_курганы_поврежденные.geojson,kurgany_povrezhdennye,2,курганы_поврежденные,3,kurgany_povrezhdennye,1982,1982,1982,990.5018915480398,651.9086165150912,True,False,False,3314170,0,False,614154,True,0,False,0,False,0,False
001765,033_МИЛОВИДОВО_0.1км,SpOr,02_Миловидово_0.1км_SpOr_спутник.tif,Миловидово_0.1км_SpOr_курганы_поврежденные.geojson,kurgany_povrezhdennye,2,курганы_поврежденные,1,kurgany_povrezhdennye,256,256,256,73.33128500035318,94.85737929594612,True,False,False,61041,0,False,4495,True,0,False,0,False,0,False
001766,033_МИЛОВИДОВО_0.1км,SpOr,02_Миловидово_0.1км_SpOr_спутник.tif,Миловидово_0.1км_SpOr_курганы_поврежденные.geojson,kurgany_povrezhdennye,2,курганы_поврежденные,2,kurgany_povrezhdennye,256,256,256,37.21925140907729,33.13912454595972,True,False,False,63820,0,False,1716,True,0,False,0,False,0,False
001767,033_МИЛОВИДОВО_0.1км,SpOr,02_Миловидово_0.1км_SpOr_спутник.tif,Миловидово_0.1км_SpOr_курганы_поврежденные.geojson,kurgany_povrezhdennye,2,курганы_поврежденные,2,kurgany_povrezhdennye,256,256,256,38.65386192750567,32.79739523482219,True,False,False,63820,0,False,1716,True,0,False,0,False,0,False
001770,033_МИЛОВИДОВО_0.1км,SpOr,01_Миловидово_0.1км_SpOr_спутник.tif,Миловидово_0.1км_SpOr_курганы_поврежденные.geojson,kurgany_povrezhdennye,2,курганы_поврежденные,3,kurgany_povrezhdennye,256,256,256,59.215435004970246,61.34534203278636,True,False,False,59138,0,False,6398,True,0,False,0,False,0,False
001771,033_МИЛОВИДОВО_0.1км,SpOr,01_Миловидово_0.1км_SpOr_спутник.tif,Миловидово_0.1км_SpOr_курганы_поврежденные.geojson,kurgany_povrezhdennye,2,курганы_поврежденные,4,kurgany_povrezhdennye,256,256,256,75.47557923153975,57.706451678268806,True,False,False,59835,0,False,5701,True,0,False,0,False,0,False
001772,033_МИЛОВИДОВО_0.1км,SpOr,01_Миловидово_0.1км_SpOr_спутник.tif,Миловидово_0.1км_SpOr_курганы_поврежденные.geojson,kurgany_povrezhdennye,2,курганы_поврежденные,5,kurgany_povrezhdennye,256,256,256,71.16999649081733,56.70751638357132,True,False,False,59052,0,False,6484,True,0,False,0,False,0,False
001774,033_МИЛОВИДОВО_0.1км,SpOr,01_Миловидово_0.1км_SpOr_спутник.tif,Миловидово_0.1км_SpOr_курганы_поврежденные.geojson,kurgany_povrezhdennye,2,курганы_поврежденные,4,kurgany_povrezhdennye,256,256,256,103.39903228138806,77.72046843613808,True,False,False,57764,0,False,7772,True,0,False,0,False,0,False
001776,033_МИЛОВИДОВО_0.1км,SpOr,01_Миловидово_0.1км_SpOr_спутник.tif,Миловидово_0.1км_SpOr_курганы_поврежденные.geojson,kurgany_povrezhdennye,2,курганы_поврежденные,7,kurgany_povrezhdennye,256,256,256,31.49141876708217,29.93705462811476,True,False,False,50424,0,False,15112,True,0,False,0,False,0,False
001777,033_МИЛОВИДОВО_0.1км,SpOr,01_Миловидово_0.1км_SpOr_спутник.tif,Миловидово_0.1км_SpOr_курганы_поврежденные.geojson,kurgany_povrezhdennye,2,курганы_поврежденные,6,kurgany_povrezhdennye,256,256,256,47.611467664794674,39.90186577094513,True,False,False,54982,0,False,10554,True,0,False,0,False,0,False
001779,033_МИЛОВИДОВО_0.1км,SpOr,01_Миловидово_0.1км_SpOr_спутник.tif,Миловидово_0.1км_SpOr_курганы_поврежденные.geojson,kurgany_povrezhdennye,2,курганы_поврежденные,1,kurgany_povrezhdennye,256,256,256,73.6868747770236,76.30387991274847,True,False,False,61375,0,False,4161,True,0,False,0,False,0,False
001780,033_МИЛОВИДОВО_0.1км,SpOr,01_Миловидово_0.1км_SpOr_спутник.tif,Миловидово_0.1км_SpOr_курганы_поврежденные.geojson,kurgany_povrezhdennye,2,курганы_поврежденные,2,kurgany_povrezhdennye;kurgany_tselye,256,256,256,37.91802076806229,41.3568817085778,True,False,False,62893,1443,True,1200,True,0,False,0,False,0,False
001781,033_МИЛОВИДОВО_0.1км,SpOr,01_Миловидово_0.1км_SpOr_спутник.tif,Миловидово_0.1км_SpOr_курганы_поврежденные.geojson,kurgany_povrezhdennye,2,курганы_поврежденные,1,kurgany_povrezhdennye,256,256,256,30.397556679784323,23.19763257136895,True,False,False,65014,0,False,522,True,0,False,0,False,0,False
001783,033_МИЛОВИДОВО_0.1км,SpOr,01_Миловидово_0.1км_SpOr_спутник.tif,Миловидово_0.1км_SpOr_курганы_поврежденные.geojson,kurgany_povrezhdennye,2,курганы_поврежденные,3,kurgany_povrezhdennye,260,260,260,90.85992820581538,129.7315204206394,True,False,False,56715,0,False,10885,True,0,False,0,False,0,False
001784,033_МИЛОВИДОВО_0.1км,SpOr,01_Миловидово_0.1км_SpOr_спутник.tif,Миловидово_0.1км_SpOr_курганы_поврежденные.geojson,kurgany_povrezhdennye,2,курганы_поврежденные,3,kurgany_povrezhdennye,256,256,256,103.04741546372703,87.60249418416434,True,False,False,59174,0,False,6362,True,0,False,0,False,0,False
001785,033_МИЛОВИДОВО_0.1км,SpOr,01_Миловидово_0.1км_SpOr_спутник.tif,Миловидово_0.1км_SpOr_курганы_поврежденные.geojson,kurgany_povrezhdennye,2,курганы_поврежденные,6,kurgany_povrezhdennye,256,256,256,58.565208960548965,60.52235879122463,True,False,False,56349,0,False,9187,True,0,False,0,False,0,False
001786,033_МИЛОВИДОВО_0.1км,SpOr,01_Миловидово_0.1км_SpOr_спутник.tif,Миловидово_0.1км_SpOr_курганы_поврежденные.geojson,kurgany_povrezhdennye,2,курганы_поврежденные,4,kurgany_povrezhdennye,256,256,256,63.38105157613559,76.39957911193551,True,False,False,52128,0,False,13408,True,0,False,0,False,0,False
001787,033_МИЛОВИДОВО_0.1км,SpOr,01_Миловидово_0.1км_SpOr_спутник.tif,Миловидово_0.1км_SpOr_курганы_поврежденные.geojson,kurgany_povrezhdennye,2,курганы_поврежденные,4,kurgany_povrezhdennye,256,256,256,80.83264487386953,73.82732680223428,True,False,False,45428,0,False,20108,True,0,False,0,False,0,False
001788,033_МИЛОВИДОВО_0.1км,SpOr,01_Миловидово_0.1км_SpOr_спутник.tif,Миловидово_0.1км_SpOr_курганы_поврежденные.geojson,kurgany_povrezhdennye,2,курганы_поврежденные,6,kurgany_povrezhdennye,256,256,256,64.86145570883806,92.2804728467508,True,False,False,45508,0,False,20028,True,0,False,0,False,0,False
001789,033_МИЛОВИДОВО_0.1км,SpOr,01_Миловидово_0.1км_SpOr_спутник.tif,Миловидово_0.1км_SpOr_курганы_поврежденные.geojson,kurgany_povrezhdennye,2,курганы_поврежденные,3,kurgany_povrezhdennye,256,256,256,63.26237278221826,61.70103895152174,True,False,False,56808,0,False,8728,True,0,False,0,False,0,False
001791,033_МИЛОВИДОВО_0.1км,SpOr,02_Миловидово_0.1км_SpOr_спутник.tif,Миловидово_0.1км_SpOr_курганы_поврежденные.geojson,kurgany_povrezhdennye,2,курганы_поврежденные,2,kurgany_povrezhdennye,256,256,256,77.0272516903505,46.4919805212795,True,False,False,61345,0,False,4191,True,0,False,0,False,0,False
001794,033_МИЛОВИДОВО_0.1км,SpOr,01_Миловидово_0.1км_SpOr_спутник.tif,Миловидово_0.1км_SpOr_курганы_целые.geojson,kurgany_tselye,1,курганы_целые,2,kurgany_povrezhdennye;kurgany_tselye,256,256,256,43.440895244520426,44.12092398030389,True,False,False,62893,1443,True,1200,True,0,False,0,False,0,False
001795,034_НОВОТИТАРОВСКАЯ_1.8км,Li,03_Новотитаровская_1.8км_Li_карты_g.tif,Новотитаровская_1.8км_Li_курганы_поврежденные.geojson,kurgany_povrezhdennye,2,курганы_поврежденные,1,kurgany_povrezhdennye,256,256,256,95.41404458030956,89.84061170402327,True,False,False,58902,0,False,6634,True,0,False,0,False,0,False
001796,034_НОВОТИТАРОВСКАЯ_1.8км,Li,03_Новотитаровская_1.8км_Li_карты_g.tif,Новотитаровская_1.8км_Li_курганы_поврежденные.geojson,kurgany_povrezhdennye,2,курганы_поврежденные,2,kurgany_povrezhdennye,256,256,256,43.83986229442441,57.84803388661495,True,False,False,63212,0,False,2324,True,0,False,0,False,0,False
001818,039_САРСКОЕ,Ae,01_Сарское_Ae_немецкая.tif,Сарское_Ae_курганы_поврежденные.geojson,kurgany_povrezhdennye,2,курганы_поврежденные,1,kurgany_povrezhdennye,486,486,486,242.68439163033707,216.4064638758831,True,False,True,199786,0,False,36410,True,0,False,0,False,0,False
001819,039_САРСКОЕ,Ae,01_Сарское_Ae_немецкая.tif,Сарское_Ae_курганы_поврежденные.geojson,kurgany_povrezhdennye,2,курганы_поврежденные,2,kurgany_povrezhdennye;kurgany_tselye,342,342,342,170.91660805528238,152.22260404460698,True,False,True,87854,9710,True,19400,True,0,False,0,False,0,False
001820,039_САРСКОЕ,Ae,01_Сарское_Ae_немецкая.tif,Сарское_Ae_курганы_поврежденные.geojson,kurgany_povrezhdennye,2,курганы_поврежденные,1,kurgany_povrezhdennye,410,410,410,204.7438534009189,193.29854482558892,True,False,True,137722,0,False,30378,True,0,False,0,False,0,False
001821,039_САРСКОЕ,Ae,01_Сарское_Ae_немецкая.tif,Сарское_Ae_курганы_поврежденные.geojson,kurgany_povrezhdennye,2,курганы_поврежденные,1,kurgany_povrezhdennye,344,344,344,171.67962862664004,162.77772195638724,True,False,True,96798,0,False,21538,True,0,False,0,False,0,False
001822,039_САРСКОЕ,Ae,01_Сарское_Ae_немецкая.tif,Сарское_Ae_курганы_поврежденные.geojson,kurgany_povrezhdennye,2,курганы_поврежденные,3,kurgany_povrezhdennye,484,484,484,222.5476667414245,241.6231810336412,True,False,True,167664,0,False,66592,True,0,False,0,False,0,False
001823,039_САРСКОЕ,Ae,01_Сарское_Ae_немецкая.tif,Сарское_Ae_курганы_поврежденные.geojson,kurgany_povrezhdennye,2,курганы_поврежденные,3,kurgany_povrezhdennye,408,408,408,203.47215244589785,186.94004006041337,True,False,True,114641,0,False,51823,True,0,False,0,False,0,False
001824,039_САРСКОЕ,Ae,01_Сарское_Ae_немецкая.tif,Сарское_Ae_курганы_поврежденные.geojson,kurgany_povrezhdennye,2,курганы_поврежденные,3,kurgany_povrezhdennye,462,462,462,178.0381333918156,230.17787244838107,True,False,True,128858,0,False,84586,True,0,False,0,False,0,False
001825,039_САРСКОЕ,Ae,01_Сарское_Ae_немецкая.tif,Сарское_Ae_курганы_поврежденные.geojson,kurgany_povrezhdennye,2,курганы_поврежденные,1,kurgany_povrezhdennye,282,282,282,140.4926766896223,134.4369578705318,True,False,True,65138,0,False,14386,True,0,False,0,False,0,False
001826,039_САРСКОЕ,Ae,01_Сарское_Ae_немецкая.tif,Сарское_Ae_курганы_поврежденные.geojson,kurgany_povrezhdennye,2,курганы_поврежденные,1,kurgany_povrezhdennye,276,276,276,125.4215427262297,137.65779079784835,True,False,True,63911,0,False,12265,True,0,False,0,False,0,False
001827,039_САРСКОЕ,Ae,01_Сарское_Ae_немецкая.tif,Сарское_Ae_курганы_поврежденные.geojson,kurgany_povrezhdennye,2,курганы_поврежденные,1,kurgany_povrezhdennye,508,508,508,253.86872509064824,130.7478412490631,True,False,True,232867,0,False,25197,True,0,False,0,False,0,False
001828,039_САРСКОЕ,Ae,01_Сарское_Ae_немецкая.tif,Сарское_Ae_курганы_поврежденные.geojson,kurgany_povrezhdennye,2,курганы_поврежденные,1,kurgany_povrezhdennye,620,620,620,309.98611228440694,258.94049498501823,True,False,True,331632,0,False,52768,True,0,False,0,False,0,False
001829,039_САРСКОЕ,Ae,01_Сарское_Ae_немецкая.tif,Сарское_Ae_курганы_целые.geojson,kurgany_tselye,1,курганы_целые,1,kurgany_tselye,366,366,366,182.54694911766467,139.85451747671962,True,False,True,114572,19384,True,0,False,0,False,0,False,0,False
001830,039_САРСКОЕ,Ae,01_Сарское_Ae_немецкая.tif,Сарское_Ae_курганы_целые.geojson,kurgany_tselye,1,курганы_целые,2,kurgany_povrezhdennye;kurgany_tselye,302,302,302,104.152308032524,150.88731805341993,True,False,True,70454,12026,True,8724,True,0,False,0,False,0,False
001831,039_САРСКОЕ,Ae,01_Сарское_Ae_немецкая.tif,Сарское_Ae_курганы_целые.geojson,kurgany_tselye,1,курганы_целые,1,kurgany_tselye,396,396,396,197.62232806438573,192.28118406488207,True,False,True,127677,29139,True,0,False,0,False,0,False,0,False
001832,039_САРСКОЕ,Ae,01_Сарское_Ae_немецкая.tif,Сарское_Ae_курганы_целые.geojson,kurgany_tselye,1,курганы_целые,1,kurgany_tselye,256,256,256,127.66582880504262,103.80305707124236,True,False,True,55171,10365,True,0,False,0,False,0,False,0,False
001836,039_САРСКОЕ,SpOr,01_Сарское_SpOr_спутник.tif,Сарское_SpOr_курганы_поврежденные.geojson,kurgany_povrezhdennye,2,курганы_поврежденные,1,kurgany_povrezhdennye,256,256,256,32.97732579241447,32.91740946493275,True,False,False,64712,0,False,824,True,0,False,0,False,0,False
001837,039_САРСКОЕ,SpOr,01_Сарское_SpOr_спутник.tif,Сарское_SpOr_курганы_поврежденные.geojson,kurgany_povrezhdennye,2,курганы_поврежденные,4,kurgany_povrezhdennye,256,256,256,40.44150096910155,41.7440927445932,True,False,False,61912,0,False,3624,True,0,False,0,False,0,False
001842,039_САРСКОЕ,SpOr,02_Сарское_SpOr_спутник.tif,Сарское_SpOr_курганы_целые.geojson,kurgany_tselye,1,курганы_целые,2,kurgany_tselye,256,256,256,36.233036165610926,43.48368538042657,True,False,False,58800,6736,True,0,False,0,False,0,False,0,False
001843,039_САРСКОЕ,SpOr,02_Сарское_SpOr_спутник.tif,Сарское_SpOr_курганы_целые.geojson,kurgany_tselye,1,курганы_целые,2,kurgany_tselye,256,256,256,82.2732596181404,92.42838535308267,True,False,False,58620,6916,True,0,False,0,False,0,False,0,False
001844,039_САРСКОЕ,SpOr,02_Сарское_SpOr_спутник.tif,Сарское_SpOr_курганы_целые.geojson,kurgany_tselye,1,курганы_целые,1,kurgany_tselye,256,256,256,86.79172360610265,56.28050029391431,True,False,False,62032,3504,True,0,False,0,False,0,False,0,False
001846,041_ЧУДОВО,Ae,01_Чудово_Ae_немецкая.tif,Чудово_Ae_фортификации.geojson,fortifikatsii,4,фортификации,3,fortifikatsii,1794,1794,1794,896.434776340315,148.29937378328097,True,False,False,3158598,0,False,0,False,0,False,59838,True,0,False
001847,041_ЧУДОВО,Ae,01_Чудово_Ae_немецкая.tif,Чудово_Ae_фортификации.geojson,fortifikatsii,4,фортификации,1,fortifikatsii,552,552,552,275.5750728571878,261.0752298795246,True,False,False,283049,0,False,0,False,0,False,21655,True,0,False
001849,041_ЧУДОВО,Ae,01_Чудово_Ae_немецкая.tif,Чудово_Ae_фортификации.geojson,fortifikatsii,4,фортификации,4,fortifikatsii,256,256,256,41.803690246347934,51.50042345815616,True,False,False,61094,0,False,0,False,0,False,4442,True,0,False
001850,041_ЧУДОВО,Ae,01_Чудово_Ae_немецкая.tif,Чудово_Ae_фортификации.geojson,fortifikatsii,4,фортификации,1,fortifikatsii,1452,1452,1452,725.5814860511152,527.9591881659529,True,False,False,2061999,0,False,0,False,0,False,46305,True,0,False
001851,041_ЧУДОВО,Ae,01_Чудово_Ae_немецкая.tif,Чудово_Ae_фортификации.geojson,fortifikatsii,4,фортификации,5,fortifikatsii,1408,1408,1408,703.9310560875057,340.8495449147601,True,False,False,1749493,0,False,0,False,0,False,232971,True,0,False
001852,041_ЧУДОВО,Ae,01_Чудово_Ae_немецкая.tif,Чудово_Ae_фортификации.geojson,fortifikatsii,4,фортификации,5,fortifikatsii,950,950,950,474.2149638436028,372.051288840996,True,False,False,737111,0,False,0,False,0,False,165389,True,0,False
001853,041_ЧУДОВО,Ae,01_Чудово_Ae_немецкая.tif,Чудово_Ae_фортификации.geojson,fortifikatsii,4,фортификации,6,fortifikatsii,1316,1316,1316,351.6518610014936,657.1337491729195,True,False,False,1641140,0,False,0,False,0,False,90716,True,0,False
001854,041_ЧУДОВО,Ae,01_Чудово_Ae_немецкая.tif,Чудово_Ae_фортификации.geojson,fortifikatsii,4,фортификации,4,fortifikatsii,256,256,256,47.17477145475257,44.79353170965968,True,False,False,55163,0,False,0,False,0,False,10373,True,0,False
001855,041_ЧУДОВО,Ae,01_Чудово_Ae_немецкая.tif,Чудово_Ae_фортификации.geojson,fortifikatsii,4,фортификации,4,fortifikatsii,256,256,256,62.91771810462261,57.602961631548936,True,False,False,51384,0,False,0,False,0,False,14152,True,0,False
001857,041_ЧУДОВО,Ae,01_Чудово_Ae_немецкая.tif,Чудово_Ae_фортификации.geojson,fortifikatsii,4,фортификации,2,fortifikatsii,256,256,256,79.51847748756438,70.40411615502543,True,False,False,52221,0,False,0,False,0,False,13315,True,0,False
001858,041_ЧУДОВО,Ae,01_Чудово_Ae_немецкая.tif,Чудово_Ae_фортификации.geojson,fortifikatsii,4,фортификации,1,fortifikatsii,600,600,600,299.0562813707439,119.96170075264234,True,False,False,337675,0,False,0,False,0,False,22325,True,0,False
001860,041_ЧУДОВО,Ae,01_Чудово_Ae_немецкая.tif,Чудово_Ae_фортификации.geojson,fortifikatsii,4,фортификации,1,fortifikatsii,774,774,774,206.97756716342013,386.0006417202158,True,False,False,580693,0,False,0,False,0,False,18383,True,0,False
001861,041_ЧУДОВО,Ae,01_Чудово_Ae_немецкая.tif,Чудово_Ae_фортификации.geojson,fortifikatsii,4,фортификации,4,fortifikatsii,1088,1088,1088,543.5911085945645,477.2904307470841,True,False,False,1081000,0,False,0,False,0,False,102744,True,0,False
001862,041_ЧУДОВО,Ae,01_Чудово_Ae_немецкая.tif,Чудово_Ae_фортификации.geojson,fortifikatsii,4,фортификации,4,fortifikatsii,1128,1128,1128,295.2579058440267,563.5129634688121,True,False,False,1156034,0,False,0,False,0,False,116350,True,0,False
001864,041_ЧУДОВО,Ae,01_Чудово_Ae_немецкая.tif,Чудово_Ae_фортификации.geojson,fortifikatsii,4,фортификации,4,fortifikatsii,654,654,654,326.2510774886491,160.79094220026002,True,False,False,382076,0,False,0,False,0,False,45640,True,0,False
001865,041_ЧУДОВО,Ae,01_Чудово_Ae_немецкая.tif,Чудово_Ae_фортификации.geojson,fortifikatsii,4,фортификации,3,fortifikatsii,256,256,256,37.69185790491421,33.464375969049186,True,False,False,63681,0,False,0,False,0,False,1855,True,0,False
001866,041_ЧУДОВО,Ae,01_Чудово_Ae_немецкая.tif,Чудово_Ae_фортификации.geojson,fortifikatsii,4,фортификации,2,fortifikatsii,256,256,256,48.2837679236995,42.42992781189011,True,False,False,63734,0,False,0,False,0,False,1802,True,0,False
001867,041_ЧУДОВО,Ae,01_Чудово_Ae_немецкая.tif,Чудово_Ae_фортификации.geojson,fortifikatsii,4,фортификации,2,fortifikatsii,256,256,256,44.21649396923888,37.51093568184137,True,False,False,64347,0,False,0,False,0,False,1189,True,0,False
001868,041_ЧУДОВО,Ae,01_Чудово_Ae_немецкая.tif,Чудово_Ae_фортификации.geojson,fortifikatsii,4,фортификации,1,fortifikatsii,256,256,256,73.67086983520836,44.05519130148188,True,False,False,63177,0,False,0,False,0,False,2359,True,0,False
001869,041_ЧУДОВО,Ae,01_Чудово_Ae_немецкая.tif,Чудово_Ae_фортификации.geojson,fortifikatsii,4,фортификации,4,fortifikatsii,320,320,320,159.5679252250765,98.07941680594423,True,False,False,94350,0,False,0,False,0,False,8050,True,0,False
001870,041_ЧУДОВО,Ae,01_Чудово_Ae_немецкая.tif,Чудово_Ae_фортификации.geojson,fortifikatsii,4,фортификации,4,fortifikatsii,256,256,256,40.41323264048043,50.24372142105442,True,False,False,57486,0,False,0,False,0,False,8050,True,0,False
001871,041_ЧУДОВО,Ae,01_Чудово_Ae_немецкая.tif,Чудово_Ae_фортификации.geojson,fortifikatsii,4,фортификации,4,fortifikatsii,256,256,256,24.016737136382652,28.24165881680963,True,False,False,57486,0,False,0,False,0,False,8050,True,0,False
001872,041_ЧУДОВО,Ae,01_Чудово_Ae_немецкая.tif,Чудово_Ae_фортификации.geojson,fortifikatsii,4,фортификации,4,fortifikatsii,256,256,256,32.35744735231245,32.153992747053834,True,False,False,57553,0,False,0,False,0,False,7983,True,0,False
001875,041_ЧУДОВО,Ae,01_Чудово_Ae_немецкая.tif,Чудово_Ae_фортификации.geojson,fortifikatsii,4,фортификации,2,fortifikatsii,1482,1482,1482,740.0376168594722,281.52350560097693,True,False,False,2140230,0,False,0,False,0,False,56094,True,0,False
001876,041_ЧУДОВО,Ae,01_Чудово_Ae_немецкая.tif,Чудово_Ae_фортификации.geojson,fortifikatsii,4,фортификации,5,fortifikatsii,1426,1426,1426,277.83517094638785,712.6510503985348,True,False,False,1949278,0,False,0,False,0,False,84198,True,0,False
001879,041_ЧУДОВО,Ae,01_Чудово_Ae_немецкая.tif,Чудово_Ae_фортификации.geojson,fortifikatsii,4,фортификации,1,fortifikatsii,256,256,256,90.3664166611109,70.13772406636186,True,False,False,62370,0,False,0,False,0,False,3166,True,0,False
001880,041_ЧУДОВО,Ae,01_Чудово_Ae_немецкая.tif,Чудово_Ae_фортификации.geojson,fortifikatsii,4,фортификации,3,fortifikatsii,256,256,256,74.09897840872839,64.31294992139549,True,False,False,62270,0,False,0,False,0,False,3266,True,0,False
001881,041_ЧУДОВО,Ae,01_Чудово_Ae_немецкая.tif,Чудово_Ae_фортификации.geojson,fortifikatsii,4,фортификации,2,fortifikatsii,256,256,256,58.31191513187302,53.14053635285422,True,False,False,62433,0,False,0,False,0,False,3103,True,0,False
001882,041_ЧУДОВО,Ae,01_Чудово_Ae_немецкая.tif,Чудово_Ae_фортификации.geojson,fortifikatsii,4,фортификации,2,fortifikatsii,256,256,256,71.74297149768338,66.50140825879825,True,False,False,62480,0,False,0,False,0,False,3056,True,0,False
001883,041_ЧУДОВО,Ae,01_Чудово_Ae_немецкая.tif,Чудово_Ae_фортификации.geojson,fortifikatsii,4,фортификации,3,fortifikatsii,256,256,256,72.86416623665536,67.53634317179258,True,False,False,62033,0,False,0,False,0,False,3503,True,0,False
001884,041_ЧУДОВО,Ae,01_Чудово_Ae_немецкая.tif,Чудово_Ae_фортификации.geojson,fortifikatsii,4,фортификации,2,fortifikatsii,642,642,642,272.3415717743441,320.67475425355656,True,False,False,389017,0,False,0,False,0,False,23147,True,0,False
001886,041_ЧУДОВО,Ae,01_Чудово_Ae_немецкая.tif,Чудово_Ae_фортификации.geojson,fortifikatsii,4,фортификации,1,fortifikatsii,736,736,736,367.7112032728211,164.64952505460596,True,False,False,530948,0,False,0,False,0,False,10748,True,0,False
001887,041_ЧУДОВО,Ae,01_Чудово_Ae_немецкая.tif,Чудово_Ae_фортификации.geojson,fortifikatsii,4,фортификации,1,fortifikatsii,880,880,880,285.67659468638453,439.05548761221775,True,False,False,756188,0,False,0,False,0,False,18212,True,0,False
001888,041_ЧУДОВО,Ae,01_Чудово_Ae_немецкая.tif,Чудово_Ae_фортификации.geojson,fortifikatsii,4,фортификации,2,fortifikatsii,468,468,468,152.38709886727872,233.02425233319755,True,False,False,212391,0,False,0,False,0,False,6633,True,0,False
001889,041_ЧУДОВО,Ae,01_Чудово_Ae_немецкая.tif,Чудово_Ae_фортификации.geojson,fortifikatsii,4,фортификации,2,fortifikatsii,1140,1140,1140,258.9117521727725,569.5560362587997,True,False,False,1280528,0,False,0,False,0,False,19072,True,0,False
001890,041_ЧУДОВО,Ae,01_Чудово_Ae_немецкая.tif,Чудово_Ae_фортификации.geojson,fortifikatsii,4,фортификации,1,fortifikatsii,598,598,598,207.25279315477783,298.989684396706,True,False,False,346645,0,False,0,False,0,False,10959,True,0,False
001891,041_ЧУДОВО,Ae,01_Чудово_Ae_немецкая.tif,Чудово_Ae_фортификации.geojson,fortifikatsii,4,фортификации,2,fortifikatsii,1152,1152,1152,257.880790053435,575.098481955988,True,False,False,1297777,0,False,0,False,0,False,29327,True,0,False
001893,042_ИЗБОРСК,Ae,01_Изборск_Ae_немецкая.tif,Изборск_Ae_городища.geojson,gorodishcha,3,городища,2,fortifikatsii;gorodishcha,432,432,432,148.41497966443822,215.913864713086,True,False,False,167835,0,False,0,False,14060,True,4729,True,0,False
001894,042_ИЗБОРСК,Ae,01_Изборск_Ae_немецкая.tif,Изборск_Ae_городища.geojson,gorodishcha,3,городища,2,fortifikatsii;gorodishcha,478,478,478,238.70646943312303,178.87102254077936,True,False,False,196941,0,False,0,False,18953,True,12590,True,0,False
001895,042_ИЗБОРСК,Ae,01_Изборск_Ae_немецкая.tif,Изборск_Ae_городища.geojson,gorodishcha,3,городища,1,gorodishcha,256,256,256,24.31540130909776,24.14294652776697,True,False,False,65086,0,False,0,False,450,True,0,False,0,False
001896,042_ИЗБОРСК,Ae,01_Изборск_Ae_немецкая.tif,Изборск_Ae_курганы_поврежденные.geojson,kurgany_povrezhdennye,2,курганы_поврежденные,12,kurgany_povrezhdennye;kurgany_tselye,256,256,256,4.984825631012516,6.983598336472991,True,False,False,65186,230,True,120,True,0,False,0,False,0,False
001897,042_ИЗБОРСК,Ae,01_Изборск_Ae_немецкая.tif,Изборск_Ae_курганы_поврежденные.geojson,kurgany_povrezhdennye,2,курганы_поврежденные,12,kurgany_povrezhdennye;kurgany_tselye,256,256,256,4.459562602814175,5.62185535311974,True,False,False,65186,230,True,120,True,0,False,0,False,0,False
001898,042_ИЗБОРСК,Ae,01_Изборск_Ae_немецкая.tif,Изборск_Ae_курганы_поврежденные.geojson,kurgany_povrezhdennye,2,курганы_поврежденные,12,kurgany_povrezhdennye;kurgany_tselye,256,256,256,6.653987838816851,5.960845498814144,True,False,False,65186,230,True,120,True,0,False,0,False,0,False
001899,042_ИЗБОРСК,Ae,01_Изборск_Ae_немецкая.tif,Изборск_Ae_курганы_поврежденные.geojson,kurgany_povrezhdennye,2,курганы_поврежденные,12,kurgany_povrezhdennye;kurgany_tselye,256,256,256,5.978802648491443,6.375951638141803,True,False,False,65186,230,True,120,True,0,False,0,False,0,False
001900,042_ИЗБОРСК,Ae,01_Изборск_Ae_немецкая.tif,Изборск_Ae_курганы_поврежденные.geojson,kurgany_povrezhdennye,2,курганы_поврежденные,12,kurgany_povrezhdennye;kurgany_tselye,256,256,256,4.756150348785638,7.778189150449775,True,False,False,65186,230,True,120,True,0,False,0,False,0,False
001901,042_ИЗБОРСК,Ae,01_Изборск_Ae_немецкая.tif,Изборск_Ae_курганы_поврежденные.geojson,kurgany_povrezhdennye,2,курганы_поврежденные,11,kurgany_povrezhdennye,256,256,256,11.802968218570417,12.55970915148176,True,False,False,64649,0,False,887,True,0,False,0,False,0,False
001902,042_ИЗБОРСК,Ae,01_Изборск_Ae_немецкая.tif,Изборск_Ae_курганы_поврежденные.geojson,kurgany_povrezhdennye,2,курганы_поврежденные,3,kurgany_povrezhdennye,256,256,256,7.479443013573294,7.215587219344966,True,False,False,65312,0,False,224,True,0,False,0,False,0,False
001903,042_ИЗБОРСК,Ae,01_Изборск_Ae_немецкая.tif,Изборск_Ae_курганы_поврежденные.geojson,kurgany_povrezhdennye,2,курганы_поврежденные,7,kurgany_povrezhdennye,256,256,256,16.12707904348041,15.839455867191797,True,False,False,64893,0,False,643,True,0,False,0,False,0,False
001904,042_ИЗБОРСК,Ae,01_Изборск_Ae_немецкая.tif,Изборск_Ae_курганы_поврежденные.geojson,kurgany_povrezhdennye,2,курганы_поврежденные,7,kurgany_povrezhdennye,256,256,256,11.256990457255185,7.944855496168786,True,False,False,64893,0,False,643,True,0,False,0,False,0,False
001905,042_ИЗБОРСК,Ae,01_Изборск_Ae_немецкая.tif,Изборск_Ae_курганы_поврежденные.geojson,kurgany_povrezhdennye,2,курганы_поврежденные,9,kurgany_povrezhdennye,256,256,256,11.935202430521423,13.595477241187744,True,False,False,64877,0,False,659,True,0,False,0,False,0,False
001906,042_ИЗБОРСК,Ae,01_Изборск_Ae_немецкая.tif,Изборск_Ae_курганы_поврежденные.geojson,kurgany_povrezhdennye,2,курганы_поврежденные,7,kurgany_povrezhdennye,256,256,256,12.366349979359113,9.939926501014652,True,False,False,64893,0,False,643,True,0,False,0,False,0,False
001907,042_ИЗБОРСК,Ae,01_Изборск_Ae_немецкая.tif,Изборск_Ae_курганы_поврежденные.geojson,kurgany_povrezhdennye,2,курганы_поврежденные,10,kurgany_povrezhdennye,256,256,256,10.343718838864888,7.997684535647175,True,False,False,64808,0,False,728,True,0,False,0,False,0,False
001908,042_ИЗБОРСК,Ae,01_Изборск_Ae_немецкая.tif,Изборск_Ae_курганы_поврежденные.geojson,kurgany_povrezhdennye,2,курганы_поврежденные,10,kurgany_povrezhdennye,256,256,256,8.426765311420619,7.579787380887996,True,False,False,64808,0,False,728,True,0,False,0,False,0,False
001909,042_ИЗБОРСК,Ae,01_Изборск_Ae_немецкая.tif,Изборск_Ae_курганы_поврежденные.geojson,kurgany_povrezhdennye,2,курганы_поврежденные,7,kurgany_povrezhdennye,256,256,256,17.069967978297377,14.297446387307188,True,False,False,65119,0,False,417,True,0,False,0,False,0,False
001910,042_ИЗБОРСК,Ae,01_Изборск_Ae_немецкая.tif,Изборск_Ae_курганы_поврежденные.geojson,kurgany_povrezhdennye,2,курганы_поврежденные,2,kurgany_povrezhdennye,256,256,256,7.801817176310493,9.107959185693415,True,False,False,65449,0,False,87,True,0,False,0,False,0,False
001911,042_ИЗБОРСК,Ae,01_Изборск_Ae_немецкая.tif,Изборск_Ae_курганы_поврежденные.geojson,kurgany_povrezhdennye,2,курганы_поврежденные,2,kurgany_povrezhdennye,256,256,256,7.539980996629317,6.715257327057515,True,False,False,65449,0,False,87,True,0,False,0,False,0,False
001912,042_ИЗБОРСК,Ae,01_Изборск_Ae_немецкая.tif,Изборск_Ae_курганы_поврежденные.geojson,kurgany_povrezhdennye,2,курганы_поврежденные,5,kurgany_povrezhdennye,256,256,256,12.647781502467875,10.809345522400037,True,False,False,65055,0,False,481,True,0,False,0,False,0,False
001913,042_ИЗБОРСК,Ae,01_Изборск_Ae_немецкая.tif,Изборск_Ae_курганы_поврежденные.geojson,kurgany_povrezhdennye,2,курганы_поврежденные,5,kurgany_povrezhdennye,256,256,256,7.95126880147399,7.664423049102607,True,False,False,65034,0,False,502,True,0,False,0,False,0,False
001914,042_ИЗБОРСК,Ae,01_Изборск_Ae_немецкая.tif,Изборск_Ae_курганы_поврежденные.geojson,kurgany_povrezhdennye,2,курганы_поврежденные,5,kurgany_povrezhdennye,256,256,256,11.51602757193772,10.711255671835907,True,False,False,65117,0,False,419,True,0,False,0,False,0,False
001915,042_ИЗБОРСК,Ae,01_Изборск_Ae_немецкая.tif,Изборск_Ae_курганы_поврежденные.geojson,kurgany_povrezhdennye,2,курганы_поврежденные,4,kurgany_povrezhdennye,256,256,256,15.698031921937876,17.43421932064533,True,False,False,65178,0,False,358,True,0,False,0,False,0,False
001916,042_ИЗБОРСК,Ae,01_Изборск_Ae_немецкая.tif,Изборск_Ae_курганы_поврежденные.geojson,kurgany_povrezhdennye,2,курганы_поврежденные,4,kurgany_povrezhdennye,256,256,256,15.123586185044346,9.519823202017268,True,False,False,65208,0,False,328,True,0,False,0,False,0,False
001917,042_ИЗБОРСК,Ae,01_Изборск_Ae_немецкая.tif,Изборск_Ae_курганы_поврежденные.geojson,kurgany_povrezhdennye,2,курганы_поврежденные,8,kurgany_povrezhdennye,256,256,256,7.457501969098633,6.356940125543884,True,False,False,65027,0,False,509,True,0,False,0,False,0,False
001918,042_ИЗБОРСК,Ae,01_Изборск_Ae_немецкая.tif,Изборск_Ae_курганы_поврежденные.geojson,kurgany_povrezhdennye,2,курганы_поврежденные,8,kurgany_povrezhdennye,256,256,256,6.024029558031129,5.622722011929204,True,False,False,65048,0,False,488,True,0,False,0,False,0,False
001919,042_ИЗБОРСК,Ae,01_Изборск_Ae_немецкая.tif,Изборск_Ae_курганы_поврежденные.geojson,kurgany_povrezhdennye,2,курганы_поврежденные,8,kurgany_povrezhdennye,256,256,256,7.739072544759589,6.19085620662711,True,False,False,65087,0,False,449,True,0,False,0,False,0,False
001920,042_ИЗБОРСК,Ae,01_Изборск_Ae_немецкая.tif,Изборск_Ae_курганы_поврежденные.geojson,kurgany_povrezhdennye,2,курганы_поврежденные,5,kurgany_povrezhdennye;kurgany_tselye,256,256,256,8.983360032842494,7.346822563231044,True,False,False,65392,49,True,95,True,0,False,0,False,0,False
001921,042_ИЗБОРСК,Ae,01_Изборск_Ae_немецкая.tif,Изборск_Ae_курганы_поврежденные.geojson,kurgany_povrezhdennye,2,курганы_поврежденные,7,kurgany_povrezhdennye;kurgany_tselye,256,256,256,6.450737501894263,6.605574952277371,True,False,False,65343,98,True,95,True,0,False,0,False,0,False
001922,042_ИЗБОРСК,Ae,01_Изборск_Ae_немецкая.tif,Изборск_Ae_курганы_поврежденные.geojson,kurgany_povrezhdennye,2,курганы_поврежденные,7,kurgany_povrezhdennye;kurgany_tselye,256,256,256,5.687061768742423,6.250176290962045,True,False,False,65331,110,True,95,True,0,False,0,False,0,False
001923,042_ИЗБОРСК,Ae,01_Изборск_Ae_немецкая.tif,Изборск_Ae_курганы_поврежденные.geojson,kurgany_povrezhdennye,2,курганы_поврежденные,13,kurgany_povrezhdennye,256,256,256,9.944488927133367,10.246375334414262,True,False,False,64914,0,False,622,True,0,False,0,False,0,False
001924,042_ИЗБОРСК,Ae,01_Изборск_Ae_немецкая.tif,Изборск_Ae_курганы_поврежденные.geojson,kurgany_povrezhdennye,2,курганы_поврежденные,13,kurgany_povrezhdennye,256,256,256,9.222224490574384,7.050742144638239,True,False,False,64914,0,False,622,True,0,False,0,False,0,False
001925,042_ИЗБОРСК,Ae,01_Изборск_Ae_немецкая.tif,Изборск_Ae_курганы_поврежденные.geojson,kurgany_povrezhdennye,2,курганы_поврежденные,13,kurgany_povrezhdennye,256,256,256,9.560128256317356,7.805592932657393,True,False,False,64914,0,False,622,True,0,False,0,False,0,False
001926,042_ИЗБОРСК,Ae,01_Изборск_Ae_немецкая.tif,Изборск_Ae_курганы_поврежденные.geojson,kurgany_povrezhdennye,2,курганы_поврежденные,13,kurgany_povrezhdennye,256,256,256,11.055152491114235,8.736876620968133,True,False,False,64914,0,False,622,True,0,False,0,False,0,False
001927,042_ИЗБОРСК,Ae,01_Изборск_Ae_немецкая.tif,Изборск_Ae_курганы_поврежденные.geojson,kurgany_povrezhdennye,2,курганы_поврежденные,13,kurgany_povrezhdennye,256,256,256,6.9119811624988765,7.247477878659454,True,False,False,64918,0,False,618,True,0,False,0,False,0,False
001928,042_ИЗБОРСК,Ae,01_Изборск_Ae_немецкая.tif,Изборск_Ae_курганы_поврежденные.geojson,kurgany_povrezhdennye,2,курганы_поврежденные,9,kurgany_povrezhdennye,256,256,256,9.934798142979703,9.18237747889117,True,False,False,65027,0,False,509,True,0,False,0,False,0,False
001929,042_ИЗБОРСК,Ae,01_Изборск_Ae_немецкая.tif,Изборск_Ae_курганы_поврежденные.geojson,kurgany_povrezhdennye,2,курганы_поврежденные,13,kurgany_povrezhdennye,256,256,256,13.4951243780453,14.021544776455588,True,False,False,64914,0,False,622,True,0,False,0,False,0,False
001930,042_ИЗБОРСК,Ae,01_Изборск_Ae_немецкая.tif,Изборск_Ae_курганы_поврежденные.geojson,kurgany_povrezhdennye,2,курганы_поврежденные,12,kurgany_povrezhdennye,256,256,256,7.456399224633469,6.658319243357477,True,False,False,64982,0,False,554,True,0,False,0,False,0,False
001931,042_ИЗБОРСК,Ae,01_Изборск_Ae_немецкая.tif,Изборск_Ae_курганы_поврежденные.geojson,kurgany_povrezhdennye,2,курганы_поврежденные,12,kurgany_povrezhdennye,256,256,256,5.675471741327852,4.879762437313672,True,False,False,64982,0,False,554,True,0,False,0,False,0,False
001932,042_ИЗБОРСК,Ae,01_Изборск_Ae_немецкая.tif,Изборск_Ae_курганы_поврежденные.geojson,kurgany_povrezhdennye,2,курганы_поврежденные,13,kurgany_povrezhdennye,256,256,256,5.572141946062112,5.838012561487465,True,False,False,64914,0,False,622,True,0,False,0,False,0,False
001933,042_ИЗБОРСК,Ae,01_Изборск_Ae_немецкая.tif,Изборск_Ae_курганы_поврежденные.geojson,kurgany_povrezhdennye,2,курганы_поврежденные,13,kurgany_povrezhdennye,256,256,256,7.742486002488201,5.956558625379198,True,False,False,64956,0,False,580,True,0,False,0,False,0,False
001934,042_ИЗБОРСК,Ae,01_Изборск_Ae_немецкая.tif,Изборск_Ae_курганы_поврежденные.geojson,kurgany_povrezhdennye,2,курганы_поврежденные,14,kurgany_povrezhdennye,256,256,256,6.030825980517788,6.158915521437323,True,False,False,64825,0,False,711,True,0,False,0,False,0,False
001935,042_ИЗБОРСК,Ae,01_Изборск_Ae_немецкая.tif,Изборск_Ae_курганы_поврежденные.geojson,kurgany_povrezhdennye,2,курганы_поврежденные,12,kurgany_povrezhdennye,256,256,256,6.860276517365214,6.170489257783988,True,False,False,64982,0,False,554,True,0,False,0,False,0,False
001936,042_ИЗБОРСК,Ae,01_Изборск_Ae_немецкая.tif,Изборск_Ae_курганы_целые.geojson,kurgany_tselye,1,курганы_целые,12,kurgany_povrezhdennye;kurgany_tselye,256,256,256,7.249982404278334,7.224724721139849,True,False,False,65186,230,True,120,True,0,False,0,False,0,False
001937,042_ИЗБОРСК,Ae,01_Изборск_Ae_немецкая.tif,Изборск_Ae_курганы_целые.geojson,kurgany_tselye,1,курганы_целые,14,kurgany_povrezhdennye;kurgany_tselye,256,256,256,5.585686961404156,5.5830126858501945,True,False,False,65174,230,True,132,True,0,False,0,False,0,False
001938,042_ИЗБОРСК,Ae,01_Изборск_Ae_немецкая.tif,Изборск_Ae_курганы_целые.geojson,kurgany_tselye,1,курганы_целые,14,kurgany_povrezhdennye;kurgany_tselye,256,256,256,7.271005493027653,8.672304537546756,True,False,False,65165,230,True,141,True,0,False,0,False,0,False
001939,042_ИЗБОРСК,Ae,01_Изборск_Ae_немецкая.tif,Изборск_Ae_курганы_целые.geojson,kurgany_tselye,1,курганы_целые,15,kurgany_povrezhdennye;kurgany_tselye,256,256,256,5.461643214542128,5.766727628725701,True,False,False,65137,230,True,169,True,0,False,0,False,0,False
001940,042_ИЗБОРСК,Ae,01_Изборск_Ae_немецкая.tif,Изборск_Ae_курганы_целые.geojson,kurgany_tselye,1,курганы_целые,15,kurgany_povrezhdennye;kurgany_tselye,256,256,256,9.494139867177129,7.294407198199483,True,False,False,65091,230,True,215,True,0,False,0,False,0,False
001941,042_ИЗБОРСК,Ae,01_Изборск_Ae_немецкая.tif,Изборск_Ae_курганы_целые.geojson,kurgany_tselye,1,курганы_целые,12,kurgany_povrezhdennye;kurgany_tselye,256,256,256,6.143244504798187,7.903582361627228,True,False,False,65186,230,True,120,True,0,False,0,False,0,False
001942,042_ИЗБОРСК,Ae,01_Изборск_Ae_немецкая.tif,Изборск_Ae_курганы_целые.geojson,kurgany_tselye,1,курганы_целые,12,kurgany_povrezhdennye;kurgany_tselye,256,256,256,6.1416278223549226,5.726204568564491,True,False,False,65186,230,True,120,True,0,False,0,False,0,False
002009,042_ИЗБОРСК,Ae,01_Изборск_Ae_немецкая.tif,Изборск_Ae_фортификации.geojson,fortifikatsii,4,фортификации,2,fortifikatsii,662,662,662,309.8968594463528,330.1076854562571,True,False,False,427167,0,False,0,False,0,False,11077,True,0,False
002010,042_ИЗБОРСК,Ae,01_Изборск_Ae_немецкая.tif,Изборск_Ae_фортификации.geojson,fortifikatsii,4,фортификации,2,fortifikatsii;gorodishcha,488,488,488,243.9435895779772,183.13541715760704,True,False,False,206601,0,False,0,False,18953,True,12590,True,0,False
002011,042_ИЗБОРСК,Ae,01_Изборск_Ae_немецкая.tif,Изборск_Ae_фортификации.geojson,fortifikatsii,4,фортификации,2,fortifikatsii;gorodishcha,316,316,316,157.09120545949864,68.20857577292792,True,False,False,82811,0,False,0,False,12316,True,4729,True,0,False
002012,042_ИЗБОРСК,Ae,01_Изборск_Ae_немецкая.tif,Изборск_Ae_фортификации.geojson,fortifikatsii,4,фортификации,5,fortifikatsii,256,256,256,24.13100073876889,24.32585954493725,True,False,False,64069,0,False,0,False,0,False,1467,True,0,False
002013,042_ИЗБОРСК,Ae,01_Изборск_Ae_немецкая.tif,Изборск_Ae_фортификации.geojson,fortifikatsii,4,фортификации,4,fortifikatsii,256,256,256,21.52186677165595,20.83674869395516,True,False,False,63682,0,False,0,False,0,False,1854,True,0,False
002014,042_ИЗБОРСК,Ae,01_Изборск_Ae_немецкая.tif,Изборск_Ae_фортификации.geojson,fortifikatsii,4,фортификации,2,fortifikatsii,256,256,256,119.15058911418376,32.22012062287931,True,False,False,63106,0,False,0,False,0,False,2430,True,0,False
002015,042_ИЗБОРСК,Ae,01_Изборск_Ae_немецкая.tif,Изборск_Ae_фортификации.geojson,fortifikatsii,4,фортификации,4,fortifikatsii,256,256,256,31.455456788606263,41.35849288624696,True,False,False,63033,0,False,0,False,0,False,2503,True,0,False
002019,042_ИЗБОРСК,Ae,01_Изборск_Ae_немецкая.tif,Изборск_Ae_фортификации.geojson,fortifikatsii,4,фортификации,2,fortifikatsii,340,340,340,43.14148922072953,169.0568405320928,True,False,False,113302,0,False,0,False,0,False,2298,True,0,False
002020,042_ИЗБОРСК,Ae,01_Изборск_Ae_немецкая.tif,Изборск_Ae_фортификации.geojson,fortifikatsii,4,фортификации,1,fortifikatsii,256,256,256,100.31944383406449,29.105023831808296,True,False,False,64279,0,False,0,False,0,False,1257,True,0,False
002021,042_ИЗБОРСК,Ae,01_Изборск_Ae_немецкая.tif,Изборск_Ae_фортификации.geojson,fortifikatsii,4,фортификации,1,fortifikatsii,256,256,256,37.95673640401109,19.455704739696586,True,False,False,65093,0,False,0,False,0,False,443,True,0,False
002022,042_ИЗБОРСК,Ae,01_Изборск_Ae_немецкая.tif,Изборск_Ae_фортификации.geojson,fortifikatsii,4,фортификации,2,fortifikatsii,256,256,256,30.619032161330697,24.90294911480419,True,False,False,64839,0,False,0,False,0,False,697,True,0,False
002023,042_ИЗБОРСК,Ae,01_Изборск_Ae_немецкая.tif,Изборск_Ae_фортификации.geojson,fortifikatsii,4,фортификации,2,fortifikatsii,256,256,256,12.524883691681756,11.06587279923903,True,False,False,64839,0,False,0,False,0,False,697,True,0,False
002024,042_ИЗБОРСК,Ae,01_Изборск_Ae_немецкая.tif,Изборск_Ae_фортификации.geojson,fortifikatsii,4,фортификации,2,fortifikatsii,256,256,256,93.20201420217944,33.30909762051534,True,False,False,64553,0,False,0,False,0,False,983,True,0,False
002025,042_ИЗБОРСК,Ae,01_Изборск_Ae_немецкая.tif,Изборск_Ae_фортификации.geojson,fortifikatsii,4,фортификации,2,fortifikatsii,256,256,256,45.53519296251213,54.44316058010512,True,False,False,64606,0,False,0,False,0,False,930,True,0,False
002026,042_ИЗБОРСК,Ae,01_Изборск_Ae_немецкая.tif,Изборск_Ae_фортификации.geojson,fortifikatsii,4,фортификации,1,fortifikatsii,266,266,266,132.2806070816069,121.01059338643802,True,False,False,67600,0,False,0,False,0,False,3156,True,0,False
002027,042_ИЗБОРСК,Ae,01_Изборск_Ae_немецкая.tif,Изборск_Ae_фортификации.geojson,fortifikatsii,4,фортификации,1,fortifikatsii,256,256,256,33.3206297613312,72.19880108396885,True,False,False,64743,0,False,0,False,0,False,793,True,0,False
002029,042_ИЗБОРСК,SpOr,01_Изборск_SpOr_спутник.tif,Изборск_SpOr_городища.geojson,gorodishcha,3,городища,2,fortifikatsii;gorodishcha,424,424,424,148.54573903465757,211.09582117088684,True,False,False,161417,0,False,0,False,13729,True,4630,True,0,False
002030,042_ИЗБОРСК,SpOr,02_Изборск_SpOr_спутник.tif,Изборск_SpOr_курганы_поврежденные.geojson,kurgany_povrezhdennye,2,курганы_поврежденные,7,kurgany_povrezhdennye,256,256,256,8.622548424123314,11.250262265715072,True,False,False,64822,0,False,714,True,0,False,0,False,0,False
002031,042_ИЗБОРСК,SpOr,02_Изборск_SpOr_спутник.tif,Изборск_SpOr_курганы_поврежденные.geojson,kurgany_povrezhdennye,2,курганы_поврежденные,7,kurgany_povrezhdennye,256,256,256,13.70950756600106,10.705194440830686,True,False,False,64822,0,False,714,True,0,False,0,False,0,False
002032,042_ИЗБОРСК,SpOr,03_Изборск_SpOr_спутник.tif,Изборск_SpOr_курганы_поврежденные.geojson,kurgany_povrezhdennye,2,курганы_поврежденные,6,kurgany_povrezhdennye,256,256,256,17.334225518208896,17.545377636429002,True,False,False,64455,0,False,1081,True,0,False,0,False,0,False
002033,042_ИЗБОРСК,SpOr,03_Изборск_SpOr_спутник.tif,Изборск_SpOr_курганы_поврежденные.geojson,kurgany_povrezhdennye,2,курганы_поврежденные,6,kurgany_povrezhdennye,256,256,256,16.476694225309345,12.059453726941156,True,False,False,64580,0,False,956,True,0,False,0,False,0,False
002034,042_ИЗБОРСК,SpOr,03_Изборск_SpOr_спутник.tif,Изборск_SpOr_курганы_поврежденные.geojson,kurgany_povrezhdennye,2,курганы_поврежденные,7,kurgany_povrezhdennye,256,256,256,12.23279347955053,10.716198895312129,True,False,False,64335,0,False,1201,True,0,False,0,False,0,False
002035,042_ИЗБОРСК,SpOr,03_Изборск_SpOr_спутник.tif,Изборск_SpOr_курганы_поврежденные.geojson,kurgany_povrezhdennye,2,курганы_поврежденные,9,kurgany_povrezhdennye,256,256,256,15.593106979303206,14.36863524545749,True,False,False,64494,0,False,1042,True,0,False,0,False,0,False
002036,042_ИЗБОРСК,SpOr,03_Изборск_SpOr_спутник.tif,Изборск_SpOr_курганы_поврежденные.geojson,kurgany_povrezhdennye,2,курганы_поврежденные,8,kurgany_povrezhdennye,256,256,256,10.48588550082689,9.871854726132186,True,False,False,64512,0,False,1024,True,0,False,0,False,0,False
002037,042_ИЗБОРСК,SpOr,03_Изборск_SpOr_спутник.tif,Изборск_SpOr_курганы_поврежденные.geojson,kurgany_povrezhdennye,2,курганы_поврежденные,9,kurgany_povrezhdennye,256,256,256,9.655174640312076,7.819434147201198,True,False,False,64454,0,False,1082,True,0,False,0,False,0,False
002038,042_ИЗБОРСК,SpOr,03_Изборск_SpOr_спутник.tif,Изборск_SpOr_курганы_поврежденные.geojson,kurgany_povrezhdennye,2,курганы_поврежденные,8,kurgany_povrezhdennye,256,256,256,6.751485854982135,7.572109476334778,True,False,False,64547,0,False,989,True,0,False,0,False,0,False
002039,042_ИЗБОРСК,SpOr,03_Изборск_SpOr_спутник.tif,Изборск_SpOr_курганы_поврежденные.geojson,kurgany_povrezhdennye,2,курганы_поврежденные,7,kurgany_povrezhdennye,256,256,256,8.000676661856886,9.644715341222255,True,False,False,64906,0,False,630,True,0,False,0,False,0,False
002040,042_ИЗБОРСК,SpOr,03_Изборск_SpOr_спутник.tif,Изборск_SpOr_курганы_поврежденные.geojson,kurgany_povrezhdennye,2,курганы_поврежденные,13,kurgany_povrezhdennye,256,256,256,20.686545765429063,18.16498785331041,True,False,False,63871,0,False,1665,True,0,False,0,False,0,False
002041,042_ИЗБОРСК,SpOr,03_Изборск_SpOr_спутник.tif,Изборск_SpOr_курганы_поврежденные.geojson,kurgany_povrezhdennye,2,курганы_поврежденные,15,kurgany_povrezhdennye,256,256,256,19.502402249118344,15.29432301640506,True,False,False,64012,0,False,1524,True,0,False,0,False,0,False
002042,042_ИЗБОРСК,SpOr,03_Изборск_SpOr_спутник.tif,Изборск_SpOr_курганы_поврежденные.geojson,kurgany_povrezhdennye,2,курганы_поврежденные,10,kurgany_povrezhdennye,256,256,256,15.777541756290368,13.196359394196984,True,False,False,64422,0,False,1114,True,0,False,0,False,0,False
002043,042_ИЗБОРСК,SpOr,03_Изборск_SpOr_спутник.tif,Изборск_SpOr_курганы_поврежденные.geojson,kurgany_povrezhdennye,2,курганы_поврежденные,11,kurgany_povrezhdennye,256,256,256,18.243133515323823,18.463693656246303,True,False,False,64245,0,False,1291,True,0,False,0,False,0,False
002044,042_ИЗБОРСК,SpOr,03_Изборск_SpOr_спутник.tif,Изборск_SpOr_курганы_поврежденные.geojson,kurgany_povrezhdennye,2,курганы_поврежденные,5,kurgany_povrezhdennye,256,256,256,19.19413168035778,13.673478943734402,True,False,False,64621,0,False,915,True,0,False,0,False,0,False
002046,042_ИЗБОРСК,SpOr,03_Изборск_SpOr_спутник.tif,Изборск_SpOr_курганы_поврежденные.geojson,kurgany_povrezhdennye,2,курганы_поврежденные,13,kurgany_povrezhdennye,256,256,256,9.961179590302777,9.62822811500816,True,False,False,64316,0,False,1220,True,0,False,0,False,0,False
002051,042_ИЗБОРСК,SpOr,01_Изборск_SpOr_спутник.tif,Изборск_SpOr_курганы_поврежденные.geojson,kurgany_povrezhdennye,2,курганы_поврежденные,1,kurgany_povrezhdennye,256,256,256,12.1037290634517,13.675939890003102,True,False,False,65415,0,False,121,True,0,False,0,False,0,False
002052,042_ИЗБОРСК,SpOr,02_Изборск_SpOr_спутник.tif,Изборск_SpOr_курганы_поврежденные.geojson,kurgany_povrezhdennye,2,курганы_поврежденные,3,kurgany_povrezhdennye,256,256,256,9.112761638856863,7.077320468447503,True,False,False,65212,0,False,324,True,0,False,0,False,0,False
002053,042_ИЗБОРСК,SpOr,02_Изборск_SpOr_спутник.tif,Изборск_SpOr_курганы_поврежденные.geojson,kurgany_povrezhdennye,2,курганы_поврежденные,3,kurgany_povrezhdennye,256,256,256,14.745132002797645,11.543671215033989,True,False,False,65212,0,False,324,True,0,False,0,False,0,False
002054,042_ИЗБОРСК,SpOr,02_Изборск_SpOr_спутник.tif,Изборск_SpOr_курганы_поврежденные.geojson,kurgany_povrezhdennye,2,курганы_поврежденные,3,kurgany_povrezhdennye,256,256,256,14.219905306036836,15.1138716730006,True,False,False,65212,0,False,324,True,0,False,0,False,0,False
002055,042_ИЗБОРСК,SpOr,02_Изборск_SpOr_спутник.tif,Изборск_SpOr_курганы_поврежденные.geojson,kurgany_povrezhdennye,2,курганы_поврежденные,7,kurgany_povrezhdennye,256,256,256,17.066624177404545,11.71125690273452,True,False,False,64822,0,False,714,True,0,False,0,False,0,False
002056,042_ИЗБОРСК,SpOr,02_Изборск_SpOr_спутник.tif,Изборск_SpOr_курганы_поврежденные.geojson,kurgany_povrezhdennye,2,курганы_поврежденные,7,kurgany_povrezhdennye,256,256,256,13.37907910833128,11.379075611596242,True,False,False,64822,0,False,714,True,0,False,0,False,0,False
002057,042_ИЗБОРСК,SpOr,02_Изборск_SpOr_спутник.tif,Изборск_SpOr_курганы_поврежденные.geojson,kurgany_povrezhdennye,2,курганы_поврежденные,7,kurgany_povrezhdennye,256,256,256,11.97377242956562,10.51011918859954,True,False,False,64822,0,False,714,True,0,False,0,False,0,False
002058,042_ИЗБОРСК,SpOr,02_Изборск_SpOr_спутник.tif,Изборск_SpOr_курганы_поврежденные.geojson,kurgany_povrezhdennye,2,курганы_поврежденные,7,kurgany_povrezhdennye,256,256,256,12.027388687031184,10.144323310361798,True,False,False,64822,0,False,714,True,0,False,0,False,0,False
002059,042_ИЗБОРСК,SpOr,02_Изборск_SpOr_спутник.tif,Изборск_SpOr_курганы_поврежденные.geojson,kurgany_povrezhdennye,2,курганы_поврежденные,7,kurgany_povrezhdennye,256,256,256,14.064504802127043,12.035064458280775,True,False,False,64917,0,False,619,True,0,False,0,False,0,False
002060,042_ИЗБОРСК,SpOr,02_Изборск_SpOr_спутник.tif,Изборск_SpOr_курганы_поврежденные.geojson,kurgany_povrezhdennye,2,курганы_поврежденные,7,kurgany_povrezhdennye,256,256,256,16.105171747683297,13.39849080385299,True,False,False,64917,0,False,619,True,0,False,0,False,0,False
002065,042_ИЗБОРСК,SpOr,02_Изборск_SpOr_спутник.tif,Изборск_SpOr_курганы_поврежденные.geojson,kurgany_povrezhdennye,2,курганы_поврежденные,7,kurgany_povrezhdennye,256,256,256,9.868229534635375,9.269217590655904,True,False,False,64917,0,False,619,True,0,False,0,False,0,False
002066,042_ИЗБОРСК,SpOr,02_Изборск_SpOr_спутник.tif,Изборск_SpOr_курганы_поврежденные.geojson,kurgany_povrezhdennye,2,курганы_поврежденные,8,kurgany_povrezhdennye,256,256,256,11.067392952302551,9.276732741202744,True,False,False,64917,0,False,619,True,0,False,0,False,0,False
002067,042_ИЗБОРСК,SpOr,02_Изборск_SpOr_спутник.tif,Изборск_SpOr_курганы_поврежденные.geojson,kurgany_povrezhdennye,2,курганы_поврежденные,8,kurgany_povrezhdennye,256,256,256,8.67292341583074,10.135926676723336,True,False,False,64859,0,False,677,True,0,False,0,False,0,False
002068,042_ИЗБОРСК,SpOr,02_Изборск_SpOr_спутник.tif,Изборск_SpOr_курганы_поврежденные.geojson,kurgany_povrezhdennye,2,курганы_поврежденные,7,kurgany_povrezhdennye,256,256,256,8.401817402496642,9.596796524035575,True,False,False,64917,0,False,619,True,0,False,0,False,0,False
002069,042_ИЗБОРСК,SpOr,02_Изборск_SpOr_спутник.tif,Изборск_SpOr_курганы_поврежденные.geojson,kurgany_povrezhdennye,2,курганы_поврежденные,7,kurgany_povrezhdennye,256,256,256,11.052054232790598,9.79706249220746,True,False,False,64917,0,False,619,True,0,False,0,False,0,False
002070,042_ИЗБОРСК,SpOr,02_Изборск_SpOr_спутник.tif,Изборск_SpOr_курганы_поврежденные.geojson,kurgany_povrezhdennye,2,курганы_поврежденные,8,kurgany_povrezhdennye,256,256,256,8.405741260898955,11.925589702066242,True,False,False,64770,0,False,766,True,0,False,0,False,0,False
002071,042_ИЗБОРСК,SpOr,01_Изборск_SpOr_спутник.tif,Изборск_SpOr_фортификации.geojson,fortifikatsii,4,фортификации,2,fortifikatsii;gorodishcha,316,316,316,157.22960892213646,66.68652489184134,True,False,False,82929,0,False,0,False,12297,True,4630,True,0,False
002074,042_ИЗБОРСК,Or,01_Изборск_Or_ортофото.tif,Изборск_Or_архитектуры.geojson,arkhitektury,5,архитектуры,2,arkhitektury;gorodishcha,676,676,676,337.82512614930533,181.0205268348478,True,False,False,21758,0,False,0,False,395815,True,0,False,39403,True
002078,043_ТОРУ_АЙГЫР,SpOr,04_Тору_Айгыр_SpOr_спутник.tif,Тору_Айгыр_SpOr_курганы_поврежденные.geojson,kurgany_povrezhdennye,2,курганы_поврежденные,3,kurgany_povrezhdennye,256,256,256,29.536163598841476,23.191540528734045,True,False,False,63584,0,False,1952,True,0,False,0,False,0,False
002079,043_ТОРУ_АЙГЫР,SpOr,04_Тору_Айгыр_SpOr_спутник.tif,Тору_Айгыр_SpOr_курганы_поврежденные.geojson,kurgany_povrezhdennye,2,курганы_поврежденные,4,kurgany_povrezhdennye,256,256,256,37.335368096802426,35.653244953237554,True,False,False,63238,0,False,2298,True,0,False,0,False,0,False
002080,043_ТОРУ_АЙГЫР,SpOr,04_Тору_Айгыр_SpOr_спутник.tif,Тору_Айгыр_SpOr_курганы_поврежденные.geojson,kurgany_povrezhdennye,2,курганы_поврежденные,5,kurgany_povrezhdennye,256,256,256,25.10906500684765,20.585032214891427,True,False,False,62680,0,False,2856,True,0,False,0,False,0,False
002081,043_ТОРУ_АЙГЫР,SpOr,04_Тору_Айгыр_SpOr_спутник.tif,Тору_Айгыр_SpOr_курганы_поврежденные.geojson,kurgany_povrezhdennye,2,курганы_поврежденные,4,kurgany_povrezhdennye,256,256,256,22.06487647719657,19.570460561905183,True,False,False,63225,0,False,2311,True,0,False,0,False,0,False
002082,043_ТОРУ_АЙГЫР,SpOr,04_Тору_Айгыр_SpOr_спутник.tif,Тору_Айгыр_SpOr_курганы_поврежденные.geojson,kurgany_povrezhdennye,2,курганы_поврежденные,4,kurgany_povrezhdennye,256,256,256,27.96807480049076,24.929131413200277,True,False,False,64196,0,False,1340,True,0,False,0,False,0,False
002083,043_ТОРУ_АЙГЫР,SpOr,03_Тору_Айгыр_SpOr_спутник.tif,Тору_Айгыр_SpOr_курганы_поврежденные.geojson,kurgany_povrezhdennye,2,курганы_поврежденные,2,kurgany_povrezhdennye,256,256,256,40.93755544105823,35.43407017933699,True,False,False,63099,0,False,2437,True,0,False,0,False,0,False
002084,043_ТОРУ_АЙГЫР,SpOr,03_Тору_Айгыр_SpOr_спутник.tif,Тору_Айгыр_SpOr_курганы_поврежденные.geojson,kurgany_povrezhdennye,2,курганы_поврежденные,4,kurgany_povrezhdennye,256,256,256,42.68107455654337,39.11226500720839,True,False,False,62177,0,False,3359,True,0,False,0,False,0,False
002085,043_ТОРУ_АЙГЫР,SpOr,03_Тору_Айгыр_SpOr_спутник.tif,Тору_Айгыр_SpOr_курганы_поврежденные.geojson,kurgany_povrezhdennye,2,курганы_поврежденные,4,kurgany_povrezhdennye,256,256,256,27.31910481921448,23.93551189707761,True,False,False,63291,0,False,2245,True,0,False,0,False,0,False
002086,043_ТОРУ_АЙГЫР,SpOr,03_Тору_Айгыр_SpOr_спутник.tif,Тору_Айгыр_SpOr_курганы_поврежденные.geojson,kurgany_povrezhdennye,2,курганы_поврежденные,3,kurgany_povrezhdennye,256,256,256,25.62102184170653,19.80681540937277,True,False,False,63318,0,False,2218,True,0,False,0,False,0,False
002087,043_ТОРУ_АЙГЫР,SpOr,03_Тору_Айгыр_SpOr_спутник.tif,Тору_Айгыр_SpOr_курганы_поврежденные.geojson,kurgany_povrezhdennye,2,курганы_поврежденные,2,kurgany_povrezhdennye,256,256,256,21.258622072005227,18.633055674389947,True,False,False,64997,0,False,539,True,0,False,0,False,0,False
002088,043_ТОРУ_АЙГЫР,SpOr,03_Тору_Айгыр_SpOr_спутник.tif,Тору_Айгыр_SpOr_курганы_поврежденные.geojson,kurgany_povrezhdennye,2,курганы_поврежденные,2,kurgany_povrezhdennye,256,256,256,20.400068738841675,15.975682094585968,True,False,False,64997,0,False,539,True,0,False,0,False,0,False
002089,043_ТОРУ_АЙГЫР,SpOr,02_Тору_Айгыр_SpOr_спутник.tif,Тору_Айгыр_SpOr_курганы_поврежденные.geojson,kurgany_povrezhdennye,2,курганы_поврежденные,3,kurgany_povrezhdennye,256,256,256,36.259465141744776,35.06954384675474,True,False,False,62671,0,False,2865,True,0,False,0,False,0,False
002090,043_ТОРУ_АЙГЫР,SpOr,02_Тору_Айгыр_SpOr_спутник.tif,Тору_Айгыр_SpOr_курганы_поврежденные.geojson,kurgany_povrezhdennye,2,курганы_поврежденные,4,kurgany_povrezhdennye,256,256,256,42.72577422419292,51.58244189525355,True,False,False,61951,0,False,3585,True,0,False,0,False,0,False
002091,043_ТОРУ_АЙГЫР,SpOr,02_Тору_Айгыр_SpOr_спутник.tif,Тору_Айгыр_SpOr_курганы_поврежденные.geojson,kurgany_povrezhdennye,2,курганы_поврежденные,3,kurgany_povrezhdennye,256,256,256,31.47112259130708,27.915139282911547,True,False,False,62856,0,False,2680,True,0,False,0,False,0,False
002092,043_ТОРУ_АЙГЫР,SpOr,02_Тору_Айгыр_SpOr_спутник.tif,Тору_Айгыр_SpOr_курганы_поврежденные.geojson,kurgany_povrezhdennye,2,курганы_поврежденные,4,kurgany_povrezhdennye,256,256,256,28.440293870495516,25.074648059696408,True,False,False,62160,0,False,3376,True,0,False,0,False,0,False
002093,043_ТОРУ_АЙГЫР,SpOr,01_Тору_Айгыр_SpOr_спутник.tif,Тору_Айгыр_SpOr_курганы_поврежденные.geojson,kurgany_povrezhdennye,2,курганы_поврежденные,4,kurgany_povrezhdennye,256,256,256,27.345727331997168,27.49477523939591,True,False,False,61905,0,False,3631,True,0,False,0,False,0,False
002094,043_ТОРУ_АЙГЫР,SpOr,01_Тору_Айгыр_SpOr_спутник.tif,Тору_Айгыр_SpOr_курганы_поврежденные.geojson,kurgany_povrezhdennye,2,курганы_поврежденные,4,kurgany_povrezhdennye,256,256,256,31.34161186390996,30.75639270625731,True,False,False,61905,0,False,3631,True,0,False,0,False,0,False
002095,043_ТОРУ_АЙГЫР,SpOr,01_Тору_Айгыр_SpOr_спутник.tif,Тору_Айгыр_SpOr_курганы_поврежденные.geojson,kurgany_povrezhdennye,2,курганы_поврежденные,4,kurgany_povrezhdennye,256,256,256,43.90504275023825,45.40055118722454,True,False,False,61905,0,False,3631,True,0,False,0,False,0,False
002096,043_ТОРУ_АЙГЫР,SpOr,01_Тору_Айгыр_SpOr_спутник.tif,Тору_Айгыр_SpOr_курганы_поврежденные.geojson,kurgany_povrezhdennye,2,курганы_поврежденные,4,kurgany_povrezhdennye,256,256,256,38.44308351438678,32.22580836995404,True,False,False,61905,0,False,3631,True,0,False,0,False,0,False
002097,043_ТОРУ_АЙГЫР,SpOr,03_Тору_Айгыр_SpOr_спутник.tif,Тору_Айгыр_SpOr_курганы_поврежденные.geojson,kurgany_povrezhdennye,2,курганы_поврежденные,1,kurgany_povrezhdennye,256,256,256,29.364039709772637,26.49248415602769,True,False,False,64954,0,False,582,True,0,False,0,False,0,False
002210,045_ТЫВА_1,SpOr,02_Тыва_1_SpOr_спутник.tif,Тыва_1_SpOr_курганы_поврежденные.geojson,kurgany_povrezhdennye,2,курганы_поврежденные,1,kurgany_povrezhdennye,256,256,256,42.82583629459517,38.333582861516696,True,False,False,64505,0,False,1031,True,0,False,0,False,0,False
002211,045_ТЫВА_1,SpOr,02_Тыва_1_SpOr_спутник.tif,Тыва_1_SpOr_курганы_поврежденные.geojson,kurgany_povrezhdennye,2,курганы_поврежденные,3,kurgany_povrezhdennye;kurgany_tselye,256,256,256,41.513619752611504,45.05180123987423,True,False,False,62796,1139,True,1601,True,0,False,0,False,0,False
002213,045_ТЫВА_1,SpOr,01_Тыва_1_SpOr_спутник.tif,Тыва_1_SpOr_курганы_поврежденные.geojson,kurgany_povrezhdennye,2,курганы_поврежденные,1,kurgany_povrezhdennye,256,256,256,85.69003643880093,76.05225976613974,True,False,False,60906,0,False,4630,True,0,False,0,False,0,False
002214,045_ТЫВА_1,SpOr,03_Тыва_1_SpOr_спутник.tif,Тыва_1_SpOr_курганы_целые.geojson,kurgany_tselye,1,курганы_целые,3,kurgany_tselye,260,260,260,78.9341435975078,129.11290816386793,True,False,False,58156,9444,True,0,False,0,False,0,False,0,False
002218,045_ТЫВА_1,SpOr,03_Тыва_1_SpOr_спутник.tif,Тыва_1_SpOr_курганы_целые.geojson,kurgany_tselye,1,курганы_целые,2,kurgany_tselye,256,256,256,43.0568566325863,44.3514903583033,True,False,False,56529,9007,True,0,False,0,False,0,False,0,False
002219,045_ТЫВА_1,SpOr,03_Тыва_1_SpOr_спутник.tif,Тыва_1_SpOr_курганы_целые.geojson,kurgany_tselye,1,курганы_целые,2,kurgany_tselye,256,256,256,37.45598545743964,34.65242914302659,True,False,False,63059,2477,True,0,False,0,False,0,False,0,False
002221,045_ТЫВА_1,SpOr,02_Тыва_1_SpOr_спутник.tif,Тыва_1_SpOr_курганы_целые.geojson,kurgany_tselye,1,курганы_целые,1,kurgany_tselye,256,256,256,23.354498518527432,23.53972920478183,True,False,False,65113,423,True,0,False,0,False,0,False,0,False
002224,045_ТЫВА_1,SpOr,02_Тыва_1_SpOr_спутник.tif,Тыва_1_SpOr_курганы_целые.geojson,kurgany_tselye,1,курганы_целые,3,kurgany_povrezhdennye;kurgany_tselye,256,256,256,37.49068109708848,41.46411226990323,True,False,False,62796,1139,True,1601,True,0,False,0,False,0,False
002289,047_КАЛМЫКИЯ_1,SpOr,01_Калмыкия_1_SpOr_спутник.tif,Калмыкия_1_SpOr_курганы_поврежденные.geojson,kurgany_povrezhdennye,2,курганы_поврежденные,13,kurgany_povrezhdennye,256,256,256,32.33324864208518,34.49458197168254,True,False,False,54325,0,False,11211,True,0,False,0,False,0,False
002290,047_КАЛМЫКИЯ_1,SpOr,01_Калмыкия_1_SpOr_спутник.tif,Калмыкия_1_SpOr_курганы_поврежденные.geojson,kurgany_povrezhdennye,2,курганы_поврежденные,7,kurgany_povrezhdennye,256,256,256,41.48034338028377,38.890780463737904,True,False,False,61937,0,False,3599,True,0,False,0,False,0,False
002294,047_КАЛМЫКИЯ_1,SpOr,01_Калмыкия_1_SpOr_спутник.tif,Калмыкия_1_SpOr_курганы_поврежденные.geojson,kurgany_povrezhdennye,2,курганы_поврежденные,13,kurgany_povrezhdennye,256,256,256,42.05470828702053,30.801605529983817,True,False,False,58254,0,False,7282,True,0,False,0,False,0,False
002296,047_КАЛМЫКИЯ_1,SpOr,02_Калмыкия_1_SpOr_спутник.tif,Калмыкия_1_SpOr_курганы_поврежденные.geojson,kurgany_povrezhdennye,2,курганы_поврежденные,15,kurgany_povrezhdennye,256,256,256,44.55299899706238,41.26987155402367,True,False,False,56447,0,False,9089,True,0,False,0,False,0,False
002297,047_КАЛМЫКИЯ_1,SpOr,02_Калмыкия_1_SpOr_спутник.tif,Калмыкия_1_SpOr_курганы_поврежденные.geojson,kurgany_povrezhdennye,2,курганы_поврежденные,8,kurgany_povrezhdennye,256,256,256,42.74542759493403,55.56341789041434,True,False,False,60600,0,False,4936,True,0,False,0,False,0,False
002298,047_КАЛМЫКИЯ_1,SpOr,02_Калмыкия_1_SpOr_спутник.tif,Калмыкия_1_SpOr_курганы_поврежденные.geojson,kurgany_povrezhdennye,2,курганы_поврежденные,8,kurgany_povrezhdennye,256,256,256,22.664692818920308,30.937639976705015,True,False,False,60443,0,False,5093,True,0,False,0,False,0,False
002301,047_КАЛМЫКИЯ_1,SpOr,02_Калмыкия_1_SpOr_спутник.tif,Калмыкия_1_SpOr_курганы_поврежденные.geojson,kurgany_povrezhdennye,2,курганы_поврежденные,10,kurgany_povrezhdennye,256,256,256,17.599585091323014,17.28748435695386,True,False,False,58923,0,False,6613,True,0,False,0,False,0,False
002302,047_КАЛМЫКИЯ_1,SpOr,02_Калмыкия_1_SpOr_спутник.tif,Калмыкия_1_SpOr_курганы_поврежденные.geojson,kurgany_povrezhdennye,2,курганы_поврежденные,6,kurgany_povrezhdennye,256,256,256,34.54105339615416,34.29939872677637,True,False,False,62226,0,False,3310,True,0,False,0,False,0,False
002304,047_КАЛМЫКИЯ_1,SpOr,01_Калмыкия_1_SpOr_спутник.tif,Калмыкия_1_SpOr_курганы_поврежденные.geojson,kurgany_povrezhdennye,2,курганы_поврежденные,9,kurgany_povrezhdennye,256,256,256,32.32357002027797,30.963354968789268,True,False,False,58148,0,False,7388,True,0,False,0,False,0,False
002307,047_КАЛМЫКИЯ_1,SpOr,01_Калмыкия_1_SpOr_спутник.tif,Калмыкия_1_SpOr_курганы_поврежденные.geojson,kurgany_povrezhdennye,2,курганы_поврежденные,3,kurgany_povrezhdennye,256,256,256,26.692080832567825,29.041858649498344,True,False,False,64107,0,False,1429,True,0,False,0,False,0,False
002308,047_КАЛМЫКИЯ_1,SpOr,01_Калмыкия_1_SpOr_спутник.tif,Калмыкия_1_SpOr_курганы_поврежденные.geojson,kurgany_povrezhdennye,2,курганы_поврежденные,5,kurgany_povrezhdennye,256,256,256,29.183074617421926,35.19532200427142,True,False,False,61789,0,False,3747,True,0,False,0,False,0,False
002310,047_КАЛМЫКИЯ_1,SpOr,01_Калмыкия_1_SpOr_спутник.tif,Калмыкия_1_SpOr_курганы_поврежденные.geojson,kurgany_povrezhdennye,2,курганы_поврежденные,7,kurgany_povrezhdennye,256,256,256,32.32112826025148,30.408228139923715,True,False,False,59762,0,False,5774,True,0,False,0,False,0,False
002311,047_КАЛМЫКИЯ_1,SpOr,01_Калмыкия_1_SpOr_спутник.tif,Калмыкия_1_SpOr_курганы_поврежденные.geojson,kurgany_povrezhdennye,2,курганы_поврежденные,7,kurgany_povrezhdennye,256,256,256,31.029344996198155,29.709147180529865,True,False,False,60054,0,False,5482,True,0,False,0,False,0,False
002312,047_КАЛМЫКИЯ_1,SpOr,01_Калмыкия_1_SpOr_спутник.tif,Калмыкия_1_SpOr_курганы_поврежденные.geojson,kurgany_povrezhdennye,2,курганы_поврежденные,8,kurgany_povrezhdennye,256,256,256,38.26943332231834,35.39675533446448,True,False,False,61404,0,False,4132,True,0,False,0,False,0,False
002313,047_КАЛМЫКИЯ_1,SpOr,02_Калмыкия_1_SpOr_спутник.tif,Калмыкия_1_SpOr_курганы_поврежденные.geojson,kurgany_povrezhdennye,2,курганы_поврежденные,7,kurgany_povrezhdennye,256,256,256,29.81126067274607,30.410489732979904,True,False,False,62151,0,False,3385,True,0,False,0,False,0,False
002314,047_КАЛМЫКИЯ_1,SpOr,02_Калмыкия_1_SpOr_спутник.tif,Калмыкия_1_SpOr_курганы_поврежденные.geojson,kurgany_povrezhdennye,2,курганы_поврежденные,7,kurgany_povrezhdennye,256,256,256,27.302978129552116,21.720970738596225,True,False,False,61563,0,False,3973,True,0,False,0,False,0,False
002319,047_КАЛМЫКИЯ_1,SpOr,01_Калмыкия_1_SpOr_спутник.tif,Калмыкия_1_SpOr_курганы_поврежденные.geojson,kurgany_povrezhdennye,2,курганы_поврежденные,13,kurgany_povrezhdennye,256,256,256,31.770232067259336,32.26190467540868,True,False,False,54604,0,False,10932,True,0,False,0,False,0,False
002320,047_КАЛМЫКИЯ_1,SpOr,01_Калмыкия_1_SpOr_спутник.tif,Калмыкия_1_SpOr_курганы_поврежденные.geojson,kurgany_povrezhdennye,2,курганы_поврежденные,13,kurgany_povrezhdennye,256,256,256,41.11241365393949,40.19522660543688,True,False,False,54527,0,False,11009,True,0,False,0,False,0,False
002321,047_КАЛМЫКИЯ_1,SpOr,01_Калмыкия_1_SpOr_спутник.tif,Калмыкия_1_SpOr_курганы_поврежденные.geojson,kurgany_povrezhdennye,2,курганы_поврежденные,13,kurgany_povrezhdennye,256,256,256,18.547133046270996,19.17197267708097,True,False,False,54017,0,False,11519,True,0,False,0,False,0,False
002322,047_КАЛМЫКИЯ_1,SpOr,01_Калмыкия_1_SpOr_спутник.tif,Калмыкия_1_SpOr_курганы_поврежденные.geojson,kurgany_povrezhdennye,2,курганы_поврежденные,13,kurgany_povrezhdennye,256,256,256,32.089920167375475,31.96300505177393,True,False,False,54533,0,False,11003,True,0,False,0,False,0,False
002323,047_КАЛМЫКИЯ_1,SpOr,01_Калмыкия_1_SpOr_спутник.tif,Калмыкия_1_SpOr_курганы_поврежденные.geojson,kurgany_povrezhdennye,2,курганы_поврежденные,12,kurgany_povrezhdennye,256,256,256,36.71030528698534,31.545741100193364,True,False,False,56077,0,False,9459,True,0,False,0,False,0,False
002324,047_КАЛМЫКИЯ_1,SpOr,01_Калмыкия_1_SpOr_спутник.tif,Калмыкия_1_SpOr_курганы_поврежденные.geojson,kurgany_povrezhdennye,2,курганы_поврежденные,12,kurgany_povrezhdennye,256,256,256,44.573253780081565,45.732502272243146,True,False,False,55857,0,False,9679,True,0,False,0,False,0,False
002325,047_КАЛМЫКИЯ_1,SpOr,01_Калмыкия_1_SpOr_спутник.tif,Калмыкия_1_SpOr_курганы_поврежденные.geojson,kurgany_povrezhdennye,2,курганы_поврежденные,12,kurgany_povrezhdennye,256,256,256,24.47352320152077,21.45354339052605,True,False,False,55668,0,False,9868,True,0,False,0,False,0,False
002326,047_КАЛМЫКИЯ_1,SpOr,01_Калмыкия_1_SpOr_спутник.tif,Калмыкия_1_SpOr_курганы_поврежденные.geojson,kurgany_povrezhdennye,2,курганы_поврежденные,13,kurgany_povrezhdennye,256,256,256,21.0212610230993,21.738234886993418,True,False,False,56001,0,False,9535,True,0,False,0,False,0,False
002327,047_КАЛМЫКИЯ_1,SpOr,01_Калмыкия_1_SpOr_спутник.tif,Калмыкия_1_SpOr_курганы_поврежденные.geojson,kurgany_povrezhdennye,2,курганы_поврежденные,13,kurgany_povrezhdennye,256,256,256,37.81598862950933,37.98907460446735,True,False,False,55819,0,False,9717,True,0,False,0,False,0,False
002328,047_КАЛМЫКИЯ_1,SpOr,01_Калмыкия_1_SpOr_спутник.tif,Калмыкия_1_SpOr_курганы_поврежденные.geojson,kurgany_povrezhdennye,2,курганы_поврежденные,12,kurgany_povrezhdennye,256,256,256,37.67318898851583,34.859244849529944,True,False,False,56183,0,False,9353,True,0,False,0,False,0,False
002329,047_КАЛМЫКИЯ_1,SpOr,01_Калмыкия_1_SpOr_спутник.tif,Калмыкия_1_SpOr_курганы_поврежденные.geojson,kurgany_povrezhdennye,2,курганы_поврежденные,13,kurgany_povrezhdennye,256,256,256,45.40932819256857,48.93590384677971,True,False,False,55291,0,False,10245,True,0,False,0,False,0,False
002330,047_КАЛМЫКИЯ_1,SpOr,01_Калмыкия_1_SpOr_спутник.tif,Калмыкия_1_SpOr_курганы_поврежденные.geojson,kurgany_povrezhdennye,2,курганы_поврежденные,8,kurgany_povrezhdennye,256,256,256,41.1164877553283,35.94094514070326,True,False,False,58540,0,False,6996,True,0,False,0,False,0,False
002331,047_КАЛМЫКИЯ_1,SpOr,01_Калмыкия_1_SpOr_спутник.tif,Калмыкия_1_SpOr_курганы_поврежденные.geojson,kurgany_povrezhdennye,2,курганы_поврежденные,7,kurgany_povrezhdennye,256,256,256,35.71233238543088,52.77679357308187,True,False,False,59201,0,False,6335,True,0,False,0,False,0,False
002332,047_КАЛМЫКИЯ_1,SpOr,01_Калмыкия_1_SpOr_спутник.tif,Калмыкия_1_SpOr_курганы_поврежденные.geojson,kurgany_povrezhdennye,2,курганы_поврежденные,8,kurgany_povrezhdennye,256,256,256,31.150323459279395,42.77981842574406,True,False,False,57174,0,False,8362,True,0,False,0,False,0,False
002333,047_КАЛМЫКИЯ_1,SpOr,01_Калмыкия_1_SpOr_спутник.tif,Калмыкия_1_SpOr_курганы_поврежденные.geojson,kurgany_povrezhdennye,2,курганы_поврежденные,5,kurgany_povrezhdennye,256,256,256,40.85749233486551,38.64920675754978,True,False,False,60306,0,False,5230,True,0,False,0,False,0,False
002334,047_КАЛМЫКИЯ_1,SpOr,01_Калмыкия_1_SpOr_спутник.tif,Калмыкия_1_SpOr_курганы_поврежденные.geojson,kurgany_povrezhdennye,2,курганы_поврежденные,9,kurgany_povrezhdennye,256,256,256,37.63612635524533,38.397255463415085,True,False,False,57996,0,False,7540,True,0,False,0,False,0,False
002335,047_КАЛМЫКИЯ_1,SpOr,01_Калмыкия_1_SpOr_спутник.tif,Калмыкия_1_SpOr_курганы_поврежденные.geojson,kurgany_povrezhdennye,2,курганы_поврежденные,6,kurgany_povrezhdennye,256,256,256,37.31866778869434,56.59548949224063,True,False,False,58717,0,False,6819,True,0,False,0,False,0,False
002343,047_КАЛМЫКИЯ_1,SpOr,02_Калмыкия_1_SpOr_спутник.tif,Калмыкия_1_SpOr_курганы_поврежденные.geojson,kurgany_povrezhdennye,2,курганы_поврежденные,10,kurgany_povrezhdennye,256,256,256,38.59726704097975,39.3729774296642,True,False,False,61199,0,False,4337,True,0,False,0,False,0,False
002344,047_КАЛМЫКИЯ_1,SpOr,02_Калмыкия_1_SpOr_спутник.tif,Калмыкия_1_SpOr_курганы_поврежденные.geojson,kurgany_povrezhdennye,2,курганы_поврежденные,11,kurgany_povrezhdennye,256,256,256,27.9881847063183,28.101699020599337,True,False,False,57952,0,False,7584,True,0,False,0,False,0,False
002345,047_КАЛМЫКИЯ_1,SpOr,02_Калмыкия_1_SpOr_спутник.tif,Калмыкия_1_SpOr_курганы_поврежденные.geojson,kurgany_povrezhdennye,2,курганы_поврежденные,12,kurgany_povrezhdennye,256,256,256,10.71605443579669,11.16723114181358,True,False,False,56628,0,False,8908,True,0,False,0,False,0,False
002346,047_КАЛМЫКИЯ_1,SpOr,02_Калмыкия_1_SpOr_спутник.tif,Калмыкия_1_SpOr_курганы_поврежденные.geojson,kurgany_povrezhdennye,2,курганы_поврежденные,12,kurgany_povrezhdennye,256,256,256,14.455282436292675,14.11820301229666,True,False,False,56800,0,False,8736,True,0,False,0,False,0,False
002347,047_КАЛМЫКИЯ_1,SpOr,02_Калмыкия_1_SpOr_спутник.tif,Калмыкия_1_SpOr_курганы_поврежденные.geojson,kurgany_povrezhdennye,2,курганы_поврежденные,12,kurgany_povrezhdennye,256,256,256,21.01130113133289,18.848410169300124,True,False,False,56794,0,False,8742,True,0,False,0,False,0,False
002357,047_КАЛМЫКИЯ_1,SpOr,01_Калмыкия_1_SpOr_спутник.tif,Калмыкия_1_SpOr_курганы_поврежденные.geojson,kurgany_povrezhdennye,2,курганы_поврежденные,4,kurgany_povrezhdennye,256,256,256,36.70449179527039,42.13578300763428,True,False,False,60840,0,False,4696,True,0,False,0,False,0,False
002362,047_КАЛМЫКИЯ_1,SpOr,02_Калмыкия_1_SpOr_спутник.tif,Калмыкия_1_SpOr_курганы_поврежденные.geojson,kurgany_povrezhdennye,2,курганы_поврежденные,11,kurgany_povrezhdennye,256,256,256,24.529780701922345,24.24860440212825,True,False,False,57945,0,False,7591,True,0,False,0,False,0,False
002364,047_КАЛМЫКИЯ_1,SpOr,02_Калмыкия_1_SpOr_спутник.tif,Калмыкия_1_SpOr_курганы_поврежденные.geojson,kurgany_povrezhdennye,2,курганы_поврежденные,10,kurgany_povrezhdennye,256,256,256,26.66936422694891,29.49319287527412,True,False,False,60630,0,False,4906,True,0,False,0,False,0,False
002366,047_КАЛМЫКИЯ_1,SpOr,02_Калмыкия_1_SpOr_спутник.tif,Калмыкия_1_SpOr_курганы_поврежденные.geojson,kurgany_povrezhdennye,2,курганы_поврежденные,8,kurgany_povrezhdennye,256,256,256,27.43663861098906,26.427795079885417,True,False,False,61332,0,False,4204,True,0,False,0,False,0,False
002371,048_КАЛМЫКИЯ_2,SpOr,02_Калмыкия_2_SpOr_спутник.tif,Калмыкия_2_SpOr_курганы_поврежденные.geojson,kurgany_povrezhdennye,2,курганы_поврежденные,5,kurgany_povrezhdennye;kurgany_tselye,256,256,256,43.403304224736026,37.875088675360885,True,False,False,60288,3247,True,2001,True,0,False,0,False,0,False
002372,048_КАЛМЫКИЯ_2,SpOr,02_Калмыкия_2_SpOr_спутник.tif,Калмыкия_2_SpOr_курганы_поврежденные.geojson,kurgany_povrezhdennye,2,курганы_поврежденные,5,kurgany_povrezhdennye;kurgany_tselye,256,256,256,40.08716188794799,36.44523522945011,True,False,False,59814,2766,True,2956,True,0,False,0,False,0,False
002373,048_КАЛМЫКИЯ_2,SpOr,02_Калмыкия_2_SpOr_спутник.tif,Калмыкия_2_SpOr_курганы_поврежденные.geojson,kurgany_povrezhdennye,2,курганы_поврежденные,5,kurgany_povrezhdennye;kurgany_tselye,256,256,256,45.026999204228055,45.90212536519073,True,False,False,60000,2766,True,2770,True,0,False,0,False,0,False
002374,048_КАЛМЫКИЯ_2,SpOr,01_Калмыкия_2_SpOr_спутник.tif,Калмыкия_2_SpOr_курганы_поврежденные.geojson,kurgany_povrezhdennye,2,курганы_поврежденные,2,kurgany_povrezhdennye,256,256,256,55.2369979514767,49.97776070093896,True,False,False,61989,0,False,3547,True,0,False,0,False,0,False
002376,048_КАЛМЫКИЯ_2,SpOr,02_Калмыкия_2_SpOr_спутник.tif,Калмыкия_2_SpOr_курганы_поврежденные.geojson,kurgany_povrezhdennye,2,курганы_поврежденные,3,kurgany_povrezhdennye;kurgany_tselye,256,256,256,47.0320749352379,38.46713050179252,True,False,False,63632,0,False,1904,True,0,False,0,False,0,False
002377,048_КАЛМЫКИЯ_2,SpOr,01_Калмыкия_2_SpOr_спутник.tif,Калмыкия_2_SpOr_курганы_поврежденные.geojson,kurgany_povrezhdennye,2,курганы_поврежденные,3,kurgany_povrezhdennye,256,256,256,64.2309086032488,59.680331740225526,True,False,False,59467,0,False,6069,True,0,False,0,False,0,False
002378,048_КАЛМЫКИЯ_2,SpOr,01_Калмыкия_2_SpOr_спутник.tif,Калмыкия_2_SpOr_курганы_поврежденные.geojson,kurgany_povrezhdennye,2,курганы_поврежденные,4,kurgany_povrezhdennye,256,256,256,59.49786036806808,51.36440380892035,True,False,False,56136,0,False,9400,True,0,False,0,False,0,False
002379,048_КАЛМЫКИЯ_2,SpOr,01_Калмыкия_2_SpOr_спутник.tif,Калмыкия_2_SpOr_курганы_поврежденные.geojson,kurgany_povrezhdennye,2,курганы_поврежденные,6,kurgany_povrezhdennye,256,256,256,66.75399230021198,60.187251869499136,True,False,False,55708,0,False,9828,True,0,False,0,False,0,False
002380,048_КАЛМЫКИЯ_2,SpOr,01_Калмыкия_2_SpOr_спутник.tif,Калмыкия_2_SpOr_курганы_поврежденные.geojson,kurgany_povrezhdennye,2,курганы_поврежденные,4,kurgany_povrezhdennye,256,256,256,49.37382729196735,43.340794380881086,True,False,False,59699,0,False,5837,True,0,False,0,False,0,False
002381,048_КАЛМЫКИЯ_2,SpOr,01_Калмыкия_2_SpOr_спутник.tif,Калмыкия_2_SpOr_курганы_поврежденные.geojson,kurgany_povrezhdennye,2,курганы_поврежденные,6,kurgany_povrezhdennye,256,256,256,48.82725722489972,41.093397670490816,True,False,False,55224,0,False,10312,True,0,False,0,False,0,False
002382,048_КАЛМЫКИЯ_2,SpOr,01_Калмыкия_2_SpOr_спутник.tif,Калмыкия_2_SpOr_курганы_поврежденные.geojson,kurgany_povrezhdennye,2,курганы_поврежденные,2,kurgany_povrezhdennye,256,256,256,51.91579893334536,50.21102170691819,True,False,False,62268,0,False,3268,True,0,False,0,False,0,False
002383,048_КАЛМЫКИЯ_2,SpOr,01_Калмыкия_2_SpOr_спутник.tif,Калмыкия_2_SpOr_курганы_поврежденные.geojson,kurgany_povrezhdennye,2,курганы_поврежденные,3,kurgany_povrezhdennye,256,256,256,42.8291962524816,36.11504332286913,True,False,False,59203,0,False,6333,True,0,False,0,False,0,False
002384,048_КАЛМЫКИЯ_2,SpOr,01_Калмыкия_2_SpOr_спутник.tif,Калмыкия_2_SpOr_курганы_поврежденные.geojson,kurgany_povrezhdennye,2,курганы_поврежденные,5,kurgany_povrezhdennye,256,256,256,37.734852563033,35.74977891882744,True,False,False,57819,0,False,7717,True,0,False,0,False,0,False
002385,048_КАЛМЫКИЯ_2,SpOr,01_Калмыкия_2_SpOr_спутник.tif,Калмыкия_2_SpOr_курганы_поврежденные.geojson,kurgany_povrezhdennye,2,курганы_поврежденные,5,kurgany_povrezhdennye,256,256,256,41.32017553464535,34.288997201343484,True,False,False,62306,0,False,3230,True,0,False,0,False,0,False
002386,048_КАЛМЫКИЯ_2,SpOr,01_Калмыкия_2_SpOr_спутник.tif,Калмыкия_2_SpOr_курганы_поврежденные.geojson,kurgany_povrezhdennye,2,курганы_поврежденные,5,kurgany_povrezhdennye,256,256,256,41.36144406096526,40.652875723297406,True,False,False,61991,0,False,3545,True,0,False,0,False,0,False
002392,048_КАЛМЫКИЯ_2,SpOr,02_Калмыкия_2_SpOr_спутник.tif,Калмыкия_2_SpOr_курганы_целые.geojson,kurgany_tselye,1,курганы_целые,3,kurgany_tselye,256,256,256,29.955436559073654,32.70761516421022,True,False,False,61014,4522,True,0,False,0,False,0,False,0,False
002393,048_КАЛМЫКИЯ_2,SpOr,02_Калмыкия_2_SpOr_спутник.tif,Калмыкия_2_SpOr_курганы_целые.geojson,kurgany_tselye,1,курганы_целые,3,kurgany_tselye,256,256,256,42.97622384898151,44.5187039826756,True,False,False,61014,4522,True,0,False,0,False,0,False,0,False
002394,048_КАЛМЫКИЯ_2,SpOr,02_Калмыкия_2_SpOr_спутник.tif,Калмыкия_2_SpOr_курганы_целые.geojson,kurgany_tselye,1,курганы_целые,4,kurgany_povrezhdennye;kurgany_tselye,256,256,256,55.03418045859555,50.4362976555294,True,False,False,59756,4522,True,1258,True,0,False,0,False,0,False
002395,048_КАЛМЫКИЯ_2,SpOr,02_Калмыкия_2_SpOr_спутник.tif,Калмыкия_2_SpOr_курганы_целые.geojson,kurgany_tselye,1,курганы_целые,5,kurgany_povrezhdennye;kurgany_tselye,256,256,256,38.536281285653466,36.6778145455993,True,False,False,58917,2766,True,3853,True,0,False,0,False,0,False
002396,048_КАЛМЫКИЯ_2,SpOr,02_Калмыкия_2_SpOr_спутник.tif,Калмыкия_2_SpOr_курганы_целые.geojson,kurgany_tselye,1,курганы_целые,4,kurgany_povrezhdennye;kurgany_tselye,256,256,256,48.32885628843445,41.75037384817021,True,False,False,60075,2766,True,2695,True,0,False,0,False,0,False
002397,049_ВОРОНЕЖ_1,SpOr,01_Воронеж_1_SpOr_спутник.tif,Воронеж_1_SpOr_курганы_целые.geojson,kurgany_tselye,1,курганы_целые,1,kurgany_tselye,256,256,256,74.31184366291185,69.58350397267989,True,False,False,61525,4011,True,0,False,0,False,0,False,0,False
002398,051_ВОРОНЕЖ_2,SpOr,01_Воронеж_2_SpOr.tif,Воронеж_2_SpOr_курганы_поврежденные.geojson,kurgany_povrezhdennye,2,курганы_поврежденные,2,kurgany_povrezhdennye,256,256,256,30.74573729719388,31.049870398797555,True,False,False,64573,0,False,963,True,0,False,0,False,0,False
002399,051_ВОРОНЕЖ_2,SpOr,01_Воронеж_2_SpOr.tif,Воронеж_2_SpOr_курганы_поврежденные.geojson,kurgany_povrezhdennye,2,курганы_поврежденные,2,kurgany_povrezhdennye,256,256,256,15.527676181981429,15.525069387492527,True,False,False,64573,0,False,963,True,0,False,0,False,0,False
002401,051_ВОРОНЕЖ_2,SpOr,01_Воронеж_2_SpOr.tif,Воронеж_2_SpOr_курганы_поврежденные.geojson,kurgany_povrezhdennye,2,курганы_поврежденные,1,kurgany_povrezhdennye,256,256,256,22.04889190011764,20.801763484621663,True,False,False,65163,0,False,373,True,0,False,0,False,0,False
002402,052_ВОРОНЕЖ_3,SpOr,01_Воронеж_3_SpOr_спутник.tif,Воронеж_3_SpOr_курганы_поврежденные.geojson,kurgany_povrezhdennye,2,курганы_поврежденные,1,kurgany_povrezhdennye,256,256,256,93.62161576541672,72.6627070861526,True,False,False,60275,0,False,5261,True,0,False,0,False,0,False
002403,052_ВОРОНЕЖ_3,SpOr,02_Воронеж_3_SpOr_спутник.tif,Воронеж_3_SpOr_курганы_поврежденные.geojson,kurgany_povrezhdennye,2,курганы_поврежденные,2,kurgany_povrezhdennye,256,256,256,48.44095543758571,45.67738518341118,True,False,False,63030,0,False,2506,True,0,False,0,False,0,False
002404,052_ВОРОНЕЖ_3,SpOr,02_Воронеж_3_SpOr_спутник.tif,Воронеж_3_SpOr_курганы_поврежденные.geojson,kurgany_povrezhdennye,2,курганы_поврежденные,2,kurgany_povrezhdennye,256,256,256,44.23607822798668,40.43051050626568,True,False,False,63266,0,False,2270,True,0,False,0,False,0,False
002407,052_ВОРОНЕЖ_3,SpOr,03_Воронеж_3_SpOr_спутник.tif,Воронеж_3_SpOr_курганы_поврежденные.geojson,kurgany_povrezhdennye,2,курганы_поврежденные,3,kurgany_povrezhdennye,256,256,256,96.29532181575075,103.59221922323144,True,False,False,52251,0,False,13285,True,0,False,0,False,0,False
002408,052_ВОРОНЕЖ_3,SpOr,03_Воронеж_3_SpOr_спутник.tif,Воронеж_3_SpOr_курганы_поврежденные.geojson,kurgany_povrezhdennye,2,курганы_поврежденные,1,kurgany_povrezhdennye,256,256,256,67.38348327240418,67.64988420922798,True,False,False,62228,0,False,3308,True,0,False,0,False,0,False
002409,052_ВОРОНЕЖ_3,SpOr,03_Воронеж_3_SpOr_спутник.tif,Воронеж_3_SpOr_курганы_поврежденные.geojson,kurgany_povrezhdennye,2,курганы_поврежденные,2,kurgany_povrezhdennye,256,256,256,72.66935352154131,68.18343562223095,True,False,False,56679,0,False,8857,True,0,False,0,False,0,False
002410,052_ВОРОНЕЖ_3,SpOr,03_Воронеж_3_SpOr_спутник.tif,Воронеж_3_SpOr_курганы_поврежденные.geojson,kurgany_povrezhdennye,2,курганы_поврежденные,2,kurgany_povrezhdennye,256,256,256,85.30909592985721,80.83743157244604,True,False,False,57013,0,False,8523,True,0,False,0,False,0,False
002411,052_ВОРОНЕЖ_3,SpOr,03_Воронеж_3_SpOr_спутник.tif,Воронеж_3_SpOr_курганы_поврежденные.geojson,kurgany_povrezhdennye,2,курганы_поврежденные,3,kurgany_povrezhdennye,256,256,256,78.99250035045732,67.17908435303517,True,False,False,58364,0,False,7172,True,0,False,0,False,0,False
002412,052_ВОРОНЕЖ_3,SpOr,03_Воронеж_3_SpOr_спутник.tif,Воронеж_3_SpOr_курганы_поврежденные.geojson,kurgany_povrezhdennye,2,курганы_поврежденные,2,kurgany_povrezhdennye,256,256,256,63.23483635972479,56.01943906424841,True,False,False,58412,0,False,7124,True,0,False,0,False,0,False
002413,052_ВОРОНЕЖ_3,SpOr,04_Воронеж_3_SpOr_спутник.tif,Воронеж_3_SpOr_курганы_поврежденные.geojson,kurgany_povrezhdennye,2,курганы_поврежденные,3,kurgany_povrezhdennye,256,256,256,42.12536661549228,40.16998494896452,True,False,False,63442,0,False,2094,True,0,False,0,False,0,False
002414,052_ВОРОНЕЖ_3,SpOr,04_Воронеж_3_SpOr_спутник.tif,Воронеж_3_SpOr_курганы_поврежденные.geojson,kurgany_povrezhdennye,2,курганы_поврежденные,2,kurgany_povrezhdennye,256,256,256,41.58499173978233,44.410489996123,True,False,False,63659,0,False,1877,True,0,False,0,False,0,False
002415,052_ВОРОНЕЖ_3,SpOr,04_Воронеж_3_SpOr_спутник.tif,Воронеж_3_SpOr_курганы_поврежденные.geojson,kurgany_povrezhdennye,2,курганы_поврежденные,1,kurgany_povrezhdennye,256,256,256,60.00811837428597,61.30514851787014,True,False,False,62809,0,False,2727,True,0,False,0,False,0,False
002416,052_ВОРОНЕЖ_3,SpOr,04_Воронеж_3_SpOr_спутник.tif,Воронеж_3_SpOr_курганы_поврежденные.geojson,kurgany_povrezhdennye,2,курганы_поврежденные,1,kurgany_povrezhdennye,256,256,256,55.820986039774965,49.14103774104064,True,False,False,63497,0,False,2039,True,0,False,0,False,0,False
002417,052_ВОРОНЕЖ_3,SpOr,04_Воронеж_3_SpOr_спутник.tif,Воронеж_3_SpOr_курганы_поврежденные.geojson,kurgany_povrezhdennye,2,курганы_поврежденные,2,kurgany_povrezhdennye,256,256,256,62.15108269383072,66.05582541801357,True,False,False,59569,0,False,5967,True,0,False,0,False,0,False
002419,052_ВОРОНЕЖ_3,SpOr,05_Воронеж_3_SpOr_спутник.tif,Воронеж_3_SpOr_курганы_поврежденные.geojson,kurgany_povrezhdennye,2,курганы_поврежденные,3,kurgany_povrezhdennye,256,256,256,64.26875286179754,52.79667177109396,True,False,False,58488,0,False,7048,True,0,False,0,False,0,False
002420,052_ВОРОНЕЖ_3,SpOr,05_Воронеж_3_SpOr_спутник.tif,Воронеж_3_SpOr_курганы_поврежденные.geojson,kurgany_povrezhdennye,2,курганы_поврежденные,2,kurgany_povrezhdennye,256,256,256,56.86276948492117,54.40193218444927,True,False,False,60950,0,False,4586,True,0,False,0,False,0,False
002421,052_ВОРОНЕЖ_3,SpOr,05_Воронеж_3_SpOr_спутник.tif,Воронеж_3_SpOr_курганы_поврежденные.geojson,kurgany_povrezhdennye,2,курганы_поврежденные,4,kurgany_povrezhdennye,256,256,256,51.61764864000177,55.9600575714908,True,False,False,56356,0,False,9180,True,0,False,0,False,0,False
002422,052_ВОРОНЕЖ_3,SpOr,05_Воронеж_3_SpOr_спутник.tif,Воронеж_3_SpOr_курганы_поврежденные.geojson,kurgany_povrezhdennye,2,курганы_поврежденные,4,kurgany_povrezhdennye,256,256,256,51.6060025413346,53.83139342505174,True,False,False,58649,0,False,6887,True,0,False,0,False,0,False
002423,052_ВОРОНЕЖ_3,SpOr,05_Воронеж_3_SpOr_спутник.tif,Воронеж_3_SpOr_курганы_поврежденные.geojson,kurgany_povrezhdennye,2,курганы_поврежденные,2,kurgany_povrezhdennye,320,320,320,120.10998238962272,159.44975977770332,True,False,False,79693,0,False,22707,True,0,False,0,False,0,False
002424,052_ВОРОНЕЖ_3,SpOr,05_Воронеж_3_SpOr_спутник.tif,Воронеж_3_SpOr_курганы_поврежденные.geojson,kurgany_povrezhdennye,2,курганы_поврежденные,2,kurgany_povrezhdennye,256,256,256,101.11187562715284,121.44644465048908,True,False,False,50662,0,False,14874,True,0,False,0,False,0,False
002425,052_ВОРОНЕЖ_3,SpOr,05_Воронеж_3_SpOr_спутник.tif,Воронеж_3_SpOr_курганы_поврежденные.geojson,kurgany_povrezhdennye,2,курганы_поврежденные,1,kurgany_povrezhdennye,290,290,290,144.66809520780637,140.0359019045762,True,False,False,69629,0,False,14471,True,0,False,0,False,0,False
002426,052_ВОРОНЕЖ_3,SpOr,02_Воронеж_3_SpOr_спутник.tif,Воронеж_3_SpOr_курганы_целые.geojson,kurgany_tselye,1,курганы_целые,1,kurgany_tselye,256,256,256,69.51814223239944,66.30344089823586,True,False,False,61877,3659,True,0,False,0,False,0,False,0,False
002427,053_ВОРОНЕЖ_4,SpOr,01_Воронеж_4_SpOr_спутник.tif,Воронеж_4_SpOr_курганы_поврежденные.geojson,kurgany_povrezhdennye,2,курганы_поврежденные,4,kurgany_povrezhdennye,256,256,256,46.788370296128406,46.90389473187532,True,False,False,57616,0,False,7920,True,0,False,0,False,0,False
002428,053_ВОРОНЕЖ_4,SpOr,01_Воронеж_4_SpOr_спутник.tif,Воронеж_4_SpOr_курганы_поврежденные.geojson,kurgany_povrezhdennye,2,курганы_поврежденные,3,kurgany_povrezhdennye,256,256,256,53.11282576702016,57.76309818488733,True,False,False,60066,0,False,5470,True,0,False,0,False,0,False
002429,053_ВОРОНЕЖ_4,SpOr,01_Воронеж_4_SpOr_спутник.tif,Воронеж_4_SpOr_курганы_поврежденные.geojson,kurgany_povrezhdennye,2,курганы_поврежденные,3,kurgany_povrezhdennye,256,256,256,56.67128665012925,59.56373984385277,True,False,False,59339,0,False,6197,True,0,False,0,False,0,False
002430,053_ВОРОНЕЖ_4,SpOr,01_Воронеж_4_SpOr_спутник.tif,Воронеж_4_SpOr_курганы_поврежденные.geojson,kurgany_povrezhdennye,2,курганы_поврежденные,2,kurgany_povrezhdennye,256,256,256,60.26326689314328,59.54198156535594,True,False,False,61176,0,False,4360,True,0,False,0,False,0,False
002431,053_ВОРОНЕЖ_4,SpOr,05_Воронеж_4_SpOr_спутник.tif,Воронеж_4_SpOr_курганы_поврежденные.geojson,kurgany_povrezhdennye,2,курганы_поврежденные,2,kurgany_povrezhdennye,256,256,256,80.61677628935699,76.12699054156184,True,False,False,57503,0,False,8033,True,0,False,0,False,0,False
002432,053_ВОРОНЕЖ_4,SpOr,05_Воронеж_4_SpOr_спутник.tif,Воронеж_4_SpOr_курганы_поврежденные.geojson,kurgany_povrezhdennye,2,курганы_поврежденные,4,kurgany_povrezhdennye,256,256,256,67.40970786804772,68.88177576966574,True,False,False,53692,0,False,11844,True,0,False,0,False,0,False
002433,053_ВОРОНЕЖ_4,SpOr,05_Воронеж_4_SpOr_спутник.tif,Воронеж_4_SpOr_курганы_поврежденные.geojson,kurgany_povrezhdennye,2,курганы_поврежденные,4,kurgany_povrezhdennye,256,256,256,78.12273174514728,69.26006236771872,True,False,False,56575,0,False,8961,True,0,False,0,False,0,False
002434,053_ВОРОНЕЖ_4,SpOr,05_Воронеж_4_SpOr_спутник.tif,Воронеж_4_SpOr_курганы_поврежденные.geojson,kurgany_povrezhdennye,2,курганы_поврежденные,4,kurgany_povrezhdennye,256,256,256,34.47377312556722,41.11224478046857,True,False,False,59282,0,False,6254,True,0,False,0,False,0,False
002435,053_ВОРОНЕЖ_4,SpOr,05_Воронеж_4_SpOr_спутник.tif,Воронеж_4_SpOr_курганы_поврежденные.geojson,kurgany_povrezhdennye,2,курганы_поврежденные,2,kurgany_povrezhdennye,256,256,256,26.13812984770188,26.87389226345085,True,False,False,64468,0,False,1068,True,0,False,0,False,0,False
002436,053_ВОРОНЕЖ_4,SpOr,05_Воронеж_4_SpOr_спутник.tif,Воронеж_4_SpOr_курганы_поврежденные.geojson,kurgany_povrezhdennye,2,курганы_поврежденные,3,kurgany_povrezhdennye,256,256,256,42.116740981780175,38.380212374138,True,False,False,63038,0,False,2498,True,0,False,0,False,0,False
002437,053_ВОРОНЕЖ_4,SpOr,04_Воронеж_4_SpOr_спутник.tif,Воронеж_4_SpOr_курганы_поврежденные.geojson,kurgany_povrezhdennye,2,курганы_поврежденные,2,kurgany_povrezhdennye,308,308,308,153.51510820412918,146.625914704875,True,False,False,76637,0,False,18227,True,0,False,0,False,0,False
002438,053_ВОРОНЕЖ_4,SpOr,04_Воронеж_4_SpOr_спутник.tif,Воронеж_4_SpOr_курганы_поврежденные.geojson,kurgany_povrezhdennye,2,курганы_поврежденные,2,kurgany_povrezhdennye,256,256,256,54.46004099328492,52.01808843130135,True,False,False,61546,0,False,3990,True,0,False,0,False,0,False
002439,053_ВОРОНЕЖ_4,SpOr,04_Воронеж_4_SpOr_спутник.tif,Воронеж_4_SpOr_курганы_поврежденные.geojson,kurgany_povrezhdennye,2,курганы_поврежденные,1,kurgany_povrezhdennye,256,256,256,36.0809140164297,37.438946934364864,True,False,False,64510,0,False,1026,True,0,False,0,False,0,False
002440,053_ВОРОНЕЖ_4,SpOr,02_Воронеж_4_SpOr_спутник.tif,Воронеж_4_SpOr_курганы_поврежденные.geojson,kurgany_povrezhdennye,2,курганы_поврежденные,2,kurgany_povrezhdennye,256,256,256,46.70866661560876,39.14021413734724,True,False,False,61759,0,False,3777,True,0,False,0,False,0,False
002441,053_ВОРОНЕЖ_4,SpOr,02_Воронеж_4_SpOr_спутник.tif,Воронеж_4_SpOr_курганы_поврежденные.geojson,kurgany_povrezhdennye,2,курганы_поврежденные,1,kurgany_povrezhdennye,256,256,256,56.94551409374666,38.33285675483339,True,False,False,63768,0,False,1768,True,0,False,0,False,0,False
002442,053_ВОРОНЕЖ_4,SpOr,02_Воронеж_4_SpOr_спутник.tif,Воронеж_4_SpOr_курганы_поврежденные.geojson,kurgany_povrezhdennye,2,курганы_поврежденные,2,kurgany_povrezhdennye,256,256,256,74.77032475913852,63.2171696607632,True,False,False,60795,0,False,4741,True,0,False,0,False,0,False
002443,053_ВОРОНЕЖ_4,SpOr,02_Воронеж_4_SpOr_спутник.tif,Воронеж_4_SpOr_курганы_поврежденные.geojson,kurgany_povrezhdennye,2,курганы_поврежденные,1,kurgany_povrezhdennye,256,256,256,39.254265018074925,41.10369763261144,True,False,False,64326,0,False,1210,True,0,False,0,False,0,False
002444,053_ВОРОНЕЖ_4,SpOr,01_Воронеж_4_SpOr_спутник.tif,Воронеж_4_SpOr_курганы_целые.geojson,kurgany_tselye,1,курганы_целые,2,kurgany_tselye,264,264,264,98.95480008917173,131.7420687572984,True,False,False,54805,14891,True,0,False,0,False,0,False,0,False
002446,053_ВОРОНЕЖ_4,SpOr,01_Воронеж_4_SpOr_спутник.tif,Воронеж_4_SpOr_курганы_целые.geojson,kurgany_tselye,1,курганы_целые,1,kurgany_tselye,256,256,256,125.87610343928154,124.0169463977431,True,False,False,55654,9882,True,0,False,0,False,0,False,0,False
002447,053_ВОРОНЕЖ_4,SpOr,03_Воронеж_4_SpOr_спутник.tif,Воронеж_4_SpOr_курганы_целые.geojson,kurgany_tselye,1,курганы_целые,1,kurgany_tselye,256,256,256,28.05118538016831,28.12348532151351,True,False,False,64922,614,True,0,False,0,False,0,False,0,False
002490,055_КАБАРДИНО-БАЛКАРИЯ,SpOr,04_Кабардино-Балкария_SpOr_спутник.tif,Кабардино-Балкария_SpOr_курганы_поврежденные.geojson,kurgany_povrezhdennye,2,курганы_поврежденные,1,kurgany_povrezhdennye,256,256,256,26.49274597915524,26.497026792338254,True,False,False,65026,0,False,510,True,0,False,0,False,0,False
002491,055_КАБАРДИНО-БАЛКАРИЯ,SpOr,03_Кабардино-Балкария_SpOr_спутник.tif,Кабардино-Балкария_SpOr_курганы_поврежденные.geojson,kurgany_povrezhdennye,2,курганы_поврежденные,1,kurgany_povrezhdennye,256,256,256,19.8789355307772,17.63437940057392,True,False,False,65285,0,False,251,True,0,False,0,False,0,False
002492,055_КАБАРДИНО-БАЛКАРИЯ,SpOr,07_Кабардино-Балкария_SpOr_спутник.tif,Кабардино-Балкария_SpOr_курганы_поврежденные.geojson,kurgany_povrezhdennye,2,курганы_поврежденные,2,kurgany_povrezhdennye,256,256,256,39.687685810751134,60.58729052474728,True,False,False,61745,0,False,3791,True,0,False,0,False,0,False
002493,055_КАБАРДИНО-БАЛКАРИЯ,SpOr,09_Кабардино-Балкария_SpOr_спутник.tif,Кабардино-Балкария_SpOr_курганы_поврежденные.geojson,kurgany_povrezhdennye,2,курганы_поврежденные,1,kurgany_povrezhdennye,256,256,256,50.94096942553303,27.55455460052204,True,False,False,64452,0,False,1084,True,0,False,0,False,0,False
002494,055_КАБАРДИНО-БАЛКАРИЯ,SpOr,07_Кабардино-Балкария_SpOr_спутник.tif,Кабардино-Балкария_SpOr_курганы_поврежденные.geojson,kurgany_povrezhdennye,2,курганы_поврежденные,2,kurgany_povrezhdennye,256,256,256,41.06562682899175,64.91290429835341,True,False,False,61745,0,False,3791,True,0,False,0,False,0,False
002495,055_КАБАРДИНО-БАЛКАРИЯ,SpOr,05_Кабардино-Балкария_SpOr_спутник.tif,Кабардино-Балкария_SpOr_курганы_поврежденные.geojson,kurgany_povrezhdennye,2,курганы_поврежденные,2,kurgany_povrezhdennye,256,256,256,40.84572574318682,38.80134433683365,True,False,False,63553,0,False,1983,True,0,False,0,False,0,False
002497,055_КАБАРДИНО-БАЛКАРИЯ,SpOr,06_Кабардино-Балкария_SpOr_спутник.tif,Кабардино-Балкария_SpOr_курганы_поврежденные.geojson,kurgany_povrezhdennye,2,курганы_поврежденные,2,kurgany_povrezhdennye,256,256,256,21.21164210184812,22.976182737674996,True,False,False,64877,0,False,659,True,0,False,0,False,0,False
002498,055_КАБАРДИНО-БАЛКАРИЯ,SpOr,06_Кабардино-Балкария_SpOr_спутник.tif,Кабардино-Балкария_SpOr_курганы_поврежденные.geojson,kurgany_povrezhdennye,2,курганы_поврежденные,2,kurgany_povrezhdennye,256,256,256,17.00521369216457,24.408337291547443,True,False,False,64877,0,False,659,True,0,False,0,False,0,False
002499,055_КАБАРДИНО-БАЛКАРИЯ,SpOr,06_Кабардино-Балкария_SpOr_спутник.tif,Кабардино-Балкария_SpOr_курганы_поврежденные.geojson,kurgany_povrezhdennye,2,курганы_поврежденные,1,kurgany_povrezhdennye,256,256,256,31.57427829623457,28.588023915889604,True,False,False,64858,0,False,678,True,0,False,0,False,0,False
002500,055_КАБАРДИНО-БАЛКАРИЯ,SpOr,05_Кабардино-Балкария_SpOr_спутник.tif,Кабардино-Балкария_SpOr_курганы_поврежденные.geojson,kurgany_povrezhdennye,2,курганы_поврежденные,3,kurgany_povrezhdennye,256,256,256,27.700516403591298,15.979927741851863,True,False,False,64769,0,False,767,True,0,False,0,False,0,False
002501,055_КАБАРДИНО-БАЛКАРИЯ,SpOr,05_Кабардино-Балкария_SpOr_спутник.tif,Кабардино-Балкария_SpOr_курганы_поврежденные.geojson,kurgany_povrezhdennye,2,курганы_поврежденные,3,kurgany_povrezhdennye,256,256,256,15.265554913148732,12.257993282381106,True,False,False,64769,0,False,767,True,0,False,0,False,0,False
002502,055_КАБАРДИНО-БАЛКАРИЯ,SpOr,05_Кабардино-Балкария_SpOr_спутник.tif,Кабардино-Балкария_SpOr_курганы_поврежденные.geojson,kurgany_povrezhdennye,2,курганы_поврежденные,3,kurgany_povrezhdennye,256,256,256,20.05740589090796,18.78706513488772,True,False,False,64769,0,False,767,True,0,False,0,False,0,False
002504,055_КАБАРДИНО-БАЛКАРИЯ,SpOr,05_Кабардино-Балкария_SpOr_спутник.tif,Кабардино-Балкария_SpOr_курганы_поврежденные.geojson,kurgany_povrezhdennye,2,курганы_поврежденные,2,kurgany_povrezhdennye;kurgany_tselye,256,256,256,30.11531484984816,20.058030103593467,True,False,False,64947,132,True,457,True,0,False,0,False,0,False
002505,055_КАБАРДИНО-БАЛКАРИЯ,SpOr,08_Кабардино-Балкария_SpOr_спутник.tif,Кабардино-Балкария_SpOr_курганы_поврежденные.geojson,kurgany_povrezhdennye,2,курганы_поврежденные,4,kurgany_povrezhdennye;kurgany_tselye,256,256,256,39.78375239672286,44.15049823981833,True,False,False,59660,3771,True,2105,True,0,False,0,False,0,False
002506,055_КАБАРДИНО-БАЛКАРИЯ,SpOr,08_Кабардино-Балкария_SpOr_спутник.tif,Кабардино-Балкария_SpOr_курганы_поврежденные.geojson,kurgany_povrezhdennye,2,курганы_поврежденные,7,kurgany_povrezhdennye;kurgany_tselye,256,256,256,33.981835915198225,44.89272514369884,True,False,False,61694,1957,True,1885,True,0,False,0,False,0,False
002507,055_КАБАРДИНО-БАЛКАРИЯ,SpOr,08_Кабардино-Балкария_SpOr_спутник.tif,Кабардино-Балкария_SpOr_курганы_поврежденные.geojson,kurgany_povrezhdennye,2,курганы_поврежденные,5,kurgany_povrezhdennye;kurgany_tselye,256,256,256,33.680536036885826,34.995631677774696,True,False,False,60141,2200,True,3195,True,0,False,0,False,0,False
002508,055_КАБАРДИНО-БАЛКАРИЯ,SpOr,05_Кабардино-Балкария_SpOr_спутник.tif,Кабардино-Балкария_SpOr_курганы_поврежденные.geojson,kurgany_povrezhdennye,2,курганы_поврежденные,2,kurgany_povrezhdennye;kurgany_tselye,256,256,256,20.69195077751036,23.03423995560222,True,False,False,64888,274,True,374,True,0,False,0,False,0,False
002509,055_КАБАРДИНО-БАЛКАРИЯ,SpOr,05_Кабардино-Балкария_SpOr_спутник.tif,Кабардино-Балкария_SpOr_курганы_поврежденные.geojson,kurgany_povrezhdennye,2,курганы_поврежденные,4,kurgany_povrezhdennye;kurgany_tselye,256,256,256,45.32025880692707,39.69585123943866,True,False,False,61142,2992,True,1402,True,0,False,0,False,0,False
002510,055_КАБАРДИНО-БАЛКАРИЯ,SpOr,01_Кабардино-Балкария_SpOr_спутник.tif,Кабардино-Балкария_SpOr_курганы_целые.geojson,kurgany_tselye,1,курганы_целые,2,kurgany_tselye,256,256,256,39.8849829869996,34.69894406221975,True,False,False,64202,1334,True,0,False,0,False,0,False,0,False
002512,055_КАБАРДИНО-БАЛКАРИЯ,SpOr,04_Кабардино-Балкария_SpOr_спутник.tif,Кабардино-Балкария_SpOr_курганы_целые.geojson,kurgany_tselye,1,курганы_целые,2,kurgany_tselye,256,256,256,20.50938801428348,21.5687022096941,True,False,False,63356,2180,True,0,False,0,False,0,False,0,False
002513,055_КАБАРДИНО-БАЛКАРИЯ,SpOr,04_Кабардино-Балкария_SpOr_спутник.tif,Кабардино-Балкария_SpOr_курганы_целые.geojson,kurgany_tselye,1,курганы_целые,1,kurgany_tselye,256,256,256,29.14795017151001,29.011157214615107,True,False,False,64931,605,True,0,False,0,False,0,False,0,False
002514,055_КАБАРДИНО-БАЛКАРИЯ,SpOr,01_Кабардино-Балкария_SpOr_спутник.tif,Кабардино-Балкария_SpOr_курганы_целые.geojson,kurgany_tselye,1,курганы_целые,3,kurgany_tselye,256,256,256,16.991982714988723,16.849770550349533,True,False,False,63030,2506,True,0,False,0,False,0,False,0,False
002515,055_КАБАРДИНО-БАЛКАРИЯ,SpOr,04_Кабардино-Балкария_SpOr_спутник.tif,Кабардино-Балкария_SpOr_курганы_целые.geojson,kurgany_tselye,1,курганы_целые,2,kurgany_tselye,256,256,256,40.06185072272629,37.94959591853885,True,False,False,63957,1579,True,0,False,0,False,0,False,0,False
002516,055_КАБАРДИНО-БАЛКАРИЯ,SpOr,04_Кабардино-Балкария_SpOr_спутник.tif,Кабардино-Балкария_SpOr_курганы_целые.geojson,kurgany_tselye,1,курганы_целые,2,kurgany_tselye,256,256,256,19.460440313852672,21.600516293028576,True,False,False,63957,1579,True,0,False,0,False,0,False,0,False
002517,055_КАБАРДИНО-БАЛКАРИЯ,SpOr,05_Кабардино-Балкария_SpOr_спутник.tif,Кабардино-Балкария_SpOr_курганы_целые.geojson,kurgany_tselye,1,курганы_целые,3,kurgany_povrezhdennye;kurgany_tselye,256,256,256,24.91060830562116,24.2279205945725,True,False,False,62873,1261,True,1402,True,0,False,0,False,0,False
002518,055_КАБАРДИНО-БАЛКАРИЯ,SpOr,05_Кабардино-Балкария_SpOr_спутник.tif,Кабардино-Балкария_SpOr_курганы_целые.geojson,kurgany_tselye,1,курганы_целые,2,kurgany_tselye,256,256,256,21.80463433194017,32.374503589699124,True,False,False,63622,1914,True,0,False,0,False,0,False,0,False
002519,055_КАБАРДИНО-БАЛКАРИЯ,SpOr,05_Кабардино-Балкария_SpOr_спутник.tif,Кабардино-Балкария_SpOr_курганы_целые.geojson,kurgany_tselye,1,курганы_целые,3,kurgany_povrezhdennye;kurgany_tselye,256,256,256,43.28920480210144,40.38268211410927,True,False,False,63622,1914,True,0,False,0,False,0,False,0,False
002520,055_КАБАРДИНО-БАЛКАРИЯ,SpOr,09_Кабардино-Балкария_SpOr_спутник.tif,Кабардино-Балкария_SpOr_курганы_целые.geojson,kurgany_tselye,1,курганы_целые,1,kurgany_tselye,282,282,282,128.50893494886,140.96901069834786,True,False,False,64620,14904,True,0,False,0,False,0,False,0,False
002521,055_КАБАРДИНО-БАЛКАРИЯ,SpOr,09_Кабардино-Балкария_SpOr_спутник.tif,Кабардино-Балкария_SpOr_курганы_целые.geojson,kurgany_tselye,1,курганы_целые,3,kurgany_tselye,256,256,256,41.437667860993706,46.41930207064059,True,False,False,61111,4425,True,0,False,0,False,0,False,0,False
002522,055_КАБАРДИНО-БАЛКАРИЯ,SpOr,09_Кабардино-Балкария_SpOr_спутник.tif,Кабардино-Балкария_SpOr_курганы_целые.geojson,kurgany_tselye,1,курганы_целые,3,kurgany_tselye,256,256,256,37.28588065554636,39.37196141089775,True,False,False,62765,2771,True,0,False,0,False,0,False,0,False
002523,055_КАБАРДИНО-БАЛКАРИЯ,SpOr,09_Кабардино-Балкария_SpOr_спутник.tif,Кабардино-Балкария_SpOr_курганы_целые.geojson,kurgany_tselye,1,курганы_целые,1,kurgany_tselye,256,256,256,77.05201746622994,82.99789966122704,True,False,False,60658,4878,True,0,False,0,False,0,False,0,False
002524,055_КАБАРДИНО-БАЛКАРИЯ,SpOr,09_Кабардино-Балкария_SpOr_спутник.tif,Кабардино-Балкария_SpOr_курганы_целые.geojson,kurgany_tselye,1,курганы_целые,1,kurgany_tselye,256,256,256,62.54471949660908,30.17893697443345,True,False,False,64053,1483,True,0,False,0,False,0,False,0,False
002525,055_КАБАРДИНО-БАЛКАРИЯ,SpOr,09_Кабардино-Балкария_SpOr_спутник.tif,Кабардино-Балкария_SpOr_курганы_целые.geojson,kurgany_tselye,1,курганы_целые,3,kurgany_tselye,256,256,256,58.59170384687952,52.999955572214006,True,False,False,61111,4425,True,0,False,0,False,0,False,0,False
002526,055_КАБАРДИНО-БАЛКАРИЯ,SpOr,01_Кабардино-Балкария_SpOr_спутник.tif,Кабардино-Балкария_SpOr_курганы_целые.geojson,kurgany_tselye,1,курганы_целые,2,kurgany_tselye,256,256,256,37.47232392347915,37.96040281779485,True,False,False,64145,1391,True,0,False,0,False,0,False,0,False
002527,055_КАБАРДИНО-БАЛКАРИЯ,SpOr,02_Кабардино-Балкария_SpOr_спутник.tif,Кабардино-Балкария_SpOr_курганы_целые.geojson,kurgany_tselye,1,курганы_целые,1,kurgany_tselye,256,256,256,54.187600078552485,47.92263938153499,True,False,False,63437,2099,True,0,False,0,False,0,False,0,False
002529,055_КАБАРДИНО-БАЛКАРИЯ,SpOr,02_Кабардино-Балкария_SpOr_спутник.tif,Кабардино-Балкария_SpOr_курганы_целые.geojson,kurgany_tselye,1,курганы_целые,1,kurgany_tselye,256,256,256,55.942031572912576,41.35691898629226,True,False,False,63763,1773,True,0,False,0,False,0,False,0,False
002531,055_КАБАРДИНО-БАЛКАРИЯ,SpOr,05_Кабардино-Балкария_SpOr_спутник.tif,Кабардино-Балкария_SpOr_курганы_целые.geojson,kurgany_tselye,1,курганы_целые,2,kurgany_povrezhdennye;kurgany_tselye,256,256,256,42.3441293120622,51.958063158076826,True,False,False,62403,1731,True,1402,True,0,False,0,False,0,False
002532,055_КАБАРДИНО-БАЛКАРИЯ,SpOr,05_Кабардино-Балкария_SpOr_спутник.tif,Кабардино-Балкария_SpOr_курганы_целые.geojson,kurgany_tselye,1,курганы_целые,3,kurgany_povrezhdennye;kurgany_tselye,256,256,256,30.60550091282881,35.13266989875963,True,False,False,62873,1261,True,1402,True,0,False,0,False,0,False
002534,055_КАБАРДИНО-БАЛКАРИЯ,SpOr,08_Кабардино-Балкария_SpOr_спутник.tif,Кабардино-Балкария_SpOr_курганы_целые.geojson,kurgany_tselye,1,курганы_целые,3,kurgany_tselye,256,256,256,44.45877328474606,61.58299605277166,True,False,False,61921,3615,True,0,False,0,False,0,False,0,False
002535,055_КАБАРДИНО-БАЛКАРИЯ,SpOr,08_Кабардино-Балкария_SpOr_спутник.tif,Кабардино-Балкария_SpOr_курганы_целые.geojson,kurgany_tselye,1,курганы_целые,5,kurgany_povrezhdennye;kurgany_tselye,256,256,256,28.96539192743108,35.08750694750919,True,False,False,59338,6177,True,21,True,0,False,0,False,0,False
002537,055_КАБАРДИНО-БАЛКАРИЯ,SpOr,08_Кабардино-Балкария_SpOr_спутник.tif,Кабардино-Балкария_SpOr_курганы_целые.geojson,kurgany_tselye,1,курганы_целые,6,kurgany_povrezhdennye;kurgany_tselye,256,256,256,44.8108444478439,59.96352818843687,True,False,False,59143,5113,True,1280,True,0,False,0,False,0,False
002538,055_КАБАРДИНО-БАЛКАРИЯ,SpOr,08_Кабардино-Балкария_SpOr_спутник.tif,Кабардино-Балкария_SpOr_курганы_целые.geojson,kurgany_tselye,1,курганы_целые,3,kurgany_tselye,256,256,256,35.2820653246084,55.92685142099085,True,False,False,61203,4333,True,0,False,0,False,0,False,0,False
002539,055_КАБАРДИНО-БАЛКАРИЯ,SpOr,08_Кабардино-Балкария_SpOr_спутник.tif,Кабардино-Балкария_SpOr_курганы_целые.geojson,kurgany_tselye,1,курганы_целые,1,kurgany_tselye,256,256,256,27.06371720352707,47.84166232658824,True,False,False,64521,1015,True,0,False,0,False,0,False,0,False
002540,055_КАБАРДИНО-БАЛКАРИЯ,SpOr,08_Кабардино-Балкария_SpOr_спутник.tif,Кабардино-Балкария_SpOr_курганы_целые.geojson,kurgany_tselye,1,курганы_целые,5,kurgany_povrezhdennye;kurgany_tselye,256,256,256,35.95766293489562,50.64273385664589,True,False,False,60458,2909,True,2169,True,0,False,0,False,0,False
002541,055_КАБАРДИНО-БАЛКАРИЯ,SpOr,07_Кабардино-Балкария_SpOr_спутник.tif,Кабардино-Балкария_SpOr_курганы_целые.geojson,kurgany_tselye,1,курганы_целые,1,kurgany_tselye,256,256,256,95.02487751783838,113.81030811072743,True,False,False,57409,8127,True,0,False,0,False,0,False,0,False
002542,055_КАБАРДИНО-БАЛКАРИЯ,SpOr,07_Кабардино-Балкария_SpOr_спутник.tif,Кабардино-Балкария_SpOr_курганы_целые.geojson,kurgany_tselye,1,курганы_целые,1,kurgany_tselye,256,256,256,59.965368331827705,69.44272390291626,True,False,False,62387,3149,True,0,False,0,False,0,False,0,False
002543,055_КАБАРДИНО-БАЛКАРИЯ,SpOr,07_Кабардино-Балкария_SpOr_спутник.tif,Кабардино-Балкария_SpOr_курганы_целые.geojson,kurgany_tselye,1,курганы_целые,2,kurgany_tselye,256,256,256,49.67247040400476,74.80722245327831,True,False,False,62561,2975,True,0,False,0,False,0,False,0,False
002544,055_КАБАРДИНО-БАЛКАРИЯ,SpOr,07_Кабардино-Балкария_SpOr_спутник.tif,Кабардино-Балкария_SpOr_курганы_целые.geojson,kurgany_tselye,1,курганы_целые,3,kurgany_tselye,256,256,256,64.52356526646824,79.40199692381715,True,False,False,59511,6025,True,0,False,0,False,0,False,0,False
002545,055_КАБАРДИНО-БАЛКАРИЯ,SpOr,07_Кабардино-Балкария_SpOr_спутник.tif,Кабардино-Балкария_SpOr_курганы_целые.geojson,kurgany_tselye,1,курганы_целые,3,kurgany_tselye,256,256,256,52.2886946581116,62.87091611044169,True,False,False,60017,5519,True,0,False,0,False,0,False,0,False
002546,055_КАБАРДИНО-БАЛКАРИЯ,SpOr,07_Кабардино-Балкария_SpOr_спутник.tif,Кабардино-Балкария_SpOr_курганы_целые.geojson,kurgany_tselye,1,курганы_целые,3,kurgany_tselye,256,256,256,39.88236482033412,48.05433873765814,True,False,False,63121,2415,True,0,False,0,False,0,False,0,False
002548,055_КАБАРДИНО-БАЛКАРИЯ,SpOr,07_Кабардино-Балкария_SpOr_спутник.tif,Кабардино-Балкария_SpOr_курганы_целые.geojson,kurgany_tselye,1,курганы_целые,1,kurgany_tselye,256,256,256,48.80095827909346,59.97949908966636,True,False,False,63430,2106,True,0,False,0,False,0,False,0,False
002550,056_ПЕРЫНЬ,Ae,01_Перынь_Ae_немецкая.tif,Перынь_Ae_архитектуры.geojson,arkhitektury,5,архитектуры,2,arkhitektury;fortifikatsii,256,256,256,68.67619883661834,82.94591275846041,True,False,False,50502,0,False,0,False,0,False,10656,True,4378,True
002551,056_ПЕРЫНЬ,Ae,01_Перынь_Ae_немецкая.tif,Перынь_Ae_архитектуры.geojson,arkhitektury,5,архитектуры,2,arkhitektury;fortifikatsii,256,256,256,122.33606297127128,107.87461892735588,True,False,False,52530,0,False,0,False,0,False,2699,True,10307,True
002552,056_ПЕРЫНЬ,Ae,01_Перынь_Ae_немецкая.tif,Перынь_Ae_архитектуры.geojson,arkhitektury,5,архитектуры,1,arkhitektury,256,256,256,44.97276515697633,41.804668244862754,True,False,False,64077,0,False,0,False,0,False,0,False,1459,True
002553,056_ПЕРЫНЬ,Ae,01_Перынь_Ae_немецкая.tif,Перынь_Ae_архитектуры.geojson,arkhitektury,5,архитектуры,1,arkhitektury,256,256,256,70.47146809881136,73.95694056943006,True,False,False,61950,0,False,0,False,0,False,0,False,3586,True
002554,056_ПЕРЫНЬ,Ae,01_Перынь_Ae_немецкая.tif,Перынь_Ae_архитектуры.geojson,arkhitektury,5,архитектуры,1,arkhitektury,338,338,338,168.45052050754612,113.55101731665002,True,False,False,107795,0,False,0,False,0,False,0,False,6449,True
002555,056_ПЕРЫНЬ,Ae,01_Перынь_Ae_немецкая.tif,Перынь_Ae_архитектуры.geojson,arkhitektury,5,архитектуры,1,arkhitektury,286,286,286,126.05041880277744,142.81902050231153,True,False,False,67889,0,False,0,False,0,False,0,False,13907,True
002556,056_ПЕРЫНЬ,Ae,01_Перынь_Ae_немецкая.tif,Перынь_Ae_архитектуры.geojson,arkhitektury,5,архитектуры,4,arkhitektury,256,256,256,58.86739523890574,64.54156999718471,True,False,False,55231,0,False,0,False,0,False,0,False,10305,True
002557,056_ПЕРЫНЬ,Ae,01_Перынь_Ae_немецкая.tif,Перынь_Ae_архитектуры.geojson,arkhitektury,5,архитектуры,4,arkhitektury,256,256,256,80.34836458337551,104.6703374162242,True,False,False,54584,0,False,0,False,0,False,0,False,10952,True
002558,056_ПЕРЫНЬ,Ae,01_Перынь_Ae_немецкая.tif,Перынь_Ae_архитектуры.geojson,arkhitektury,5,архитектуры,4,arkhitektury,256,256,256,39.3631688173184,44.97371737244829,True,False,False,57487,0,False,0,False,0,False,0,False,8049,True
002559,056_ПЕРЫНЬ,Ae,01_Перынь_Ae_немецкая.tif,Перынь_Ae_архитектуры.geojson,arkhitektury,5,архитектуры,4,arkhitektury,256,256,256,38.64429791664112,35.47533777145234,True,False,False,55072,0,False,0,False,0,False,0,False,10464,True
002560,056_ПЕРЫНЬ,Ae,01_Перынь_Ae_немецкая.tif,Перынь_Ae_архитектуры.geojson,arkhitektury,5,архитектуры,1,arkhitektury,366,366,366,140.68458500181697,182.15486438441533,True,False,False,116023,0,False,0,False,0,False,0,False,17933,True
002561,056_ПЕРЫНЬ,Ae,01_Перынь_Ae_немецкая.tif,Перынь_Ae_архитектуры.geojson,arkhitektury,5,архитектуры,1,arkhitektury,256,256,256,89.80025797517409,111.44735867334894,True,False,False,58580,0,False,0,False,0,False,0,False,6956,True
002562,056_ПЕРЫНЬ,Ae,01_Перынь_Ae_немецкая.tif,Перынь_Ae_архитектуры.geojson,arkhitektury,5,архитектуры,2,arkhitektury;fortifikatsii,256,256,256,98.7649605916681,109.33076814093592,True,False,False,54701,0,False,0,False,0,False,4751,True,6084,True
002563,056_ПЕРЫНЬ,Ae,01_Перынь_Ae_немецкая.tif,Перынь_Ae_архитектуры.geojson,arkhitektury,5,архитектуры,3,arkhitektury;fortifikatsii,256,256,256,98.55792994100452,95.7866677276062,True,False,False,50852,0,False,0,False,0,False,20,True,14664,True
002564,056_ПЕРЫНЬ,Ae,01_Перынь_Ae_немецкая.tif,Перынь_Ae_архитектуры.geojson,arkhitektury,5,архитектуры,3,arkhitektury;fortifikatsii,488,488,488,117.60184447517972,243.1493774152349,True,False,False,190444,0,False,0,False,0,False,25447,True,22253,True
002565,056_ПЕРЫНЬ,Ae,01_Перынь_Ae_немецкая.tif,Перынь_Ae_городища.geojson,gorodishcha,3,городища,1,gorodishcha,1282,1282,1282,381.6642518124765,640.2089183425351,True,False,False,1444365,0,False,0,False,199159,True,0,False,0,False
002566,056_ПЕРЫНЬ,Ae,01_Перынь_Ae_немецкая.tif,Перынь_Ae_городища.geojson,gorodishcha,3,городища,6,fortifikatsii;gorodishcha,920,920,920,459.4031359526268,427.1538229579882,True,False,False,739957,0,False,0,False,92031,True,14412,True,0,False
002569,056_ПЕРЫНЬ,Ae,01_Перынь_Ae_немецкая.tif,Перынь_Ae_фортификации.geojson,fortifikatsii,4,фортификации,6,fortifikatsii;gorodishcha,386,386,386,192.970347461104,146.32211498731786,True,False,False,74204,0,False,0,False,61628,True,13164,True,0,False
002570,056_ПЕРЫНЬ,Ae,01_Перынь_Ae_немецкая.tif,Перынь_Ae_фортификации.geojson,fortifikatsii,4,фортификации,6,fortifikatsii;gorodishcha,256,256,256,61.84277952114947,68.79985793900191,True,False,False,18058,0,False,0,False,39575,True,7903,True,0,False
002571,056_ПЕРЫНЬ,Ae,01_Перынь_Ae_немецкая.tif,Перынь_Ae_фортификации.geojson,fortifikatsii,4,фортификации,6,fortifikatsii;gorodishcha,256,256,256,80.81012861892542,50.02954195037957,True,False,False,7948,0,False,0,False,45632,True,11956,True,0,False
002572,056_ПЕРЫНЬ,Ae,01_Перынь_Ae_немецкая.tif,Перынь_Ae_фортификации.geojson,fortifikatsii,4,фортификации,6,fortifikatsii;gorodishcha,256,256,256,2.164819513056629,0.5236493607791012,True,False,False,9383,0,False,0,False,46010,True,10143,True,0,False
002573,056_ПЕРЫНЬ,Ae,01_Перынь_Ae_немецкая.tif,Перынь_Ae_фортификации.geojson,fortifikatsii,4,фортификации,6,fortifikatsii;gorodishcha,394,394,394,174.66271070718537,196.46769592418397,True,False,False,68177,0,False,0,False,74198,True,12861,True,0,False
002574,056_ПЕРЫНЬ,Ae,01_Перынь_Ae_немецкая.tif,Перынь_Ae_фортификации.geojson,fortifikatsii,4,фортификации,2,fortifikatsii,958,958,958,239.44915498612275,478.96214400651127,True,False,False,896485,0,False,0,False,0,False,21279,True,0,False
002575,056_ПЕРЫНЬ,Ae,01_Перынь_Ae_немецкая.tif,Перынь_Ae_фортификации.geojson,fortifikatsii,4,фортификации,2,fortifikatsii,1092,1092,1092,474.0605104403938,545.5059188595122,True,False,False,1165107,0,False,0,False,0,False,27357,True,0,False
002577,056_ПЕРЫНЬ,Ae,01_Перынь_Ae_немецкая.tif,Перынь_Ae_фортификации.geojson,fortifikatsii,4,фортификации,3,arkhitektury;fortifikatsii,1262,1262,1262,460.0557045808511,630.6451876571119,True,False,False,1509534,0,False,0,False,0,False,60857,True,22253,True
002578,056_ПЕРЫНЬ,SpOr,01_Перынь_SpOr_спутник.tif,Перынь_SpOr_городища.geojson,gorodishcha,3,городища,1,gorodishcha,438,438,438,112.5791992887049,218.82965481014264,True,False,False,171208,0,False,0,False,20636,True,0,False,0,False
002579,056_ПЕРЫНЬ,SpOr,02_Перынь_SpOr_спутник.tif,Перынь_SpOr_городища.geojson,gorodishcha,3,городища,1,gorodishcha,362,362,362,177.20883756126844,180.4477261357404,True,False,False,110885,0,False,0,False,20159,True,0,False,0,False
002580,057_ШИШКИНО,Ae,01_Шишкино_Ae_немецкая.tif,Шишкино_Ae_архитектуры.geojson,arkhitektury,5,архитектуры,1,arkhitektury,724,724,724,361.098169984674,350.8167934684273,True,False,False,455456,0,False,0,False,0,False,0,False,68720,True
002581,057_ШИШКИНО,Ae,01_Шишкино_Ae_немецкая.tif,Шишкино_Ae_курганы_поврежденные.geojson,kurgany_povrezhdennye,2,курганы_поврежденные,2,kurgany_povrezhdennye;kurgany_tselye,256,256,256,122.62603766389353,111.87091343522508,True,False,False,49488,5700,True,10348,True,0,False,0,False,0,False
002582,057_ШИШКИНО,Ae,01_Шишкино_Ae_немецкая.tif,Шишкино_Ae_курганы_поврежденные.geojson,kurgany_povrezhdennye,2,курганы_поврежденные,1,kurgany_povrezhdennye,256,256,256,96.68206067978235,119.41829354020288,True,False,False,56821,0,False,8715,True,0,False,0,False,0,False
002583,057_ШИШКИНО,Ae,01_Шишкино_Ae_немецкая.tif,Шишкино_Ae_курганы_поврежденные.geojson,kurgany_povrezhdennye,2,курганы_поврежденные,2,fortifikatsii;kurgany_povrezhdennye,256,256,256,116.72440544648408,100.2849114413812,True,False,False,50589,0,False,8887,True,0,False,6060,True,0,False
002584,057_ШИШКИНО,Ae,01_Шишкино_Ae_немецкая.tif,Шишкино_Ae_курганы_поврежденные.geojson,kurgany_povrezhdennye,2,курганы_поврежденные,4,kurgany_povrezhdennye;kurgany_tselye,256,256,256,66.53029471844698,68.95858510622806,True,False,False,57994,3193,True,4349,True,0,False,0,False,0,False
002585,057_ШИШКИНО,Ae,01_Шишкино_Ae_немецкая.tif,Шишкино_Ae_курганы_поврежденные.geojson,kurgany_povrezhdennye,2,курганы_поврежденные,4,kurgany_povrezhdennye;kurgany_tselye,256,256,256,37.853972667785975,33.85320328012854,True,False,False,57994,3193,True,4349,True,0,False,0,False,0,False
002586,057_ШИШКИНО,Ae,01_Шишкино_Ae_немецкая.tif,Шишкино_Ae_курганы_поврежденные.geojson,kurgany_povrezhdennye,2,курганы_поврежденные,3,kurgany_povrezhdennye;kurgany_tselye,256,256,256,126.9914270513684,113.80043791842306,True,False,False,41529,12562,True,11445,True,0,False,0,False,0,False
002587,057_ШИШКИНО,Ae,01_Шишкино_Ae_немецкая.tif,Шишкино_Ae_курганы_поврежденные.geojson,kurgany_povrezhdennye,2,курганы_поврежденные,1,kurgany_povrezhdennye,278,278,278,138.56889153800591,134.12793379103042,True,False,False,62773,0,False,14511,True,0,False,0,False,0,False
002588,057_ШИШКИНО,Ae,01_Шишкино_Ae_немецкая.tif,Шишкино_Ae_курганы_поврежденные.geojson,kurgany_povrezhdennye,2,курганы_поврежденные,2,kurgany_povrezhdennye;kurgany_tselye,324,324,324,161.0963793678258,150.70541404302242,True,False,False,83179,3603,True,18194,True,0,False,0,False,0,False
002589,057_ШИШКИНО,Ae,01_Шишкино_Ae_немецкая.tif,Шишкино_Ae_курганы_поврежденные.geojson,kurgany_povrezhdennye,2,курганы_поврежденные,2,kurgany_povrezhdennye,256,256,256,67.93227384121215,64.945009431078,True,False,False,60838,0,False,4698,True,0,False,0,False,0,False
002590,057_ШИШКИНО,Ae,01_Шишкино_Ae_немецкая.tif,Шишкино_Ae_курганы_поврежденные.geojson,kurgany_povrezhdennye,2,курганы_поврежденные,2,kurgany_povrezhdennye,256,256,256,40.74344467957542,35.55188972933115,True,False,False,60838,0,False,4698,True,0,False,0,False,0,False
002591,057_ШИШКИНО,Ae,01_Шишкино_Ae_немецкая.tif,Шишкино_Ae_курганы_поврежденные.geojson,kurgany_povrezhdennye,2,курганы_поврежденные,2,kurgany_povrezhdennye,256,256,256,59.05756943697264,60.50514757929661,True,False,False,59504,0,False,6032,True,0,False,0,False,0,False
002592,057_ШИШКИНО,Ae,01_Шишкино_Ae_немецкая.tif,Шишкино_Ae_курганы_поврежденные.geojson,kurgany_povrezhdennye,2,курганы_поврежденные,3,kurgany_povrezhdennye,256,256,256,70.10712899082868,66.03468362554139,True,False,False,58301,0,False,7235,True,0,False,0,False,0,False
002593,057_ШИШКИНО,Ae,01_Шишкино_Ae_немецкая.tif,Шишкино_Ae_курганы_поврежденные.geojson,kurgany_povrezhdennye,2,курганы_поврежденные,2,kurgany_povrezhdennye,256,256,256,65.56410484054486,64.7085526751903,True,False,False,61078,0,False,4458,True,0,False,0,False,0,False
002594,057_ШИШКИНО,Ae,01_Шишкино_Ae_немецкая.tif,Шишкино_Ae_курганы_целые.geojson,kurgany_tselye,1,курганы_целые,3,kurgany_povrezhdennye;kurgany_tselye,256,256,256,100.49234091423992,93.77290314933008,True,False,False,46544,7111,True,11881,True,0,False,0,False,0,False
002595,057_ШИШКИНО,Ae,01_Шишкино_Ae_немецкая.tif,Шишкино_Ae_курганы_целые.geojson,kurgany_tselye,1,курганы_целые,2,kurgany_povrezhdennye;kurgany_tselye,348,348,348,173.58111371030057,162.68797772046358,True,False,False,88226,22465,True,10413,True,0,False,0,False,0,False
002596,057_ШИШКИНО,Ae,01_Шишкино_Ae_немецкая.tif,Шишкино_Ae_курганы_целые.geojson,kurgany_tselye,1,курганы_целые,2,kurgany_povrezhdennye;kurgany_tselye,274,274,274,135.9776875162603,136.77236336627254,True,False,False,56363,14540,True,4173,True,0,False,0,False,0,False
002597,057_ШИШКИНО,Ae,01_Шишкино_Ae_немецкая.tif,Шишкино_Ae_курганы_целые.geojson,kurgany_tselye,1,курганы_целые,4,kurgany_povrezhdennye;kurgany_tselye,256,256,256,53.48256204353667,54.30961247158108,True,False,False,57994,3193,True,4349,True,0,False,0,False,0,False
002598,057_ШИШКИНО,Ae,01_Шишкино_Ae_немецкая.tif,Шишкино_Ae_курганы_целые.geojson,kurgany_tselye,1,курганы_целые,5,kurgany_povrezhdennye;kurgany_tselye,256,256,256,37.20204795049562,35.41583595183135,True,False,False,57824,3407,True,4305,True,0,False,0,False,0,False
002599,057_ШИШКИНО,Ae,01_Шишкино_Ae_немецкая.tif,Шишкино_Ae_курганы_целые.geojson,kurgany_tselye,1,курганы_целые,2,kurgany_tselye,256,256,256,56.441205728490814,58.02391261645809,True,False,False,62872,2664,True,0,False,0,False,0,False,0,False
002600,057_ШИШКИНО,Ae,01_Шишкино_Ae_немецкая.tif,Шишкино_Ae_фортификации.geojson,fortifikatsii,4,фортификации,1,fortifikatsii,298,298,298,148.04583491896932,57.05180810191669,True,False,False,83973,0,False,0,False,0,False,4831,True,0,False
002601,057_ШИШКИНО,Ae,01_Шишкино_Ae_немецкая.tif,Шишкино_Ae_фортификации.geojson,fortifikatsii,4,фортификации,4,fortifikatsii,340,340,340,70.31056105053221,169.1689825351895,True,False,False,109627,0,False,0,False,0,False,5973,True,0,False
002602,057_ШИШКИНО,Ae,01_Шишкино_Ae_немецкая.tif,Шишкино_Ae_фортификации.geojson,fortifikatsii,4,фортификации,1,fortifikatsii,402,402,402,188.3151948183841,200.22305093017965,True,False,False,152358,0,False,0,False,0,False,9246,True,0,False
002603,057_ШИШКИНО,Ae,01_Шишкино_Ae_немецкая.tif,Шишкино_Ae_фортификации.geojson,fortifikatsii,4,фортификации,2,fortifikatsii,712,712,712,355.85607206906843,181.9011347359646,True,False,False,497784,0,False,0,False,0,False,9160,True,0,False
002604,057_ШИШКИНО,Ae,01_Шишкино_Ae_немецкая.tif,Шишкино_Ae_фортификации.geojson,fortifikatsii,4,фортификации,2,fortifikatsii,256,256,256,41.47290063271446,53.55157755003663,True,False,False,62335,0,False,0,False,0,False,3201,True,0,False
002605,057_ШИШКИНО,Ae,01_Шишкино_Ae_немецкая.tif,Шишкино_Ae_фортификации.geojson,fortifikatsii,4,фортификации,3,fortifikatsii,1086,1086,1086,542.8616742603465,539.9795506843108,True,False,False,1157351,0,False,0,False,0,False,22045,True,0,False
002606,057_ШИШКИНО,Ae,01_Шишкино_Ae_немецкая.tif,Шишкино_Ae_фортификации.geojson,fortifikatsii,4,фортификации,1,fortifikatsii,262,262,262,130.85659886522475,40.43987474406867,True,False,False,66250,0,False,0,False,0,False,2394,True,0,False
002607,057_ШИШКИНО,Ae,01_Шишкино_Ae_немецкая.tif,Шишкино_Ae_фортификации.geojson,fortifikatsii,4,фортификации,3,fortifikatsii,256,256,256,26.97950437284632,63.68880315419574,True,False,False,60607,0,False,0,False,0,False,4929,True,0,False
002608,057_ШИШКИНО,Ae,01_Шишкино_Ae_немецкая.tif,Шишкино_Ae_фортификации.geojson,fortifikatsii,4,фортификации,4,fortifikatsii,256,256,256,38.28138380039743,93.68772741916034,True,False,False,60711,0,False,0,False,0,False,4825,True,0,False
002609,057_ШИШКИНО,Ae,01_Шишкино_Ae_немецкая.tif,Шишкино_Ae_фортификации.geojson,fortifikatsii,4,фортификации,1,fortifikatsii,256,256,256,106.43515337813692,87.01015168596842,True,False,False,63548,0,False,0,False,0,False,1988,True,0,False
002610,057_ШИШКИНО,Ae,01_Шишкино_Ae_немецкая.tif,Шишкино_Ae_фортификации.geojson,fortifikatsii,4,фортификации,5,fortifikatsii,1002,1002,1002,364.7810501036873,500.8314899868687,True,False,False,969275,0,False,0,False,0,False,34729,True,0,False
002612,057_ШИШКИНО,Ae,01_Шишкино_Ae_немецкая.tif,Шишкино_Ae_фортификации.geojson,fortifikatsii,4,фортификации,2,fortifikatsii,256,256,256,30.89532640379078,33.57919258737859,True,False,False,63954,0,False,0,False,0,False,1582,True,0,False
002613,057_ШИШКИНО,Ae,01_Шишкино_Ae_немецкая.tif,Шишкино_Ae_фортификации.geojson,fortifikatsii,4,фортификации,2,fortifikatsii,256,256,256,29.04731843376121,61.33031804982365,True,False,False,64677,0,False,0,False,0,False,859,True,0,False
002614,057_ШИШКИНО,Ae,01_Шишкино_Ae_немецкая.tif,Шишкино_Ae_фортификации.geojson,fortifikatsii,4,фортификации,2,fortifikatsii,256,256,256,49.20593149321732,32.03503304204059,True,False,False,64026,0,False,0,False,0,False,1510,True,0,False
002615,057_ШИШКИНО,Ae,01_Шишкино_Ae_немецкая.tif,Шишкино_Ae_фортификации.geojson,fortifikatsii,4,фортификации,3,fortifikatsii,358,358,358,169.58538924782263,178.58782604827366,True,False,False,118839,0,False,0,False,0,False,9325,True,0,False
002616,057_ШИШКИНО,Ae,01_Шишкино_Ae_немецкая.tif,Шишкино_Ae_фортификации.geojson,fortifikatsii,4,фортификации,5,fortifikatsii,1430,1430,1430,201.682624772762,714.8962649153353,True,False,False,2021253,0,False,0,False,0,False,23647,True,0,False
002617,057_ШИШКИНО,Ae,01_Шишкино_Ae_немецкая.tif,Шишкино_Ae_фортификации.geojson,fortifikatsii,4,фортификации,2,fortifikatsii,396,396,396,137.27197005284788,197.6574350922993,True,False,False,152024,0,False,0,False,0,False,4792,True,0,False
002618,057_ШИШКИНО,Ae,01_Шишкино_Ae_немецкая.tif,Шишкино_Ae_фортификации.geojson,fortifikatsii,4,фортификации,2,fortifikatsii,386,386,386,73.03705451190976,192.77921498244504,True,False,False,145456,0,False,0,False,0,False,3540,True,0,False
002619,057_ШИШКИНО,Ae,01_Шишкино_Ae_немецкая.tif,Шишкино_Ae_фортификации.geojson,fortifikatsii,4,фортификации,1,fortifikatsii,822,822,822,410.2899436355472,333.4958786480973,True,False,False,661072,0,False,0,False,0,False,14612,True,0,False
002620,057_ШИШКИНО,Ae,01_Шишкино_Ae_немецкая.tif,Шишкино_Ae_фортификации.geojson,fortifikatsii,4,фортификации,4,fortifikatsii,1010,1010,1010,478.88266932225554,504.76475454168633,True,False,False,976160,0,False,0,False,0,False,43940,True,0,False
002621,057_ШИШКИНО,Ae,01_Шишкино_Ae_немецкая.tif,Шишкино_Ae_фортификации.geojson,fortifikatsii,4,фортификации,3,fortifikatsii,1044,1044,1044,494.505211023357,521.6139766866028,True,False,False,1051785,0,False,0,False,0,False,38151,True,0,False
002622,057_ШИШКИНО,Ae,01_Шишкино_Ae_немецкая.tif,Шишкино_Ae_фортификации.geojson,fortifikatsii,4,фортификации,1,fortifikatsii,256,256,256,127.47621650137314,121.26740921774906,True,False,False,60131,0,False,0,False,0,False,5405,True,0,False
002623,057_ШИШКИНО,Ae,01_Шишкино_Ae_немецкая.tif,Шишкино_Ae_фортификации.geojson,fortifikatsii,4,фортификации,3,fortifikatsii,256,256,256,65.54136740778411,55.772342428196,True,False,False,59691,0,False,0,False,0,False,5845,True,0,False
002624,057_ШИШКИНО,Ae,01_Шишкино_Ae_немецкая.tif,Шишкино_Ae_фортификации.geojson,fortifikatsii,4,фортификации,3,fortifikatsii,256,256,256,53.2728739064723,47.83592835257835,True,False,False,59737,0,False,0,False,0,False,5799,True,0,False
002625,057_ШИШКИНО,Ae,01_Шишкино_Ae_немецкая.tif,Шишкино_Ae_фортификации.geojson,fortifikatsii,4,фортификации,3,fortifikatsii,256,256,256,48.15911890430551,47.27044169146136,True,False,False,59856,0,False,0,False,0,False,5680,True,0,False
002627,057_ШИШКИНО,Ae,01_Шишкино_Ae_немецкая.tif,Шишкино_Ae_фортификации.geojson,fortifikatsii,4,фортификации,3,fortifikatsii,620,620,620,299.0867286138689,309.6821763454953,True,False,False,373341,0,False,0,False,0,False,11059,True,0,False
002628,057_ШИШКИНО,Ae,01_Шишкино_Ae_немецкая.tif,Шишкино_Ae_фортификации.geojson,fortifikatsii,4,фортификации,1,fortifikatsii,256,256,256,73.96200433570364,78.30208578753054,True,False,False,62339,0,False,0,False,0,False,3197,True,0,False
002629,057_ШИШКИНО,Ae,01_Шишкино_Ae_немецкая.tif,Шишкино_Ae_фортификации.geojson,fortifikatsii,4,фортификации,2,fortifikatsii,424,424,424,211.2898245023568,110.72633916074729,True,False,False,166625,0,False,0,False,0,False,13151,True,0,False
002631,057_ШИШКИНО,Ae,01_Шишкино_Ae_немецкая.tif,Шишкино_Ae_фортификации.geojson,fortifikatsii,4,фортификации,8,fortifikatsii,1316,1316,1316,657.3361440070674,643.5914859452869,True,False,False,1671459,0,False,0,False,0,False,60397,True,0,False
002632,057_ШИШКИНО,Ae,01_Шишкино_Ae_немецкая.tif,Шишкино_Ae_фортификации.geojson,fortifikatsii,4,фортификации,4,fortifikatsii,534,534,534,128.9471085116832,266.2329843646432,True,False,False,263254,0,False,0,False,0,False,21902,True,0,False
002633,057_ШИШКИНО,Ae,01_Шишкино_Ae_немецкая.tif,Шишкино_Ae_фортификации.geojson,fortifikatsii,4,фортификации,2,fortifikatsii,914,914,914,456.3380708118819,179.71313660367255,True,False,False,812203,0,False,0,False,0,False,23193,True,0,False
002634,057_ШИШКИНО,Ae,01_Шишкино_Ae_немецкая.tif,Шишкино_Ae_фортификации.geojson,fortifikatsii,4,фортификации,2,fortifikatsii,256,256,256,75.18732403333247,82.41157594922747,True,False,False,57463,0,False,0,False,0,False,8073,True,0,False
002635,057_ШИШКИНО,Ae,01_Шишкино_Ae_немецкая.tif,Шишкино_Ae_фортификации.geojson,fortifikatsii,4,фортификации,4,fortifikatsii,256,256,256,53.77526244018924,96.42362792955817,True,False,False,60869,0,False,0,False,0,False,4667,True,0,False
002636,057_ШИШКИНО,Ae,01_Шишкино_Ae_немецкая.tif,Шишкино_Ae_фортификации.geojson,fortifikatsii,4,фортификации,3,fortifikatsii,256,256,256,31.4898589370848,41.27249806515844,True,False,False,61185,0,False,0,False,0,False,4351,True,0,False
002637,057_ШИШКИНО,Ae,01_Шишкино_Ae_немецкая.tif,Шишкино_Ae_фортификации.geojson,fortifikatsii,4,фортификации,3,fortifikatsii,256,256,256,53.29249948471816,46.82188643881206,True,False,False,61185,0,False,0,False,0,False,4351,True,0,False
002638,057_ШИШКИНО,Ae,01_Шишкино_Ae_немецкая.tif,Шишкино_Ae_фортификации.geojson,fortifikatsii,4,фортификации,2,fortifikatsii;kurgany_povrezhdennye,352,352,352,175.90751997241176,150.95566717682382,True,False,False,105070,0,False,8887,True,0,False,9947,True,0,False
002639,057_ШИШКИНО,Ae,01_Шишкино_Ae_немецкая.tif,Шишкино_Ae_фортификации.geojson,fortifikatsii,4,фортификации,1,fortifikatsii,296,296,296,105.28506600504612,147.46449813649411,True,False,False,84476,0,False,0,False,0,False,3140,True,0,False
002640,057_ШИШКИНО,Ae,01_Шишкино_Ae_немецкая.tif,Шишкино_Ae_фортификации.geojson,fortifikatsii,4,фортификации,2,fortifikatsii,310,310,310,154.22126853845697,120.0695076139084,True,False,False,93915,0,False,0,False,0,False,2185,True,0,False
002641,057_ШИШКИНО,Ae,01_Шишкино_Ae_немецкая.tif,Шишкино_Ae_фортификации.geojson,fortifikatsii,4,фортификации,1,fortifikatsii,256,256,256,53.21173707428039,47.8095119779377,True,False,False,64744,0,False,0,False,0,False,792,True,0,False
002642,057_ШИШКИНО,Ae,01_Шишкино_Ae_немецкая.tif,Шишкино_Ae_фортификации.geojson,fortifikatsii,4,фортификации,1,fortifikatsii,486,486,486,242.7783852226638,204.90716660834383,True,False,False,226105,0,False,0,False,0,False,10091,True,0,False
002643,057_ШИШКИНО,Ae,01_Шишкино_Ae_немецкая.tif,Шишкино_Ae_фортификации.geojson,fortifikatsii,4,фортификации,1,fortifikatsii,256,256,256,61.565637782048135,55.05701343609648,True,False,False,63757,0,False,0,False,0,False,1779,True,0,False
002644,058_СЕЛЬЦО,Ae,01_Сельцо_Ae_немецкая.tif,Сельцо_Ae_курганы_целые.geojson,kurgany_tselye,1,курганы_целые,31,fortifikatsii;kurgany_tselye,256,256,256,34.112773350595056,30.542874154830383,True,False,False,54942,7851,True,0,False,0,False,2743,True,0,False
002645,058_СЕЛЬЦО,Ae,01_Сельцо_Ae_немецкая.tif,Сельцо_Ae_курганы_целые.geojson,kurgany_tselye,1,курганы_целые,30,fortifikatsii;kurgany_tselye,256,256,256,30.183186733364128,29.69001880577008,True,False,False,55690,7103,True,0,False,0,False,2743,True,0,False
002646,058_СЕЛЬЦО,Ae,01_Сельцо_Ae_немецкая.tif,Сельцо_Ae_курганы_целые.geojson,kurgany_tselye,1,курганы_целые,26,fortifikatsii;kurgany_tselye,256,256,256,11.806303457184717,10.52701043159707,True,False,False,57160,5633,True,0,False,0,False,2743,True,0,False
002647,058_СЕЛЬЦО,Ae,01_Сельцо_Ae_немецкая.tif,Сельцо_Ae_курганы_целые.geojson,kurgany_tselye,1,курганы_целые,26,fortifikatsii;kurgany_tselye,256,256,256,13.272683908252509,11.971472653385216,True,False,False,56689,6183,True,0,False,0,False,2664,True,0,False
002648,058_СЕЛЬЦО,Ae,01_Сельцо_Ae_немецкая.tif,Сельцо_Ae_курганы_целые.geojson,kurgany_tselye,1,курганы_целые,27,fortifikatsii;kurgany_tselye,256,256,256,11.60016606440803,11.4097361247032,True,False,False,56945,5848,True,0,False,0,False,2743,True,0,False
002649,058_СЕЛЬЦО,Ae,01_Сельцо_Ae_немецкая.tif,Сельцо_Ae_курганы_целые.geojson,kurgany_tselye,1,курганы_целые,17,kurgany_tselye,256,256,256,16.155411686672508,13.665687298824786,True,False,False,61435,4101,True,0,False,0,False,0,False,0,False
002650,058_СЕЛЬЦО,Ae,01_Сельцо_Ae_немецкая.tif,Сельцо_Ae_курганы_целые.geojson,kurgany_tselye,1,курганы_целые,11,kurgany_tselye,256,256,256,16.35629002080216,13.490040993363555,True,False,False,62963,2573,True,0,False,0,False,0,False,0,False
002651,058_СЕЛЬЦО,Ae,01_Сельцо_Ae_немецкая.tif,Сельцо_Ae_курганы_целые.geojson,kurgany_tselye,1,курганы_целые,11,kurgany_tselye,256,256,256,12.022324265624151,16.57682436509015,True,False,False,62673,2863,True,0,False,0,False,0,False,0,False
002652,058_СЕЛЬЦО,Ae,01_Сельцо_Ae_немецкая.tif,Сельцо_Ae_курганы_целые.geojson,kurgany_tselye,1,курганы_целые,32,fortifikatsii;kurgany_tselye,256,256,256,14.936607828837705,13.242367053277436,True,False,False,56438,7892,True,0,False,0,False,1206,True,0,False
002653,058_СЕЛЬЦО,Ae,01_Сельцо_Ae_немецкая.tif,Сельцо_Ae_курганы_целые.geojson,kurgany_tselye,1,курганы_целые,30,fortifikatsii;kurgany_tselye,256,256,256,15.527697694314412,11.606291538112169,True,False,False,57539,7193,True,0,False,0,False,804,True,0,False
002654,058_СЕЛЬЦО,Ae,01_Сельцо_Ae_немецкая.tif,Сельцо_Ae_курганы_целые.geojson,kurgany_tselye,1,курганы_целые,25,fortifikatsii;kurgany_tselye,256,256,256,26.948276988347228,14.065951705396872,True,False,False,57061,5732,True,0,False,0,False,2743,True,0,False
002655,058_СЕЛЬЦО,Ae,01_Сельцо_Ae_немецкая.tif,Сельцо_Ae_курганы_целые.geojson,kurgany_tselye,1,курганы_целые,9,kurgany_tselye,256,256,256,17.323333439980328,14.800618230987624,True,False,False,64261,1275,True,0,False,0,False,0,False,0,False
002656,058_СЕЛЬЦО,Ae,01_Сельцо_Ae_немецкая.tif,Сельцо_Ae_курганы_целые.geojson,kurgany_tselye,1,курганы_целые,9,kurgany_tselye,256,256,256,9.024933509418451,7.557359363491112,True,False,False,64261,1275,True,0,False,0,False,0,False,0,False
002657,058_СЕЛЬЦО,Ae,01_Сельцо_Ae_немецкая.tif,Сельцо_Ae_курганы_целые.geojson,kurgany_tselye,1,курганы_целые,16,fortifikatsii;kurgany_tselye,256,256,256,17.53402516819288,24.161741366451448,True,False,False,60137,3491,True,0,False,0,False,1908,True,0,False
002658,058_СЕЛЬЦО,Ae,01_Сельцо_Ae_немецкая.tif,Сельцо_Ae_курганы_целые.geojson,kurgany_tselye,1,курганы_целые,14,fortifikatsii;kurgany_tselye,256,256,256,18.075821822080293,17.21404966795227,True,False,False,59451,3363,True,0,False,0,False,2722,True,0,False
002659,058_СЕЛЬЦО,Ae,01_Сельцо_Ae_немецкая.tif,Сельцо_Ae_курганы_целые.geojson,kurgany_tselye,1,курганы_целые,16,fortifikatsii;kurgany_tselye,256,256,256,15.6261554238627,17.939140198003106,True,False,False,59033,3760,True,0,False,0,False,2743,True,0,False
002660,058_СЕЛЬЦО,Ae,01_Сельцо_Ae_немецкая.tif,Сельцо_Ae_курганы_целые.geojson,kurgany_tselye,1,курганы_целые,19,fortifikatsii;kurgany_tselye,256,256,256,22.26422774125921,34.58638663103705,True,False,False,58951,3842,True,0,False,0,False,2743,True,0,False
002661,058_СЕЛЬЦО,Ae,01_Сельцо_Ae_немецкая.tif,Сельцо_Ae_курганы_целые.geojson,kurgany_tselye,1,курганы_целые,26,fortifikatsii;kurgany_tselye,256,256,256,25.59377171681517,26.314802593320916,True,False,False,58933,6516,True,0,False,0,False,87,True,0,False
002662,058_СЕЛЬЦО,Ae,01_Сельцо_Ae_немецкая.tif,Сельцо_Ae_курганы_целые.geojson,kurgany_tselye,1,курганы_целые,24,fortifikatsii;kurgany_tselye,256,256,256,18.27721232973111,21.71199545297665,True,False,False,59171,6076,True,0,False,0,False,289,True,0,False
002663,058_СЕЛЬЦО,Ae,01_Сельцо_Ae_немецкая.tif,Сельцо_Ae_курганы_целые.geojson,kurgany_tselye,1,курганы_целые,30,fortifikatsii;kurgany_tselye,256,256,256,22.22153534902669,21.200664153634232,True,False,False,57052,7491,True,0,False,0,False,993,True,0,False
002664,058_СЕЛЬЦО,Ae,01_Сельцо_Ae_немецкая.tif,Сельцо_Ae_курганы_целые.geojson,kurgany_tselye,1,курганы_целые,28,fortifikatsii;kurgany_tselye,256,256,256,24.01128153892879,19.415494251062555,True,False,False,58095,7121,True,0,False,0,False,320,True,0,False
002665,058_СЕЛЬЦО,Ae,01_Сельцо_Ae_немецкая.tif,Сельцо_Ae_курганы_целые.geojson,kurgany_tselye,1,курганы_целые,27,fortifikatsii;kurgany_tselye,256,256,256,21.09446000359445,26.051395090126885,True,False,False,56243,6550,True,0,False,0,False,2743,True,0,False
002666,058_СЕЛЬЦО,Ae,01_Сельцо_Ae_немецкая.tif,Сельцо_Ae_курганы_целые.geojson,kurgany_tselye,1,курганы_целые,29,fortifikatsii;kurgany_tselye,256,256,256,29.385606715573317,26.36277461110766,True,False,False,55641,7152,True,0,False,0,False,2743,True,0,False
002667,058_СЕЛЬЦО,Ae,01_Сельцо_Ae_немецкая.tif,Сельцо_Ae_курганы_целые.geojson,kurgany_tselye,1,курганы_целые,31,fortifikatsii;kurgany_tselye,256,256,256,21.70527539970138,22.779425730433903,True,False,False,55058,7735,True,0,False,0,False,2743,True,0,False
002668,058_СЕЛЬЦО,Ae,01_Сельцо_Ae_немецкая.tif,Сельцо_Ae_курганы_целые.geojson,kurgany_tselye,1,курганы_целые,33,fortifikatsii;kurgany_tselye,256,256,256,15.839107093411911,16.96223581608716,True,False,False,55218,8082,True,0,False,0,False,2236,True,0,False
002669,058_СЕЛЬЦО,Ae,01_Сельцо_Ae_немецкая.tif,Сельцо_Ae_курганы_целые.geojson,kurgany_tselye,1,курганы_целые,27,fortifikatsii;kurgany_tselye,256,256,256,23.11664120064177,18.11314084318277,True,False,False,58565,6712,True,0,False,0,False,259,True,0,False
002670,058_СЕЛЬЦО,Ae,01_Сельцо_Ae_немецкая.tif,Сельцо_Ae_курганы_целые.geojson,kurgany_tselye,1,курганы_целые,22,kurgany_tselye,256,256,256,21.60467470534511,23.475542837354773,True,False,False,60095,5441,True,0,False,0,False,0,False,0,False
002671,058_СЕЛЬЦО,Ae,01_Сельцо_Ae_немецкая.tif,Сельцо_Ae_курганы_целые.geojson,kurgany_tselye,1,курганы_целые,14,kurgany_tselye,256,256,256,20.99175683724204,19.31258477564376,True,False,False,62484,3052,True,0,False,0,False,0,False,0,False
002672,058_СЕЛЬЦО,Ae,01_Сельцо_Ae_немецкая.tif,Сельцо_Ae_курганы_целые.geojson,kurgany_tselye,1,курганы_целые,19,kurgany_tselye,256,256,256,20.071328679356963,19.61891634060456,True,False,False,61275,4261,True,0,False,0,False,0,False,0,False
002673,058_СЕЛЬЦО,Ae,01_Сельцо_Ae_немецкая.tif,Сельцо_Ae_курганы_целые.geojson,kurgany_tselye,1,курганы_целые,25,kurgany_tselye,256,256,256,27.925895077203386,25.446371056661484,True,False,False,59523,6013,True,0,False,0,False,0,False,0,False
002674,058_СЕЛЬЦО,Ae,01_Сельцо_Ae_немецкая.tif,Сельцо_Ae_курганы_целые.geojson,kurgany_tselye,1,курганы_целые,26,fortifikatsii;kurgany_tselye,256,256,256,19.213875630720448,24.0363837826496,True,False,False,56551,6242,True,0,False,0,False,2743,True,0,False
002675,058_СЕЛЬЦО,Ae,01_Сельцо_Ae_немецкая.tif,Сельцо_Ae_курганы_целые.geojson,kurgany_tselye,1,курганы_целые,28,fortifikatsii;kurgany_tselye,256,256,256,11.066944158063814,17.811172735956223,True,False,False,57311,5969,True,0,False,0,False,2256,True,0,False
002676,058_СЕЛЬЦО,Ae,01_Сельцо_Ae_немецкая.tif,Сельцо_Ae_курганы_целые.geojson,kurgany_tselye,1,курганы_целые,23,fortifikatsii;kurgany_tselye,256,256,256,24.57627395607179,23.62646653839905,True,False,False,58002,4791,True,0,False,0,False,2743,True,0,False
002677,058_СЕЛЬЦО,Ae,01_Сельцо_Ae_немецкая.tif,Сельцо_Ae_курганы_целые.geojson,kurgany_tselye,1,курганы_целые,9,kurgany_tselye,256,256,256,16.463120453983464,17.01215920754893,True,False,False,64261,1275,True,0,False,0,False,0,False,0,False
002678,058_СЕЛЬЦО,Ae,01_Сельцо_Ae_немецкая.tif,Сельцо_Ae_курганы_целые.geojson,kurgany_tselye,1,курганы_целые,9,kurgany_tselye,256,256,256,20.20620934869199,14.26302510966165,True,False,False,64261,1275,True,0,False,0,False,0,False,0,False
002679,058_СЕЛЬЦО,Ae,01_Сельцо_Ae_немецкая.tif,Сельцо_Ae_курганы_целые.geojson,kurgany_tselye,1,курганы_целые,9,kurgany_tselye,256,256,256,12.877540728106982,13.594088384322877,True,False,False,64261,1275,True,0,False,0,False,0,False,0,False
002680,058_СЕЛЬЦО,Ae,01_Сельцо_Ae_немецкая.tif,Сельцо_Ae_курганы_целые.geojson,kurgany_tselye,1,курганы_целые,9,kurgany_tselye,256,256,256,11.588437498792816,15.103367343287635,True,False,False,64261,1275,True,0,False,0,False,0,False,0,False
002681,058_СЕЛЬЦО,Ae,01_Сельцо_Ae_немецкая.tif,Сельцо_Ae_курганы_целые.geojson,kurgany_tselye,1,курганы_целые,9,kurgany_tselye,256,256,256,10.604644873792012,9.197926947588597,True,False,False,64261,1275,True,0,False,0,False,0,False,0,False
002682,058_СЕЛЬЦО,Ae,01_Сельцо_Ae_немецкая.tif,Сельцо_Ae_курганы_целые.geojson,kurgany_tselye,1,курганы_целые,9,kurgany_tselye,256,256,256,15.491170096244067,14.359430514457676,True,False,False,64261,1275,True,0,False,0,False,0,False,0,False
002683,058_СЕЛЬЦО,Ae,01_Сельцо_Ae_немецкая.tif,Сельцо_Ae_курганы_целые.geojson,kurgany_tselye,1,курганы_целые,9,kurgany_tselye,256,256,256,14.055795594563389,10.880279995499732,True,False,False,64261,1275,True,0,False,0,False,0,False,0,False
002684,058_СЕЛЬЦО,Ae,01_Сельцо_Ae_немецкая.tif,Сельцо_Ae_курганы_целые.geojson,kurgany_tselye,1,курганы_целые,10,kurgany_tselye,256,256,256,14.911391247431157,14.279840663978396,True,False,False,63239,2297,True,0,False,0,False,0,False,0,False
002685,058_СЕЛЬЦО,Ae,01_Сельцо_Ae_немецкая.tif,Сельцо_Ae_курганы_целые.geojson,kurgany_tselye,1,курганы_целые,10,kurgany_tselye,256,256,256,15.4658919371053,15.597793430466428,True,False,False,63239,2297,True,0,False,0,False,0,False,0,False
002686,058_СЕЛЬЦО,Ae,01_Сельцо_Ae_немецкая.tif,Сельцо_Ae_курганы_целые.geojson,kurgany_tselye,1,курганы_целые,10,kurgany_tselye,256,256,256,12.7486772646952,11.89338837380986,True,False,False,63239,2297,True,0,False,0,False,0,False,0,False
002687,058_СЕЛЬЦО,Ae,01_Сельцо_Ae_немецкая.tif,Сельцо_Ae_курганы_целые.geojson,kurgany_tselye,1,курганы_целые,10,kurgany_tselye,256,256,256,15.012028898228689,14.358037101163925,True,False,False,63239,2297,True,0,False,0,False,0,False,0,False
002688,058_СЕЛЬЦО,Ae,01_Сельцо_Ae_немецкая.tif,Сельцо_Ae_курганы_целые.geojson,kurgany_tselye,1,курганы_целые,10,kurgany_tselye,256,256,256,16.388770351115824,14.157235932543326,True,False,False,63239,2297,True,0,False,0,False,0,False,0,False
002689,058_СЕЛЬЦО,Ae,01_Сельцо_Ae_немецкая.tif,Сельцо_Ae_курганы_целые.geojson,kurgany_tselye,1,курганы_целые,10,kurgany_tselye,256,256,256,30.827470971403564,34.40828320228601,True,False,False,63239,2297,True,0,False,0,False,0,False,0,False
002690,058_СЕЛЬЦО,Ae,01_Сельцо_Ae_немецкая.tif,Сельцо_Ae_курганы_целые.geojson,kurgany_tselye,1,курганы_целые,10,kurgany_tselye,256,256,256,18.58381163562482,16.552630162663554,True,False,False,63239,2297,True,0,False,0,False,0,False,0,False
002691,058_СЕЛЬЦО,Ae,01_Сельцо_Ae_немецкая.tif,Сельцо_Ae_курганы_целые.geojson,kurgany_tselye,1,курганы_целые,10,kurgany_tselye,256,256,256,17.540879106552197,15.249459457768298,True,False,False,63239,2297,True,0,False,0,False,0,False,0,False
002692,058_СЕЛЬЦО,Ae,01_Сельцо_Ae_немецкая.tif,Сельцо_Ae_курганы_целые.geojson,kurgany_tselye,1,курганы_целые,10,kurgany_tselye,256,256,256,15.288268746905128,13.693823585344315,True,False,False,63239,2297,True,0,False,0,False,0,False,0,False
002693,058_СЕЛЬЦО,Ae,01_Сельцо_Ae_немецкая.tif,Сельцо_Ae_курганы_целые.geojson,kurgany_tselye,1,курганы_целые,10,kurgany_tselye,256,256,256,15.347548720580134,13.300862736682756,True,False,False,63239,2297,True,0,False,0,False,0,False,0,False
002694,058_СЕЛЬЦО,Ae,01_Сельцо_Ae_немецкая.tif,Сельцо_Ae_курганы_целые.geojson,kurgany_tselye,1,курганы_целые,1,kurgany_tselye,256,256,256,24.817537673705484,25.177383725078936,True,False,False,65090,446,True,0,False,0,False,0,False,0,False
002695,058_СЕЛЬЦО,Ae,01_Сельцо_Ae_немецкая.tif,Сельцо_Ae_курганы_целые.geojson,kurgany_tselye,1,курганы_целые,1,kurgany_tselye,256,256,256,27.028312904714188,30.19542723412139,True,False,False,64941,595,True,0,False,0,False,0,False,0,False
002696,058_СЕЛЬЦО,Ae,01_Сельцо_Ae_немецкая.tif,Сельцо_Ae_курганы_целые.geojson,kurgany_tselye,1,курганы_целые,2,kurgany_tselye,256,256,256,37.79257885516176,38.27705702519538,True,False,False,63950,1586,True,0,False,0,False,0,False,0,False
002697,058_СЕЛЬЦО,Ae,01_Сельцо_Ae_немецкая.tif,Сельцо_Ae_курганы_целые.geojson,kurgany_tselye,1,курганы_целые,4,kurgany_tselye,256,256,256,29.130399171331355,28.858192359084875,True,False,False,63206,2330,True,0,False,0,False,0,False,0,False
002698,058_СЕЛЬЦО,Ae,01_Сельцо_Ae_немецкая.tif,Сельцо_Ae_курганы_целые.geojson,kurgany_tselye,1,курганы_целые,3,kurgany_tselye,256,256,256,29.385379385407635,30.8533595279719,True,False,False,63748,1788,True,0,False,0,False,0,False,0,False
002699,058_СЕЛЬЦО,Ae,01_Сельцо_Ae_немецкая.tif,Сельцо_Ae_курганы_целые.geojson,kurgany_tselye,1,курганы_целые,3,kurgany_tselye,256,256,256,27.38642857443877,35.508010975518175,True,False,False,64149,1387,True,0,False,0,False,0,False,0,False
002700,058_СЕЛЬЦО,Ae,01_Сельцо_Ae_немецкая.tif,Сельцо_Ae_курганы_целые.geojson,kurgany_tselye,1,курганы_целые,3,kurgany_tselye,256,256,256,42.47074242414039,32.25098061494195,True,False,False,64208,1328,True,0,False,0,False,0,False,0,False
002701,058_СЕЛЬЦО,Ae,01_Сельцо_Ae_немецкая.tif,Сельцо_Ae_курганы_целые.geojson,kurgany_tselye,1,курганы_целые,3,kurgany_tselye,256,256,256,17.85151417557942,13.46114907759271,True,False,False,64208,1328,True,0,False,0,False,0,False,0,False
002702,058_СЕЛЬЦО,Ae,01_Сельцо_Ae_немецкая.tif,Сельцо_Ae_курганы_целые.geojson,kurgany_tselye,1,курганы_целые,3,kurgany_tselye,256,256,256,26.00866039730955,25.902983021008183,True,False,False,64208,1328,True,0,False,0,False,0,False,0,False
002703,058_СЕЛЬЦО,Ae,01_Сельцо_Ae_немецкая.tif,Сельцо_Ae_курганы_целые.geojson,kurgany_tselye,1,курганы_целые,1,kurgany_tselye,256,256,256,86.97814217003729,76.23258506163037,True,False,False,60320,5216,True,0,False,0,False,0,False,0,False
002704,058_СЕЛЬЦО,Ae,01_Сельцо_Ae_немецкая.tif,Сельцо_Ae_курганы_целые.geojson,kurgany_tselye,1,курганы_целые,29,fortifikatsii;kurgany_tselye,256,256,256,16.593123900258174,14.389010455966943,True,False,False,57493,7241,True,0,False,0,False,802,True,0,False
002705,058_СЕЛЬЦО,Ae,01_Сельцо_Ae_немецкая.tif,Сельцо_Ae_курганы_целые.geojson,kurgany_tselye,1,курганы_целые,31,fortifikatsii;kurgany_tselye,256,256,256,15.324218170602872,15.92205167872942,True,False,False,56974,7631,True,0,False,0,False,931,True,0,False
002706,058_СЕЛЬЦО,Ae,01_Сельцо_Ae_немецкая.tif,Сельцо_Ae_фортификации.geojson,fortifikatsii,4,фортификации,29,fortifikatsii;kurgany_tselye,256,256,256,36.23540090136473,37.7166718359694,True,False,False,56602,6191,True,0,False,0,False,2743,True,0,False
002707,058_СЕЛЬЦО,Ae,01_Сельцо_Ae_немецкая.tif,Сельцо_Ae_фортификации.geojson,fortifikatsii,4,фортификации,22,fortifikatsii;kurgany_tselye,256,256,256,38.71257835302269,39.612968270449066,True,False,False,57810,4983,True,0,False,0,False,2743,True,0,False
002708,058_СЕЛЬЦО,Ae,01_Сельцо_Ae_немецкая.tif,Сельцо_Ae_фортификации.geojson,fortifikatsii,4,фортификации,20,fortifikatsii;kurgany_tselye,256,256,256,35.31042522123552,40.55099264326109,True,False,False,57877,4916,True,0,False,0,False,2743,True,0,False
002710,073_Верхнее Казачье,SpOr,01_Верхнее_Казачье_SpOr_спутник.tiff,Верхнее_Казачье_SpOr_городища.geojson,gorodishcha,3,городища,1,gorodishcha,414,414,414,136.55141269176846,206.64462673103307,True,False,False,156859,0,False,0,False,14537,True,0,False,0,False
002711,074_Ксизово,SpOr,01_Ксизово_SpOr_спутник.tiff,Ксизово_SpOr_городища.geojson,gorodishcha,3,городища,1,gorodishcha,468,468,468,233.06005002923428,194.43293095515,True,False,False,193198,0,False,0,False,25826,True,0,False,0,False
002729,076_Скупая_Полудань,SpOr,01_Скупая_Полудань_SpOr_спутник.tiff,Скупая_Полудань_SpOr_городища.geojson,gorodishcha,3,городища,1,gorodishcha,256,256,256,95.8026472863734,118.032831098503,True,False,False,58574,0,False,0,False,6962,True,0,False,0,False
002730,077_Россошки,SpOr,01_Россошки_SpOr_спутник.tiff,Россошки_SpOr_городища.geojson,gorodishcha,3,городища,1,gorodishcha,354,354,354,176.1268666373221,170.43382080667834,True,False,False,102582,0,False,0,False,22734,True,0,False,0,False
002732,079_Сторожевое,SpOr,01_Сторожевое_SpOr_спутник.tiff,Сторожевое_SpOr_городища.geojson,gorodishcha,3,городища,2,gorodishcha,434,434,434,216.54130303465917,156.2249115735703,True,False,False,172349,0,False,0,False,16007,True,0,False,0,False
002733,079_Сторожевое,SpOr,01_Сторожевое_SpOr_спутник.tiff,Сторожевое_SpOr_городища.geojson,gorodishcha,3,городища,2,gorodishcha,256,256,256,39.701573851841,40.05888520673973,True,False,False,64446,0,False,0,False,1090,True,0,False,0,False
002736,081_Тоссор,SpOr,01_Тоссор_SpOr_спутник.tiff,Тоссор_SpOr_фортификации.geojson,fortifikatsii,4,фортификации,1,fortifikatsii,1184,1184,1184,591.2783095666703,488.8964147940356,True,False,False,1170828,0,False,0,False,0,False,231028,True,0,False
002737,082_Солдатское,SpOr,01_Солдатское_SpOr_спутник.tiff,Солдатское_SpOr_городища.geojson,gorodishcha,3,городища,1,gorodishcha,256,256,256,85.41809352871954,81.86140627064925,True,False,False,60730,0,False,0,False,4806,True,0,False,0,False
002741,083_Мостище,SpOr,01_Мостище_SpOr_спутник.tif,Мостище_SpOr_городища.geojson,gorodishcha,3,городища,1,gorodishcha,256,256,256,100.760356120801,119.24692803180947,True,False,False,59460,0,False,0,False,6076,True,0,False,0,False
002742,083_Мостище,SpOr,01_Мостище_SpOr_спутник.tif,Мостище_SpOr_городища.geojson,gorodishcha,3,городища,1,gorodishcha,282,282,282,140.24324825668435,80.9046369616753,True,False,False,73024,0,False,0,False,6500,True,0,False,0,False
002744,085_Русская_Тростянка,SpOr,01_Русская_Тростянка_SpOr_спутник.tiff,Русская_Тростянка_SpOr_городища.geojson,gorodishcha,3,городища,1,gorodishcha,280,280,280,102.71621530232562,139.25948420678068,True,False,False,70476,0,False,0,False,7924,True,0,False,0,False
002745,086_Верхняя_Покровка,SpOr,01_Верхняя_Покровка_SpOr_спутник.tiff,Верхняя_Покровка_SpOr_городища.geojson,gorodishcha,3,городища,1,gorodishcha,280,280,280,132.94646453356032,139.19860569882124,True,False,False,64539,0,False,0,False,13861,True,0,False,0,False
002749,090_Артпозиции_Иссык_Куль,SpOr,01_Артпозиции_Иссык_Куль_SpOr_спутник.tif,Артпозиции_Иссык_Куль_SpOr_курганы_поврежденные.geojson,kurgany_povrezhdennye,2,курганы_поврежденные,1,kurgany_povrezhdennye,256,256,256,18.99695391693554,17.843262047358458,True,False,False,65260,0,False,276,True,0,False,0,False,0,False
002753,090_Артпозиции_Иссык_Куль,SpOr,01_Артпозиции_Иссык_Куль_SpOr_спутник.tif,Артпозиции_Иссык_Куль_SpOr_фортификации.geojson,fortifikatsii,4,фортификации,9,fortifikatsii,256,256,256,32.496893415401075,27.069778544162475,True,False,False,62786,0,False,0,False,0,False,2750,True,0,False
002754,090_Артпозиции_Иссык_Куль,SpOr,01_Артпозиции_Иссык_Куль_SpOr_спутник.tif,Артпозиции_Иссык_Куль_SpOr_фортификации.geojson,fortifikatsii,4,фортификации,11,fortifikatsii,256,256,256,30.889964153505325,17.127398635756332,True,False,False,63024,0,False,0,False,0,False,2512,True,0,False
002755,090_Артпозиции_Иссык_Куль,SpOr,01_Артпозиции_Иссык_Куль_SpOr_спутник.tif,Артпозиции_Иссык_Куль_SpOr_фортификации.geojson,fortifikatsii,4,фортификации,9,fortifikatsii,256,256,256,21.848109282577877,20.24866043737681,True,False,False,63205,0,False,0,False,0,False,2331,True,0,False
002756,090_Артпозиции_Иссык_Куль,SpOr,01_Артпозиции_Иссык_Куль_SpOr_спутник.tif,Артпозиции_Иссык_Куль_SpOr_фортификации.geojson,fortifikatsii,4,фортификации,11,fortifikatsii,256,256,256,15.021041916585553,17.24867984191982,True,False,False,63155,0,False,0,False,0,False,2381,True,0,False
002757,090_Артпозиции_Иссык_Куль,SpOr,01_Артпозиции_Иссык_Куль_SpOr_спутник.tif,Артпозиции_Иссык_Куль_SpOr_фортификации.geojson,fortifikatsii,4,фортификации,10,fortifikatsii,256,256,256,15.033379815491068,14.627395564998752,True,False,False,63226,0,False,0,False,0,False,2310,True,0,False
002758,090_Артпозиции_Иссык_Куль,SpOr,01_Артпозиции_Иссык_Куль_SpOr_спутник.tif,Артпозиции_Иссык_Куль_SpOr_фортификации.geojson,fortifikatsii,4,фортификации,9,fortifikatsii,256,256,256,21.70617960969856,20.656948125869125,True,False,False,63652,0,False,0,False,0,False,1884,True,0,False
002759,090_Артпозиции_Иссык_Куль,SpOr,01_Артпозиции_Иссык_Куль_SpOr_спутник.tif,Артпозиции_Иссык_Куль_SpOr_фортификации.geojson,fortifikatsii,4,фортификации,8,fortifikatsii,256,256,256,20.947689416026662,20.839348688956324,True,False,False,63657,0,False,0,False,0,False,1879,True,0,False
002760,090_Артпозиции_Иссык_Куль,SpOr,01_Артпозиции_Иссык_Куль_SpOr_спутник.tif,Артпозиции_Иссык_Куль_SpOr_фортификации.geojson,fortifikatsii,4,фортификации,8,fortifikatsii,256,256,256,24.7963755156176,22.42236150447169,True,False,False,63657,0,False,0,False,0,False,1879,True,0,False
002761,090_Артпозиции_Иссык_Куль,SpOr,01_Артпозиции_Иссык_Куль_SpOr_спутник.tif,Артпозиции_Иссык_Куль_SpOr_фортификации.geojson,fortifikatsii,4,фортификации,8,fortifikatsii,256,256,256,22.583622829735187,21.03234812965152,True,False,False,63670,0,False,0,False,0,False,1866,True,0,False
002765,090_Артпозиции_Иссык_Куль,SpOr,01_Артпозиции_Иссык_Куль_SpOr_спутник.tif,Артпозиции_Иссык_Куль_SpOr_фортификации.geojson,fortifikatsii,4,фортификации,5,fortifikatsii,256,256,256,21.48473587384156,25.464232501959785,True,False,False,63671,0,False,0,False,0,False,1865,True,0,False
002766,090_Артпозиции_Иссык_Куль,SpOr,01_Артпозиции_Иссык_Куль_SpOr_спутник.tif,Артпозиции_Иссык_Куль_SpOr_фортификации.geojson,fortifikatsii,4,фортификации,5,fortifikatsii,256,256,256,24.12717439774289,26.070721959573508,True,False,False,63670,0,False,0,False,0,False,1866,True,0,False
002767,090_Артпозиции_Иссык_Куль,SpOr,01_Артпозиции_Иссык_Куль_SpOr_спутник.tif,Артпозиции_Иссык_Куль_SpOr_фортификации.geojson,fortifikatsii,4,фортификации,7,fortifikatsii,256,256,256,25.957075647533983,25.13660212458272,True,False,False,63493,0,False,0,False,0,False,2043,True,0,False
002768,090_Артпозиции_Иссык_Куль,SpOr,01_Артпозиции_Иссык_Куль_SpOr_спутник.tif,Артпозиции_Иссык_Куль_SpOr_фортификации.geojson,fortifikatsii,4,фортификации,10,fortifikatsii,256,256,256,25.825884738990045,25.05311204270546,True,False,False,62364,0,False,0,False,0,False,3172,True,0,False
002769,090_Артпозиции_Иссык_Куль,SpOr,01_Артпозиции_Иссык_Куль_SpOr_спутник.tif,Артпозиции_Иссык_Куль_SpOr_фортификации.geojson,fortifikatsii,4,фортификации,5,fortifikatsii,256,256,256,21.4739690123336,21.175051111278268,True,False,False,64066,0,False,0,False,0,False,1470,True,0,False
002770,090_Артпозиции_Иссык_Куль,SpOr,01_Артпозиции_Иссык_Куль_SpOr_спутник.tif,Артпозиции_Иссык_Куль_SpOr_фортификации.geojson,fortifikatsii,4,фортификации,12,fortifikatsii,256,256,256,21.925478130021165,21.31918720401085,True,False,False,62556,0,False,0,False,0,False,2980,True,0,False
002771,090_Артпозиции_Иссык_Куль,SpOr,01_Артпозиции_Иссык_Куль_SpOr_спутник.tif,Артпозиции_Иссык_Куль_SpOr_фортификации.geojson,fortifikatsii,4,фортификации,10,fortifikatsii,256,256,256,25.81020904071162,24.57755022160108,True,False,False,62691,0,False,0,False,0,False,2845,True,0,False
002772,090_Артпозиции_Иссык_Куль,SpOr,01_Артпозиции_Иссык_Куль_SpOr_спутник.tif,Артпозиции_Иссык_Куль_SpOr_фортификации.geojson,fortifikatsii,4,фортификации,8,fortifikatsii,256,256,256,24.39713511332438,24.320984766348243,True,False,False,63121,0,False,0,False,0,False,2415,True,0,False
002773,090_Артпозиции_Иссык_Куль,SpOr,01_Артпозиции_Иссык_Куль_SpOr_спутник.tif,Артпозиции_Иссык_Куль_SpOr_фортификации.geojson,fortifikatsii,4,фортификации,7,fortifikatsii,256,256,256,24.31061359305936,20.80916296457757,True,False,False,63327,0,False,0,False,0,False,2209,True,0,False
002774,090_Артпозиции_Иссык_Куль,SpOr,01_Артпозиции_Иссык_Куль_SpOr_спутник.tif,Артпозиции_Иссык_Куль_SpOr_фортификации.geojson,fortifikatsii,4,фортификации,7,fortifikatsii,256,256,256,22.584953027444843,22.204079021903077,True,False,False,63327,0,False,0,False,0,False,2209,True,0,False
002775,090_Артпозиции_Иссык_Куль,SpOr,01_Артпозиции_Иссык_Куль_SpOr_спутник.tif,Артпозиции_Иссык_Куль_SpOr_фортификации.geojson,fortifikatsii,4,фортификации,7,fortifikatsii,256,256,256,22.25579104959882,23.93495292898257,True,False,False,63327,0,False,0,False,0,False,2209,True,0,False
002776,090_Артпозиции_Иссык_Куль,SpOr,01_Артпозиции_Иссык_Куль_SpOr_спутник.tif,Артпозиции_Иссык_Куль_SpOr_фортификации.geojson,fortifikatsii,4,фортификации,7,fortifikatsii,256,256,256,21.417970690243425,19.6886689174938,True,False,False,63327,0,False,0,False,0,False,2209,True,0,False
002778,090_Артпозиции_Иссык_Куль,SpOr,01_Артпозиции_Иссык_Куль_SpOr_спутник.tif,Артпозиции_Иссык_Куль_SpOr_фортификации.geojson,fortifikatsii,4,фортификации,4,fortifikatsii,256,256,256,24.78203453261431,24.43383690709992,True,False,False,64339,0,False,0,False,0,False,1197,True,0,False
002779,090_Артпозиции_Иссык_Куль,SpOr,01_Артпозиции_Иссык_Куль_SpOr_спутник.tif,Артпозиции_Иссык_Куль_SpOr_фортификации.geojson,fortifikatsii,4,фортификации,4,fortifikatsii,256,256,256,20.80711084208227,16.826883360044654,True,False,False,64339,0,False,0,False,0,False,1197,True,0,False
002780,090_Артпозиции_Иссык_Куль,SpOr,01_Артпозиции_Иссык_Куль_SpOr_спутник.tif,Артпозиции_Иссык_Куль_SpOr_фортификации.geojson,fortifikatsii,4,фортификации,4,fortifikatsii,256,256,256,15.2491792220949,15.412222079125364,True,False,False,64339,0,False,0,False,0,False,1197,True,0,False
002781,091_Кисловодская_котловина_1,SpOr,01_Кисловодская_котловина_1_SpOr_спутник.tiff,Кисловодская_котловина_1_SpOr_архитектуры.geojson,arkhitektury,5,архитектуры,21,arkhitektury;gorodishcha,256,256,256,42.45212308230157,28.5518703923568,True,False,False,40995,0,False,0,False,20650,True,0,False,3891,True
002782,091_Кисловодская_котловина_1,SpOr,01_Кисловодская_котловина_1_SpOr_спутник.tiff,Кисловодская_котловина_1_SpOr_архитектуры.geojson,arkhitektury,5,архитектуры,21,arkhitektury;gorodishcha,256,256,256,16.71787148026207,12.961046429365638,True,False,False,40764,0,False,0,False,20707,True,0,False,4065,True
002783,091_Кисловодская_котловина_1,SpOr,01_Кисловодская_котловина_1_SpOr_спутник.tiff,Кисловодская_котловина_1_SpOr_архитектуры.geojson,arkhitektury,5,архитектуры,20,arkhitektury;gorodishcha,256,256,256,15.96650646938979,15.027300206225688,True,False,False,38001,0,False,0,False,23721,True,0,False,3814,True
002784,091_Кисловодская_котловина_1,SpOr,01_Кисловодская_котловина_1_SpOr_спутник.tiff,Кисловодская_котловина_1_SpOr_архитектуры.geojson,arkhitektury,5,архитектуры,20,arkhitektury;gorodishcha,256,256,256,11.6461576605179,14.65161770406201,True,False,False,36530,0,False,0,False,25211,True,0,False,3795,True
002785,091_Кисловодская_котловина_1,SpOr,01_Кисловодская_котловина_1_SpOr_спутник.tiff,Кисловодская_котловина_1_SpOr_архитектуры.geojson,arkhitektury,5,архитектуры,21,arkhitektury;gorodishcha,256,256,256,38.97705990978788,29.96067978647046,True,False,False,37641,0,False,0,False,23762,True,0,False,4133,True
002786,091_Кисловодская_котловина_1,SpOr,01_Кисловодская_котловина_1_SpOr_спутник.tiff,Кисловодская_котловина_1_SpOr_архитектуры.geojson,arkhitektury,5,архитектуры,23,arkhitektury;gorodishcha,256,256,256,23.667997824904457,23.104474066984,True,False,False,34671,0,False,0,False,26579,True,0,False,4286,True
002787,091_Кисловодская_котловина_1,SpOr,01_Кисловодская_котловина_1_SpOr_спутник.tiff,Кисловодская_котловина_1_SpOr_архитектуры.geojson,arkhitektury,5,архитектуры,23,arkhitektury;gorodishcha,256,256,256,20.756458409871232,11.082633900947458,True,False,False,34790,0,False,0,False,26463,True,0,False,4283,True
002788,091_Кисловодская_котловина_1,SpOr,01_Кисловодская_котловина_1_SpOr_спутник.tiff,Кисловодская_котловина_1_SpOr_архитектуры.geojson,arkhitektury,5,архитектуры,23,arkhitektury;gorodishcha,256,256,256,10.519110144126984,9.204221377809215,True,False,False,33303,0,False,0,False,27947,True,0,False,4286,True
002789,091_Кисловодская_котловина_1,SpOr,01_Кисловодская_котловина_1_SpOr_спутник.tiff,Кисловодская_котловина_1_SpOr_архитектуры.geojson,arkhitektury,5,архитектуры,23,arkhitektury;gorodishcha,256,256,256,7.607570729698751,8.922459494586535,True,False,False,33200,0,False,0,False,28050,True,0,False,4286,True
002790,091_Кисловодская_котловина_1,SpOr,01_Кисловодская_котловина_1_SpOr_спутник.tiff,Кисловодская_котловина_1_SpOr_архитектуры.geojson,arkhitektury,5,архитектуры,23,arkhitektury;gorodishcha,256,256,256,9.955586386206525,13.336728934169283,True,False,False,31920,0,False,0,False,29330,True,0,False,4286,True
002791,091_Кисловодская_котловина_1,SpOr,01_Кисловодская_котловина_1_SpOr_спутник.tiff,Кисловодская_котловина_1_SpOr_архитектуры.geojson,arkhitektury,5,архитектуры,23,arkhitektury;gorodishcha,256,256,256,16.717871478172093,15.402982711029336,True,False,False,31768,0,False,0,False,29482,True,0,False,4286,True
002792,091_Кисловодская_котловина_1,SpOr,01_Кисловодская_котловина_1_SpOr_спутник.tiff,Кисловодская_котловина_1_SpOr_архитектуры.geojson,arkhitektury,5,архитектуры,23,arkhitektury;gorodishcha,256,256,256,15.966506467904807,14.088093942896588,True,False,False,28246,0,False,0,False,33004,True,0,False,4286,True
002793,091_Кисловодская_котловина_1,SpOr,01_Кисловодская_котловина_1_SpOr_спутник.tiff,Кисловодская_котловина_1_SpOr_архитектуры.geojson,arkhitektury,5,архитектуры,23,arkhitektury;gorodishcha,256,256,256,9.016380124527403,15.9665064686748,True,False,False,35500,0,False,0,False,25870,True,0,False,4166,True
002794,091_Кисловодская_котловина_1,SpOr,01_Кисловодская_котловина_1_SpOr_спутник.tiff,Кисловодская_котловина_1_SpOr_архитектуры.geojson,arkhitektury,5,архитектуры,23,arkhitektury;gorodishcha,256,256,256,10.519110143191996,13.148887681327468,True,False,False,26202,0,False,0,False,35119,True,0,False,4215,True
002795,091_Кисловодская_котловина_1,SpOr,01_Кисловодская_котловина_1_SpOr_спутник.tiff,Кисловодская_котловина_1_SpOr_архитектуры.geojson,arkhitektury,5,архитектуры,28,arkhitektury;gorodishcha,256,256,256,8.640697618348772,8.077173861638299,True,False,False,23490,0,False,0,False,37255,True,0,False,4791,True
002796,091_Кисловодская_котловина_1,SpOr,01_Кисловодская_котловина_1_SpOr_спутник.tiff,Кисловодская_котловина_1_SpOr_архитектуры.geojson,arkhitektury,5,архитектуры,30,arkhitektury;gorodishcha,256,256,256,12.021840164716552,18.03276024465486,True,False,False,23270,0,False,0,False,37099,True,0,False,5167,True
002797,091_Кисловодская_котловина_1,SpOr,01_Кисловодская_котловина_1_SpOr_спутник.tiff,Кисловодская_котловина_1_SpOr_архитектуры.geojson,arkhitektury,5,архитектуры,28,arkhitektury;gorodishcha,256,256,256,9.955586386646518,11.646157657712932,True,False,False,32555,0,False,0,False,28296,True,0,False,4685,True
002798,091_Кисловодская_котловина_1,SpOr,01_Кисловодская_котловина_1_SpOr_спутник.tiff,Кисловодская_котловина_1_SpOr_архитектуры.geojson,arkhitektury,5,архитектуры,24,arkhitektury;gorodishcha,256,256,256,19.15980776220076,16.154347721516615,True,False,False,37612,0,False,0,False,23548,True,0,False,4376,True
002801,091_Кисловодская_котловина_1,SpOr,01_Кисловодская_котловина_1_SpOr_спутник.tiff,Кисловодская_котловина_1_SpOr_архитектуры.geojson,arkhitektury,5,архитектуры,39,arkhitektury;gorodishcha,256,256,256,12.209681417613371,17.438003882531106,True,False,False,20776,0,False,0,False,39271,True,0,False,5489,True
002802,091_Кисловодская_котловина_1,SpOr,01_Кисловодская_котловина_1_SpOr_спутник.tiff,Кисловодская_котловина_1_SpOr_архитектуры.geojson,arkhitektury,5,архитектуры,40,arkhitektury;gorodishcha,256,256,256,0.7513650115872696,0.4069151119219036,True,False,False,20727,0,False,0,False,39245,True,0,False,5564,True
002803,091_Кисловодская_котловина_1,SpOr,01_Кисловодская_котловина_1_SpOr_спутник.tiff,Кисловодская_котловина_1_SpOr_архитектуры.geojson,arkhitektury,5,архитектуры,34,arkhitektury;gorodishcha,256,256,256,17.657077742216185,14.651617699662062,True,False,False,28535,0,False,0,False,31702,True,0,False,5299,True
002804,091_Кисловодская_котловина_1,SpOr,01_Кисловодская_котловина_1_SpOr_спутник.tiff,Кисловодская_котловина_1_SpOr_архитектуры.geojson,arkhitektury,5,архитектуры,34,arkhitektury;gorodishcha,256,256,256,18.220601500466643,14.651617702302032,True,False,False,26689,0,False,0,False,33500,True,0,False,5347,True
002805,091_Кисловодская_котловина_1,SpOr,01_Кисловодская_котловина_1_SpOr_спутник.tiff,Кисловодская_котловина_1_SpOr_архитектуры.geojson,arkhitektury,5,архитектуры,30,arkhitektury;gorodishcha,256,256,256,21.03822028847397,23.855839076591288,True,False,False,34586,0,False,0,False,26290,True,0,False,4660,True
002806,091_Кисловодская_котловина_1,SpOr,01_Кисловодская_котловина_1_SpOr_спутник.tiff,Кисловодская_котловина_1_SpOr_архитектуры.geojson,arkhitektury,5,архитектуры,26,arkhitektury;gorodishcha,256,256,256,19.723331519846223,19.34764901542757,True,False,False,41322,0,False,0,False,20353,True,0,False,3861,True
002807,091_Кисловодская_котловина_1,SpOr,01_Кисловодская_котловина_1_SpOr_спутник.tiff,Кисловодская_котловина_1_SpOr_архитектуры.geojson,arkhitektury,5,архитектуры,38,arkhitektury;gorodishcha,256,256,256,13.900252690714762,13.712411439852922,True,False,False,27816,0,False,0,False,32168,True,0,False,5552,True
002808,091_Кисловодская_котловина_1,SpOr,01_Кисловодская_котловина_1_SpOr_спутник.tiff,Кисловодская_котловина_1_SpOr_архитектуры.geojson,arkhitektury,5,архитектуры,36,arkhitektury;gorodishcha,256,256,256,13.148887680557475,13.148887678687498,True,False,False,25984,0,False,0,False,34104,True,0,False,5448,True
002809,091_Кисловодская_котловина_1,SpOr,01_Кисловодская_котловина_1_SpOr_спутник.tiff,Кисловодская_котловина_1_SpOr_архитектуры.geojson,arkhitektury,5,архитектуры,35,arkhitektury;gorodishcha,256,256,256,11.082633902047446,8.640697616643793,True,False,False,27875,0,False,0,False,32316,True,0,False,5345,True
002810,091_Кисловодская_котловина_1,SpOr,01_Кисловодская_котловина_1_SpOr_спутник.tiff,Кисловодская_котловина_1_SpOr_архитектуры.geojson,arkhitektury,5,архитектуры,31,arkhitektury;gorodishcha,256,256,256,8.828538872345577,16.154347723276597,True,False,False,43298,0,False,0,False,17940,True,0,False,4298,True
002811,091_Кисловодская_котловина_1,SpOr,01_Кисловодская_котловина_1_SpOr_спутник.tiff,Кисловодская_котловина_1_SpOr_архитектуры.geojson,arkhitektury,5,архитектуры,31,arkhitektury;gorodishcha,256,256,256,9.392062629111052,15.77866521935294,True,False,False,42116,0,False,0,False,18953,True,0,False,4467,True
002812,091_Кисловодская_котловина_1,SpOr,01_Кисловодская_котловина_1_SpOr_спутник.tiff,Кисловодская_котловина_1_SpOr_архитектуры.geojson,arkhitektury,5,архитектуры,32,arkhitektury;gorodishcha,256,256,256,8.077173861748296,16.154347720636625,True,False,False,40744,0,False,0,False,20303,True,0,False,4489,True
002813,091_Кисловодская_котловина_1,SpOr,01_Кисловодская_котловина_1_SpOr_спутник.tiff,Кисловодская_котловина_1_SpOr_архитектуры.geojson,arkhitektury,5,архитектуры,32,arkhitektury;gorodishcha,256,256,256,10.331268892220155,14.651617699662062,True,False,False,39164,0,False,0,False,21699,True,0,False,4673,True
002814,091_Кисловодская_котловина_1,SpOr,01_Кисловодская_котловина_1_SpOr_спутник.tiff,Кисловодская_котловина_1_SpOr_архитектуры.geojson,arkhitektury,5,архитектуры,33,arkhitektury;gorodishcha,256,256,256,23.292315318835826,15.9665064686748,True,False,False,38110,0,False,0,False,22679,True,0,False,4747,True
002815,091_Кисловодская_котловина_1,SpOr,01_Кисловодская_котловина_1_SpOr_спутник.tiff,Кисловодская_котловина_1_SpOr_архитектуры.geojson,arkhitektury,5,архитектуры,33,arkhitektury;gorodishcha,256,256,256,17.46923649074935,18.220601496616688,True,False,False,32970,0,False,0,False,27394,True,0,False,5172,True
002816,091_Кисловодская_котловина_1,SpOr,01_Кисловодская_котловина_1_SpOr_спутник.tiff,Кисловодская_котловина_1_SpOr_архитектуры.geojson,arkhitektury,5,архитектуры,33,arkhitektury;gorodishcha,256,256,256,13.148887679127492,15.027300206225688,True,False,False,35931,0,False,0,False,24658,True,0,False,4947,True
002817,091_Кисловодская_котловина_1,SpOr,01_Кисловодская_котловина_1_SpOr_спутник.tiff,Кисловодская_котловина_1_SpOr_архитектуры.geojson,arkhitektury,5,архитектуры,33,arkhitektury;gorodishcha,256,256,256,16.905712731563902,16.530030227200253,True,False,False,34424,0,False,0,False,26135,True,0,False,4977,True
002818,091_Кисловодская_котловина_1,SpOr,01_Кисловодская_котловина_1_SpOr_спутник.tiff,Кисловодская_котловина_1_SpOr_архитектуры.geojson,arkhitektury,5,архитектуры,31,arkhitektury;gorodishcha,256,256,256,14.275935195958404,15.590823964751142,True,False,False,39194,0,False,0,False,21793,True,0,False,4549,True
002819,091_Кисловодская_котловина_1,SpOr,01_Кисловодская_котловина_1_SpOr_спутник.tiff,Кисловодская_котловина_1_SpOr_архитектуры.geojson,arkhitektury,5,архитектуры,36,arkhitektury;gorodishcha,256,256,256,14.651617700927048,12.209681417998366,True,False,False,31332,0,False,0,False,28997,True,0,False,5207,True
002820,091_Кисловодская_котловина_1,SpOr,01_Кисловодская_котловина_1_SpOr_спутник.tiff,Кисловодская_котловина_1_SpOr_архитектуры.geojson,arkhitektury,5,архитектуры,35,arkhitektury;gorodishcha,256,256,256,10.143427638828344,11.082633900947458,True,False,False,34030,0,False,0,False,26654,True,0,False,4852,True
002821,091_Кисловодская_котловина_1,SpOr,01_Кисловодская_котловина_1_SpOr_спутник.tiff,Кисловодская_котловина_1_SpOr_архитектуры.geojson,arkhitektury,5,архитектуры,33,arkhitektury;gorodishcha,256,256,256,22.3531090578717,13.148887682207455,True,False,False,31484,0,False,0,False,28888,True,0,False,5164,True
002822,091_Кисловодская_котловина_1,SpOr,01_Кисловодская_котловина_1_SpOr_спутник.tiff,Кисловодская_котловина_1_SpOr_архитектуры.geojson,arkhitektury,5,архитектуры,33,arkhitektury;gorodishcha,256,256,256,20.28685527864668,9.95558638741651,True,False,False,33330,0,False,0,False,27207,True,0,False,4999,True
002823,091_Кисловодская_котловина_1,SpOr,01_Кисловодская_котловина_1_SpOr_спутник.tiff,Кисловодская_котловина_1_SpOr_архитектуры.geojson,arkhitektury,5,архитектуры,32,arkhitektury;gorodishcha,256,256,256,17.84491899445301,12.021840166916528,True,False,False,35232,0,False,0,False,25656,True,0,False,4648,True
002824,091_Кисловодская_котловина_1,SpOr,01_Кисловодская_котловина_1_SpOr_спутник.tiff,Кисловодская_котловина_1_SpOr_архитектуры.geojson,arkhitektury,5,архитектуры,29,arkhitektury;gorodishcha,256,256,256,15.778665216492971,15.027300206225688,True,False,False,37310,0,False,0,False,23642,True,0,False,4584,True
002825,091_Кисловодская_котловина_1,SpOr,01_Кисловодская_котловина_1_SpOr_спутник.tiff,Кисловодская_котловина_1_SpOr_архитектуры.geojson,arkhitektury,5,архитектуры,29,arkhitektury;gorodishcha,256,256,256,15.9665064686198,12.77320517388385,True,False,False,39362,0,False,0,False,21590,True,0,False,4584,True
002826,091_Кисловодская_котловина_1,SpOr,01_Кисловодская_котловина_1_SpOr_спутник.tiff,Кисловодская_котловина_1_SpOr_архитектуры.geojson,arkhitektury,5,архитектуры,29,arkhitektury;gorodishcha,256,256,256,15.590823964366146,8.640697615763804,True,False,False,40364,0,False,0,False,20588,True,0,False,4584,True
002827,091_Кисловодская_котловина_1,SpOr,01_Кисловодская_котловина_1_SpOr_спутник.tiff,Кисловодская_котловина_1_SpOr_архитектуры.geojson,arkhitektury,5,архитектуры,29,arkhitektury;gorodishcha,256,256,256,18.97196650963394,11.8339989149547,True,False,False,41723,0,False,0,False,19229,True,0,False,4584,True
002828,091_Кисловодская_котловина_1,SpOr,01_Кисловодская_котловина_1_SpOr_спутник.tiff,Кисловодская_котловина_1_SpOr_архитектуры.geojson,arkhitektury,5,архитектуры,29,arkhitektury;gorodishcha,256,256,256,18.408442752208472,11.270475153789276,True,False,False,43179,0,False,0,False,17773,True,0,False,4584,True
002829,091_Кисловодская_котловина_1,SpOr,01_Кисловодская_котловина_1_SpOr_спутник.tiff,Кисловодская_котловина_1_SpOr_архитектуры.geojson,arkhitektury,5,архитектуры,29,arkhitektury;gorodishcha,256,256,256,15.0273002052907,14.651617700542053,True,False,False,43641,0,False,0,False,17311,True,0,False,4584,True
002831,091_Кисловодская_котловина_1,SpOr,01_Кисловодская_котловина_1_SpOr_спутник.tiff,Кисловодская_котловина_1_SpOr_городища.geojson,gorodishcha,3,городища,29,arkhitektury;gorodishcha,256,256,256,0.1494430730258679,0.0939206268609039,True,False,False,48098,0,False,0,False,13092,True,0,False,4346,True
002832,092_Кисловодская_котловина_2,SpOr,01_Кисловодская_котловина_2_SpOr_спутник.tiff,Кисловодская_котловина_2_SpOr_городища.geojson,gorodishcha,3,городища,1,gorodishcha,256,256,256,72.10750779156675,108.1403814051609,True,False,False,59965,0,False,0,False,5571,True,0,False,0,False
002833,092_Кисловодская_котловина_2,SpOr,01_Кисловодская_котловина_2_SpOr_спутник.tiff,Кисловодская_котловина_2_SpOr_городища.geojson,gorodishcha,3,городища,1,gorodishcha,256,256,256,120.21208137949436,122.38817353279364,True,False,False,55884,0,False,0,False,9652,True,0,False,0,False
002834,093_Кисловодская котловина_3,SpOr,01_Кисловодская котловина_3_SpOr_спутник.tiff,Кисловодская_котловина_3_SpOr_городища.geojson,gorodishcha,3,городища,1,gorodishcha,550,550,550,274.1727365588665,150.78119226811037,True,False,False,276206,0,False,0,False,26294,True,0,False,0,False
002835,093_Кисловодская котловина_3,SpOr,01_Кисловодская котловина_3_SpOr_спутник.tiff,Кисловодская_котловина_3_SpOr_городища.geojson,gorodishcha,3,городища,2,gorodishcha,600,600,600,151.12549387889177,299.05320936709563,True,False,False,329424,0,False,0,False,30576,True,0,False,0,False
002836,094_Кисловодская_котловина_4,SpOr,01_Кисловодская_котловина_4_SpOr_спутник.tiff,Кисловодская_котловина_4_SpOr_городища.geojson,gorodishcha,3,городища,1,gorodishcha,350,350,350,174.18109615987075,127.81432668236651,True,False,False,110544,0,False,0,False,11956,True,0,False,0,False
002837,095_Кисловодская_котловина_5,SpOr,01_Кисловодская_котловина_5_SpOr_спутник.tiff,Кисловодская_котловина_5_SpOr_городища.geojson,gorodishcha,3,городища,1,gorodishcha,320,320,320,159.47897412968197,105.2090806311627,True,False,False,92265,0,False,0,False,10135,True,0,False,0,False
002838,096_Кисловодская_котловина_6,SpOr,01_Кисловодская_котловина_6_SpOr_спутник.tiff,Кисловодская_котловина_6_SpOr_городища.geojson,gorodishcha,3,городища,1,gorodishcha,264,264,264,131.8379231725518,125.40680496942016,True,False,False,60187,0,False,0,False,9509,True,0,False,0,False
002839,097_Кисловодская_котловина_7,SpOr,01_Кисловодская_котловина_7_SpOr_спутник.tiff,Кисловодская_котловина_7_SpOr_городища.geojson,gorodishcha,3,городища,1,gorodishcha,356,356,356,177.65865574726934,137.1401498409413,True,False,False,112481,0,False,0,False,14255,True,0,False,0,False
002840,098_Кисловодская_котловина_8,SpOr,01_Кисловодская_котловина_8_SpOr_спутник.tif,Кисловодская_котловина_8_SpOr_городища.geojson,gorodishcha,3,городища,1,gorodishcha,370,370,370,184.63952283265664,112.106318056021,True,False,False,123778,0,False,0,False,13122,True,0,False,0,False
002841,099_Кисловодская_котловина_9,SpOr,01_Кисловодская_котловина_9_SpOr_спутник.tif,Кисловодская_котловина_9_SpOr_городища.geojson,gorodishcha,3,городища,1,gorodishcha,434,434,434,151.47177547145316,216.1067898302767,True,False,False,165245,0,False,0,False,23111,True,0,False,0,False
002842,099_Кисловодская_котловина_9,SpOr,01_Кисловодская_котловина_9_SpOr_спутник.tif,Кисловодская_котловина_9_SpOr_городища.geojson,gorodishcha,3,городища,1,gorodishcha,480,480,480,169.00213513703451,239.14090634017808,True,False,False,206224,0,False,0,False,24176,True,0,False,0,False
002846,116_Старый_Барах,Or,01_Старый_Барах_Or_ортофото.tif,Старый_Барах_Or_архитектуры.geojson,arkhitektury,5,архитектуры,3,arkhitektury,1762,1762,1762,880.5016259626435,832.7563249193814,True,False,False,3005942,0,False,0,False,0,False,0,False,98702,True
002847,116_Старый_Барах,Or,01_Старый_Барах_Or_ортофото.tif,Старый_Барах_Or_архитектуры.geojson,arkhitektury,5,архитектуры,3,arkhitektury,1878,1878,1878,756.0760506908766,938.2423814253242,True,False,False,3409338,0,False,0,False,0,False,0,False,117546,True
002848,116_Старый_Барах,Or,01_Старый_Барах_Or_ортофото.tif,Старый_Барах_Or_архитектуры.geojson,arkhitektury,5,архитектуры,4,arkhitektury,1002,1002,1002,500.1151664047947,325.48148311604047,True,False,False,767174,0,False,0,False,0,False,0,False,236830,True
002849,116_Старый_Барах,Or,01_Старый_Барах_Or_ортофото.tif,Старый_Барах_Or_архитектуры.geojson,arkhitektury,5,архитектуры,5,arkhitektury,1262,1262,1262,630.3624290562527,387.5352083734428,True,False,False,994573,0,False,0,False,0,False,0,False,598071,True
002852,116_Старый_Барах,Or,01_Старый_Барах_Or_ортофото.tif,Старый_Барах_Or_архитектуры.geojson,arkhitektury,5,архитектуры,7,arkhitektury,1554,1554,1554,776.8596503551138,519.3321712957406,True,False,False,1834398,0,False,0,False,0,False,0,False,580518,True
002854,116_Старый_Барах,Or,01_Старый_Барах_Or_ортофото.tif,Старый_Барах_Or_архитектуры.geojson,arkhitektury,5,архитектуры,3,arkhitektury,1158,1158,1158,578.348792500941,431.8692675466857,True,False,False,1037001,0,False,0,False,0,False,0,False,303963,True
002855,116_Старый_Барах,Or,01_Старый_Барах_Or_ортофото.tif,Старый_Барах_Or_архитектуры.geojson,arkhitektury,5,архитектуры,7,arkhitektury,2000,2000,2000,999.4974502090472,417.0556664458201,True,False,False,2916323,0,False,0,False,0,False,0,False,1083677,True
002856,116_Старый_Барах,Or,01_Старый_Барах_Or_ортофото.tif,Старый_Барах_Or_архитектуры.geojson,arkhitektury,5,архитектуры,6,arkhitektury,1784,1784,1784,891.3503244947433,581.7168702657905,True,False,False,2349533,0,False,0,False,0,False,0,False,833123,True
002859,116_Старый_Барах,Or,01_Старый_Барах_Or_ортофото.tif,Старый_Барах_Or_архитектуры.geojson,arkhitektury,5,архитектуры,3,arkhitektury,902,902,902,450.2608685999632,260.6152943580223,True,False,False,707925,0,False,0,False,0,False,0,False,105679,True
002860,116_Старый_Барах,Or,01_Старый_Барах_Or_ортофото.tif,Старый_Барах_Or_архитектуры.geojson,arkhitektury,5,архитектуры,3,arkhitektury,1214,1214,1214,606.2600366413452,561.7898354923633,True,False,False,979644,0,False,0,False,0,False,0,False,494152,True
002861,116_Старый_Барах,Or,01_Старый_Барах_Or_ортофото.tif,Старый_Барах_Or_архитектуры.geojson,arkhitektury,5,архитектуры,7,arkhitektury,1942,1942,1942,970.1744429481691,404.3243802400551,True,False,False,2022024,0,False,0,False,0,False,0,False,1749340,True
002862,116_Старый_Барах,Or,01_Старый_Барах_Or_ортофото.tif,Старый_Барах_Or_архитектуры.geojson,arkhitektury,5,архитектуры,10,arkhitektury,1486,1486,1486,742.0793209751351,355.31160173825066,True,False,False,1279005,0,False,0,False,0,False,0,False,929191,True
002864,116_Старый_Барах,Or,01_Старый_Барах_Or_ортофото.tif,Старый_Барах_Or_архитектуры.geojson,arkhitektury,5,архитектуры,7,arkhitektury,1314,1314,1314,656.7586698171305,356.55371037505057,True,False,False,1128104,0,False,0,False,0,False,0,False,598492,True
002865,116_Старый_Барах,Or,01_Старый_Барах_Or_ортофото.tif,Старый_Барах_Or_архитектуры.geojson,arkhitektury,5,архитектуры,8,arkhitektury,1644,1644,1644,821.4572430159856,384.5513615991326,True,False,False,2110006,0,False,0,False,0,False,0,False,592730,True
002866,116_Старый_Барах,Or,01_Старый_Барах_Or_ортофото.tif,Старый_Барах_Or_архитектуры.geojson,arkhitektury,5,архитектуры,2,arkhitektury,496,496,496,204.9517818512203,247.18121212651872,True,False,False,175164,0,False,0,False,0,False,0,False,70852,True
002870,116_Старый_Барах,Or,01_Старый_Барах_Or_ортофото.tif,Старый_Барах_Or_архитектуры.geojson,arkhitektury,5,архитектуры,5,arkhitektury,1524,1524,1524,592.5472979900063,761.2979702712099,True,False,False,1643916,0,False,0,False,0,False,0,False,678660,True
002871,116_Старый_Барах,Or,01_Старый_Барах_Or_ортофото.tif,Старый_Барах_Or_архитектуры.geojson,arkhitektury,5,архитектуры,5,arkhitektury,1260,1260,1260,629.9268651296737,598.0504189468015,True,False,False,1100378,0,False,0,False,0,False,0,False,487222,True
002872,116_Старый_Барах,Or,01_Старый_Барах_Or_ортофото.tif,Старый_Барах_Or_архитектуры.geojson,arkhitektury,5,архитектуры,4,arkhitektury,1206,1206,1206,602.6370357492247,298.6573866982294,True,False,False,924405,0,False,0,False,0,False,0,False,530031,True
002873,116_Старый_Барах,Or,01_Старый_Барах_Or_ортофото.tif,Старый_Барах_Or_архитектуры.geojson,arkhitektury,5,архитектуры,4,arkhitektury,972,972,972,485.0015880557824,326.8615098655309,True,False,False,582520,0,False,0,False,0,False,0,False,362264,True
002875,116_Старый_Барах,Or,01_Старый_Барах_Or_ортофото.tif,Старый_Барах_Or_архитектуры.geojson,arkhitektury,5,архитектуры,9,arkhitektury,1912,1912,1912,955.0327857563829,332.57104023040205,True,False,False,1727637,0,False,0,False,0,False,0,False,1928107,True
002876,116_Старый_Барах,Or,01_Старый_Барах_Or_ортофото.tif,Старый_Барах_Or_архитектуры.geojson,arkhitektury,5,архитектуры,7,arkhitektury,982,982,982,192.24882764181788,490.2037756957544,True,False,False,515529,0,False,0,False,0,False,0,False,448795,True
002877,116_Старый_Барах,Or,01_Старый_Барах_Or_ортофото.tif,Старый_Барах_Or_архитектуры.geojson,arkhitektury,5,архитектуры,6,arkhitektury,1210,1210,1210,604.9116636977495,338.282738819344,True,False,False,1046192,0,False,0,False,0,False,0,False,417908,True
002878,116_Старый_Барах,Or,01_Старый_Барах_Or_ортофото.tif,Старый_Барах_Or_архитектуры.geojson,arkhitektury,5,архитектуры,7,arkhitektury,1010,1010,1010,504.2048315115768,216.62735049892004,True,False,False,606633,0,False,0,False,0,False,0,False,413467,True
002879,116_Старый_Барах,Or,01_Старый_Барах_Or_ортофото.tif,Старый_Барах_Or_архитектуры.geojson,arkhitektury,5,архитектуры,7,arkhitektury,1006,1006,1006,502.7114662261379,323.08957005250795,True,False,False,607024,0,False,0,False,0,False,0,False,405012,True
002880,116_Старый_Барах,Or,01_Старый_Барах_Or_ортофото.tif,Старый_Барах_Or_архитектуры.geojson,arkhitektury,5,архитектуры,2,arkhitektury,1122,1122,1122,560.6831715269001,333.9599213756573,True,False,False,1119387,0,False,0,False,0,False,0,False,139497,True
002882,116_Старый_Барах,Or,01_Старый_Барах_Or_ортофото.tif,Старый_Барах_Or_архитектуры.geojson,arkhitektury,5,архитектуры,1,arkhitektury,1664,1664,1664,831.6208470547523,473.44122143733387,True,False,False,2481017,0,False,0,False,0,False,0,False,287879,True
002883,116_Старый_Барах,Or,01_Старый_Барах_Or_ортофото.tif,Старый_Барах_Or_архитектуры.geojson,arkhitektury,5,архитектуры,3,arkhitektury,1400,1400,1400,699.1808829204713,396.849312003013,True,False,False,1709003,0,False,0,False,0,False,0,False,250997,True
002884,116_Старый_Барах,Or,01_Старый_Барах_Or_ортофото.tif,Старый_Барах_Or_архитектуры.geojson,arkhitektury,5,архитектуры,5,arkhitektury,1462,1462,1462,730.6414434051975,409.8910171774976,True,False,False,1706590,0,False,0,False,0,False,0,False,430854,True
002885,116_Старый_Барах,Or,01_Старый_Барах_Or_ортофото.tif,Старый_Барах_Or_архитектуры.geojson,arkhitektury,5,архитектуры,5,arkhitektury,1984,1984,1984,991.9188065280424,621.9871249266691,True,False,False,3351379,0,False,0,False,0,False,0,False,584877,True
002886,116_Старый_Барах,Or,01_Старый_Барах_Or_ортофото.tif,Старый_Барах_Or_архитектуры.geojson,arkhitektury,5,архитектуры,3,arkhitektury,372,372,372,185.2927704566496,183.89339373574035,True,False,False,81425,0,False,0,False,0,False,0,False,56959,True
002887,116_Старый_Барах,Or,01_Старый_Барах_Or_ортофото.tif,Старый_Барах_Or_архитектуры.geojson,arkhitektury,5,архитектуры,4,arkhitektury,1302,1302,1302,650.5500927073698,402.704305880078,True,False,False,1407685,0,False,0,False,0,False,0,False,287519,True
002888,116_Старый_Барах,Or,01_Старый_Барах_Or_ортофото.tif,Старый_Барах_Or_архитектуры.geojson,arkhitektury,5,архитектуры,1,arkhitektury,752,752,752,375.8550822885812,199.9306767891895,True,False,False,505839,0,False,0,False,0,False,0,False,59665,True
002889,116_Старый_Барах,Or,01_Старый_Барах_Or_ортофото.tif,Старый_Барах_Or_архитектуры.geojson,arkhitektury,5,архитектуры,3,arkhitektury,1234,1234,1234,396.0639612857462,616.1242782299262,True,False,False,1322645,0,False,0,False,0,False,0,False,200111,True
002890,116_Старый_Барах,Or,01_Старый_Барах_Or_ортофото.tif,Старый_Барах_Or_архитектуры.geojson,arkhitektury,5,архитектуры,4,arkhitektury,1822,1822,1822,351.45331162619124,910.7849265005692,True,False,False,2972562,0,False,0,False,0,False,0,False,347122,True
002892,116_Старый_Барах,Or,01_Старый_Барах_Or_ортофото.tif,Старый_Барах_Or_архитектуры.geojson,arkhitektury,5,архитектуры,5,arkhitektury,1520,1520,1520,474.48472645401216,759.1591601164049,True,False,False,2009866,0,False,0,False,0,False,0,False,300534,True
002893,116_Старый_Барах,Or,01_Старый_Барах_Or_ортофото.tif,Старый_Барах_Or_архитектуры.geojson,arkhitektury,5,архитектуры,3,arkhitektury,1142,1142,1142,570.1410369240843,490.0296221668138,True,False,False,928976,0,False,0,False,0,False,0,False,375188,True
002894,116_Старый_Барах,Or,01_Старый_Барах_Or_ортофото.tif,Старый_Барах_Or_архитектуры.geojson,arkhitektury,5,архитектуры,2,arkhitektury,594,594,594,276.94970280441254,296.90686371080824,True,False,False,324946,0,False,0,False,0,False,0,False,27890,True
002895,116_Старый_Барах,Or,01_Старый_Барах_Or_ортофото.tif,Старый_Барах_Or_архитектуры.geojson,arkhitektury,5,архитектуры,4,arkhitektury,1602,1602,1602,800.4786941693326,406.7809963490615,True,False,False,1874570,0,False,0,False,0,False,0,False,691834,True
002898,116_Старый_Барах,Or,01_Старый_Барах_Or_ортофото.tif,Старый_Барах_Or_архитектуры.geojson,arkhitektury,5,архитектуры,7,arkhitektury,1310,1310,1310,654.3509939787401,640.7177014394998,True,False,False,1280801,0,False,0,False,0,False,0,False,435299,True
002899,116_Старый_Барах,Or,01_Старый_Барах_Or_ортофото.tif,Старый_Барах_Or_архитектуры.geojson,arkhitektury,5,архитектуры,5,arkhitektury,1022,1022,1022,357.0344946295057,510.75913185893234,True,False,False,866829,0,False,0,False,0,False,0,False,177655,True
002904,116_Старый_Барах,Or,01_Старый_Барах_Or_ортофото.tif,Старый_Барах_Or_архитектуры.geojson,arkhitektury,5,архитектуры,7,arkhitektury,1452,1452,1452,725.8337299930178,398.7403580693693,True,False,False,1199455,0,False,0,False,0,False,0,False,908849,True
002908,116_Старый_Барах,Or,01_Старый_Барах_Or_ортофото.tif,Старый_Барах_Or_архитектуры.geojson,arkhitektury,5,архитектуры,7,arkhitektury,1180,1180,1180,589.7026490331173,396.0558653809057,True,False,False,765549,0,False,0,False,0,False,0,False,626851,True
002909,116_Старый_Барах,Or,01_Старый_Барах_Or_ортофото.tif,Старый_Барах_Or_архитектуры.geojson,arkhitektury,5,архитектуры,8,arkhitektury,1866,1866,1866,932.6837756592124,371.13393006349634,True,False,False,2070755,0,False,0,False,0,False,0,False,1411201,True
002910,116_Старый_Барах,Or,01_Старый_Барах_Or_ортофото.tif,Старый_Барах_Or_архитектуры.geojson,arkhitektury,5,архитектуры,7,arkhitektury,1172,1172,1172,585.5597707592401,282.14208821391986,True,False,False,808872,0,False,0,False,0,False,0,False,564712,True
002913,117_Иссык_Куль_курганы_и_выкладки,SpOr,01_Иссык_Куль_курганы_и_выкладки_SpOr_спутник.tif,Иссык_Куль_курганы_и_выкладки_SpOr_архитектуры.geojson,arkhitektury,5,архитектуры,1,arkhitektury,256,256,256,39.15511896176351,86.62442967014393,True,False,False,63592,0,False,0,False,0,False,0,False,1944,True
002917,117_Иссык_Куль_курганы_и_выкладки,SpOr,01_Иссык_Куль_курганы_и_выкладки_SpOr_спутник.tif,Иссык_Куль_курганы_и_выкладки_SpOr_курганы_поврежденные.geojson,kurgany_povrezhdennye,2,курганы_поврежденные,15,kurgany_povrezhdennye,256,256,256,35.58812886578504,39.62611123575961,True,False,False,56094,0,False,9442,True,0,False,0,False,0,False
002918,117_Иссык_Куль_курганы_и_выкладки,SpOr,01_Иссык_Куль_курганы_и_выкладки_SpOr_спутник.tif,Иссык_Куль_курганы_и_выкладки_SpOr_курганы_поврежденные.geojson,kurgany_povrezhdennye,2,курганы_поврежденные,15,kurgany_povrezhdennye,256,256,256,45.5066014324221,54.063670700230965,True,False,False,54054,0,False,11482,True,0,False,0,False,0,False
002919,117_Иссык_Куль_курганы_и_выкладки,SpOr,01_Иссык_Куль_курганы_и_выкладки_SpOr_спутник.tif,Иссык_Куль_курганы_и_выкладки_SpOr_курганы_поврежденные.geojson,kurgany_povrezhdennye,2,курганы_поврежденные,14,kurgany_povrezhdennye,256,256,256,23.48785038361645,28.8699571739627,True,False,False,54520,0,False,11016,True,0,False,0,False,0,False
002920,117_Иссык_Куль_курганы_и_выкладки,SpOr,01_Иссык_Куль_курганы_и_выкладки_SpOr_спутник.tif,Иссык_Куль_курганы_и_выкладки_SpOr_курганы_поврежденные.geojson,kurgany_povrezhdennye,2,курганы_поврежденные,16,kurgany_povrezhdennye,256,256,256,24.123554497516874,24.90274489944084,True,False,False,54816,0,False,10720,True,0,False,0,False,0,False
002921,117_Иссык_Куль_курганы_и_выкладки,SpOr,01_Иссык_Куль_курганы_и_выкладки_SpOr_спутник.tif,Иссык_Куль_курганы_и_выкладки_SpOr_курганы_поврежденные.geojson,kurgany_povrezhdennye,2,курганы_поврежденные,16,kurgany_povrezhdennye,256,256,256,28.607245123988505,27.61407976930254,True,False,False,55211,0,False,10325,True,0,False,0,False,0,False
002922,117_Иссык_Куль_курганы_и_выкладки,SpOr,01_Иссык_Куль_курганы_и_выкладки_SpOr_спутник.tif,Иссык_Куль_курганы_и_выкладки_SpOr_курганы_поврежденные.geojson,kurgany_povrezhdennye,2,курганы_поврежденные,12,kurgany_povrezhdennye,256,256,256,20.294991124680333,20.85938521113233,True,False,False,56309,0,False,9227,True,0,False,0,False,0,False
002923,117_Иссык_Куль_курганы_и_выкладки,SpOr,01_Иссык_Куль_курганы_и_выкладки_SpOr_спутник.tif,Иссык_Куль_курганы_и_выкладки_SpOr_курганы_поврежденные.geojson,kurgany_povrezhdennye,2,курганы_поврежденные,13,kurgany_povrezhdennye,256,256,256,19.089191560128334,17.977571077353435,True,False,False,56851,0,False,8685,True,0,False,0,False,0,False
002924,117_Иссык_Куль_курганы_и_выкладки,SpOr,01_Иссык_Куль_курганы_и_выкладки_SpOr_спутник.tif,Иссык_Куль_курганы_и_выкладки_SpOr_курганы_поврежденные.geojson,kurgany_povrezhdennye,2,курганы_поврежденные,10,kurgany_povrezhdennye,256,256,256,21.89596744423495,24.96837152848559,True,False,False,57317,0,False,8219,True,0,False,0,False,0,False
002925,117_Иссык_Куль_курганы_и_выкладки,SpOr,01_Иссык_Куль_курганы_и_выкладки_SpOr_спутник.tif,Иссык_Куль_курганы_и_выкладки_SpOr_курганы_поврежденные.geojson,kurgany_povrezhdennye,2,курганы_поврежденные,14,kurgany_povrezhdennye,256,256,256,49.09050648416402,44.89162173619329,True,False,False,57112,0,False,8424,True,0,False,0,False,0,False
002926,117_Иссык_Куль_курганы_и_выкладки,SpOr,01_Иссык_Куль_курганы_и_выкладки_SpOr_спутник.tif,Иссык_Куль_курганы_и_выкладки_SpOr_курганы_поврежденные.geojson,kurgany_povrezhdennye,2,курганы_поврежденные,15,kurgany_povrezhdennye,256,256,256,48.17631666195939,46.137241202177385,True,False,False,55125,0,False,10411,True,0,False,0,False,0,False
002927,117_Иссык_Куль_курганы_и_выкладки,SpOr,01_Иссык_Куль_курганы_и_выкладки_SpOr_спутник.tif,Иссык_Куль_курганы_и_выкладки_SpOr_курганы_поврежденные.geojson,kurgany_povrezhdennye,2,курганы_поврежденные,10,kurgany_povrezhdennye,256,256,256,41.89882071708583,47.52899122452517,True,False,False,58344,0,False,7192,True,0,False,0,False,0,False
002928,117_Иссык_Куль_курганы_и_выкладки,SpOr,01_Иссык_Куль_курганы_и_выкладки_SpOr_спутник.tif,Иссык_Куль_курганы_и_выкладки_SpOr_курганы_поврежденные.geojson,kurgany_povrezhdennye,2,курганы_поврежденные,6,kurgany_povrezhdennye,256,256,256,28.984138448984638,36.026316058280536,True,False,False,63060,0,False,2476,True,0,False,0,False,0,False
002929,117_Иссык_Куль_курганы_и_выкладки,SpOr,01_Иссык_Куль_курганы_и_выкладки_SpOr_спутник.tif,Иссык_Куль_курганы_и_выкладки_SpOr_курганы_поврежденные.geojson,kurgany_povrezhdennye,2,курганы_поврежденные,12,kurgany_povrezhdennye,256,256,256,16.698298843649827,15.897076838259771,True,False,False,56144,0,False,9392,True,0,False,0,False,0,False
002930,117_Иссык_Куль_курганы_и_выкладки,SpOr,01_Иссык_Куль_курганы_и_выкладки_SpOr_спутник.tif,Иссык_Куль_курганы_и_выкладки_SpOr_курганы_поврежденные.geojson,kurgany_povrezhdennye,2,курганы_поврежденные,14,kurgany_povrezhdennye,256,256,256,20.971353384334964,25.08413224153018,True,False,False,54881,0,False,10655,True,0,False,0,False,0,False
002931,117_Иссык_Куль_курганы_и_выкладки,SpOr,01_Иссык_Куль_курганы_и_выкладки_SpOr_спутник.tif,Иссык_Куль_курганы_и_выкладки_SpOr_курганы_поврежденные.geojson,kurgany_povrezhdennye,2,курганы_поврежденные,13,kurgany_povrezhdennye,256,256,256,22.3793089837179,27.48754356612728,True,False,False,55527,0,False,10009,True,0,False,0,False,0,False
002932,117_Иссык_Куль_курганы_и_выкладки,SpOr,01_Иссык_Куль_курганы_и_выкладки_SpOr_спутник.tif,Иссык_Куль_курганы_и_выкладки_SpOr_курганы_поврежденные.geojson,kurgany_povrezhdennye,2,курганы_поврежденные,12,kurgany_povrezhdennye,256,256,256,20.024132708206587,27.03495435728218,True,False,False,56733,0,False,8803,True,0,False,0,False,0,False
002934,118_Иссык_Куль_курганы_и_постройки_1,SpOr,01_Иссык_Куль_курганы_и_постройки_1_SpOr_спутник.tif,Иссык_Куль_курганы_и_постройки_1_SpOr_архитектуры.geojson,arkhitektury,5,архитектуры,1,arkhitektury,256,256,256,35.82694325659492,43.68453260434384,True,False,False,64570,0,False,0,False,0,False,0,False,966,True
002935,118_Иссык_Куль_курганы_и_постройки_1,SpOr,01_Иссык_Куль_курганы_и_постройки_1_SpOr_спутник.tif,Иссык_Куль_курганы_и_постройки_1_SpOr_архитектуры.geojson,arkhitektury,5,архитектуры,1,arkhitektury,256,256,256,105.04477630502208,106.51592456258857,True,False,False,58815,0,False,0,False,0,False,0,False,6721,True
002936,118_Иссык_Куль_курганы_и_постройки_1,SpOr,01_Иссык_Куль_курганы_и_постройки_1_SpOr_спутник.tif,Иссык_Куль_курганы_и_постройки_1_SpOr_курганы_поврежденные.geojson,kurgany_povrezhdennye,2,курганы_поврежденные,3,kurgany_povrezhdennye,256,256,256,47.44978605121202,45.72566022643366,True,False,False,62403,0,False,3133,True,0,False,0,False,0,False
002937,118_Иссык_Куль_курганы_и_постройки_1,SpOr,01_Иссык_Куль_курганы_и_постройки_1_SpOr_спутник.tif,Иссык_Куль_курганы_и_постройки_1_SpOr_курганы_поврежденные.geojson,kurgany_povrezhdennye,2,курганы_поврежденные,4,kurgany_povrezhdennye,256,256,256,25.88725270225276,30.77683319864928,True,False,False,61663,0,False,3873,True,0,False,0,False,0,False
002938,118_Иссык_Куль_курганы_и_постройки_1,SpOr,01_Иссык_Куль_курганы_и_постройки_1_SpOr_спутник.tif,Иссык_Куль_курганы_и_постройки_1_SpOr_курганы_поврежденные.geojson,kurgany_povrezhdennye,2,курганы_поврежденные,4,kurgany_povrezhdennye,256,256,256,30.73847251200239,35.41425926832479,True,False,False,61663,0,False,3873,True,0,False,0,False,0,False
002939,118_Иссык_Куль_курганы_и_постройки_1,SpOr,01_Иссык_Куль_курганы_и_постройки_1_SpOr_спутник.tif,Иссык_Куль_курганы_и_постройки_1_SpOr_курганы_поврежденные.geojson,kurgany_povrezhdennye,2,курганы_поврежденные,4,kurgany_povrezhdennye,256,256,256,32.71645014457247,29.13068146899094,True,False,False,63250,0,False,2286,True,0,False,0,False,0,False
002942,119_Иссык_Куль_курганы_и_постройки_2,SpOr,01_Иссык_Куль_курганы_и_постройки_2_SpOr_спутник.tif,Иссык_Куль_курганы_и_постройки_2_SpOr_архитектуры.geojson,arkhitektury,5,архитектуры,22,arkhitektury;kurgany_povrezhdennye,466,466,466,177.73479568920993,232.62628913801527,True,False,False,182718,0,False,1223,True,0,False,0,False,33215,True
002943,119_Иссык_Куль_курганы_и_постройки_2,SpOr,01_Иссык_Куль_курганы_и_постройки_2_SpOr_спутник.tif,Иссык_Куль_курганы_и_постройки_2_SpOr_архитектуры.geojson,arkhitektury,5,архитектуры,20,arkhitektury;kurgany_povrezhdennye,256,256,256,9.787328864135391,10.349833062998536,True,False,False,53709,0,False,2963,True,0,False,0,False,8864,True
002944,119_Иссык_Куль_курганы_и_постройки_2,SpOr,01_Иссык_Куль_курганы_и_постройки_2_SpOr_спутник.tif,Иссык_Куль_курганы_и_постройки_2_SpOr_архитектуры.geojson,arkhitektury,5,архитектуры,20,arkhitektury;kurgany_povrezhdennye,256,256,256,9.776207871924594,9.8152721540087,True,False,False,54255,0,False,2921,True,0,False,0,False,8360,True
002945,119_Иссык_Куль_курганы_и_постройки_2,SpOr,01_Иссык_Куль_курганы_и_постройки_2_SpOr_спутник.tif,Иссык_Куль_курганы_и_постройки_2_SpOr_архитектуры.geojson,arkhitektury,5,архитектуры,20,arkhitektury;kurgany_povrezhdennye,256,256,256,9.100134778880808,9.464512311117414,True,False,False,54613,0,False,2836,True,0,False,0,False,8087,True
002946,119_Иссык_Куль_курганы_и_постройки_2,SpOr,01_Иссык_Куль_курганы_и_постройки_2_SpOr_спутник.tif,Иссык_Куль_курганы_и_постройки_2_SpOr_архитектуры.geojson,arkhitektury,5,архитектуры,20,arkhitektury;kurgany_povrezhdennye,256,256,256,8.46626123104434,10.706745525484678,True,False,False,54988,0,False,2721,True,0,False,0,False,7827,True
002947,119_Иссык_Куль_курганы_и_постройки_2,SpOr,01_Иссык_Куль_курганы_и_постройки_2_SpOr_спутник.tif,Иссык_Куль_курганы_и_постройки_2_SpOr_архитектуры.geojson,arkhitektury,5,архитектуры,19,arkhitektury;kurgany_povrezhdennye,256,256,256,21.0557363147105,24.469731463706445,True,False,False,47484,0,False,22,True,0,False,0,False,18030,True
002948,119_Иссык_Куль_курганы_и_постройки_2,SpOr,01_Иссык_Куль_курганы_и_постройки_2_SpOr_спутник.tif,Иссык_Куль_курганы_и_постройки_2_SpOr_архитектуры.geojson,arkhitektury,5,архитектуры,19,arkhitektury;kurgany_povrezhdennye,256,256,256,18.22621045576307,21.21533162421501,True,False,False,49088,0,False,1069,True,0,False,0,False,15379,True
002949,119_Иссык_Куль_курганы_и_постройки_2,SpOr,01_Иссык_Куль_курганы_и_постройки_2_SpOr_спутник.tif,Иссык_Куль_курганы_и_постройки_2_SpOr_архитектуры.geojson,arkhitektury,5,архитектуры,19,arkhitektury;kurgany_povrezhdennye,256,256,256,10.372992900688317,15.826772179220166,True,False,False,51570,0,False,1323,True,0,False,0,False,12643,True
002950,119_Иссык_Куль_курганы_и_постройки_2,SpOr,01_Иссык_Куль_курганы_и_постройки_2_SpOr_спутник.tif,Иссык_Куль_курганы_и_постройки_2_SpOr_архитектуры.geojson,arkhitektury,5,архитектуры,19,arkhitektury;kurgany_povrezhdennye,256,256,256,13.400052689481768,12.959407434548892,True,False,False,53468,0,False,1665,True,0,False,0,False,10403,True
002951,119_Иссык_Куль_курганы_и_постройки_2,SpOr,01_Иссык_Куль_курганы_и_постройки_2_SpOr_спутник.tif,Иссык_Куль_курганы_и_постройки_2_SpOr_архитектуры.geojson,arkhitektury,5,архитектуры,19,arkhitektury;kurgany_povrezhdennye,256,256,256,17.192183998211814,14.757609228338142,True,False,False,50344,0,False,197,True,0,False,0,False,14995,True
002952,119_Иссык_Куль_курганы_и_постройки_2,SpOr,01_Иссык_Куль_курганы_и_постройки_2_SpOr_спутник.tif,Иссык_Куль_курганы_и_постройки_2_SpOr_архитектуры.geojson,arkhitektury,5,архитектуры,17,arkhitektury,256,256,256,18.548933826522145,18.84111799001989,True,False,False,42350,0,False,0,False,0,False,0,False,23186,True
002953,119_Иссык_Куль_курганы_и_постройки_2,SpOr,01_Иссык_Куль_курганы_и_постройки_2_SpOr_спутник.tif,Иссык_Куль_курганы_и_постройки_2_SpOr_архитектуры.geojson,arkhitektury,5,архитектуры,20,arkhitektury;kurgany_povrezhdennye,256,256,256,26.315914404591418,25.33766368937364,True,False,False,45236,0,False,610,True,0,False,0,False,19690,True
002954,119_Иссык_Куль_курганы_и_постройки_2,SpOr,01_Иссык_Куль_курганы_и_постройки_2_SpOr_спутник.tif,Иссык_Куль_курганы_и_постройки_2_SpOr_архитектуры.geojson,arkhitektury,5,архитектуры,21,arkhitektury;kurgany_povrezhdennye,256,256,256,14.425715801452188,10.985486245843228,True,False,False,50656,0,False,1981,True,0,False,0,False,12899,True
002955,119_Иссык_Куль_курганы_и_постройки_2,SpOr,01_Иссык_Куль_курганы_и_постройки_2_SpOr_спутник.tif,Иссык_Куль_курганы_и_постройки_2_SpOr_архитектуры.geojson,arkhitektury,5,архитектуры,20,arkhitektury;kurgany_povrezhdennye,256,256,256,12.893191215861508,14.806113721072697,True,False,False,48073,0,False,1364,True,0,False,0,False,16099,True
002956,119_Иссык_Куль_курганы_и_постройки_2,SpOr,01_Иссык_Куль_курганы_и_постройки_2_SpOr_спутник.tif,Иссык_Куль_курганы_и_постройки_2_SpOr_архитектуры.geojson,arkhitektury,5,архитектуры,20,arkhitektury;kurgany_povrezhdennye,256,256,256,13.557219478322615,14.569704110068724,True,False,False,45757,0,False,543,True,0,False,0,False,19236,True
002957,119_Иссык_Куль_курганы_и_постройки_2,SpOr,01_Иссык_Куль_курганы_и_постройки_2_SpOr_спутник.tif,Иссык_Куль_курганы_и_постройки_2_SpOr_архитектуры.geojson,arkhitektury,5,архитектуры,19,arkhitektury;kurgany_povrezhdennye,256,256,256,12.24167408444826,14.167344273623703,True,False,False,42697,0,False,266,True,0,False,0,False,22573,True
002958,119_Иссык_Куль_курганы_и_постройки_2,SpOr,01_Иссык_Куль_курганы_и_постройки_2_SpOr_спутник.tif,Иссык_Куль_курганы_и_постройки_2_SpOr_архитектуры.geojson,arkhitektury,5,архитектуры,18,arkhitektury,256,256,256,27.27206088378741,50.31692903181638,True,False,False,40516,0,False,0,False,0,False,0,False,25020,True
002959,119_Иссык_Куль_курганы_и_постройки_2,SpOr,01_Иссык_Куль_курганы_и_постройки_2_SpOr_спутник.tif,Иссык_Куль_курганы_и_постройки_2_SpOr_архитектуры.geojson,arkhitektury,5,архитектуры,10,arkhitektury;kurgany_povrezhdennye,256,256,256,23.88508863595356,27.783072013230512,True,False,False,45693,0,False,345,True,0,False,0,False,19498,True
002960,119_Иссык_Куль_курганы_и_постройки_2,SpOr,01_Иссык_Куль_курганы_и_постройки_2_SpOr_спутник.tif,Иссык_Куль_курганы_и_постройки_2_SpOr_архитектуры.geojson,arkhitektury,5,архитектуры,10,arkhitektury;kurgany_povrezhdennye,256,256,256,38.91191641741315,50.3369952709795,True,False,False,59701,0,False,3255,True,0,False,0,False,2580,True
002961,119_Иссык_Куль_курганы_и_постройки_2,SpOr,01_Иссык_Куль_курганы_и_постройки_2_SpOr_спутник.tif,Иссык_Куль_курганы_и_постройки_2_SpOr_архитектуры.geojson,arkhitektury,5,архитектуры,11,arkhitektury;kurgany_povrezhdennye,256,256,256,29.907268707935952,27.30255732975235,True,False,False,59759,0,False,3197,True,0,False,0,False,2580,True
002962,119_Иссык_Куль_курганы_и_постройки_2,SpOr,01_Иссык_Куль_курганы_и_постройки_2_SpOr_спутник.tif,Иссык_Куль_курганы_и_постройки_2_SpOr_архитектуры.geojson,arkhitektury,5,архитектуры,8,arkhitektury;kurgany_povrezhdennye,256,256,256,16.12648172828491,24.508095328852484,True,False,False,59722,0,False,3234,True,0,False,0,False,2580,True
002963,119_Иссык_Куль_курганы_и_постройки_2,SpOr,01_Иссык_Куль_курганы_и_постройки_2_SpOr_спутник.tif,Иссык_Куль_курганы_и_постройки_2_SpOr_курганы_поврежденные.geojson,kurgany_povrezhdennye,2,курганы_поврежденные,10,kurgany_povrezhdennye,256,256,256,35.4720645536557,40.68190987245022,True,False,False,59789,0,False,5747,True,0,False,0,False,0,False
002964,119_Иссык_Куль_курганы_и_постройки_2,SpOr,01_Иссык_Куль_курганы_и_постройки_2_SpOr_спутник.tif,Иссык_Куль_курганы_и_постройки_2_SpOr_курганы_поврежденные.geojson,kurgany_povrezhdennye,2,курганы_поврежденные,12,kurgany_povrezhdennye,256,256,256,30.94431632398208,34.01365150808423,True,False,False,58542,0,False,6994,True,0,False,0,False,0,False
002965,119_Иссык_Куль_курганы_и_постройки_2,SpOr,01_Иссык_Куль_курганы_и_постройки_2_SpOr_спутник.tif,Иссык_Куль_курганы_и_постройки_2_SpOr_курганы_поврежденные.geojson,kurgany_povrezhdennye,2,курганы_поврежденные,7,arkhitektury;kurgany_povrezhdennye,256,256,256,31.697743988442976,34.20769104159648,True,False,False,60360,0,False,2596,True,0,False,0,False,2580,True
002966,119_Иссык_Куль_курганы_и_постройки_2,SpOr,01_Иссык_Куль_курганы_и_постройки_2_SpOr_спутник.tif,Иссык_Куль_курганы_и_постройки_2_SpOr_курганы_поврежденные.geojson,kurgany_povrezhdennye,2,курганы_поврежденные,7,arkhitektury;kurgany_povrezhdennye,256,256,256,25.041052067133723,29.800508345695103,True,False,False,60360,0,False,2596,True,0,False,0,False,2580,True
002968,119_Иссык_Куль_курганы_и_постройки_2,SpOr,01_Иссык_Куль_курганы_и_постройки_2_SpOr_спутник.tif,Иссык_Куль_курганы_и_постройки_2_SpOr_курганы_поврежденные.geojson,kurgany_povrezhdennye,2,курганы_поврежденные,10,arkhitektury;kurgany_povrezhdennye,256,256,256,18.14526297914301,20.428169466295916,True,False,False,59457,0,False,3590,True,0,False,0,False,2489,True
002969,119_Иссык_Куль_курганы_и_постройки_2,SpOr,01_Иссык_Куль_курганы_и_постройки_2_SpOr_спутник.tif,Иссык_Куль_курганы_и_постройки_2_SpOr_курганы_поврежденные.geojson,kurgany_povrezhdennye,2,курганы_поврежденные,10,arkhitektury;kurgany_povrezhdennye,256,256,256,15.752195570354536,19.58581436702793,True,False,False,58897,0,False,4426,True,0,False,0,False,2213,True
002970,119_Иссык_Куль_курганы_и_постройки_2,SpOr,01_Иссык_Куль_курганы_и_постройки_2_SpOr_спутник.tif,Иссык_Куль_курганы_и_постройки_2_SpOr_курганы_поврежденные.geojson,kurgany_povrezhdennye,2,курганы_поврежденные,10,arkhitektury;kurgany_povrezhdennye,256,256,256,14.249849150138507,19.28666877300017,True,False,False,59816,0,False,5169,True,0,False,0,False,551,True
002971,119_Иссык_Куль_курганы_и_постройки_2,SpOr,01_Иссык_Куль_курганы_и_постройки_2_SpOr_спутник.tif,Иссык_Куль_курганы_и_постройки_2_SpOr_курганы_поврежденные.geojson,kurgany_povrezhdennye,2,курганы_поврежденные,11,arkhitektury;kurgany_povrezhdennye,256,256,256,25.036787501590283,25.101484148482285,True,False,False,58648,0,False,5450,True,0,False,0,False,1438,True
002972,119_Иссык_Куль_курганы_и_постройки_2,SpOr,01_Иссык_Куль_курганы_и_постройки_2_SpOr_спутник.tif,Иссык_Куль_курганы_и_постройки_2_SpOr_курганы_поврежденные.geojson,kurgany_povrezhdennye,2,курганы_поврежденные,9,kurgany_povrezhdennye,256,256,256,42.62496615825897,31.065944941052397,True,False,False,60086,0,False,5450,True,0,False,0,False,0,False
002973,119_Иссык_Куль_курганы_и_постройки_2,SpOr,01_Иссык_Куль_курганы_и_постройки_2_SpOr_спутник.tif,Иссык_Куль_курганы_и_постройки_2_SpOr_курганы_поврежденные.geojson,kurgany_povrezhdennye,2,курганы_поврежденные,11,kurgany_povrezhdennye,256,256,256,40.122935386997625,39.238349964761326,True,False,False,59936,0,False,5600,True,0,False,0,False,0,False
002974,119_Иссык_Куль_курганы_и_постройки_2,SpOr,01_Иссык_Куль_курганы_и_постройки_2_SpOr_спутник.tif,Иссык_Куль_курганы_и_постройки_2_SpOr_курганы_поврежденные.geojson,kurgany_povrezhdennye,2,курганы_поврежденные,6,kurgany_povrezhdennye,256,256,256,20.942466685506023,19.186251291439213,True,False,False,61549,0,False,3987,True,0,False,0,False,0,False
002975,119_Иссык_Куль_курганы_и_постройки_2,SpOr,01_Иссык_Куль_курганы_и_постройки_2_SpOr_спутник.tif,Иссык_Куль_курганы_и_постройки_2_SpOr_курганы_поврежденные.geojson,kurgany_povrezhdennye,2,курганы_поврежденные,7,kurgany_povrezhdennye,256,256,256,43.45724477832243,19.852973385520485,True,False,False,60493,0,False,5043,True,0,False,0,False,0,False
002976,119_Иссык_Куль_курганы_и_постройки_2,SpOr,01_Иссык_Куль_курганы_и_постройки_2_SpOr_спутник.tif,Иссык_Куль_курганы_и_постройки_2_SpOr_курганы_поврежденные.geojson,kurgany_povrezhdennye,2,курганы_поврежденные,4,kurgany_povrezhdennye,256,256,256,49.415809542961455,35.44203382619066,True,False,False,60407,0,False,5129,True,0,False,0,False,0,False
002977,119_Иссык_Куль_курганы_и_постройки_2,SpOr,01_Иссык_Куль_курганы_и_постройки_2_SpOr_спутник.tif,Иссык_Куль_курганы_и_постройки_2_SpOr_курганы_поврежденные.geojson,kurgany_povrezhdennye,2,курганы_поврежденные,11,arkhitektury;kurgany_povrezhdennye,256,256,256,79.91089556232579,44.06971068595812,True,False,False,60945,0,False,4113,True,0,False,0,False,478,True
002978,119_Иссык_Куль_курганы_и_постройки_2,SpOr,01_Иссык_Куль_курганы_и_постройки_2_SpOr_спутник.tif,Иссык_Куль_курганы_и_постройки_2_SpOr_курганы_поврежденные.geojson,kurgany_povrezhdennye,2,курганы_поврежденные,19,arkhitektury;kurgany_povrezhdennye,256,256,256,19.17070310446578,18.803827836603816,True,False,False,61825,0,False,1593,True,0,False,0,False,2118,True
002979,119_Иссык_Куль_курганы_и_постройки_2,SpOr,01_Иссык_Куль_курганы_и_постройки_2_SpOr_спутник.tif,Иссык_Куль_курганы_и_постройки_2_SpOr_курганы_поврежденные.geojson,kurgany_povrezhdennye,2,курганы_поврежденные,9,arkhitektury;kurgany_povrezhdennye,256,256,256,15.858917437918825,19.152929407895535,True,False,False,60588,0,False,4705,True,0,False,0,False,243,True
002980,119_Иссык_Куль_курганы_и_постройки_2,SpOr,01_Иссык_Куль_курганы_и_постройки_2_SpOr_спутник.tif,Иссык_Куль_курганы_и_постройки_2_SpOr_курганы_поврежденные.geojson,kurgany_povrezhdennye,2,курганы_поврежденные,5,arkhitektury;kurgany_povrezhdennye,256,256,256,17.22443013102354,18.41723417664134,True,False,False,52364,0,False,457,True,0,False,0,False,12715,True
002981,119_Иссык_Куль_курганы_и_постройки_2,SpOr,01_Иссык_Куль_курганы_и_постройки_2_SpOr_спутник.tif,Иссык_Куль_курганы_и_постройки_2_SpOr_курганы_поврежденные.geojson,kurgany_povrezhdennye,2,курганы_поврежденные,3,arkhitektury;kurgany_povrezhdennye,256,256,256,38.47689274182093,32.47919933392242,True,False,False,64019,0,False,1192,True,0,False,0,False,325,True
002982,120_Курганы_1,SpOr,01_Курганы_1_SpOr_спутник.tif,Курганы_1_SpOr_курганы_поврежденные.geojson,kurgany_povrezhdennye,2,курганы_поврежденные,13,kurgany_povrezhdennye,256,256,256,84.11227656419878,90.95468403793411,True,False,False,50770,0,False,14766,True,0,False,0,False,0,False
002983,120_Курганы_1,SpOr,01_Курганы_1_SpOr_спутник.tif,Курганы_1_SpOr_курганы_поврежденные.geojson,kurgany_povrezhdennye,2,курганы_поврежденные,13,kurgany_povrezhdennye,256,256,256,55.0059282077167,66.5499413902242,True,False,False,51699,0,False,13837,True,0,False,0,False,0,False
002984,120_Курганы_1,SpOr,01_Курганы_1_SpOr_спутник.tif,Курганы_1_SpOr_курганы_поврежденные.geojson,kurgany_povrezhdennye,2,курганы_поврежденные,3,kurgany_povrezhdennye,302,302,302,116.0461796462148,150.38686906902677,True,False,False,76673,0,False,14531,True,0,False,0,False,0,False
002986,120_Курганы_1,SpOr,01_Курганы_1_SpOr_спутник.tif,Курганы_1_SpOr_курганы_поврежденные.geojson,kurgany_povrezhdennye,2,курганы_поврежденные,10,kurgany_povrezhdennye,256,256,256,42.903908425899104,48.17289498566848,True,False,False,55017,0,False,10519,True,0,False,0,False,0,False
002987,120_Курганы_1,SpOr,01_Курганы_1_SpOr_спутник.tif,Курганы_1_SpOr_курганы_поврежденные.geojson,kurgany_povrezhdennye,2,курганы_поврежденные,10,kurgany_povrezhdennye,256,256,256,40.627797646234754,39.980117128132655,True,False,False,55023,0,False,10513,True,0,False,0,False,0,False
002988,120_Курганы_1,SpOr,01_Курганы_1_SpOr_спутник.tif,Курганы_1_SpOr_курганы_поврежденные.geojson,kurgany_povrezhdennye,2,курганы_поврежденные,8,kurgany_povrezhdennye,256,256,256,50.08513703913534,61.4513664827887,True,False,False,55148,0,False,10388,True,0,False,0,False,0,False
002989,120_Курганы_1,SpOr,01_Курганы_1_SpOr_спутник.tif,Курганы_1_SpOr_курганы_поврежденные.geojson,kurgany_povrezhdennye,2,курганы_поврежденные,6,kurgany_povrezhdennye,256,256,256,47.03798235175726,54.01602607488893,True,False,False,53946,0,False,11590,True,0,False,0,False,0,False
002990,120_Курганы_1,SpOr,01_Курганы_1_SpOr_спутник.tif,Курганы_1_SpOr_курганы_поврежденные.geojson,kurgany_povrezhdennye,2,курганы_поврежденные,7,kurgany_povrezhdennye,256,256,256,44.66373650496247,54.16508334212346,True,False,False,50886,0,False,14650,True,0,False,0,False,0,False
002992,120_Курганы_1,SpOr,01_Курганы_1_SpOr_спутник.tif,Курганы_1_SpOr_курганы_поврежденные.geojson,kurgany_povrezhdennye,2,курганы_поврежденные,6,kurgany_povrezhdennye,256,256,256,82.12476122534656,84.26752405195093,True,False,False,54871,0,False,10665,True,0,False,0,False,0,False
002993,120_Курганы_1,SpOr,01_Курганы_1_SpOr_спутник.tif,Курганы_1_SpOr_курганы_поврежденные.geojson,kurgany_povrezhdennye,2,курганы_поврежденные,12,kurgany_povrezhdennye,256,256,256,26.33656427275055,37.51697550574367,True,False,False,52519,0,False,13017,True,0,False,0,False,0,False
002994,120_Курганы_1,SpOr,01_Курганы_1_SpOr_спутник.tif,Курганы_1_SpOr_курганы_поврежденные.geojson,kurgany_povrezhdennye,2,курганы_поврежденные,16,kurgany_povrezhdennye,256,256,256,18.11988003948743,22.96632504446977,True,False,False,51438,0,False,14098,True,0,False,0,False,0,False
002995,120_Курганы_1,SpOr,01_Курганы_1_SpOr_спутник.tif,Курганы_1_SpOr_курганы_поврежденные.geojson,kurgany_povrezhdennye,2,курганы_поврежденные,16,kurgany_povrezhdennye,256,256,256,22.46297397325249,28.154846464601803,True,False,False,53706,0,False,11830,True,0,False,0,False,0,False
002996,120_Курганы_1,SpOr,01_Курганы_1_SpOr_спутник.tif,Курганы_1_SpOr_курганы_поврежденные.geojson,kurgany_povrezhdennye,2,курганы_поврежденные,15,kurgany_povrezhdennye,256,256,256,16.26810177635715,20.9378473241694,True,False,False,52155,0,False,13381,True,0,False,0,False,0,False
002997,120_Курганы_1,SpOr,01_Курганы_1_SpOr_спутник.tif,Курганы_1_SpOr_курганы_поврежденные.geojson,kurgany_povrezhdennye,2,курганы_поврежденные,15,kurgany_povrezhdennye,256,256,256,16.577216605918444,20.013441781810293,True,False,False,56427,0,False,9109,True,0,False,0,False,0,False
002998,120_Курганы_1,SpOr,01_Курганы_1_SpOr_спутник.tif,Курганы_1_SpOr_курганы_поврежденные.geojson,kurgany_povrezhdennye,2,курганы_поврежденные,15,kurgany_povrezhdennye,256,256,256,17.27067287977956,25.168494492838956,True,False,False,57456,0,False,8080,True,0,False,0,False,0,False
002999,120_Курганы_1,SpOr,01_Курганы_1_SpOr_спутник.tif,Курганы_1_SpOr_курганы_поврежденные.geojson,kurgany_povrezhdennye,2,курганы_поврежденные,15,kurgany_povrezhdennye,256,256,256,20.623983303387654,22.686118434568197,True,False,False,57486,0,False,8050,True,0,False,0,False,0,False
003000,120_Курганы_1,SpOr,01_Курганы_1_SpOr_спутник.tif,Курганы_1_SpOr_курганы_поврежденные.geojson,kurgany_povrezhdennye,2,курганы_поврежденные,14,kurgany_povrezhdennye,256,256,256,24.284530399215463,25.67685550295269,True,False,False,59400,0,False,6136,True,0,False,0,False,0,False
003001,120_Курганы_1,SpOr,01_Курганы_1_SpOr_спутник.tif,Курганы_1_SpOr_курганы_поврежденные.geojson,kurgany_povrezhdennye,2,курганы_поврежденные,15,kurgany_povrezhdennye,256,256,256,20.43964138950404,25.153869003461715,True,False,False,56081,0,False,9455,True,0,False,0,False,0,False
003002,120_Курганы_1,SpOr,01_Курганы_1_SpOr_спутник.tif,Курганы_1_SpOr_курганы_поврежденные.geojson,kurgany_povrezhdennye,2,курганы_поврежденные,14,kurgany_povrezhdennye,256,256,256,20.5671337967342,25.553509108128782,True,False,False,58013,0,False,7523,True,0,False,0,False,0,False
003003,120_Курганы_1,SpOr,01_Курганы_1_SpOr_спутник.tif,Курганы_1_SpOr_курганы_поврежденные.geojson,kurgany_povrezhdennye,2,курганы_поврежденные,13,kurgany_povrezhdennye,256,256,256,18.63570443625975,22.66963156845364,True,False,False,58975,0,False,6561,True,0,False,0,False,0,False
003004,120_Курганы_1,SpOr,01_Курганы_1_SpOr_спутник.tif,Курганы_1_SpOr_курганы_поврежденные.geojson,kurgany_povrezhdennye,2,курганы_поврежденные,13,kurgany_povrezhdennye,256,256,256,20.243124337240587,21.814303456920705,True,False,False,60418,0,False,5118,True,0,False,0,False,0,False
003005,120_Курганы_1,SpOr,01_Курганы_1_SpOr_спутник.tif,Курганы_1_SpOr_курганы_поврежденные.geojson,kurgany_povrezhdennye,2,курганы_поврежденные,14,kurgany_povrezhdennye,256,256,256,18.32187476958714,23.334526439440783,True,False,False,60425,0,False,5111,True,0,False,0,False,0,False
003006,120_Курганы_1,SpOr,01_Курганы_1_SpOr_спутник.tif,Курганы_1_SpOr_курганы_поврежденные.geojson,kurgany_povrezhdennye,2,курганы_поврежденные,3,kurgany_povrezhdennye,256,256,256,31.19555332074069,37.46387642102104,True,False,False,60875,0,False,4661,True,0,False,0,False,0,False
003007,120_Курганы_1,SpOr,01_Курганы_1_SpOr_спутник.tif,Курганы_1_SpOr_курганы_поврежденные.geojson,kurgany_povrezhdennye,2,курганы_поврежденные,3,kurgany_povrezhdennye,256,256,256,33.01595363444906,39.76444226716897,True,False,False,60875,0,False,4661,True,0,False,0,False,0,False
003008,120_Курганы_1,SpOr,01_Курганы_1_SpOr_спутник.tif,Курганы_1_SpOr_курганы_поврежденные.geojson,kurgany_povrezhdennye,2,курганы_поврежденные,4,kurgany_povrezhdennye,256,256,256,55.89134155697168,64.85152420719562,True,False,False,59136,0,False,6400,True,0,False,0,False,0,False
003013,120_Курганы_1,SpOr,01_Курганы_1_SpOr_спутник.tif,Курганы_1_SpOr_курганы_поврежденные.geojson,kurgany_povrezhdennye,2,курганы_поврежденные,10,kurgany_povrezhdennye,256,256,256,42.28179637523459,54.31207144574737,True,False,False,56471,0,False,9065,True,0,False,0,False,0,False
003014,120_Курганы_1,SpOr,01_Курганы_1_SpOr_спутник.tif,Курганы_1_SpOr_курганы_поврежденные.geojson,kurgany_povrezhdennye,2,курганы_поврежденные,5,kurgany_povrezhdennye,256,256,256,45.89269250795251,102.0262936410799,True,False,False,53365,0,False,12171,True,0,False,0,False,0,False
003015,121_Курганы_2,SpOr,01_Курганы_2_SpOr_спутник.tif,Курганы_2_SpOr_курганы_поврежденные.geojson,kurgany_povrezhdennye,2,курганы_поврежденные,3,kurgany_povrezhdennye,256,256,256,56.2786229914637,70.58781633362393,True,False,False,60596,0,False,4940,True,0,False,0,False,0,False
003016,121_Курганы_2,SpOr,01_Курганы_2_SpOr_спутник.tif,Курганы_2_SpOr_курганы_поврежденные.geojson,kurgany_povrezhdennye,2,курганы_поврежденные,4,kurgany_povrezhdennye,256,256,256,36.60207511963476,38.77209836669927,True,False,False,61915,0,False,3621,True,0,False,0,False,0,False
003017,121_Курганы_2,SpOr,01_Курганы_2_SpOr_спутник.tif,Курганы_2_SpOr_курганы_поврежденные.geojson,kurgany_povrezhdennye,2,курганы_поврежденные,3,kurgany_povrezhdennye,256,256,256,49.38287778164697,55.24576859691816,True,False,False,59573,0,False,5963,True,0,False,0,False,0,False
003018,121_Курганы_2,SpOr,01_Курганы_2_SpOr_спутник.tif,Курганы_2_SpOr_курганы_поврежденные.geojson,kurgany_povrezhdennye,2,курганы_поврежденные,11,kurgany_povrezhdennye,256,256,256,19.309813646323768,23.20691843045677,True,False,False,62966,0,False,2570,True,0,False,0,False,0,False
003019,121_Курганы_2,SpOr,01_Курганы_2_SpOr_спутник.tif,Курганы_2_SpOr_курганы_поврежденные.geojson,kurgany_povrezhdennye,2,курганы_поврежденные,12,kurgany_povrezhdennye,256,256,256,19.972946491224832,26.536364664903846,True,False,False,62624,0,False,2912,True,0,False,0,False,0,False
003020,121_Курганы_2,SpOr,01_Курганы_2_SpOr_спутник.tif,Курганы_2_SpOr_курганы_поврежденные.geojson,kurgany_povrezhdennye,2,курганы_поврежденные,12,kurgany_povrezhdennye,256,256,256,20.04096456353122,21.62302043218064,True,False,False,62506,0,False,3030,True,0,False,0,False,0,False
003021,121_Курганы_2,SpOr,01_Курганы_2_SpOr_спутник.tif,Курганы_2_SpOr_курганы_поврежденные.geojson,kurgany_povrezhdennye,2,курганы_поврежденные,13,kurgany_povrezhdennye,256,256,256,16.27409636637413,17.763137525985453,True,False,False,62477,0,False,3059,True,0,False,0,False,0,False
003022,121_Курганы_2,SpOr,01_Курганы_2_SpOr_спутник.tif,Курганы_2_SpOr_курганы_поврежденные.geojson,kurgany_povrezhdennye,2,курганы_поврежденные,14,kurgany_povrezhdennye,256,256,256,17.210814618518583,17.23260973248079,True,False,False,62128,0,False,3408,True,0,False,0,False,0,False
003023,121_Курганы_2,SpOr,01_Курганы_2_SpOr_спутник.tif,Курганы_2_SpOr_курганы_поврежденные.geojson,kurgany_povrezhdennye,2,курганы_поврежденные,14,kurgany_povrezhdennye,256,256,256,18.06805338370384,20.51931042547325,True,False,False,62078,0,False,3458,True,0,False,0,False,0,False
003024,121_Курганы_2,SpOr,01_Курганы_2_SpOr_спутник.tif,Курганы_2_SpOr_курганы_поврежденные.geojson,kurgany_povrezhdennye,2,курганы_поврежденные,14,kurgany_povrezhdennye,256,256,256,16.655124076190692,23.50932448655758,True,False,False,62212,0,False,3324,True,0,False,0,False,0,False
003025,121_Курганы_2,SpOr,01_Курганы_2_SpOr_спутник.tif,Курганы_2_SpOr_курганы_поврежденные.geojson,kurgany_povrezhdennye,2,курганы_поврежденные,11,kurgany_povrezhdennye,256,256,256,17.61947647054389,26.858985800314706,True,False,False,62794,0,False,2742,True,0,False,0,False,0,False
003026,121_Курганы_2,SpOr,01_Курганы_2_SpOr_спутник.tif,Курганы_2_SpOr_курганы_поврежденные.geojson,kurgany_povrezhdennye,2,курганы_поврежденные,7,kurgany_povrezhdennye,256,256,256,17.860471096783524,19.976704763672146,True,False,False,63768,0,False,1768,True,0,False,0,False,0,False
003027,121_Курганы_2,SpOr,01_Курганы_2_SpOr_спутник.tif,Курганы_2_SpOr_курганы_поврежденные.geojson,kurgany_povrezhdennye,2,курганы_поврежденные,14,kurgany_povrezhdennye,256,256,256,15.683493703771076,22.12856674745091,True,False,False,62078,0,False,3458,True,0,False,0,False,0,False
003028,121_Курганы_2,SpOr,01_Курганы_2_SpOr_спутник.tif,Курганы_2_SpOr_курганы_поврежденные.geojson,kurgany_povrezhdennye,2,курганы_поврежденные,5,kurgany_povrezhdennye,256,256,256,16.816002692955742,23.20054430846444,True,False,False,64015,0,False,1521,True,0,False,0,False,0,False
003029,121_Курганы_2,SpOr,01_Курганы_2_SpOr_спутник.tif,Курганы_2_SpOr_курганы_поврежденные.geojson,kurgany_povrezhdennye,2,курганы_поврежденные,5,kurgany_povrezhdennye,256,256,256,21.427314888047,26.565751356792887,True,False,False,64010,0,False,1526,True,0,False,0,False,0,False
003030,121_Курганы_2,SpOr,01_Курганы_2_SpOr_спутник.tif,Курганы_2_SpOr_курганы_поврежденные.geojson,kurgany_povrezhdennye,2,курганы_поврежденные,3,kurgany_povrezhdennye,256,256,256,21.563411540186213,29.975598921279342,True,False,False,64394,0,False,1142,True,0,False,0,False,0,False
003031,121_Курганы_2,SpOr,01_Курганы_2_SpOr_спутник.tif,Курганы_2_SpOr_курганы_поврежденные.geojson,kurgany_povrezhdennye,2,курганы_поврежденные,13,kurgany_povrezhdennye,256,256,256,11.748572185870072,17.365808771834807,True,False,False,63742,0,False,1794,True,0,False,0,False,0,False
003032,121_Курганы_2,SpOr,01_Курганы_2_SpOr_спутник.tif,Курганы_2_SpOr_курганы_поврежденные.geojson,kurgany_povrezhdennye,2,курганы_поврежденные,14,kurgany_povrezhdennye,256,256,256,11.85637516369022,17.82341512668704,True,False,False,63462,0,False,2074,True,0,False,0,False,0,False
003033,121_Курганы_2,SpOr,01_Курганы_2_SpOr_спутник.tif,Курганы_2_SpOr_курганы_поврежденные.geojson,kurgany_povrezhdennye,2,курганы_поврежденные,13,kurgany_povrezhdennye,256,256,256,10.810242258337068,16.022438010332493,True,False,False,63742,0,False,1794,True,0,False,0,False,0,False
003034,121_Курганы_2,SpOr,01_Курганы_2_SpOr_спутник.tif,Курганы_2_SpOr_курганы_поврежденные.geojson,kurgany_povrezhdennye,2,курганы_поврежденные,13,kurgany_povrezhdennye,256,256,256,14.817647747970671,16.779398508512614,True,False,False,63742,0,False,1794,True,0,False,0,False,0,False
003035,121_Курганы_2,SpOr,01_Курганы_2_SpOr_спутник.tif,Курганы_2_SpOr_курганы_поврежденные.geojson,kurgany_povrezhdennye,2,курганы_поврежденные,13,kurgany_povrezhdennye,256,256,256,14.500940459555489,16.51761456580165,True,False,False,63742,0,False,1794,True,0,False,0,False,0,False
003036,121_Курганы_2,SpOr,01_Курганы_2_SpOr_спутник.tif,Курганы_2_SpOr_курганы_поврежденные.geojson,kurgany_povrezhdennye,2,курганы_поврежденные,13,kurgany_povrezhdennye,256,256,256,14.174619153009536,17.10415881946196,True,False,False,63742,0,False,1794,True,0,False,0,False,0,False
003037,121_Курганы_2,SpOr,01_Курганы_2_SpOr_спутник.tif,Курганы_2_SpOr_курганы_поврежденные.geojson,kurgany_povrezhdennye,2,курганы_поврежденные,13,kurgany_povrezhdennye,256,256,256,13.12119200606849,15.719919695100664,True,False,False,63742,0,False,1794,True,0,False,0,False,0,False
003038,121_Курганы_2,SpOr,01_Курганы_2_SpOr_спутник.tif,Курганы_2_SpOr_курганы_поврежденные.geojson,kurgany_povrezhdennye,2,курганы_поврежденные,13,kurgany_povrezhdennye,256,256,256,12.68320429659807,12.865477591921168,True,False,False,63742,0,False,1794,True,0,False,0,False,0,False
003039,121_Курганы_2,SpOr,01_Курганы_2_SpOr_спутник.tif,Курганы_2_SpOr_курганы_поврежденные.geojson,kurgany_povrezhdennye,2,курганы_поврежденные,14,kurgany_povrezhdennye,256,256,256,14.413238307103796,14.03890387028724,True,False,False,63563,0,False,1973,True,0,False,0,False,0,False
003040,121_Курганы_2,SpOr,01_Курганы_2_SpOr_спутник.tif,Курганы_2_SpOr_курганы_поврежденные.geojson,kurgany_povrezhdennye,2,курганы_поврежденные,13,kurgany_povrezhdennye,256,256,256,10.745881183470868,13.74532410337215,True,False,False,63742,0,False,1794,True,0,False,0,False,0,False
003041,121_Курганы_2,SpOr,01_Курганы_2_SpOr_спутник.tif,Курганы_2_SpOr_курганы_поврежденные.geojson,kurgany_povrezhdennye,2,курганы_поврежденные,14,kurgany_povrezhdennye,256,256,256,11.295347168324106,13.281818749817525,True,False,False,63693,0,False,1843,True,0,False,0,False,0,False
003042,121_Курганы_2,SpOr,01_Курганы_2_SpOr_спутник.tif,Курганы_2_SpOr_курганы_поврежденные.geojson,kurgany_povrezhdennye,2,курганы_поврежденные,15,kurgany_povrezhdennye,256,256,256,11.12911799880707,15.432880254903171,True,False,False,63560,0,False,1976,True,0,False,0,False,0,False
003043,121_Курганы_2,SpOr,01_Курганы_2_SpOr_спутник.tif,Курганы_2_SpOr_курганы_поврежденные.geojson,kurgany_povrezhdennye,2,курганы_поврежденные,13,kurgany_povrezhdennye,256,256,256,9.236779602510902,14.861799083396226,True,False,False,63742,0,False,1794,True,0,False,0,False,0,False
003044,121_Курганы_2,SpOr,01_Курганы_2_SpOr_спутник.tif,Курганы_2_SpOr_курганы_поврежденные.geojson,kurgany_povrezhdennye,2,курганы_поврежденные,3,kurgany_povrezhdennye,256,256,256,13.331796297784878,26.01361588871493,True,False,False,64614,0,False,922,True,0,False,0,False,0,False
003045,121_Курганы_2,SpOr,01_Курганы_2_SpOr_спутник.tif,Курганы_2_SpOr_курганы_поврежденные.geojson,kurgany_povrezhdennye,2,курганы_поврежденные,11,kurgany_povrezhdennye,256,256,256,12.834233480594994,12.713650194582687,True,False,False,62866,0,False,2670,True,0,False,0,False,0,False
003046,121_Курганы_2,SpOr,01_Курганы_2_SpOr_спутник.tif,Курганы_2_SpOr_курганы_поврежденные.geojson,kurgany_povrezhdennye,2,курганы_поврежденные,11,kurgany_povrezhdennye,256,256,256,12.056604831553283,12.514959713050384,True,False,False,62982,0,False,2554,True,0,False,0,False,0,False
003047,121_Курганы_2,SpOr,01_Курганы_2_SpOr_спутник.tif,Курганы_2_SpOr_курганы_поврежденные.geojson,kurgany_povrezhdennye,2,курганы_поврежденные,12,kurgany_povrezhdennye,256,256,256,13.8208638779148,16.251756880666434,True,False,False,62624,0,False,2912,True,0,False,0,False,0,False
003048,121_Курганы_2,SpOr,01_Курганы_2_SpOr_спутник.tif,Курганы_2_SpOr_курганы_поврежденные.geojson,kurgany_povrezhdennye,2,курганы_поврежденные,9,kurgany_povrezhdennye,256,256,256,13.118503853936865,17.9623328684352,True,False,False,63690,0,False,1846,True,0,False,0,False,0,False
003122,124_Курганы_5,SpOr,01_Курганы_5_SpOr_спутник.tif,Курганы_5_SpOr_курганы_поврежденные.geojson,kurgany_povrezhdennye,2,курганы_поврежденные,3,kurgany_povrezhdennye,256,256,256,36.11547578712693,39.48226981682576,True,False,False,62069,0,False,3467,True,0,False,0,False,0,False
003123,124_Курганы_5,SpOr,01_Курганы_5_SpOr_спутник.tif,Курганы_5_SpOr_курганы_поврежденные.geojson,kurgany_povrezhdennye,2,курганы_поврежденные,5,kurgany_povrezhdennye,256,256,256,36.64785641263098,39.85875874756233,True,False,False,61394,0,False,4142,True,0,False,0,False,0,False
003124,124_Курганы_5,SpOr,01_Курганы_5_SpOr_спутник.tif,Курганы_5_SpOr_курганы_поврежденные.geojson,kurgany_povrezhdennye,2,курганы_поврежденные,8,kurgany_povrezhdennye,256,256,256,41.9149216269073,38.83857698238593,True,False,False,59925,0,False,5611,True,0,False,0,False,0,False
003125,124_Курганы_5,SpOr,01_Курганы_5_SpOr_спутник.tif,Курганы_5_SpOr_курганы_поврежденные.geojson,kurgany_povrezhdennye,2,курганы_поврежденные,8,kurgany_povrezhdennye,256,256,256,24.575431191309907,27.456061921338804,True,False,False,59371,0,False,6165,True,0,False,0,False,0,False
003126,124_Курганы_5,SpOr,01_Курганы_5_SpOr_спутник.tif,Курганы_5_SpOr_курганы_поврежденные.geojson,kurgany_povrezhdennye,2,курганы_поврежденные,9,kurgany_povrezhdennye,256,256,256,33.35929865149363,33.54324882628528,True,False,False,59797,0,False,5739,True,0,False,0,False,0,False
003127,124_Курганы_5,SpOr,01_Курганы_5_SpOr_спутник.tif,Курганы_5_SpOr_курганы_поврежденные.geojson,kurgany_povrezhdennye,2,курганы_поврежденные,8,kurgany_povrezhdennye,256,256,256,18.956034351473743,19.559811571773636,True,False,False,60110,0,False,5426,True,0,False,0,False,0,False
003128,124_Курганы_5,SpOr,01_Курганы_5_SpOr_спутник.tif,Курганы_5_SpOr_курганы_поврежденные.geojson,kurgany_povrezhdennye,2,курганы_поврежденные,8,kurgany_povrezhdennye,256,256,256,15.51168766111167,18.19812652402145,True,False,False,60276,0,False,5260,True,0,False,0,False,0,False
003129,124_Курганы_5,SpOr,01_Курганы_5_SpOr_спутник.tif,Курганы_5_SpOr_курганы_поврежденные.geojson,kurgany_povrezhdennye,2,курганы_поврежденные,8,kurgany_povrezhdennye,256,256,256,25.698713745520337,20.93021807132867,True,False,False,60378,0,False,5158,True,0,False,0,False,0,False
003130,124_Курганы_5,SpOr,01_Курганы_5_SpOr_спутник.tif,Курганы_5_SpOr_курганы_поврежденные.geojson,kurgany_povrezhdennye,2,курганы_поврежденные,7,kurgany_povrezhdennye,256,256,256,14.073752739965762,14.742857726338382,True,False,False,61718,0,False,3818,True,0,False,0,False,0,False
003131,124_Курганы_5,SpOr,01_Курганы_5_SpOr_спутник.tif,Курганы_5_SpOr_курганы_поврежденные.geojson,kurgany_povrezhdennye,2,курганы_поврежденные,7,kurgany_povrezhdennye,256,256,256,50.30979218494911,49.423729162532574,True,False,False,61307,0,False,4229,True,0,False,0,False,0,False
003132,124_Курганы_5,SpOr,01_Курганы_5_SpOr_спутник.tif,Курганы_5_SpOr_курганы_поврежденные.geojson,kurgany_povrezhdennye,2,курганы_поврежденные,1,kurgany_povrezhdennye,256,256,256,28.323064195383225,35.60878430149679,True,False,False,64703,0,False,833,True,0,False,0,False,0,False
003134,124_Курганы_5,SpOr,01_Курганы_5_SpOr_спутник.tif,Курганы_5_SpOr_курганы_поврежденные.geojson,kurgany_povrezhdennye,2,курганы_поврежденные,1,kurgany_povrezhdennye,256,256,256,21.23549788197517,20.723568127743945,True,False,False,65203,0,False,333,True,0,False,0,False,0,False
003136,125_Курганы_6,SpOr,01_Курганы_6_SpOr_спутник.tif,Курганы_6_SpOr_курганы_поврежденные.geojson,kurgany_povrezhdennye,2,курганы_поврежденные,2,kurgany_povrezhdennye,308,308,308,145.40616603764636,153.27058785339338,True,False,False,72509,0,False,22355,True,0,False,0,False,0,False
003137,125_Курганы_6,SpOr,01_Курганы_6_SpOr_спутник.tif,Курганы_6_SpOr_курганы_поврежденные.geojson,kurgany_povrezhdennye,2,курганы_поврежденные,3,kurgany_povrezhdennye,298,298,298,110.74390824742,148.26434161031122,True,False,False,70484,0,False,18320,True,0,False,0,False,0,False
003138,125_Курганы_6,SpOr,01_Курганы_6_SpOr_спутник.tif,Курганы_6_SpOr_курганы_поврежденные.geojson,kurgany_povrezhdennye,2,курганы_поврежденные,3,kurgany_povrezhdennye,256,256,256,42.27400410802249,50.88182045777221,True,False,False,61084,0,False,4452,True,0,False,0,False,0,False
003139,125_Курганы_6,SpOr,01_Курганы_6_SpOr_спутник.tif,Курганы_6_SpOr_курганы_поврежденные.geojson,kurgany_povrezhdennye,2,курганы_поврежденные,5,kurgany_povrezhdennye,256,256,256,52.65031697876548,59.03412916268972,True,False,False,58224,0,False,7312,True,0,False,0,False,0,False
003140,125_Курганы_6,SpOr,01_Курганы_6_SpOr_спутник.tif,Курганы_6_SpOr_курганы_поврежденные.geojson,kurgany_povrezhdennye,2,курганы_поврежденные,6,kurgany_povrezhdennye,256,256,256,54.95090833534416,47.125798816037,True,False,False,56646,0,False,8890,True,0,False,0,False,0,False
003141,125_Курганы_6,SpOr,01_Курганы_6_SpOr_спутник.tif,Курганы_6_SpOr_курганы_поврежденные.geojson,kurgany_povrezhdennye,2,курганы_поврежденные,5,kurgany_povrezhdennye,256,256,256,63.86056541108522,55.34325859102651,True,False,False,56962,0,False,8574,True,0,False,0,False,0,False
003142,125_Курганы_6,SpOr,01_Курганы_6_SpOr_спутник.tif,Курганы_6_SpOr_курганы_поврежденные.geojson,kurgany_povrezhdennye,2,курганы_поврежденные,4,kurgany_povrezhdennye,256,256,256,58.02829239163152,61.12940185068745,True,False,False,56382,0,False,9154,True,0,False,0,False,0,False
003143,125_Курганы_6,SpOr,01_Курганы_6_SpOr_спутник.tif,Курганы_6_SpOr_курганы_поврежденные.geojson,kurgany_povrezhdennye,2,курганы_поврежденные,4,kurgany_povrezhdennye,256,256,256,53.27396163167366,70.71507226753002,True,False,False,56377,0,False,9159,True,0,False,0,False,0,False
003145,125_Курганы_6,SpOr,01_Курганы_6_SpOr_спутник.tif,Курганы_6_SpOr_курганы_поврежденные.geojson,kurgany_povrezhdennye,2,курганы_поврежденные,2,kurgany_povrezhdennye,256,256,256,55.90103935623479,75.5412415501662,True,False,False,59102,0,False,6434,True,0,False,0,False,0,False
003146,125_Курганы_6,SpOr,01_Курганы_6_SpOr_спутник.tif,Курганы_6_SpOr_курганы_поврежденные.geojson,kurgany_povrezhdennye,2,курганы_поврежденные,2,kurgany_povrezhdennye,256,256,256,55.931203892863614,72.90390050447203,True,False,False,59102,0,False,6434,True,0,False,0,False,0,False
003147,125_Курганы_6,SpOr,01_Курганы_6_SpOr_спутник.tif,Курганы_6_SpOr_курганы_поврежденные.geojson,kurgany_povrezhdennye,2,курганы_поврежденные,6,kurgany_povrezhdennye,256,256,256,37.58949303366971,44.57738044761855,True,False,False,62034,0,False,3502,True,0,False,0,False,0,False
003150,125_Курганы_6,SpOr,01_Курганы_6_SpOr_спутник.tif,Курганы_6_SpOr_курганы_поврежденные.geojson,kurgany_povrezhdennye,2,курганы_поврежденные,5,kurgany_povrezhdennye,256,256,256,37.45205199481165,38.74474701876492,True,False,False,60494,0,False,5042,True,0,False,0,False,0,False
003152,126_Курганы_7,SpOr,01_Курганы_7_SpOr_спутник.tif,Курганы_7_SpOr_курганы_поврежденные.geojson,kurgany_povrezhdennye,2,курганы_поврежденные,1,kurgany_povrezhdennye,440,440,440,219.45581241325317,190.16243001104928,True,False,False,163194,0,False,30406,True,0,False,0,False,0,False
003154,127_Курганы_8,SpOr,01_Курганы_8_SpOr_спутник.tif,Курганы_8_SpOr_курганы_поврежденные.geojson,kurgany_povrezhdennye,2,курганы_поврежденные,5,kurgany_povrezhdennye,256,256,256,50.277640656718944,42.84436969181627,True,False,False,59218,0,False,6318,True,0,False,0,False,0,False
003155,127_Курганы_8,SpOr,01_Курганы_8_SpOr_спутник.tif,Курганы_8_SpOr_курганы_поврежденные.geojson,kurgany_povrezhdennye,2,курганы_поврежденные,4,kurgany_povrezhdennye,256,256,256,51.06145277806044,44.058138735539984,True,False,False,60579,0,False,4957,True,0,False,0,False,0,False
003156,127_Курганы_8,SpOr,01_Курганы_8_SpOr_спутник.tif,Курганы_8_SpOr_курганы_поврежденные.geojson,kurgany_povrezhdennye,2,курганы_поврежденные,5,kurgany_povrezhdennye,256,256,256,64.03103875805033,64.51131779228653,True,False,False,59142,0,False,6394,True,0,False,0,False,0,False
003157,127_Курганы_8,SpOr,01_Курганы_8_SpOr_спутник.tif,Курганы_8_SpOr_курганы_поврежденные.geojson,kurgany_povrezhdennye,2,курганы_поврежденные,4,kurgany_povrezhdennye,256,256,256,57.56373925158512,53.54832370501785,True,False,False,59995,0,False,5541,True,0,False,0,False,0,False
003158,127_Курганы_8,SpOr,01_Курганы_8_SpOr_спутник.tif,Курганы_8_SpOr_курганы_поврежденные.geojson,kurgany_povrezhdennye,2,курганы_поврежденные,2,kurgany_povrezhdennye,256,256,256,51.688904116233296,53.10231278044634,True,False,False,62786,0,False,2750,True,0,False,0,False,0,False
003159,127_Курганы_8,SpOr,01_Курганы_8_SpOr_спутник.tif,Курганы_8_SpOr_курганы_поврежденные.geojson,kurgany_povrezhdennye,2,курганы_поврежденные,5,kurgany_povrezhdennye,256,256,256,41.127730615412965,42.02445549228283,True,False,False,60040,0,False,5496,True,0,False,0,False,0,False
003162,127_Курганы_8,SpOr,01_Курганы_8_SpOr_спутник.tif,Курганы_8_SpOr_курганы_поврежденные.geojson,kurgany_povrezhdennye,2,курганы_поврежденные,1,kurgany_povrezhdennye,256,256,256,94.09304525575972,103.2042446422184,True,False,False,58448,0,False,7088,True,0,False,0,False,0,False
003163,127_Курганы_8,SpOr,01_Курганы_8_SpOr_спутник.tif,Курганы_8_SpOr_курганы_поврежденные.geojson,kurgany_povrezhdennye,2,курганы_поврежденные,3,kurgany_povrezhdennye,256,256,256,82.49658997346845,84.03115884005346,True,False,False,57545,0,False,7991,True,0,False,0,False,0,False
003164,127_Курганы_8,SpOr,01_Курганы_8_SpOr_спутник.tif,Курганы_8_SpOr_курганы_поврежденные.geojson,kurgany_povrezhdennye,2,курганы_поврежденные,1,kurgany_povrezhdennye,256,256,256,51.84917221222123,41.60402521504414,True,False,False,63858,0,False,1678,True,0,False,0,False,0,False
003166,127_Курганы_8,SpOr,01_Курганы_8_SpOr_спутник.tif,Курганы_8_SpOr_курганы_поврежденные.geojson,kurgany_povrezhdennye,2,курганы_поврежденные,5,kurgany_povrezhdennye,256,256,256,32.94074229752964,32.82607457650399,True,False,False,58608,0,False,6928,True,0,False,0,False,0,False
003167,127_Курганы_8,SpOr,01_Курганы_8_SpOr_спутник.tif,Курганы_8_SpOr_курганы_поврежденные.geojson,kurgany_povrezhdennye,2,курганы_поврежденные,7,kurgany_povrezhdennye,256,256,256,34.56583139096015,33.034308350800615,True,False,False,57433,0,False,8103,True,0,False,0,False,0,False
003168,128_Курганы_9,SpOr,01_Курганы_9_SpOr_спутник.tif,Курганы_9_SpOr_курганы_поврежденные.geojson,kurgany_povrezhdennye,2,курганы_поврежденные,1,kurgany_povrezhdennye,256,256,256,71.98132746341695,65.7762341460389,True,False,False,61894,0,False,3642,True,0,False,0,False,0,False
003169,128_Курганы_9,SpOr,01_Курганы_9_SpOr_спутник.tif,Курганы_9_SpOr_курганы_поврежденные.geojson,kurgany_povrezhdennye,2,курганы_поврежденные,7,kurgany_povrezhdennye;kurgany_tselye,256,256,256,29.85698493319735,30.36327808806496,True,False,False,58610,1788,True,5138,True,0,False,0,False,0,False
003171,128_Курганы_9,SpOr,01_Курганы_9_SpOr_спутник.tif,Курганы_9_SpOr_курганы_поврежденные.geojson,kurgany_povrezhdennye,2,курганы_поврежденные,3,kurgany_povrezhdennye;kurgany_tselye,256,256,256,68.51251253958023,54.68084594426619,True,False,False,57391,4973,True,3172,True,0,False,0,False,0,False
003172,128_Курганы_9,SpOr,01_Курганы_9_SpOr_спутник.tif,Курганы_9_SpOr_курганы_поврежденные.geojson,kurgany_povrezhdennye,2,курганы_поврежденные,6,kurgany_povrezhdennye;kurgany_tselye,256,256,256,71.79609967749259,77.32355384728088,True,False,False,51645,6338,True,7553,True,0,False,0,False,0,False
003173,128_Курганы_9,SpOr,01_Курганы_9_SpOr_спутник.tif,Курганы_9_SpOr_курганы_поврежденные.geojson,kurgany_povrezhdennye,2,курганы_поврежденные,5,kurgany_povrezhdennye;kurgany_tselye,256,256,256,54.13974112473713,54.11498240620013,True,False,False,49944,8753,True,6839,True,0,False,0,False,0,False
003174,128_Курганы_9,SpOr,01_Курганы_9_SpOr_спутник.tif,Курганы_9_SpOr_курганы_поврежденные.geojson,kurgany_povrezhdennye,2,курганы_поврежденные,6,kurgany_povrezhdennye;kurgany_tselye,256,256,256,34.97013168569945,29.78256728924123,True,False,False,55085,3924,True,6527,True,0,False,0,False,0,False
003175,128_Курганы_9,SpOr,01_Курганы_9_SpOr_спутник.tif,Курганы_9_SpOr_курганы_поврежденные.geojson,kurgany_povrezhdennye,2,курганы_поврежденные,6,kurgany_povrezhdennye,256,256,256,27.92935012361593,27.97027662338421,True,False,False,61104,0,False,4432,True,0,False,0,False,0,False
003176,128_Курганы_9,SpOr,01_Курганы_9_SpOr_спутник.tif,Курганы_9_SpOr_курганы_поврежденные.geojson,kurgany_povrezhdennye,2,курганы_поврежденные,3,kurgany_povrezhdennye,256,256,256,57.52574429969814,48.44009886156923,True,False,False,62266,0,False,3270,True,0,False,0,False,0,False
003177,128_Курганы_9,SpOr,01_Курганы_9_SpOr_спутник.tif,Курганы_9_SpOr_курганы_целые.geojson,kurgany_tselye,1,курганы_целые,3,kurgany_tselye,256,256,256,80.17833374868859,98.08250710873224,True,False,False,57395,8141,True,0,False,0,False,0,False,0,False
003178,128_Курганы_9,SpOr,01_Курганы_9_SpOr_спутник.tif,Курганы_9_SpOr_курганы_целые.geojson,kurgany_tselye,1,курганы_целые,3,kurgany_tselye,256,256,256,53.81032894674784,54.523680938431255,True,False,False,55604,9932,True,0,False,0,False,0,False,0,False
003179,128_Курганы_9,SpOr,01_Курганы_9_SpOr_спутник.tif,Курганы_9_SpOr_курганы_целые.geojson,kurgany_tselye,1,курганы_целые,5,kurgany_povrezhdennye;kurgany_tselye,256,256,256,72.42079731784052,68.3265534471605,True,False,False,56574,4968,True,3994,True,0,False,0,False,0,False
003180,128_Курганы_9,SpOr,01_Курганы_9_SpOr_спутник.tif,Курганы_9_SpOr_курганы_целые.geojson,kurgany_tselye,1,курганы_целые,6,kurgany_povrezhdennye;kurgany_tselye,256,256,256,81.11471051120076,91.59521257535964,True,False,False,52304,8448,True,4784,True,0,False,0,False,0,False
003181,128_Курганы_9,SpOr,01_Курганы_9_SpOr_спутник.tif,Курганы_9_SpOr_курганы_целые.geojson,kurgany_tselye,1,курганы_целые,4,kurgany_povrezhdennye;kurgany_tselye,256,256,256,76.97654810280379,68.55447877310517,True,False,False,52393,7515,True,5628,True,0,False,0,False,0,False
003182,129_Курганы_10,SpOr,01_Курганы_10_SpOr_спутник.tif,Курганы_10_SpOr_курганы_поврежденные.geojson,kurgany_povrezhdennye,2,курганы_поврежденные,5,kurgany_povrezhdennye,256,256,256,47.01656154570511,45.5113224589342,True,False,False,61938,0,False,3598,True,0,False,0,False,0,False
003183,129_Курганы_10,SpOr,01_Курганы_10_SpOr_спутник.tif,Курганы_10_SpOr_курганы_поврежденные.geojson,kurgany_povrezhdennye,2,курганы_поврежденные,6,kurgany_povrezhdennye,256,256,256,31.95149744077388,29.12417198496337,True,False,False,60955,0,False,4581,True,0,False,0,False,0,False
003184,129_Курганы_10,SpOr,01_Курганы_10_SpOr_спутник.tif,Курганы_10_SpOr_курганы_поврежденные.geojson,kurgany_povrezhdennye,2,курганы_поврежденные,7,kurgany_povrezhdennye,256,256,256,30.3890542967553,29.089928700358055,True,False,False,60873,0,False,4663,True,0,False,0,False,0,False
003185,129_Курганы_10,SpOr,01_Курганы_10_SpOr_спутник.tif,Курганы_10_SpOr_курганы_поврежденные.geojson,kurgany_povrezhdennye,2,курганы_поврежденные,8,kurgany_povrezhdennye,256,256,256,29.282745689940118,31.96402386778698,True,False,False,60489,0,False,5047,True,0,False,0,False,0,False
003186,129_Курганы_10,SpOr,01_Курганы_10_SpOr_спутник.tif,Курганы_10_SpOr_курганы_поврежденные.geojson,kurgany_povrezhdennye,2,курганы_поврежденные,9,kurgany_povrezhdennye,256,256,256,29.71738565530641,31.160607641963928,True,False,False,61579,0,False,3957,True,0,False,0,False,0,False
003187,129_Курганы_10,SpOr,01_Курганы_10_SpOr_спутник.tif,Курганы_10_SpOr_курганы_поврежденные.geojson,kurgany_povrezhdennye,2,курганы_поврежденные,11,kurgany_povrezhdennye,256,256,256,20.330296811567585,21.13422768768915,True,False,False,61675,0,False,3861,True,0,False,0,False,0,False
003188,129_Курганы_10,SpOr,01_Курганы_10_SpOr_спутник.tif,Курганы_10_SpOr_курганы_поврежденные.geojson,kurgany_povrezhdennye,2,курганы_поврежденные,13,kurgany_povrezhdennye,256,256,256,20.1971502442714,23.54529919664405,True,False,False,62110,0,False,3426,True,0,False,0,False,0,False
003189,129_Курганы_10,SpOr,01_Курганы_10_SpOr_спутник.tif,Курганы_10_SpOr_курганы_поврежденные.geojson,kurgany_povrezhdennye,2,курганы_поврежденные,8,kurgany_povrezhdennye,256,256,256,26.968873949199487,31.47168156942225,True,False,False,63005,0,False,2531,True,0,False,0,False,0,False
003190,129_Курганы_10,SpOr,01_Курганы_10_SpOr_спутник.tif,Курганы_10_SpOr_курганы_поврежденные.geojson,kurgany_povrezhdennye,2,курганы_поврежденные,12,kurgany_povrezhdennye,256,256,256,18.63614272453271,26.322146299261178,True,False,False,62370,0,False,3166,True,0,False,0,False,0,False
003191,129_Курганы_10,SpOr,01_Курганы_10_SpOr_спутник.tif,Курганы_10_SpOr_курганы_поврежденные.geojson,kurgany_povrezhdennye,2,курганы_поврежденные,1,kurgany_povrezhdennye,256,256,256,31.52335069685466,37.0637593184649,True,False,False,64669,0,False,867,True,0,False,0,False,0,False
003192,129_Курганы_10,SpOr,01_Курганы_10_SpOr_спутник.tif,Курганы_10_SpOr_курганы_поврежденные.geojson,kurgany_povrezhdennye,2,курганы_поврежденные,13,kurgany_povrezhdennye,256,256,256,10.088534730084255,10.36182862052992,True,False,False,61908,0,False,3628,True,0,False,0,False,0,False
003193,129_Курганы_10,SpOr,01_Курганы_10_SpOr_спутник.tif,Курганы_10_SpOr_курганы_поврежденные.geojson,kurgany_povrezhdennye,2,курганы_поврежденные,14,kurgany_povrezhdennye,256,256,256,11.455566323882888,13.200611605638862,True,False,False,62018,0,False,3518,True,0,False,0,False,0,False
003194,129_Курганы_10,SpOr,01_Курганы_10_SpOr_спутник.tif,Курганы_10_SpOr_курганы_поврежденные.geojson,kurgany_povrezhdennye,2,курганы_поврежденные,10,kurgany_povrezhdennye,256,256,256,10.211360398859735,15.787239848640269,True,False,False,62339,0,False,3197,True,0,False,0,False,0,False
003195,129_Курганы_10,SpOr,01_Курганы_10_SpOr_спутник.tif,Курганы_10_SpOr_курганы_поврежденные.geojson,kurgany_povrezhdennye,2,курганы_поврежденные,10,kurgany_povrezhdennye,256,256,256,11.355936033759036,16.569902638957533,True,False,False,62881,0,False,2655,True,0,False,0,False,0,False
003196,129_Курганы_10,SpOr,01_Курганы_10_SpOr_спутник.tif,Курганы_10_SpOr_курганы_поврежденные.geojson,kurgany_povrezhdennye,2,курганы_поврежденные,10,kurgany_povrezhdennye,256,256,256,24.023908052949785,35.59731241187764,True,False,False,62586,0,False,2950,True,0,False,0,False,0,False
003197,129_Курганы_10,SpOr,01_Курганы_10_SpOr_спутник.tif,Курганы_10_SpOr_курганы_поврежденные.geojson,kurgany_povrezhdennye,2,курганы_поврежденные,8,kurgany_povrezhdennye,256,256,256,27.365756783533666,29.88686093044315,True,False,False,62428,0,False,3108,True,0,False,0,False,0,False
003198,129_Курганы_10,SpOr,01_Курганы_10_SpOr_спутник.tif,Курганы_10_SpOr_курганы_поврежденные.geojson,kurgany_povrezhdennye,2,курганы_поврежденные,12,kurgany_povrezhdennye,256,256,256,24.62307117787204,25.70228611133493,True,False,False,62083,0,False,3453,True,0,False,0,False,0,False
003199,129_Курганы_10,SpOr,01_Курганы_10_SpOr_спутник.tif,Курганы_10_SpOr_курганы_поврежденные.geojson,kurgany_povrezhdennye,2,курганы_поврежденные,8,kurgany_povrezhdennye,256,256,256,15.772030416528898,18.914641135236018,True,False,False,63557,0,False,1979,True,0,False,0,False,0,False
003200,130_Курганы_11,SpOr,01_Курганы_11_SpOr_спутник.tif,Курганы_11_SpOr_курганы_поврежденные.geojson,kurgany_povrezhdennye,2,курганы_поврежденные,2,kurgany_povrezhdennye,256,256,256,29.13504824528867,30.38490028747066,True,False,False,62507,0,False,3029,True,0,False,0,False,0,False
003201,130_Курганы_11,SpOr,01_Курганы_11_SpOr_спутник.tif,Курганы_11_SpOr_курганы_поврежденные.geojson,kurgany_povrezhdennye,2,курганы_поврежденные,2,kurgany_povrezhdennye,256,256,256,43.251746714595015,32.87331296826467,True,False,False,64131,0,False,1405,True,0,False,0,False,0,False
003203,130_Курганы_11,SpOr,01_Курганы_11_SpOr_спутник.tif,Курганы_11_SpOr_курганы_поврежденные.geojson,kurgany_povrezhdennye,2,курганы_поврежденные,3,kurgany_povrezhdennye,256,256,256,42.17861347442325,41.16238195334147,True,False,False,62247,0,False,3289,True,0,False,0,False,0,False
003204,130_Курганы_11,SpOr,01_Курганы_11_SpOr_спутник.tif,Курганы_11_SpOr_курганы_поврежденные.geojson,kurgany_povrezhdennye,2,курганы_поврежденные,3,kurgany_povrezhdennye,256,256,256,49.824288318643816,30.22388226898616,True,False,False,62247,0,False,3289,True,0,False,0,False,0,False
003205,130_Курганы_11,SpOr,01_Курганы_11_SpOr_спутник.tif,Курганы_11_SpOr_курганы_поврежденные.geojson,kurgany_povrezhdennye,2,курганы_поврежденные,3,kurgany_povrezhdennye,256,256,256,37.3123915600221,29.666657168719286,True,False,False,62247,0,False,3289,True,0,False,0,False,0,False
003206,130_Курганы_11,SpOr,01_Курганы_11_SpOr_спутник.tif,Курганы_11_SpOr_курганы_поврежденные.geojson,kurgany_povrezhdennye,2,курганы_поврежденные,4,kurgany_povrezhdennye,256,256,256,50.56749642048491,36.90851272935947,True,False,False,62221,0,False,3315,True,0,False,0,False,0,False
003207,130_Курганы_11,SpOr,01_Курганы_11_SpOr_спутник.tif,Курганы_11_SpOr_курганы_поврежденные.geojson,kurgany_povrezhdennye,2,курганы_поврежденные,5,kurgany_povrezhdennye,256,256,256,36.113296684252106,32.668438209531054,True,False,False,61761,0,False,3775,True,0,False,0,False,0,False
003208,130_Курганы_11,SpOr,01_Курганы_11_SpOr_спутник.tif,Курганы_11_SpOr_курганы_поврежденные.geojson,kurgany_povrezhdennye,2,курганы_поврежденные,3,kurgany_povrezhdennye,256,256,256,55.99052725041378,59.62652064953346,True,False,False,62415,0,False,3121,True,0,False,0,False,0,False
003209,130_Курганы_11,SpOr,01_Курганы_11_SpOr_спутник.tif,Курганы_11_SpOr_курганы_поврежденные.geojson,kurgany_povrezhdennye,2,курганы_поврежденные,5,kurgany_povrezhdennye,256,256,256,27.86008301430057,26.22945745835506,True,False,False,61723,0,False,3813,True,0,False,0,False,0,False
003211,130_Курганы_11,SpOr,01_Курганы_11_SpOr_спутник.tif,Курганы_11_SpOr_курганы_поврежденные.geojson,kurgany_povrezhdennye,2,курганы_поврежденные,4,kurgany_povrezhdennye,256,256,256,24.001039226285886,28.52500880871684,True,False,False,63261,0,False,2275,True,0,False,0,False,0,False
003212,130_Курганы_11,SpOr,01_Курганы_11_SpOr_спутник.tif,Курганы_11_SpOr_курганы_поврежденные.geojson,kurgany_povrezhdennye,2,курганы_поврежденные,5,kurgany_povrezhdennye,256,256,256,27.11588020591027,28.272304098372945,True,False,False,61941,0,False,3595,True,0,False,0,False,0,False
003215,131_Курганы_12,SpOr,01_Курганы_12_SpOr_спутник.tif,Курганы_12_SpOr_курганы_поврежденные.geojson,kurgany_povrezhdennye,2,курганы_поврежденные,1,kurgany_povrezhdennye,256,256,256,62.221687637220576,82.44563999049466,True,False,False,61768,0,False,3768,True,0,False,0,False,0,False
003216,131_Курганы_12,SpOr,01_Курганы_12_SpOr_спутник.tif,Курганы_12_SpOr_курганы_поврежденные.geojson,kurgany_povrezhdennye,2,курганы_поврежденные,2,kurgany_povrezhdennye,256,256,256,71.21184896975267,78.90839794691927,True,False,False,59894,0,False,5642,True,0,False,0,False,0,False
003217,131_Курганы_12,SpOr,01_Курганы_12_SpOr_спутник.tif,Курганы_12_SpOr_курганы_поврежденные.geojson,kurgany_povrezhdennye,2,курганы_поврежденные,2,kurgany_povrezhdennye,256,256,256,40.716662077096366,37.47266181215752,True,False,False,59894,0,False,5642,True,0,False,0,False,0,False
003218,131_Курганы_12,SpOr,01_Курганы_12_SpOr_спутник.tif,Курганы_12_SpOr_курганы_поврежденные.geojson,kurgany_povrezhdennye,2,курганы_поврежденные,3,kurgany_povrezhdennye,256,256,256,66.79106027726492,60.01954459946329,True,False,False,61221,0,False,4315,True,0,False,0,False,0,False
003219,131_Курганы_12,SpOr,01_Курганы_12_SpOr_спутник.tif,Курганы_12_SpOr_курганы_поврежденные.geojson,kurgany_povrezhdennye,2,курганы_поврежденные,3,kurgany_povrezhdennye,256,256,256,25.71788947717141,27.866838768016773,True,False,False,61221,0,False,4315,True,0,False,0,False,0,False
003221,140_Каменные_выкладки_1,SpOr,01_Каменные_выкладки_1_SpOr_спутник.tif,Каменные_выкладки_1_SpOr_архитектуры.geojson,arkhitektury,5,архитектуры,5,arkhitektury,256,256,256,40.38603342753347,42.0710655826045,True,False,False,55980,0,False,0,False,0,False,0,False,9556,True
003222,140_Каменные_выкладки_1,SpOr,01_Каменные_выкладки_1_SpOr_спутник.tif,Каменные_выкладки_1_SpOr_архитектуры.geojson,arkhitektury,5,архитектуры,1,arkhitektury,256,256,256,65.93832059826318,83.2086020080198,True,False,False,61676,0,False,0,False,0,False,0,False,3860,True
003223,140_Каменные_выкладки_1,SpOr,01_Каменные_выкладки_1_SpOr_спутник.tif,Каменные_выкладки_1_SpOr_архитектуры.geojson,arkhitektury,5,архитектуры,5,arkhitektury,290,290,290,140.67047817057522,144.65157283761675,True,False,False,65660,0,False,0,False,0,False,0,False,18440,True
003224,140_Каменные_выкладки_1,SpOr,01_Каменные_выкладки_1_SpOr_спутник.tif,Каменные_выкладки_1_SpOr_архитектуры.geojson,arkhitektury,5,архитектуры,3,arkhitektury,256,256,256,82.04847249740283,101.41023381201408,True,False,False,55589,0,False,0,False,0,False,0,False,9947,True
003225,140_Каменные_выкладки_1,SpOr,01_Каменные_выкладки_1_SpOr_спутник.tif,Каменные_выкладки_1_SpOr_архитектуры.geojson,arkhitektury,5,архитектуры,5,arkhitektury,256,256,256,83.37232706866156,60.25547137839911,True,False,False,52252,0,False,0,False,0,False,0,False,13284,True
003229,140_Каменные_выкладки_1,SpOr,01_Каменные_выкладки_1_SpOr_спутник.tif,Каменные_выкладки_1_SpOr_архитектуры.geojson,arkhitektury,5,архитектуры,4,arkhitektury,256,256,256,37.05762623418289,40.29593964693506,True,False,False,61118,0,False,0,False,0,False,0,False,4418,True
003230,140_Каменные_выкладки_1,SpOr,01_Каменные_выкладки_1_SpOr_спутник.tif,Каменные_выкладки_1_SpOr_архитектуры.geojson,arkhitektury,5,архитектуры,4,arkhitektury,256,256,256,27.32611805715681,29.000041162442148,True,False,False,58608,0,False,0,False,0,False,0,False,6928,True
003233,142_Каменные_выкладки_3,SpOr,01_Каменные_выкладки_3_SpOr_спутник.tif,Каменные_выкладки_3_SpOr_архитектуры.geojson,arkhitektury,5,архитектуры,2,arkhitektury,256,256,256,76.58037942002557,53.49117360228479,True,False,False,60838,0,False,0,False,0,False,0,False,4698,True
003234,142_Каменные_выкладки_3,SpOr,01_Каменные_выкладки_3_SpOr_спутник.tif,Каменные_выкладки_3_SpOr_архитектуры.geojson,arkhitektury,5,архитектуры,2,arkhitektury,256,256,256,49.57899844341031,51.96660945294163,True,False,False,60838,0,False,0,False,0,False,0,False,4698,True
003236,143_Каменные_выкладки_4,SpOr,01_Каменные_выкладки_4_SpOr_спутник.tif,Каменные_выкладки_4_SpOr_архитектуры.geojson,arkhitektury,5,архитектуры,1,arkhitektury,256,256,256,58.98802592912118,89.80164065042469,True,False,False,61895,0,False,0,False,0,False,0,False,3641,True
003237,144_Каменные_выкладки_5,SpOr,01_Каменные_выкладки_5_SpOr_спутник.tif,Каменные_выкладки_5_SpOr_архитектуры.geojson,arkhitektury,5,архитектуры,1,arkhitektury,256,256,256,67.3020680178021,87.72516458753469,True,False,False,61187,0,False,0,False,0,False,0,False,4349,True
003238,149_Орнок,SpOr,01_Орнок_SpOr_спутник.tif,Орнок_SpOr_архитектуры.geojson,arkhitektury,5,архитектуры,1,arkhitektury,256,256,256,27.11093926255836,27.297683408188767,True,False,False,64988,0,False,0,False,0,False,0,False,548,True
003239,149_Орнок,SpOr,01_Орнок_SpOr_спутник.tif,Орнок_SpOr_архитектуры.geojson,arkhitektury,5,архитектуры,4,arkhitektury,256,256,256,31.676413900545523,39.4787560581117,True,False,False,61376,0,False,0,False,0,False,0,False,4160,True
003240,149_Орнок,SpOr,01_Орнок_SpOr_спутник.tif,Орнок_SpOr_архитектуры.geojson,arkhitektury,5,архитектуры,5,arkhitektury,256,256,256,14.82448364489426,15.182784142882973,True,False,False,58329,0,False,0,False,0,False,0,False,7207,True
003241,149_Орнок,SpOr,01_Орнок_SpOr_спутник.tif,Орнок_SpOr_архитектуры.geojson,arkhitektury,5,архитектуры,4,arkhitektury,256,256,256,56.03896325395988,64.42733421251039,True,False,False,59135,0,False,0,False,0,False,0,False,6401,True
003242,149_Орнок,SpOr,01_Орнок_SpOr_спутник.tif,Орнок_SpOr_архитектуры.geojson,arkhitektury,5,архитектуры,7,arkhitektury,256,256,256,61.07749929746575,61.58468809160051,True,False,False,55838,0,False,0,False,0,False,0,False,9698,True
003243,149_Орнок,SpOr,01_Орнок_SpOr_спутник.tif,Орнок_SpOr_архитектуры.geojson,arkhitektury,5,архитектуры,6,arkhitektury,256,256,256,39.4037769336968,56.69064485215574,True,False,False,57062,0,False,0,False,0,False,0,False,8474,True
003244,149_Орнок,SpOr,01_Орнок_SpOr_спутник.tif,Орнок_SpOr_архитектуры.geojson,arkhitektury,5,архитектуры,6,arkhitektury,256,256,256,34.56983062034387,42.691395625820014,True,False,False,58395,0,False,0,False,0,False,0,False,7141,True
003245,149_Орнок,SpOr,01_Орнок_SpOr_спутник.tif,Орнок_SpOr_архитектуры.geojson,arkhitektury,5,архитектуры,6,arkhitektury,256,256,256,22.40168031259953,36.99472099763904,True,False,False,58774,0,False,0,False,0,False,0,False,6762,True
003246,149_Орнок,SpOr,01_Орнок_SpOr_спутник.tif,Орнок_SpOr_архитектуры.geojson,arkhitektury,5,архитектуры,6,arkhitektury,256,256,256,58.921350469882,72.925302142071,True,False,False,54147,0,False,0,False,0,False,0,False,11389,True
003247,149_Орнок,SpOr,01_Орнок_SpOr_спутник.tif,Орнок_SpOr_архитектуры.geojson,arkhitektury,5,архитектуры,6,arkhitektury,256,256,256,80.75124980285024,83.5906535647696,True,False,False,55175,0,False,0,False,0,False,0,False,10361,True
003248,149_Орнок,SpOr,01_Орнок_SpOr_спутник.tif,Орнок_SpOr_архитектуры.geojson,arkhitektury,5,архитектуры,6,arkhitektury,256,256,256,25.785878931097848,32.35235107306347,True,False,False,58611,0,False,0,False,0,False,0,False,6925,True
003249,149_Орнок,SpOr,01_Орнок_SpOr_спутник.tif,Орнок_SpOr_архитектуры.geojson,arkhitektury,5,архитектуры,2,arkhitektury,256,256,256,31.994526763718163,25.66087306337272,True,False,False,64428,0,False,0,False,0,False,0,False,1108,True
003250,150_Постройки_1,SpOr,01_Постройки_1_SpOr_спутник.tiff,Постройки_1_SpOr_архитектуры.geojson,arkhitektury,5,архитектуры,3,arkhitektury,256,256,256,107.18474668289272,114.7151282708276,True,False,False,50642,0,False,0,False,0,False,0,False,14894,True
003251,150_Постройки_1,SpOr,01_Постройки_1_SpOr_спутник.tiff,Постройки_1_SpOr_архитектуры.geojson,arkhitektury,5,архитектуры,3,arkhitektury,256,256,256,83.62249118041578,92.33536637348006,True,False,False,53405,0,False,0,False,0,False,0,False,12131,True
003252,150_Постройки_1,SpOr,01_Постройки_1_SpOr_спутник.tiff,Постройки_1_SpOr_архитектуры.geojson,arkhitektury,5,архитектуры,3,arkhitektury,256,256,256,106.85686114458504,104.56244048431148,True,False,False,48194,0,False,0,False,0,False,0,False,17342,True
003253,151_Постройки_2,SpOr,01_Постройки_2_SpOr_спутник.tiff,Постройки_2_SpOr_архитектуры.geojson,arkhitektury,5,архитектуры,1,arkhitektury,278,278,278,109.06673812245756,138.43956753443777,True,False,False,64715,0,False,0,False,0,False,0,False,12569,True
003259,670_СУДБИЩИ,Li,03_Судбищи_Li_карты_g.tif,Судбищи_Li_фортификации.geojson,fortifikatsii,4,фортификации,1,fortifikatsii,708,708,708,353.3289617876878,333.9872229378402,True,False,False,461070,0,False,0,False,0,False,40194,True,0,False
