candidate_id,image_path,image_id,region,source_id,original_width,original_height,x1,y1,x2,y2,x1_pad,y1_pad,x2_pad,y2_pad,yolo_conf,yolo_class,crop_path,overlay_path,split,matched_gt_id,max_iou_with_gt,is_tp_iou03,is_tp_iou05,tile_touches_raster_edge,has_edge_object,valid_fraction,tile_std,tile_p2,tile_p98,tile_p98_minus_p2,n_objects,is_positive,bbox_w,bbox_h,bbox_area,bbox_area_norm,aspect_ratio,pad_w,pad_h,pad_area,pad_area_norm,bbox_touches_image_edge,pad_touches_image_edge,tp03,tp05,fp03,iou_bin,group,mask_area,foreground_fraction,largest_component_area,largest_component_fraction,mask_bbox_area,mask_bbox_fraction,compactness,touches_crop_edge,num_components,mean_foreground_prob,max_foreground_prob,segmentation_mask_path,segmentation_overlay_path
000409_p0001,datasets/dataset_yolo_bbox_v3i_li_archaeological_object_merged/images/val/000409.png,409,004_ДЕМИДОВКА,004_ДЕМИДОВКА|Li|03_Демидовка_Li_карты_g.tif,1024,1024,422.9425659179688,498.9004821777344,599.2303466796875,707.8292236328125,378.8706207275391,446.6682968139648,643.3022918701172,760.061408996582,0.126746118068695,0,04_detection_yolo/reports/proposals/v3i_conf005/crops/000409_p0001.jpg,04_detection_yolo/reports/proposals/v3i_conf005/overlays/000409_p0001.jpg,val,,0.0,False,False,False,False,0.9999477863311768,30.666566848754883,79.0,230.0,151.0,0,False,176.2877807617187,208.92874145507807,36831.58416845462,0.0351253358540102,1.185157249993855,264.43167114257807,313.39311218261724,82871.06437902292,0.079032005671523,False,False,False,False,True,0,plausible_fp,16536,0.19735051915503043,14649,0.8858853410740203,66264,0.7908342284282134,0.15739838439680268,True,8,0.8368034958839417,0.9979714155197144,04_detection_yolo/reports/segmentation_refinement/v3i_conf005_deeplab_5class_43/masks/000409_p0001.png,04_detection_yolo/reports/segmentation_refinement/v3i_conf005_deeplab_5class_43/overlays/000409_p0001.jpg
000409_p0002,datasets/dataset_yolo_bbox_v3i_li_archaeological_object_merged/images/val/000409.png,409,004_ДЕМИДОВКА,004_ДЕМИДОВКА|Li|03_Демидовка_Li_карты_g.tif,1024,1024,250.42135620117188,361.64794921875,1010.2506713867188,1007.7049560546876,60.46402740478516,200.1336975097656,1024.0,1024.0,0.1064569056034088,0,04_detection_yolo/reports/proposals/v3i_conf005/crops/000409_p0002.jpg,04_detection_yolo/reports/proposals/v3i_conf005/overlays/000409_p0002.jpg,val,,0.0,False,False,False,False,0.9999477863311768,30.666566848754883,79.0,230.0,151.0,0,False,759.8293151855469,646.0570068359376,490893.0530749746,0.4681520968198534,1.1761025840533932,963.5359725952148,823.8663024902344,793824.8190583515,0.7570503416617884,False,True,False,False,True,0,obvious_fp,98157,0.1235711336260726,40955,0.4172397281905519,691188,0.8701456310679612,0.03915083743531711,True,19,0.6652989983558655,0.9362246990203857,04_detection_yolo/reports/segmentation_refinement/v3i_conf005_deeplab_5class_43/masks/000409_p0002.png,04_detection_yolo/reports/segmentation_refinement/v3i_conf005_deeplab_5class_43/overlays/000409_p0002.jpg
000409_p0003,datasets/dataset_yolo_bbox_v3i_li_archaeological_object_merged/images/val/000409.png,409,004_ДЕМИДОВКА,004_ДЕМИДОВКА|Li|03_Демидовка_Li_карты_g.tif,1024,1024,139.8478546142578,296.4180603027344,891.9342041015625,711.9327392578125,0.0,192.53939056396484,1024.0,815.811408996582,0.0834303945302963,0,04_detection_yolo/reports/proposals/v3i_conf005/crops/000409_p0003.jpg,04_detection_yolo/reports/proposals/v3i_conf005/overlays/000409_p0003.jpg,val,,0.0,False,False,False,False,0.9999477863311768,30.666566848754883,79.0,230.0,151.0,0,False,752.0863494873047,415.5146789550781,312502.9180537141,0.2980260067498341,1.810011505197904,1024.0,623.2720184326172,638230.546875,0.6086640805006027,False,True,False,False,True,0,obvious_fp,43916,0.06872871594551282,11456,0.26086164495855724,584704,0.9150641025641025,0.04081740406614347,True,23,0.7053908705711365,0.9949156641960144,04_detection_yolo/reports/segmentation_refinement/v3i_conf005_deeplab_5class_43/masks/000409_p0003.png,04_detection_yolo/reports/segmentation_refinement/v3i_conf005_deeplab_5class_43/overlays/000409_p0003.jpg
000409_p0004,datasets/dataset_yolo_bbox_v3i_li_archaeological_object_merged/images/val/000409.png,409,004_ДЕМИДОВКА,004_ДЕМИДОВКА|Li|03_Демидовка_Li_карты_g.tif,1024,1024,441.0784301757813,630.6546630859375,1021.3533325195312,1015.3043212890624,296.0097045898437,534.4922485351562,1024.0,1024.0,0.0815695971250534,0,04_detection_yolo/reports/proposals/v3i_conf005/crops/000409_p0004.jpg,04_detection_yolo/reports/proposals/v3i_conf005/overlays/000409_p0004.jpg,val,,0.0,False,False,False,False,0.9999477863311768,30.666566848754883,79.0,230.0,151.0,0,False,580.27490234375,384.6496582031249,223202.54285037512,0.2128625324729682,1.5085803144983423,727.9902954101562,489.50775146484375,356356.89259445295,0.3398484159416703,False,True,False,False,True,0,obvious_fp,35800,0.10035882484862077,20278,0.5664245810055866,308721,0.8654434850863423,0.07935496416384336,True,13,0.7304001450538635,0.9890522360801697,04_detection_yolo/reports/segmentation_refinement/v3i_conf005_deeplab_5class_43/masks/000409_p0004.png,04_detection_yolo/reports/segmentation_refinement/v3i_conf005_deeplab_5class_43/overlays/000409_p0004.jpg
000409_p0005,datasets/dataset_yolo_bbox_v3i_li_archaeological_object_merged/images/val/000409.png,409,004_ДЕМИДОВКА,004_ДЕМИДОВКА|Li|03_Демидовка_Li_карты_g.tif,1024,1024,243.8033447265625,455.0300903320313,895.55078125,789.0849609375,80.86648559570312,371.51637268066406,1024.0,872.5986785888672,0.073155328631401,0,04_detection_yolo/reports/proposals/v3i_conf005/crops/000409_p0005.jpg,04_detection_yolo/reports/proposals/v3i_conf005/overlays/000409_p0005.jpg,val,,0.0,False,False,False,False,0.9999477863311768,30.666566848754883,79.0,230.0,151.0,0,False,651.7474365234375,334.0548706054687,217719.40557528284,0.2076334052803829,1.9510191105495829,943.1335144042968,501.0823059082031,472587.5161770126,0.4506945764322401,False,True,False,False,True,0,obvious_fp,26301,0.05550045580390303,14442,0.5491045967833923,262435,0.5537911911675333,0.11355965687899017,True,8,0.720016360282898,0.9346554279327393,04_detection_yolo/reports/segmentation_refinement/v3i_conf005_deeplab_5class_43/masks/000409_p0005.png,04_detection_yolo/reports/segmentation_refinement/v3i_conf005_deeplab_5class_43/overlays/000409_p0005.jpg
000409_p0006,datasets/dataset_yolo_bbox_v3i_li_archaeological_object_merged/images/val/000409.png,409,004_ДЕМИДОВКА,004_ДЕМИДОВКА|Li|03_Демидовка_Li_карты_g.tif,1024,1024,0.0,353.43463134765625,590.912353515625,703.6820068359375,0.0,265.87278747558594,738.6404418945312,791.2438507080078,0.0553675852715969,0,04_detection_yolo/reports/proposals/v3i_conf005/crops/000409_p0006.jpg,04_detection_yolo/reports/proposals/v3i_conf005/overlays/000409_p0006.jpg,val,,0.0,False,False,False,False,0.9999477863311768,30.666566848754883,79.0,230.0,151.0,0,False,590.912353515625,350.24737548828125,206965.5009624511,0.1973776826500426,1.6871285693199891,738.6404418945312,525.3710632324219,388060.3143045958,0.3700831549688299,True,True,False,False,True,0,obvious_fp,13651,0.03505172639573967,5856,0.42897956193685444,228537,0.5868153538424405,0.09193331742903747,False,14,0.7243033647537231,0.9935775995254517,04_detection_yolo/reports/segmentation_refinement/v3i_conf005_deeplab_5class_43/masks/000409_p0006.png,04_detection_yolo/reports/segmentation_refinement/v3i_conf005_deeplab_5class_43/overlays/000409_p0006.jpg
000409_p0007,datasets/dataset_yolo_bbox_v3i_li_archaeological_object_merged/images/val/000409.png,409,004_ДЕМИДОВКА,004_ДЕМИДОВКА|Li|03_Демидовка_Li_карты_g.tif,1024,1024,494.2527465820313,168.0919952392578,1021.6990356445312,822.4146728515625,362.3911743164063,4.511325836181641,1024.0,985.9953422546388,0.052355982363224,0,04_detection_yolo/reports/proposals/v3i_conf005/crops/000409_p0007.jpg,04_detection_yolo/reports/proposals/v3i_conf005/overlays/000409_p0007.jpg,val,,0.0,False,False,False,False,0.9999477863311768,30.666566848754883,79.0,230.0,151.0,0,False,527.4462890625,654.3226776123047,345120.06815604866,0.3291321450767981,1.2405484523842587,661.6088256835938,981.4840164184571,649358.4875298325,0.6192765116976094,False,True,False,False,True,0,obvious_fp,55960,0.08608118335476646,13996,0.2501072194424589,589180,0.9063136456211812,0.031658671777852206,True,23,0.6613557934761047,0.9820457696914673,04_detection_yolo/reports/segmentation_refinement/v3i_conf005_deeplab_5class_43/masks/000409_p0007.png,04_detection_yolo/reports/segmentation_refinement/v3i_conf005_deeplab_5class_43/overlays/000409_p0007.jpg
000409_p0008,datasets/dataset_yolo_bbox_v3i_li_archaeological_object_merged/images/val/000409.png,409,004_ДЕМИДОВКА,004_ДЕМИДОВКА|Li|03_Демидовка_Li_карты_g.tif,1024,1024,333.1952209472656,506.8638610839844,563.2266845703125,699.7667846679688,275.6873550415039,458.6381301879883,620.7345504760742,747.9925155639648,0.0512527525424957,0,04_detection_yolo/reports/proposals/v3i_conf005/crops/000409_p0008.jpg,04_detection_yolo/reports/proposals/v3i_conf005/overlays/000409_p0008.jpg,val,,0.0,False,False,False,False,0.9999477863311768,30.666566848754883,79.0,230.0,151.0,0,False,230.03146362304688,192.9029235839844,44373.74184918869,0.0423180979244124,1.1924726662989005,345.0471954345703,289.35438537597656,99840.91916067456,0.0952157203299279,False,False,False,False,True,0,plausible_fp,10614,0.10578034682080925,6016,0.5667985679291502,44604,0.4445286027506478,0.15191818583663919,True,8,0.7590486407279968,0.9936566352844238,04_detection_yolo/reports/segmentation_refinement/v3i_conf005_deeplab_5class_43/masks/000409_p0008.png,04_detection_yolo/reports/segmentation_refinement/v3i_conf005_deeplab_5class_43/overlays/000409_p0008.jpg
000410_p0001,datasets/dataset_yolo_bbox_v3i_li_archaeological_object_merged/images/val/000410.png,410,004_ДЕМИДОВКА,004_ДЕМИДОВКА|Li|03_Демидовка_Li_карты_g.tif,1024,1024,828.0987548828125,475.8845825195313,1022.37158203125,642.8084716796875,779.5305480957031,434.1536102294922,1024.0,684.5394439697266,0.0828737094998359,0,04_detection_yolo/reports/proposals/v3i_conf005/crops/000410_p0001.jpg,04_detection_yolo/reports/proposals/v3i_conf005/overlays/000410_p0001.jpg,val,000410:0,0.6067335849913773,True,True,False,True,0.9998927116394044,27.517061233520508,110.0,237.0,127.0,1,True,194.2728271484375,166.9238891601562,32428.775865755964,0.0309264906556663,1.1638407667463415,244.46945190429688,250.3858337402344,61211.6875390755,0.0583760142699008,True,True,True,True,False,0.5+,tp,1589,0.025839499146272055,1175,0.7394587791063562,19608,0.31885519147898206,0.28650084518791213,True,2,0.7818459868431091,0.9866987466812134,04_detection_yolo/reports/segmentation_refinement/v3i_conf005_deeplab_5class_43/masks/000410_p0001.png,04_detection_yolo/reports/segmentation_refinement/v3i_conf005_deeplab_5class_43/overlays/000410_p0001.jpg
000410_p0002,datasets/dataset_yolo_bbox_v3i_li_archaeological_object_merged/images/val/000410.png,410,004_ДЕМИДОВКА,004_ДЕМИДОВКА|Li|03_Демидовка_Li_карты_g.tif,1024,1024,3.1080322265625,888.5576171875,171.1046142578125,1024.0,0.0,854.697021484375,213.103759765625,1024.0,0.0805140137672424,0,04_detection_yolo/reports/proposals/v3i_conf005/crops/000410_p0002.jpg,04_detection_yolo/reports/proposals/v3i_conf005/overlays/000410_p0002.jpg,val,000410:0,0.0,False,False,False,True,0.9998927116394044,27.517061233520508,110.0,237.0,127.0,1,True,167.99658203125,135.4423828125,22753.85737466812,0.0216997693773919,1.240354596122371,213.103759765625,169.302978515625,36079.10126119852,0.0344077122318253,True,True,False,False,True,0,obvious_fp,1817,0.049945024738867506,932,0.5129334067143644,4343,0.11937877954920285,0.3539136866248778,False,2,0.7866635322570801,0.9865586161613464,04_detection_yolo/reports/segmentation_refinement/v3i_conf005_deeplab_5class_43/masks/000410_p0002.png,04_detection_yolo/reports/segmentation_refinement/v3i_conf005_deeplab_5class_43/overlays/000410_p0002.jpg
000410_p0003,datasets/dataset_yolo_bbox_v3i_li_archaeological_object_merged/images/val/000410.png,410,004_ДЕМИДОВКА,004_ДЕМИДОВКА|Li|03_Демидовка_Li_карты_g.tif,1024,1024,854.08984375,886.4632568359375,1022.26953125,1024.0,812.044921875,852.0790710449219,1024.0,1024.0,0.0611648969352245,0,04_detection_yolo/reports/proposals/v3i_conf005/crops/000410_p0003.jpg,04_detection_yolo/reports/proposals/v3i_conf005/overlays/000410_p0003.jpg,val,000410:0,0.0,False,False,False,True,0.9998927116394044,27.517061233520508,110.0,237.0,127.0,1,True,168.1796875,137.5367431640625,23130.886485099792,0.0220593323565481,1.222798240171971,211.955078125,171.92092895507812,36439.51392799616,0.0347514285354577,True,True,False,False,True,0,obvious_fp,2537,0.0695754716981132,1035,0.4079621600315333,17375,0.4764973672663449,0.13779713196532353,True,9,0.788605809211731,0.9961010813713074,04_detection_yolo/reports/segmentation_refinement/v3i_conf005_deeplab_5class_43/masks/000410_p0003.png,04_detection_yolo/reports/segmentation_refinement/v3i_conf005_deeplab_5class_43/overlays/000410_p0003.jpg
000410_p0004,datasets/dataset_yolo_bbox_v3i_li_archaeological_object_merged/images/val/000410.png,410,004_ДЕМИДОВКА,004_ДЕМИДОВКА|Li|03_Демидовка_Li_карты_g.tif,1024,1024,8.931933403015137,456.2400512695313,332.1072692871094,959.4845581054688,0.0,330.4289245605469,412.9011032581329,1024.0,0.0550754517316818,0,04_detection_yolo/reports/proposals/v3i_conf005/crops/000410_p0004.jpg,04_detection_yolo/reports/proposals/v3i_conf005/overlays/000410_p0004.jpg,val,000410:0,0.0,False,False,False,True,0.9998927116394044,27.517061233520508,110.0,237.0,127.0,1,True,323.17533588409424,503.24450683593744,162636.21252852943,0.1551019788060469,1.557187232309165,412.9011032581329,693.5710754394531,286376.2622368799,0.2731096861237334,False,True,False,False,True,0,obvious_fp,47874,0.16702835092909826,20696,0.43230145799390063,264909,0.9242451730851086,0.09194084675586305,True,11,0.8144880533218384,0.9972599744796753,04_detection_yolo/reports/segmentation_refinement/v3i_conf005_deeplab_5class_43/masks/000410_p0004.png,04_detection_yolo/reports/segmentation_refinement/v3i_conf005_deeplab_5class_43/overlays/000410_p0004.jpg
000410_p0005,datasets/dataset_yolo_bbox_v3i_li_archaeological_object_merged/images/val/000410.png,410,004_ДЕМИДОВКА,004_ДЕМИДОВКА|Li|03_Демидовка_Li_карты_g.tif,1024,1024,219.334228515625,732.9157104492188,735.740966796875,1017.5446166992188,90.2325439453125,661.7584838867188,864.8426513671875,1024.0,0.0502575449645519,0,04_detection_yolo/reports/proposals/v3i_conf005/crops/000410_p0005.jpg,04_detection_yolo/reports/proposals/v3i_conf005/overlays/000410_p0005.jpg,val,000410:0,0.0,False,False,False,True,0.9998927116394044,27.517061233520508,110.0,237.0,127.0,1,True,516.40673828125,284.62890625,146984.2850971222,0.1401751376124593,1.814315858093735,774.610107421875,362.2415161132813,280595.93970917165,0.2675971409885136,False,True,False,False,True,0,obvious_fp,36047,0.12813294232649072,32060,0.8893944017532666,126564,0.4498853639029592,0.21338303456148086,True,6,0.8395407795906067,0.9976282119750977,04_detection_yolo/reports/segmentation_refinement/v3i_conf005_deeplab_5class_43/masks/000410_p0005.png,04_detection_yolo/reports/segmentation_refinement/v3i_conf005_deeplab_5class_43/overlays/000410_p0005.jpg
000411_p0001,datasets/dataset_yolo_bbox_v3i_li_archaeological_object_merged/images/val/000411.png,411,004_ДЕМИДОВКА,004_ДЕМИДОВКА|Li|03_Демидовка_Li_карты_g.tif,1024,1024,311.5303649902344,895.6067504882812,636.9744873046875,1024.0,230.1693344116211,863.5084381103516,718.3355178833008,1024.0,0.0811702683568,0,04_detection_yolo/reports/proposals/v3i_conf005/crops/000411_p0001.jpg,04_detection_yolo/reports/proposals/v3i_conf005/overlays/000411_p0001.jpg,val,000411:0,0.0,False,False,False,False,0.987013816833496,28.367450714111328,99.0,235.0,136.0,1,True,325.4441223144531,128.39324951171875,41784.828398441896,0.0398491176590365,2.5347448059155875,488.1661834716797,160.49156188964844,78346.55324707855,0.0747170956106935,True,True,False,False,True,0,obvious_fp,642,0.008154555500514422,398,0.6199376947040498,42400,0.538556313429613,0.1322363902771491,False,8,0.6202130317687988,0.8470208644866943,04_detection_yolo/reports/segmentation_refinement/v3i_conf005_deeplab_5class_43/masks/000411_p0001.png,04_detection_yolo/reports/segmentation_refinement/v3i_conf005_deeplab_5class_43/overlays/000411_p0001.jpg
000411_p0002,datasets/dataset_yolo_bbox_v3i_li_archaeological_object_merged/images/val/000411.png,411,004_ДЕМИДОВКА,004_ДЕМИДОВКА|Li|03_Демидовка_Li_карты_g.tif,1024,1024,112.26171875,845.1790771484375,841.7384643554688,1024.0,0.0,800.4738464355469,1024.0,1024.0,0.0762892365455627,0,04_detection_yolo/reports/proposals/v3i_conf005/crops/000411_p0002.jpg,04_detection_yolo/reports/proposals/v3i_conf005/overlays/000411_p0002.jpg,val,000411:0,0.0,False,False,False,False,0.987013816833496,28.367450714111328,99.0,235.0,136.0,1,True,729.4767456054688,178.8209228515625,130445.7048479244,0.1244027183989757,4.07937021000054,1024.0,223.52615356445312,228890.78125,0.2182872593402862,True,True,False,False,True,0,obvious_fp,10820,0.04717145647321429,9180,0.8484288354898336,84480,0.36830357142857145,0.13596813004736624,False,6,0.8400792479515076,0.9997541904449463,04_detection_yolo/reports/segmentation_refinement/v3i_conf005_deeplab_5class_43/masks/000411_p0002.png,04_detection_yolo/reports/segmentation_refinement/v3i_conf005_deeplab_5class_43/overlays/000411_p0002.jpg
000411_p0003,datasets/dataset_yolo_bbox_v3i_li_archaeological_object_merged/images/val/000411.png,411,004_ДЕМИДОВКА,004_ДЕМИДОВКА|Li|03_Демидовка_Li_карты_g.tif,1024,1024,34.98583984375,468.9288940429688,632.5490112304688,702.6705322265625,0.0,410.4934844970703,781.9398040771484,761.1059417724609,0.0725044980645179,0,04_detection_yolo/reports/proposals/v3i_conf005/crops/000411_p0003.jpg,04_detection_yolo/reports/proposals/v3i_conf005/overlays/000411_p0003.jpg,val,000411:0,0.6046221497043427,True,True,False,False,0.987013816833496,28.367450714111328,99.0,235.0,136.0,1,True,597.5631713867188,233.7416381835937,139675.3945981152,0.1332048364621307,2.556511437287692,781.9398040771484,350.6124572753906,274157.8361489265,0.2614572869767442,False,True,True,True,False,0.5+,tp,33254,0.12080766100906766,18243,0.5485956576652433,125388,0.45551906533364334,0.10292091901554715,True,6,0.8360562324523926,0.9993637204170227,04_detection_yolo/reports/segmentation_refinement/v3i_conf005_deeplab_5class_43/masks/000411_p0003.png,04_detection_yolo/reports/segmentation_refinement/v3i_conf005_deeplab_5class_43/overlays/000411_p0003.jpg
000412_p0001,datasets/dataset_yolo_bbox_v3i_li_archaeological_object_merged/images/val/000412.png,412,004_ДЕМИДОВКА,004_ДЕМИДОВКА|Li|03_Демидовка_Li_карты_g.tif,1024,1024,424.8252868652344,447.5524291992188,1024.0,1010.1806640625,275.03160858154297,306.89537048339844,1024.0,1024.0,0.0714464634656906,0,04_detection_yolo/reports/proposals/v3i_conf005/crops/000412_p0001.jpg,04_detection_yolo/reports/proposals/v3i_conf005/overlays/000412_p0001.jpg,val,,0.0,False,False,False,False,0.9999525547027588,32.80499267578125,84.0,235.0,151.0,0,False,599.1747131347656,562.6282348632812,337112.6112257261,0.3214956390626202,1.0649567085455018,748.968391418457,717.1046295166016,537088.7008477777,0.5122076996305253,True,True,False,False,True,0,obvious_fp,1255,0.002333659363831441,1224,0.9752988047808765,4770,0.008869765072092408,0.5149647386455759,False,2,0.5617613196372986,0.6510272026062012,04_detection_yolo/reports/segmentation_refinement/v3i_conf005_deeplab_5class_43/masks/000412_p0001.png,04_detection_yolo/reports/segmentation_refinement/v3i_conf005_deeplab_5class_43/overlays/000412_p0001.jpg
000412_p0002,datasets/dataset_yolo_bbox_v3i_li_archaeological_object_merged/images/val/000412.png,412,004_ДЕМИДОВКА,004_ДЕМИДОВКА|Li|03_Демидовка_Li_карты_g.tif,1024,1024,443.4017639160156,0.0,1024.0,428.0491638183594,298.2522048950196,0.0,1024.0,535.0614547729492,0.0618471652269363,0,04_detection_yolo/reports/proposals/v3i_conf005/crops/000412_p0002.jpg,04_detection_yolo/reports/proposals/v3i_conf005/overlays/000412_p0002.jpg,val,,0.0,False,False,False,False,0.9999525547027588,32.80499267578125,84.0,235.0,151.0,0,False,580.5982360839844,428.0491638183594,248524.58947016392,0.2370115179731025,1.3563821288770428,725.7477951049805,535.0614547729492,388319.6710471311,0.3703304968329726,True,True,False,False,True,0,obvious_fp,6401,0.016449261954689362,4946,0.77269176691142,161177,0.4141919534558612,0.18578297110732778,False,4,0.6651968359947205,0.9402681589126587,04_detection_yolo/reports/segmentation_refinement/v3i_conf005_deeplab_5class_43/masks/000412_p0002.png,04_detection_yolo/reports/segmentation_refinement/v3i_conf005_deeplab_5class_43/overlays/000412_p0002.jpg
000412_p0003,datasets/dataset_yolo_bbox_v3i_li_archaeological_object_merged/images/val/000412.png,412,004_ДЕМИДОВКА,004_ДЕМИДОВКА|Li|03_Демидовка_Li_карты_g.tif,1024,1024,318.28765869140625,1.933886766433716,970.5435791015624,241.6245574951172,155.2236785888672,0.0,1024.0,301.54722517728806,0.0544365905225276,0,04_detection_yolo/reports/proposals/v3i_conf005/crops/000412_p0003.jpg,04_detection_yolo/reports/proposals/v3i_conf005/overlays/000412_p0003.jpg,val,,0.0,False,False,False,False,0.9999525547027588,32.80499267578125,84.0,235.0,151.0,0,False,652.2559204101561,239.69067072868347,156339.65904986512,0.1490971174715663,2.721240332079814,868.7763214111328,301.54722517728806,261977.08902125884,0.2498408212864483,True,True,False,False,True,0,obvious_fp,7776,0.029629855432521206,3697,0.4754372427983539,83013,0.31631471052210425,0.14082381749423456,False,6,0.6889662146568298,0.9238245487213135,04_detection_yolo/reports/segmentation_refinement/v3i_conf005_deeplab_5class_43/masks/000412_p0003.png,04_detection_yolo/reports/segmentation_refinement/v3i_conf005_deeplab_5class_43/overlays/000412_p0003.jpg
000414_p0001,datasets/dataset_yolo_bbox_v3i_li_archaeological_object_merged/images/val/000414.png,414,004_ДЕМИДОВКА,004_ДЕМИДОВКА|Li|03_Демидовка_Li_карты_g.tif,1024,1024,729.0823974609375,566.2545166015625,1024.0,976.2822265625,655.3529968261719,463.7475891113281,1024.0,1024.0,0.1353078484535217,0,04_detection_yolo/reports/proposals/v3i_conf005/crops/000414_p0001.jpg,04_detection_yolo/reports/proposals/v3i_conf005/overlays/000414_p0001.jpg,val,,0.0,False,False,False,False,0.999952793121338,28.73457908630371,99.0,230.0,131.0,0,False,294.9176025390625,410.0277099609375,120924.38919626176,0.1153224842035882,1.3903127735708092,368.6470031738281,560.2524108886719,206535.37229502108,0.1969674799871645,True,True,False,False,True,0,obvious_fp,10495,0.050698278818795316,7499,0.7145307289185326,90720,0.43824181557323594,0.3000303924928726,True,3,0.8426686525344849,0.9940956830978394,04_detection_yolo/reports/segmentation_refinement/v3i_conf005_deeplab_5class_43/masks/000414_p0001.png,04_detection_yolo/reports/segmentation_refinement/v3i_conf005_deeplab_5class_43/overlays/000414_p0001.jpg
000414_p0002,datasets/dataset_yolo_bbox_v3i_li_archaeological_object_merged/images/val/000414.png,414,004_ДЕМИДОВКА,004_ДЕМИДОВКА|Li|03_Демидовка_Li_карты_g.tif,1024,1024,776.1798706054688,680.9816284179688,963.6497802734376,918.4127807617188,729.3123931884766,621.6238403320312,1010.5172576904296,977.7705688476562,0.0847882255911827,0,04_detection_yolo/reports/proposals/v3i_conf005/crops/000414_p0002.jpg,04_detection_yolo/reports/proposals/v3i_conf005/overlays/000414_p0002.jpg,val,,0.0,False,False,False,False,0.999952793121338,28.73457908630371,99.0,230.0,131.0,0,False,187.4699096679689,237.43115234375,44511.19668224457,0.0424491850683637,1.2665027297675042,281.204864501953,356.146728515625,100150.19253505016,0.0955106664038182,False,False,False,False,True,0,plausible_fp,10313,0.10243955738323698,10232,0.9921458353534374,26964,0.26783479349186484,0.5246650127966437,True,2,0.8635111451148987,0.9995449781417847,04_detection_yolo/reports/segmentation_refinement/v3i_conf005_deeplab_5class_43/masks/000414_p0002.png,04_detection_yolo/reports/segmentation_refinement/v3i_conf005_deeplab_5class_43/overlays/000414_p0002.jpg
000414_p0003,datasets/dataset_yolo_bbox_v3i_li_archaeological_object_merged/images/val/000414.png,414,004_ДЕМИДОВКА,004_ДЕМИДОВКА|Li|03_Демидовка_Li_карты_g.tif,1024,1024,739.7483520507812,267.89794921875,1021.9315185546876,510.1253051757813,669.2025604248047,207.3411102294922,1024.0,570.6821441650391,0.0820716693997383,0,04_detection_yolo/reports/proposals/v3i_conf005/crops/000414_p0003.jpg,04_detection_yolo/reports/proposals/v3i_conf005/overlays/000414_p0003.jpg,val,,0.0,False,False,False,False,0.999952793121338,28.73457908630371,99.0,230.0,131.0,0,False,282.1831665039064,242.2273559570313,68352.48231782396,0.065186006849121,1.1649516851183517,354.7974395751953,363.3410339355469,128912.46853293618,0.1229405103043901,False,True,False,False,True,0,obvious_fp,10591,0.08196099674972915,5814,0.5489566613162119,71136,0.5505030181086519,0.20135654043786924,False,5,0.7877858281135559,0.9886693954467773,04_detection_yolo/reports/segmentation_refinement/v3i_conf005_deeplab_5class_43/masks/000414_p0003.png,04_detection_yolo/reports/segmentation_refinement/v3i_conf005_deeplab_5class_43/overlays/000414_p0003.jpg
000414_p0004,datasets/dataset_yolo_bbox_v3i_li_archaeological_object_merged/images/val/000414.png,414,004_ДЕМИДОВКА,004_ДЕМИДОВКА|Li|03_Демидовка_Li_карты_g.tif,1024,1024,3.061047315597534,202.23611450195312,136.39039611816406,309.3124084472656,0.0,175.467041015625,169.7227333188057,336.0814819335937,0.0707259699702262,0,04_detection_yolo/reports/proposals/v3i_conf005/crops/000414_p0004.jpg,04_detection_yolo/reports/proposals/v3i_conf005/overlays/000414_p0004.jpg,val,,0.0,False,False,False,False,0.999952793121338,28.73457908630371,99.0,230.0,131.0,0,False,133.32934880256653,107.0762939453125,14276.412543920713,0.0136150479735571,1.2451808321892646,169.7227333188057,160.6144409179687,27259.921923069476,0.025997087405271,False,True,False,False,True,0,obvious_fp,868,0.03151779230210603,868,1.0,1320,0.04793028322440087,1.0484053915093965,False,1,0.7973653674125671,0.9532678723335266,04_detection_yolo/reports/segmentation_refinement/v3i_conf005_deeplab_5class_43/masks/000414_p0004.png,04_detection_yolo/reports/segmentation_refinement/v3i_conf005_deeplab_5class_43/overlays/000414_p0004.jpg
000414_p0005,datasets/dataset_yolo_bbox_v3i_li_archaeological_object_merged/images/val/000414.png,414,004_ДЕМИДОВКА,004_ДЕМИДОВКА|Li|03_Демидовка_Li_карты_g.tif,1024,1024,685.9549560546875,745.326171875,941.9371948242188,908.7747802734376,621.9593963623047,704.4640197753906,1005.9327545166016,949.6369323730468,0.0660773143172264,0,04_detection_yolo/reports/proposals/v3i_conf005/crops/000414_p0005.jpg,04_detection_yolo/reports/proposals/v3i_conf005/overlays/000414_p0005.jpg,val,,0.0,False,False,False,False,0.999952793121338,28.73457908630371,99.0,230.0,131.0,0,False,255.98223876953125,163.4486083984376,41839.94070159647,0.039901676847073,1.5661328736768747,383.9733581542969,245.1729125976561,94139.86657859194,0.0897787729059142,False,False,False,False,True,0,plausible_fp,8853,0.09347481786506177,8823,0.9966113181972213,28520,0.3011297645443987,0.4210891877580347,False,3,0.8616231083869934,0.9982501268386841,04_detection_yolo/reports/segmentation_refinement/v3i_conf005_deeplab_5class_43/masks/000414_p0005.png,04_detection_yolo/reports/segmentation_refinement/v3i_conf005_deeplab_5class_43/overlays/000414_p0005.jpg
000415_p0001,datasets/dataset_yolo_bbox_v3i_li_archaeological_object_merged/images/val/000415.png,415,004_ДЕМИДОВКА,004_ДЕМИДОВКА|Li|03_Демидовка_Li_карты_g.tif,1024,1024,2.395068407058716,188.1741943359375,476.4878540039063,654.3341674804688,0.0,71.63420104980469,595.0110504031181,770.8741607666016,0.0819234102964401,0,04_detection_yolo/reports/proposals/v3i_conf005/crops/000415_p0001.jpg,04_detection_yolo/reports/proposals/v3i_conf005/overlays/000415_p0001.jpg,val,000415:0,0.2593699272154952,False,False,False,False,0.5292649269104004,32.340232849121094,87.0,222.0,135.0,1,True,474.0927855968476,466.1599731445313,221003.08020184247,0.2107649614351677,1.0170173607974204,595.0110504031181,699.2399597167969,416055.5029149253,0.39678144732945,False,True,False,False,True,0.1-0.3,obvious_fp,16575,0.039729146692233944,12206,0.7364102564102564,256351,0.6144558964525407,0.2862630793915459,True,3,0.8098334670066833,0.9916029572486877,04_detection_yolo/reports/segmentation_refinement/v3i_conf005_deeplab_5class_43/masks/000415_p0001.png,04_detection_yolo/reports/segmentation_refinement/v3i_conf005_deeplab_5class_43/overlays/000415_p0001.jpg
000416_p0001,datasets/dataset_yolo_bbox_v3i_li_archaeological_object_merged/images/val/000416.png,416,004_ДЕМИДОВКА,004_ДЕМИДОВКА|Li|03_Демидовка_Li_карты_g.tif,1024,1024,4.523571968078613,0.0,187.2911071777344,172.03866577148438,0.0,0.0,232.98299098014832,215.04833221435547,0.1374053210020065,0,04_detection_yolo/reports/proposals/v3i_conf005/crops/000416_p0001.jpg,04_detection_yolo/reports/proposals/v3i_conf005/overlays/000416_p0001.jpg,val,,0.0,False,False,True,False,0.7561681270599365,18.904516220092773,138.0,212.0,74.0,0,False,182.7675352096558,172.03866577148438,31443.082903811974,0.0299864605939979,1.0623631286028594,232.98299098014832,215.04833221435547,50102.60364459312,0.0477815662809306,True,True,False,False,True,0,plausible_fp,3450,0.06855030996661898,3362,0.9744927536231884,7140,0.1418693371483071,0.31328750881271783,False,2,0.7847299575805664,0.9873802661895752,04_detection_yolo/reports/segmentation_refinement/v3i_conf005_deeplab_5class_43/masks/000416_p0001.png,04_detection_yolo/reports/segmentation_refinement/v3i_conf005_deeplab_5class_43/overlays/000416_p0001.jpg
000417_p0001,datasets/dataset_yolo_bbox_v3i_li_archaeological_object_merged/images/val/000417.png,417,005_ЛУБНО,005_ЛУБНО|Li|03_Лубно_Li_карты_g.tif,1024,1024,0.1708984375,568.4328002929688,550.3250732421875,815.8732299804688,0.0,506.57269287109375,687.8636169433594,877.7333374023438,0.1703205853700637,0,04_detection_yolo/reports/proposals/v3i_conf005/crops/000417_p0001.jpg,04_detection_yolo/reports/proposals/v3i_conf005/overlays/000417_p0001.jpg,val,,0.0,False,False,True,False,0.9552559852600098,28.47484397888184,110.0,224.0,114.0,0,False,550.1541748046875,247.4404296875,136130.38540804386,0.1298240522461355,2.223380291973684,687.8636169433594,371.16064453125,255307.9034142941,0.2434805902617398,True,True,False,False,True,0,plausible_fp,11066,0.04323737184296074,6092,0.5505150912705584,65762,0.2569470492623156,0.09342882102828447,False,8,0.7007834911346436,0.939929723739624,04_detection_yolo/reports/segmentation_refinement/v3i_conf005_deeplab_5class_43/masks/000417_p0001.png,04_detection_yolo/reports/segmentation_refinement/v3i_conf005_deeplab_5class_43/overlays/000417_p0001.jpg
000417_p0002,datasets/dataset_yolo_bbox_v3i_li_archaeological_object_merged/images/val/000417.png,417,005_ЛУБНО,005_ЛУБНО|Li|03_Лубно_Li_карты_g.tif,1024,1024,3.21240234375,567.2626953125,348.8041381835937,919.4226684570312,0.0,479.2227020263672,435.2020721435547,1007.462661743164,0.107012465596199,0,04_detection_yolo/reports/proposals/v3i_conf005/crops/000417_p0002.jpg,04_detection_yolo/reports/proposals/v3i_conf005/overlays/000417_p0002.jpg,val,,0.0,False,False,True,False,0.9552559852600098,28.47484397888184,110.0,224.0,114.0,0,False,345.5917358398437,352.15997314453125,121703.5764123313,0.1160655750392258,1.0190057707506393,435.2020721435547,528.2399597167968,229891.1250577778,0.2192412615373399,False,True,False,False,True,0,obvious_fp,14037,0.06086002670782678,10683,0.761060055567429,40406,0.1751877352109745,0.18786099136573264,False,3,0.7924430966377258,0.9912384748458862,04_detection_yolo/reports/segmentation_refinement/v3i_conf005_deeplab_5class_43/masks/000417_p0002.png,04_detection_yolo/reports/segmentation_refinement/v3i_conf005_deeplab_5class_43/overlays/000417_p0002.jpg
000417_p0003,datasets/dataset_yolo_bbox_v3i_li_archaeological_object_merged/images/val/000417.png,417,005_ЛУБНО,005_ЛУБНО|Li|03_Лубно_Li_карты_g.tif,1024,1024,203.8355407714844,677.2398681640625,368.1492309570313,834.140625,162.75711822509766,638.0146789550781,409.227653503418,873.3658142089844,0.0842686221003532,0,04_detection_yolo/reports/proposals/v3i_conf005/crops/000417_p0003.jpg,04_detection_yolo/reports/proposals/v3i_conf005/overlays/000417_p0003.jpg,val,,0.0,False,False,True,False,0.9552559852600098,28.47484397888184,110.0,224.0,114.0,0,False,164.3136901855469,156.9007568359375,25780.942348618064,0.0245866225706272,1.0472460012245874,246.4705352783204,235.35113525390625,58007.12028439065,0.0553199007839113,False,False,False,False,True,0,plausible_fp,9589,0.16383611262985237,7379,0.7695275836896444,48412,0.827159650082012,0.09940507211352746,True,7,0.7040704488754272,0.9611830115318298,04_detection_yolo/reports/segmentation_refinement/v3i_conf005_deeplab_5class_43/masks/000417_p0003.png,04_detection_yolo/reports/segmentation_refinement/v3i_conf005_deeplab_5class_43/overlays/000417_p0003.jpg
000417_p0004,datasets/dataset_yolo_bbox_v3i_li_archaeological_object_merged/images/val/000417.png,417,005_ЛУБНО,005_ЛУБНО|Li|03_Лубно_Li_карты_g.tif,1024,1024,5.696929931640625,633.2589111328125,207.41128540039065,779.7930297851562,0.0,596.6253814697266,257.8398742675781,816.4265594482422,0.0733238831162452,0,04_detection_yolo/reports/proposals/v3i_conf005/crops/000417_p0004.jpg,04_detection_yolo/reports/proposals/v3i_conf005/overlays/000417_p0004.jpg,val,,0.0,False,False,True,False,0.9552559852600098,28.47484397888184,110.0,224.0,114.0,0,False,201.71435546875003,146.53411865234375,29558.03529813886,0.0281887391072643,1.376569206706889,257.8398742675781,219.8011779785156,56673.50809384603,0.0540480690897426,False,True,False,False,True,0,obvious_fp,13562,0.237854712546915,10036,0.7400088482524702,57018,1.0,0.08884521798638799,True,14,0.775119423866272,0.9987230896949768,04_detection_yolo/reports/segmentation_refinement/v3i_conf005_deeplab_5class_43/masks/000417_p0004.png,04_detection_yolo/reports/segmentation_refinement/v3i_conf005_deeplab_5class_43/overlays/000417_p0004.jpg
000418_p0001,datasets/dataset_yolo_bbox_v3i_li_archaeological_object_merged/images/val/000418.png,418,005_ЛУБНО,005_ЛУБНО|Li|03_Лубно_Li_карты_g.tif,1024,1024,1.214208960533142,387.8231506347656,165.8599090576172,468.9345703125,0.0,367.545295715332,207.0213340818882,489.2124252319336,0.1398628652095794,0,04_detection_yolo/reports/proposals/v3i_conf005/crops/000418_p0001.jpg,04_detection_yolo/reports/proposals/v3i_conf005/overlays/000418_p0001.jpg,val,,0.0,False,False,False,False,0.9998798370361328,18.61430549621582,148.0,230.0,82.0,0,False,164.64570009708405,81.11141967773438,13354.646478708975,0.0127359833514299,2.029870772219764,207.0213340818882,121.66712951660162,25187.691466440745,0.0240208544411094,True,True,False,False,True,0,plausible_fp,346,0.013524077548467793,189,0.546242774566474,819,0.03201219512195122,0.46210694362506893,False,3,0.7138118743896484,0.9412364959716797,04_detection_yolo/reports/segmentation_refinement/v3i_conf005_deeplab_5class_43/masks/000418_p0001.png,04_detection_yolo/reports/segmentation_refinement/v3i_conf005_deeplab_5class_43/overlays/000418_p0001.jpg
000418_p0002,datasets/dataset_yolo_bbox_v3i_li_archaeological_object_merged/images/val/000418.png,418,005_ЛУБНО,005_ЛУБНО|Li|03_Лубно_Li_карты_g.tif,1024,1024,3.584521532058716,27.02008056640625,143.42208862304688,142.5477294921875,0.0,0.0,178.38148039579391,171.4296417236328,0.1122057884931564,0,04_detection_yolo/reports/proposals/v3i_conf005/crops/000418_p0002.jpg,04_detection_yolo/reports/proposals/v3i_conf005/overlays/000418_p0002.jpg,val,,0.0,False,False,False,False,0.9998798370361328,18.61430549621582,148.0,230.0,82.0,0,False,139.83756709098816,115.52764892578124,16155.105357523062,0.0154067090583067,1.2104251094110328,178.38148039579391,171.4296417236328,30579.873274382186,0.0291632397407361,False,True,False,False,True,0,plausible_fp,4537,0.14736260880862673,4533,0.9991183601498788,9432,0.30635312459399766,0.9898198520372842,True,2,0.9180689454078674,0.9991905093193054,04_detection_yolo/reports/segmentation_refinement/v3i_conf005_deeplab_5class_43/masks/000418_p0002.png,04_detection_yolo/reports/segmentation_refinement/v3i_conf005_deeplab_5class_43/overlays/000418_p0002.jpg
000418_p0003,datasets/dataset_yolo_bbox_v3i_li_archaeological_object_merged/images/val/000418.png,418,005_ЛУБНО,005_ЛУБНО|Li|03_Лубно_Li_карты_g.tif,1024,1024,449.890625,0.0,1024.0,158.78952026367188,306.36328125,0.0,1024.0,198.48690032958984,0.0713443383574485,0,04_detection_yolo/reports/proposals/v3i_conf005/crops/000418_p0003.jpg,04_detection_yolo/reports/proposals/v3i_conf005/overlays/000418_p0003.jpg,val,,0.0,False,False,False,False,0.9998798370361328,18.61430549621582,148.0,230.0,82.0,0,False,574.109375,158.78952026367188,91162.5522351265,0.0869393846846833,3.615536932454261,717.63671875,198.48690032958984,142441.48786738515,0.1358427885698176,True,True,False,False,True,0,obvious_fp,32291,0.22599767640430565,19707,0.610293889938373,123354,0.8633277809661118,0.09479171425554289,True,6,0.8351797461509705,0.9988089799880981,04_detection_yolo/reports/segmentation_refinement/v3i_conf005_deeplab_5class_43/masks/000418_p0003.png,04_detection_yolo/reports/segmentation_refinement/v3i_conf005_deeplab_5class_43/overlays/000418_p0003.jpg
000418_p0004,datasets/dataset_yolo_bbox_v3i_li_archaeological_object_merged/images/val/000418.png,418,005_ЛУБНО,005_ЛУБНО|Li|03_Лубно_Li_карты_g.tif,1024,1024,713.6046142578125,6.151562690734863,1024.0,369.5699768066406,636.0057678222656,0.0,1024.0,460.42458033561707,0.0549286417663097,0,04_detection_yolo/reports/proposals/v3i_conf005/crops/000418_p0004.jpg,04_detection_yolo/reports/proposals/v3i_conf005/overlays/000418_p0004.jpg,val,,0.0,False,False,False,False,0.9998798370361328,18.61430549621582,148.0,230.0,82.0,0,False,310.3953857421875,363.41841411590576,112803.3988353206,0.1075777042725759,1.1708241514187936,387.9942321777344,460.42458033561707,178642.0815230733,0.1703663649779065,True,True,False,False,True,0,obvious_fp,17157,0.0959198962363307,13918,0.8112140817159177,92628,0.5178567435203614,0.1256344156113049,True,13,0.7944037914276123,0.9977791905403137,04_detection_yolo/reports/segmentation_refinement/v3i_conf005_deeplab_5class_43/masks/000418_p0004.png,04_detection_yolo/reports/segmentation_refinement/v3i_conf005_deeplab_5class_43/overlays/000418_p0004.jpg
000419_p0001,datasets/dataset_yolo_bbox_v3i_li_archaeological_object_merged/images/val/000419.png,419,005_ЛУБНО,005_ЛУБНО|Li|03_Лубно_Li_карты_g.tif,1024,1024,0.0,249.12728881835932,109.46768951416016,363.3468322753906,0.0,220.5724029541016,136.8346118927002,391.9017181396485,0.0526149831712245,0,04_detection_yolo/reports/proposals/v3i_conf005/crops/000419_p0001.jpg,04_detection_yolo/reports/proposals/v3i_conf005/overlays/000419_p0001.jpg,val,000419:0,0.0,False,False,False,True,0.9998595714569092,23.24857711791992,125.0,230.0,105.0,2,True,109.46768951416016,114.21954345703128,12503.349519603424,0.0119241233058962,1.043408735161588,136.8346118927002,171.3293151855469,23443.780349256416,0.0223577311985553,True,True,False,False,True,0,obvious_fp,1155,0.04901544729248006,674,0.5835497835497836,11562,0.4906637243252419,0.1679179746816702,True,6,0.6764975786209106,0.950476884841919,04_detection_yolo/reports/segmentation_refinement/v3i_conf005_deeplab_5class_43/masks/000419_p0001.png,04_detection_yolo/reports/segmentation_refinement/v3i_conf005_deeplab_5class_43/overlays/000419_p0001.jpg
000420_p0001,datasets/dataset_yolo_bbox_v3i_li_archaeological_object_merged/images/val/000420.png,420,005_ЛУБНО,005_ЛУБНО|Li|03_Лубно_Li_карты_g.tif,1024,1024,98.29410552978516,0.0,198.6044006347656,94.1799087524414,73.21653175354004,0.0,223.6819744110108,117.72488594055176,0.1127937585115432,0,04_detection_yolo/reports/proposals/v3i_conf005/crops/000420_p0001.jpg,04_detection_yolo/reports/proposals/v3i_conf005/overlays/000420_p0001.jpg,val,000420:0,0.0,False,False,False,True,0.9998762607574464,23.3367977142334,125.0,240.0,115.0,6,True,100.31029510498044,94.1799087524414,9447.214439917529,0.0090095657729316,1.065092294457974,150.46544265747073,117.72488594055176,17713.527074845373,0.0168929358242467,True,True,False,False,True,0,plausible_fp,1078,0.0605006173532383,493,0.45732838589981445,12519,0.7026041082051858,0.10168172281688263,True,11,0.6514105796813965,0.9233712553977966,04_detection_yolo/reports/segmentation_refinement/v3i_conf005_deeplab_5class_43/masks/000420_p0001.png,04_detection_yolo/reports/segmentation_refinement/v3i_conf005_deeplab_5class_43/overlays/000420_p0001.jpg
000420_p0002,datasets/dataset_yolo_bbox_v3i_li_archaeological_object_merged/images/val/000420.png,420,005_ЛУБНО,005_ЛУБНО|Li|03_Лубно_Li_карты_g.tif,1024,1024,921.5377197265624,483.5359497070313,1021.9554443359376,718.1943359375,896.4332885742188,424.87135314941406,1024.0,776.8589324951172,0.100207470357418,0,04_detection_yolo/reports/proposals/v3i_conf005/crops/000420_p0002.jpg,04_detection_yolo/reports/proposals/v3i_conf005/overlays/000420_p0002.jpg,val,000420:2,0.8493340133726859,True,True,False,True,0.9998762607574464,23.3367977142334,125.0,240.0,115.0,6,True,100.41772460937524,234.6583862304687,23563.861205771613,0.0224722492273059,2.336822380145432,127.56671142578124,351.9875793457031,44901.89795985259,0.0428217868422056,False,True,True,True,False,0.5+,tp,5028,0.11127832861189801,4641,0.9230310262529833,26058,0.5767085694050992,0.10601578473415045,True,5,0.7299110293388367,0.9674618244171143,04_detection_yolo/reports/segmentation_refinement/v3i_conf005_deeplab_5class_43/masks/000420_p0002.png,04_detection_yolo/reports/segmentation_refinement/v3i_conf005_deeplab_5class_43/overlays/000420_p0002.jpg
000420_p0003,datasets/dataset_yolo_bbox_v3i_li_archaeological_object_merged/images/val/000420.png,420,005_ЛУБНО,005_ЛУБНО|Li|03_Лубно_Li_карты_g.tif,1024,1024,500.73388671875,622.8287963867188,1020.3173828125,1014.8056640625,370.8380126953125,524.8345794677734,1024.0,1024.0,0.0998658016324043,0,04_detection_yolo/reports/proposals/v3i_conf005/crops/000420_p0003.jpg,04_detection_yolo/reports/proposals/v3i_conf005/overlays/000420_p0003.jpg,val,000420:3,0.1085109937981227,False,False,False,True,0.9998762607574464,23.3367977142334,125.0,240.0,115.0,6,True,519.58349609375,391.9768676757813,203664.71129485965,0.1942298043202015,1.3255463241354255,653.1619873046875,499.16542053222656,326035.8780686092,0.3109320431409923,False,True,False,False,True,0.1-0.3,obvious_fp,36714,0.11227522935779817,30935,0.8425941057907066,162184,0.4959755351681957,0.31932478781591317,True,4,0.907141387462616,0.9984233975410461,04_detection_yolo/reports/segmentation_refinement/v3i_conf005_deeplab_5class_43/masks/000420_p0003.png,04_detection_yolo/reports/segmentation_refinement/v3i_conf005_deeplab_5class_43/overlays/000420_p0003.jpg
000420_p0004,datasets/dataset_yolo_bbox_v3i_li_archaeological_object_merged/images/val/000420.png,420,005_ЛУБНО,005_ЛУБНО|Li|03_Лубно_Li_карты_g.tif,1024,1024,218.7873992919922,170.80117797851562,857.9851684570312,604.53125,58.98795700073242,62.36865997314453,1017.784610748291,712.9637680053711,0.0978782027959823,0,04_detection_yolo/reports/proposals/v3i_conf005/crops/000420_p0004.jpg,04_detection_yolo/reports/proposals/v3i_conf005/overlays/000420_p0004.jpg,val,000420:4,0.5369802437718675,True,True,False,True,0.9998762607574464,23.3367977142334,125.0,240.0,115.0,6,True,639.1977691650391,433.7300720214844,277239.29445592454,0.2643959946212049,1.4737225071481257,958.7966537475586,650.5951080322266,623788.4125258302,0.594890987897711,False,False,True,True,False,0.5+,tp,61293,0.09807507680491552,53130,0.8668200283882336,420518,0.6728718637992831,0.17734759903301198,True,4,0.8547855019569397,0.9988128542900085,04_detection_yolo/reports/segmentation_refinement/v3i_conf005_deeplab_5class_43/masks/000420_p0004.png,04_detection_yolo/reports/segmentation_refinement/v3i_conf005_deeplab_5class_43/overlays/000420_p0004.jpg
000420_p0005,datasets/dataset_yolo_bbox_v3i_li_archaeological_object_merged/images/val/000420.png,420,005_ЛУБНО,005_ЛУБНО|Li|03_Лубно_Li_карты_g.tif,1024,1024,98.5210189819336,96.0464324951172,830.0225830078125,464.3678588867188,0.0,3.966075897216797,1012.8979740142822,556.4482154846191,0.0967653095722198,0,04_detection_yolo/reports/proposals/v3i_conf005/crops/000420_p0005.jpg,04_detection_yolo/reports/proposals/v3i_conf005/overlays/000420_p0005.jpg,val,000420:0,0.5741572009087713,True,True,False,True,0.9998762607574464,23.3367977142334,125.0,240.0,115.0,6,True,731.5015640258789,368.3214263916016,269427.69946969923,0.256946277112674,1.9860412987436196,1012.8979740142822,552.4821395874023,559608.0398671557,0.5336838148757512,False,True,True,True,False,0.5+,tp,80974,0.14428672741722232,80974,1.0,157504,0.28065473750984493,0.26596087705782834,False,1,0.8599147200584412,0.9974116683006287,04_detection_yolo/reports/segmentation_refinement/v3i_conf005_deeplab_5class_43/masks/000420_p0005.png,04_detection_yolo/reports/segmentation_refinement/v3i_conf005_deeplab_5class_43/overlays/000420_p0005.jpg
000420_p0006,datasets/dataset_yolo_bbox_v3i_li_archaeological_object_merged/images/val/000420.png,420,005_ЛУБНО,005_ЛУБНО|Li|03_Лубно_Li_карты_g.tif,1024,1024,931.7351684570312,476.5181579589844,1017.6787109375,551.6139526367188,910.249282836914,457.7442092895508,1024.0,570.3879013061523,0.0865273550152778,0,04_detection_yolo/reports/proposals/v3i_conf005/crops/000420_p0006.jpg,04_detection_yolo/reports/proposals/v3i_conf005/overlays/000420_p0006.jpg,val,000420:2,0.2414297945498958,False,False,False,True,0.9998762607574464,23.3367977142334,125.0,240.0,115.0,6,True,85.94354248046875,75.09579467773438,6453.998619990423,0.0061550127220062,1.1444521340946765,113.75071716308604,112.64369201660156,12813.300750786218,0.0122197158344137,False,True,False,False,True,0.1-0.3,obvious_fp,527,0.040550938750384735,519,0.9848197343453511,2268,0.1745152354570637,0.547312174691511,False,2,0.7355266809463501,0.9728838205337524,04_detection_yolo/reports/segmentation_refinement/v3i_conf005_deeplab_5class_43/masks/000420_p0006.png,04_detection_yolo/reports/segmentation_refinement/v3i_conf005_deeplab_5class_43/overlays/000420_p0006.jpg
000420_p0007,datasets/dataset_yolo_bbox_v3i_li_archaeological_object_merged/images/val/000420.png,420,005_ЛУБНО,005_ЛУБНО|Li|03_Лубно_Li_карты_g.tif,1024,1024,912.2164306640624,882.3131713867188,1023.6867065429688,1024.0,884.3488616943359,846.8914642333984,1024.0,1024.0,0.0824083909392356,0,04_detection_yolo/reports/proposals/v3i_conf005/crops/000420_p0007.jpg,04_detection_yolo/reports/proposals/v3i_conf005/overlays/000420_p0007.jpg,val,000420:1,0.8366124719299407,True,True,False,True,0.9998762607574464,23.3367977142334,125.0,240.0,115.0,6,True,111.47027587890636,141.68682861328125,15793.869873929783,0.0150622080554292,1.2710727366208376,139.65113830566406,177.10853576660156,24733.408623455325,0.0235876165613702,True,True,True,True,False,0.5+,tp,733,0.029414125200642054,414,0.5648021828103683,5376,0.2157303370786517,0.36435068471679416,False,4,0.7497101426124573,0.9830449819564819,04_detection_yolo/reports/segmentation_refinement/v3i_conf005_deeplab_5class_43/masks/000420_p0007.png,04_detection_yolo/reports/segmentation_refinement/v3i_conf005_deeplab_5class_43/overlays/000420_p0007.jpg
000420_p0008,datasets/dataset_yolo_bbox_v3i_li_archaeological_object_merged/images/val/000420.png,420,005_ЛУБНО,005_ЛУБНО|Li|03_Лубно_Li_карты_g.tif,1024,1024,1.4784667491912842,0.0,617.9273681640625,433.06060791015625,0.0,0.0,772.0395935177803,541.3257598876953,0.0810949429869651,0,04_detection_yolo/reports/proposals/v3i_conf005/crops/000420_p0008.jpg,04_detection_yolo/reports/proposals/v3i_conf005/overlays/000420_p0008.jpg,val,000420:0,0.3954376510229199,True,False,False,True,0.9998762607574464,23.3367977142334,125.0,240.0,115.0,6,True,616.4489014148712,433.06060791015625,266959.7359922721,0.254592643730423,1.4234702721859225,772.0395935177803,541.3257598876953,417924.9196243999,0.3985642620319365,True,True,True,False,False,0.3-0.5,tp,40451,0.09654960068358769,15956,0.39445254752663717,139080,0.3319601113216824,0.07966589397760408,False,8,0.7441579699516296,0.9715761542320251,04_detection_yolo/reports/segmentation_refinement/v3i_conf005_deeplab_5class_43/masks/000420_p0008.png,04_detection_yolo/reports/segmentation_refinement/v3i_conf005_deeplab_5class_43/overlays/000420_p0008.jpg
000420_p0009,datasets/dataset_yolo_bbox_v3i_li_archaeological_object_merged/images/val/000420.png,420,005_ЛУБНО,005_ЛУБНО|Li|03_Лубно_Li_карты_g.tif,1024,1024,426.3303833007813,192.70852661132807,1024.0,651.4764404296875,276.91297912597656,78.01654815673828,1024.0,766.1684188842773,0.0750814825296402,0,04_detection_yolo/reports/proposals/v3i_conf005/crops/000420_p0009.jpg,04_detection_yolo/reports/proposals/v3i_conf005/overlays/000420_p0009.jpg,val,000420:4,0.2718807882439553,False,False,False,True,0.9998762607574464,23.3367977142334,125.0,240.0,115.0,6,True,597.6696166992188,458.7679138183594,274191.6432057191,0.2614895278985206,1.3027711805840343,747.0870208740234,688.1518707275391,514109.33101072325,0.490292864809726,True,True,False,False,True,0.1-0.3,obvious_fp,48992,0.09506143135443912,40907,0.8349730568256042,315664,0.6124973805328966,0.18027317151649982,True,7,0.8777063488960266,0.9996763467788696,04_detection_yolo/reports/segmentation_refinement/v3i_conf005_deeplab_5class_43/masks/000420_p0009.png,04_detection_yolo/reports/segmentation_refinement/v3i_conf005_deeplab_5class_43/overlays/000420_p0009.jpg
000420_p0010,datasets/dataset_yolo_bbox_v3i_li_archaeological_object_merged/images/val/000420.png,420,005_ЛУБНО,005_ЛУБНО|Li|03_Лубно_Li_карты_g.tif,1024,1024,701.083984375,740.3572387695312,792.248046875,807.8834228515625,678.29296875,723.4756927490234,815.0390625,824.7649688720703,0.0611154846847057,0,04_detection_yolo/reports/proposals/v3i_conf005/crops/000420_p0010.jpg,04_detection_yolo/reports/proposals/v3i_conf005/overlays/000420_p0010.jpg,val,000420:3,0.2057214907529826,False,False,False,True,0.9998762607574464,23.3367977142334,125.0,240.0,115.0,6,True,91.1640625,67.52618408203125,6155.961266040802,0.0058707821522148,1.3500550007276184,136.74609375,101.28927612304688,13850.912848591805,0.0132092598424833,False,False,False,False,True,0.1-0.3,plausible_fp,1897,0.13476840011366867,636,0.3352662098049552,11628,0.8260869565217391,0.10092637070669846,True,12,0.7477250099182129,0.9954962134361267,04_detection_yolo/reports/segmentation_refinement/v3i_conf005_deeplab_5class_43/masks/000420_p0010.png,04_detection_yolo/reports/segmentation_refinement/v3i_conf005_deeplab_5class_43/overlays/000420_p0010.jpg
000421_p0001,datasets/dataset_yolo_bbox_v3i_li_archaeological_object_merged/images/val/000421.png,421,005_ЛУБНО,005_ЛУБНО|Li|03_Лубно_Li_карты_g.tif,1024,1024,190.64540100097656,477.7649536132813,275.15936279296875,550.02001953125,169.51691055297852,459.70118713378906,296.2878532409668,568.0837860107422,0.275677353143692,0,04_detection_yolo/reports/proposals/v3i_conf005/crops/000421_p0001.jpg,04_detection_yolo/reports/proposals/v3i_conf005/overlays/000421_p0001.jpg,val,000421:2,0.1641384795909698,False,False,True,True,0.856236457824707,25.28293800354004,105.0,227.0,122.0,4,True,84.51396179199219,72.2550659179687,6106.561880269083,0.005823671226758,1.169661403228682,126.77094268798828,108.38259887695312,13739.764230605448,0.0131032602602056,False,False,False,False,True,0.1-0.3,plausible_fp,956,0.06789772727272728,823,0.8608786610878661,1650,0.1171875,0.2973552710905019,False,3,0.7167217135429382,0.9376952648162842,04_detection_yolo/reports/segmentation_refinement/v3i_conf005_deeplab_5class_43/masks/000421_p0001.png,04_detection_yolo/reports/segmentation_refinement/v3i_conf005_deeplab_5class_43/overlays/000421_p0001.jpg
000421_p0002,datasets/dataset_yolo_bbox_v3i_li_archaeological_object_merged/images/val/000421.png,421,005_ЛУБНО,005_ЛУБНО|Li|03_Лубно_Li_карты_g.tif,1024,1024,0.0,815.7123413085938,70.67071533203125,886.5838012695312,0.0,797.9944763183594,88.33839416503906,904.3016662597656,0.2352084368467331,0,04_detection_yolo/reports/proposals/v3i_conf005/crops/000421_p0002.jpg,04_detection_yolo/reports/proposals/v3i_conf005/overlays/000421_p0002.jpg,val,000421:3,0.5319986266462446,True,True,True,True,0.856236457824707,25.28293800354004,105.0,227.0,122.0,4,True,70.67071533203125,70.8714599609375,5008.536772064865,0.0047765128822945,1.0028405631379715,88.33839416503906,106.30718994140624,9391.00644762162,0.0089559616543022,True,True,True,True,False,0.5+,tp,849,0.0883270911360799,693,0.8162544169611308,7308,0.7602996254681648,0.3329748962763627,True,7,0.811795175075531,0.99394690990448,04_detection_yolo/reports/segmentation_refinement/v3i_conf005_deeplab_5class_43/masks/000421_p0002.png,04_detection_yolo/reports/segmentation_refinement/v3i_conf005_deeplab_5class_43/overlays/000421_p0002.jpg
000421_p0003,datasets/dataset_yolo_bbox_v3i_li_archaeological_object_merged/images/val/000421.png,421,005_ЛУБНО,005_ЛУБНО|Li|03_Лубно_Li_карты_g.tif,1024,1024,397.13275146484375,638.82177734375,500.7135620117188,738.4754638671875,371.237548828125,613.9083557128906,526.6087646484375,763.3888854980469,0.2083997428417205,0,04_detection_yolo/reports/proposals/v3i_conf005/crops/000421_p0003.jpg,04_detection_yolo/reports/proposals/v3i_conf005/overlays/000421_p0003.jpg,val,000421:1,0.2833797774333251,False,False,True,True,0.856236457824707,25.28293800354004,105.0,227.0,122.0,4,True,103.58081054687506,99.6536865234375,10322.209624081856,0.0098440262070482,1.039407714460357,155.3712158203125,149.48052978515625,23224.971654184163,0.0221490589658586,False,False,False,False,True,0.1-0.3,plausible_fp,1804,0.07658346068942096,1365,0.7566518847006651,8547,0.36283749363219564,0.260496783548451,True,5,0.7102453112602234,0.937068521976471,04_detection_yolo/reports/segmentation_refinement/v3i_conf005_deeplab_5class_43/masks/000421_p0003.png,04_detection_yolo/reports/segmentation_refinement/v3i_conf005_deeplab_5class_43/overlays/000421_p0003.jpg
000421_p0004,datasets/dataset_yolo_bbox_v3i_li_archaeological_object_merged/images/val/000421.png,421,005_ЛУБНО,005_ЛУБНО|Li|03_Лубно_Li_карты_g.tif,1024,1024,189.8335418701172,838.615234375,410.458984375,1024.0,134.67718124389648,792.26904296875,465.6153450012207,1024.0,0.2023391723632812,0,04_detection_yolo/reports/proposals/v3i_conf005/crops/000421_p0004.jpg,04_detection_yolo/reports/proposals/v3i_conf005/overlays/000421_p0004.jpg,val,000421:0,0.7752682234316495,True,True,True,True,0.856236457824707,25.28293800354004,105.0,227.0,122.0,4,True,220.6254425048828,185.384765625,40900.59594967961,0.0390058478829189,1.1900947834687148,330.9381637573242,231.73095703125,76688.61740564927,0.073135964780473,True,True,True,True,False,0.5+,tp,9644,0.1252077274615704,5740,0.5951887183741186,39032,0.5067511425010386,0.10294555263851843,True,8,0.7825966477394104,0.9865255951881409,04_detection_yolo/reports/segmentation_refinement/v3i_conf005_deeplab_5class_43/masks/000421_p0004.png,04_detection_yolo/reports/segmentation_refinement/v3i_conf005_deeplab_5class_43/overlays/000421_p0004.jpg
000421_p0005,datasets/dataset_yolo_bbox_v3i_li_archaeological_object_merged/images/val/000421.png,421,005_ЛУБНО,005_ЛУБНО|Li|03_Лубно_Li_карты_g.tif,1024,1024,184.4849548339844,489.3043823242188,361.25494384765625,700.7196044921875,140.2924575805664,436.45057678222656,405.4474411010742,753.5734100341797,0.1609644144773483,0,04_detection_yolo/reports/proposals/v3i_conf005/crops/000421_p0005.jpg,04_detection_yolo/reports/proposals/v3i_conf005/overlays/000421_p0005.jpg,val,000421:2,0.757880699030625,True,True,True,True,0.856236457824707,25.28293800354004,105.0,227.0,122.0,4,True,176.76998901367185,211.4152221679687,37371.86649995482,0.03564058923717,1.1959904695791843,265.1549835205078,317.1228332519531,84086.69962489838,0.0801913257836326,False,False,True,True,False,0.5+,tp,8609,0.10177566557904194,6307,0.7326054129399465,21146,0.24998817799215017,0.1493837824292125,False,10,0.761127233505249,0.9903411269187927,04_detection_yolo/reports/segmentation_refinement/v3i_conf005_deeplab_5class_43/masks/000421_p0005.png,04_detection_yolo/reports/segmentation_refinement/v3i_conf005_deeplab_5class_43/overlays/000421_p0005.jpg
000421_p0006,datasets/dataset_yolo_bbox_v3i_li_archaeological_object_merged/images/val/000421.png,421,005_ЛУБНО,005_ЛУБНО|Li|03_Лубно_Li_карты_g.tif,1024,1024,223.8173370361328,823.0738525390625,572.8333740234375,1024.0,136.56332778930664,772.8423156738281,660.0873832702637,1024.0,0.1314616054296493,0,04_detection_yolo/reports/proposals/v3i_conf005/crops/000421_p0006.jpg,04_detection_yolo/reports/proposals/v3i_conf005/overlays/000421_p0006.jpg,val,000421:0,0.3618847823347133,True,False,True,True,0.856236457824707,25.28293800354004,105.0,227.0,122.0,4,True,349.0160369873047,200.9261474609375,70126.4477139432,0.0668777920855934,1.7370364255610766,523.524055480957,251.15768432617188,131487.0894636435,0.1253958601604876,True,True,True,False,False,0.3-0.5,tp,12043,0.09102796674225246,11991,0.9956821390019098,93744,0.7085714285714285,0.1919192858086898,True,4,0.8382853865623474,0.9950169920921326,04_detection_yolo/reports/segmentation_refinement/v3i_conf005_deeplab_5class_43/masks/000421_p0006.png,04_detection_yolo/reports/segmentation_refinement/v3i_conf005_deeplab_5class_43/overlays/000421_p0006.jpg
000421_p0007,datasets/dataset_yolo_bbox_v3i_li_archaeological_object_merged/images/val/000421.png,421,005_ЛУБНО,005_ЛУБНО|Li|03_Лубно_Li_карты_g.tif,1024,1024,0.0,819.7366943359375,423.0432739257813,1024.0,0.0,768.6708679199219,528.8040924072266,1024.0,0.1112133562564849,0,04_detection_yolo/reports/proposals/v3i_conf005/crops/000421_p0007.jpg,04_detection_yolo/reports/proposals/v3i_conf005/overlays/000421_p0007.jpg,val,000421:0,0.4410199585106719,True,False,True,True,0.856236457824707,25.28293800354004,105.0,227.0,122.0,4,True,423.0432739257813,204.2633056640625,86412.21757102759,0.0824091125211978,2.071068381814651,528.8040924072266,255.32913208007807,135019.0899547306,0.1287642383143716,True,True,True,False,False,0.3-0.5,tp,12262,0.0905452504725898,8595,0.7009460120698092,95250,0.7033465264650284,0.08505131956292938,True,10,0.7758388519287109,0.994633138179779,04_detection_yolo/reports/segmentation_refinement/v3i_conf005_deeplab_5class_43/masks/000421_p0007.png,04_detection_yolo/reports/segmentation_refinement/v3i_conf005_deeplab_5class_43/overlays/000421_p0007.jpg
000421_p0008,datasets/dataset_yolo_bbox_v3i_li_archaeological_object_merged/images/val/000421.png,421,005_ЛУБНО,005_ЛУБНО|Li|03_Лубно_Li_карты_g.tif,1024,1024,56.64472579956055,796.7705078125,693.8170166015625,1021.4249877929688,0.0,740.6068878173828,853.110089302063,1024.0,0.1041494905948638,0,04_detection_yolo/reports/proposals/v3i_conf005/crops/000421_p0008.jpg,04_detection_yolo/reports/proposals/v3i_conf005/overlays/000421_p0008.jpg,val,000421:0,0.2621075203672574,False,False,True,True,0.856236457824707,25.28293800354004,105.0,227.0,122.0,4,True,637.172290802002,224.65447998046875,143143.60964808776,0.1365123840790632,2.836232292618412,853.110089302063,283.3931121826172,241765.5232417021,0.2305655701081296,False,True,False,False,True,0.1-0.3,obvious_fp,9686,0.03993633934756077,7388,0.7627503613462729,147768,0.6092621301579971,0.09365794534524695,True,8,0.7631641626358032,0.9840575456619263,04_detection_yolo/reports/segmentation_refinement/v3i_conf005_deeplab_5class_43/masks/000421_p0008.png,04_detection_yolo/reports/segmentation_refinement/v3i_conf005_deeplab_5class_43/overlays/000421_p0008.jpg
000421_p0009,datasets/dataset_yolo_bbox_v3i_li_archaeological_object_merged/images/val/000421.png,421,005_ЛУБНО,005_ЛУБНО|Li|03_Лубно_Li_карты_g.tif,1024,1024,392.2716674804688,599.001953125,582.7686767578125,779.2301635742188,344.6474151611328,553.9449005126953,630.3929290771484,824.2872161865234,0.0916161686182022,0,04_detection_yolo/reports/proposals/v3i_conf005/crops/000421_p0009.jpg,04_detection_yolo/reports/proposals/v3i_conf005/overlays/000421_p0009.jpg,val,000421:1,0.7707552824132317,True,True,True,True,0.856236457824707,25.28293800354004,105.0,227.0,122.0,4,True,190.4970092773437,180.22821044921875,34332.93507798388,0.0327424383907164,1.0569766453460865,285.7455139160156,270.3423156738281,77249.10392546374,0.073670486379112,False,False,True,True,False,0.5+,tp,13839,0.17727761836441894,12973,0.9374232242214032,27334,0.35014859602377535,0.42325150817905083,False,5,0.9026398658752441,0.999670147895813,04_detection_yolo/reports/segmentation_refinement/v3i_conf005_deeplab_5class_43/masks/000421_p0009.png,04_detection_yolo/reports/segmentation_refinement/v3i_conf005_deeplab_5class_43/overlays/000421_p0009.jpg
000421_p0010,datasets/dataset_yolo_bbox_v3i_li_archaeological_object_merged/images/val/000421.png,421,005_ЛУБНО,005_ЛУБНО|Li|03_Лубно_Li_карты_g.tif,1024,1024,340.4691467285156,428.3445434570313,864.3594970703125,783.4168701171875,209.4965591430664,339.5764617919922,995.3320846557616,872.1849517822266,0.0881087854504585,0,04_detection_yolo/reports/proposals/v3i_conf005/crops/000421_p0010.jpg,04_detection_yolo/reports/proposals/v3i_conf005/overlays/000421_p0010.jpg,val,000421:1,0.1658097653565332,False,False,True,True,0.856236457824707,25.28293800354004,105.0,227.0,122.0,4,True,523.8903503417969,355.0723266601562,186018.96561066617,0.1774015098673498,1.4754468625295554,785.8355255126952,532.6084899902344,418542.6726239989,0.399153397201537,False,False,False,False,True,0.1-0.3,obvious_fp,22294,0.05304836552784242,11975,0.5371400376782991,267467,0.6364352374017865,0.09926114883663668,True,12,0.7794915437698364,0.9958072900772095,04_detection_yolo/reports/segmentation_refinement/v3i_conf005_deeplab_5class_43/masks/000421_p0010.png,04_detection_yolo/reports/segmentation_refinement/v3i_conf005_deeplab_5class_43/overlays/000421_p0010.jpg
000421_p0011,datasets/dataset_yolo_bbox_v3i_li_archaeological_object_merged/images/val/000421.png,421,005_ЛУБНО,005_ЛУБНО|Li|03_Лубно_Li_карты_g.tif,1024,1024,664.0735473632812,457.6185607910156,872.0791015625,737.2488403320312,612.0721588134766,387.7109909057617,924.0804901123048,807.1564102172852,0.0514581687748432,0,04_detection_yolo/reports/proposals/v3i_conf005/crops/000421_p0011.jpg,04_detection_yolo/reports/proposals/v3i_conf005/overlays/000421_p0011.jpg,val,000421:0,0.0,False,False,True,True,0.856236457824707,25.28293800354004,105.0,227.0,122.0,4,True,208.00555419921875,279.6302795410156,58164.651266811416,0.0554701340358843,1.3443404461844215,312.00833129882824,419.4454193115234,130870.46535032571,0.1248078015807397,False,False,False,False,True,0,plausible_fp,3929,0.029816426733852913,1558,0.39653855942988037,39468,0.2995150751671435,0.19828542915015276,False,5,0.7610839605331421,0.9711710214614868,04_detection_yolo/reports/segmentation_refinement/v3i_conf005_deeplab_5class_43/masks/000421_p0011.png,04_detection_yolo/reports/segmentation_refinement/v3i_conf005_deeplab_5class_43/overlays/000421_p0011.jpg
000422_p0001,datasets/dataset_yolo_bbox_v3i_li_archaeological_object_merged/images/val/000422.png,422,005_ЛУБНО,005_ЛУБНО|Li|03_Лубно_Li_карты_g.tif,1024,1024,832.7760009765625,84.10609436035156,1024.0,386.97467041015625,784.9700012207031,8.38895034790039,1024.0,462.6918144226074,0.1335953623056411,0,04_detection_yolo/reports/proposals/v3i_conf005/crops/000422_p0001.jpg,04_detection_yolo/reports/proposals/v3i_conf005/overlays/000422_p0001.jpg,val,000422:0,0.5547720248535691,True,True,False,True,0.9999933242797852,17.654237747192383,135.0,219.0,84.0,4,True,191.2239990234375,302.8685760498047,57915.74029077776,0.0552327540309693,1.5838418692032656,239.02999877929688,454.30286407470703,108592.0130452083,0.1035614138080676,True,True,True,True,False,0.5+,tp,7064,0.06468864468864469,3414,0.4832955832389581,74181,0.6793131868131869,0.1459053945099165,True,8,0.7686975002288818,0.9765192270278931,04_detection_yolo/reports/segmentation_refinement/v3i_conf005_deeplab_5class_43/masks/000422_p0001.png,04_detection_yolo/reports/segmentation_refinement/v3i_conf005_deeplab_5class_43/overlays/000422_p0001.jpg
000422_p0002,datasets/dataset_yolo_bbox_v3i_li_archaeological_object_merged/images/val/000422.png,422,005_ЛУБНО,005_ЛУБНО|Li|03_Лубно_Li_карты_g.tif,1024,1024,555.8269653320312,393.1282348632813,1017.0711669921876,773.1022338867188,440.5159149169922,298.1347351074219,1024.0,868.0957336425781,0.096123032271862,0,04_detection_yolo/reports/proposals/v3i_conf005/crops/000422_p0002.jpg,04_detection_yolo/reports/proposals/v3i_conf005/overlays/000422_p0002.jpg,val,000422:2,0.1779520653452052,False,False,False,True,0.9999933242797852,17.654237747192383,135.0,219.0,84.0,4,True,461.2442016601564,379.97399902343744,175260.80383118245,0.1671417272865128,1.213883588997115,583.4840850830078,569.9609985351562,332563.1717632832,0.3171569554932434,False,True,False,False,True,0.1-0.3,obvious_fp,45641,0.13686934721589136,39310,0.8612870007230341,196315,0.5887142240241825,0.14808628121332762,True,6,0.7977115511894226,0.9829356074333191,04_detection_yolo/reports/segmentation_refinement/v3i_conf005_deeplab_5class_43/masks/000422_p0002.png,04_detection_yolo/reports/segmentation_refinement/v3i_conf005_deeplab_5class_43/overlays/000422_p0002.jpg
000422_p0003,datasets/dataset_yolo_bbox_v3i_li_archaeological_object_merged/images/val/000422.png,422,005_ЛУБНО,005_ЛУБНО|Li|03_Лубно_Li_карты_g.tif,1024,1024,703.05908203125,0.0,783.9635620117188,39.428802490234375,682.8329620361328,0.0,804.1896820068359,49.28600311279297,0.0890679284930229,0,04_detection_yolo/reports/proposals/v3i_conf005/crops/000422_p0003.jpg,04_detection_yolo/reports/proposals/v3i_conf005/overlays/000422_p0003.jpg,val,000422:1,0.1595963413771489,False,False,False,True,0.9999933242797852,17.654237747192383,135.0,219.0,84.0,4,True,80.90447998046875,39.428802490234375,3189.9667617250234,0.0030421893708467,2.0519131921520306,121.35671997070312,49.28600311279297,5981.187678234419,0.0057041050703376,True,True,False,False,True,0.1-0.3,obvious_fp,117,0.01902439024390244,44,0.37606837606837606,4590,0.7463414634146341,0.241660973353061,True,4,0.6189006567001343,0.8763130903244019,04_detection_yolo/reports/segmentation_refinement/v3i_conf005_deeplab_5class_43/masks/000422_p0003.png,04_detection_yolo/reports/segmentation_refinement/v3i_conf005_deeplab_5class_43/overlays/000422_p0003.jpg
000422_p0004,datasets/dataset_yolo_bbox_v3i_li_archaeological_object_merged/images/val/000422.png,422,005_ЛУБНО,005_ЛУБНО|Li|03_Лубно_Li_карты_g.tif,1024,1024,0.301806628704071,535.1222534179688,138.88894653320312,719.1046752929688,0.0,489.1266479492188,173.5357315093279,765.1002807617188,0.0754877552390098,0,04_detection_yolo/reports/proposals/v3i_conf005/crops/000422_p0004.jpg,04_detection_yolo/reports/proposals/v3i_conf005/overlays/000422_p0004.jpg,val,000422:0,0.0,False,False,False,True,0.9999933242797852,17.654237747192383,135.0,219.0,84.0,4,True,138.58713990449905,183.982421875,25497.597640359192,0.0243164039996711,1.3275576796070907,173.5357315093279,275.97363281249994,47891.28624740384,0.0456726896738088,True,True,False,False,True,0,obvious_fp,1479,0.030685920577617327,1151,0.7782285327924273,5820,0.12075189841902154,0.254947354439468,False,9,0.7554556131362915,0.9887461066246033,04_detection_yolo/reports/segmentation_refinement/v3i_conf005_deeplab_5class_43/masks/000422_p0004.png,04_detection_yolo/reports/segmentation_refinement/v3i_conf005_deeplab_5class_43/overlays/000422_p0004.jpg
000422_p0005,datasets/dataset_yolo_bbox_v3i_li_archaeological_object_merged/images/val/000422.png,422,005_ЛУБНО,005_ЛУБНО|Li|03_Лубно_Li_карты_g.tif,1024,1024,557.6619262695312,419.4568481445313,738.4150390625,613.1873168945312,512.4736480712891,371.0242309570313,783.6033172607422,661.6199340820312,0.0675233453512191,0,04_detection_yolo/reports/proposals/v3i_conf005/crops/000422_p0005.jpg,04_detection_yolo/reports/proposals/v3i_conf005/overlays/000422_p0005.jpg,val,000422:2,0.8906439408847124,True,True,False,True,0.9999933242797852,17.654237747192383,135.0,219.0,84.0,4,True,180.75311279296875,193.73046874999997,35017.38526940345,0.0333951809591326,1.0717960302675131,271.1296691894531,290.59570312499994,78789.11685615777,0.0751391571580484,False,False,True,True,False,0.5+,tp,7791,0.09843086719223772,6386,0.8196637145424207,27930,0.35286537295330506,0.16729393559139188,True,4,0.7744733691215515,0.9815561175346375,04_detection_yolo/reports/segmentation_refinement/v3i_conf005_deeplab_5class_43/masks/000422_p0005.png,04_detection_yolo/reports/segmentation_refinement/v3i_conf005_deeplab_5class_43/overlays/000422_p0005.jpg
000422_p0006,datasets/dataset_yolo_bbox_v3i_li_archaeological_object_merged/images/val/000422.png,422,005_ЛУБНО,005_ЛУБНО|Li|03_Лубно_Li_карты_g.tif,1024,1024,607.7327880859375,3.576306104660034,683.5968627929688,94.39414978027344,588.7667694091797,0.0,702.5628814697266,117.0986106991768,0.055130872875452,0,04_detection_yolo/reports/proposals/v3i_conf005/crops/000422_p0006.jpg,04_detection_yolo/reports/proposals/v3i_conf005/overlays/000422_p0006.jpg,val,000422:1,0.1499751200975882,False,False,False,True,0.9999933242797852,17.654237747192383,135.0,219.0,84.0,4,True,75.86407470703125,90.8178436756134,6889.811677338221,0.0065706364415533,1.1971126521522868,113.79611206054688,117.0986106991768,13325.366625257877,0.0127080599072054,False,True,False,False,True,0.1-0.3,obvious_fp,1855,0.13669859985261607,1560,0.8409703504043127,8250,0.6079587324981577,0.42210262543478977,True,4,0.8525668382644653,0.9997484683990479,04_detection_yolo/reports/segmentation_refinement/v3i_conf005_deeplab_5class_43/masks/000422_p0006.png,04_detection_yolo/reports/segmentation_refinement/v3i_conf005_deeplab_5class_43/overlays/000422_p0006.jpg
000423_p0001,datasets/dataset_yolo_bbox_v3i_li_archaeological_object_merged/images/val/000423.png,423,005_ЛУБНО,005_ЛУБНО|Li|03_Лубно_Li_карты_g.tif,1024,1024,139.61813354492188,83.44111633300781,412.66937255859375,374.0323791503906,71.3553237915039,10.79330062866211,480.9321823120117,446.6801948547363,0.4953921437263489,0,04_detection_yolo/reports/proposals/v3i_conf005/crops/000423_p0001.jpg,04_detection_yolo/reports/proposals/v3i_conf005/overlays/000423_p0001.jpg,val,000423:0,0.8002642274648094,True,True,True,True,0.8144993782043457,22.90815162658692,105.0,227.0,122.0,5,True,273.0512390136719,290.5912628173828,79346.30435883394,0.0756705325687732,1.0642371148619203,409.5768585205078,435.8868942260742,178529.18480737635,0.1702586982797397,False,False,True,True,False,0.5+,tp,34232,0.1910587709996093,34158,0.9978382799719561,47775,0.26664620193112687,0.18400395872548356,False,3,0.7508863210678101,0.9849293828010559,04_detection_yolo/reports/segmentation_refinement/v3i_conf005_deeplab_5class_43/masks/000423_p0001.png,04_detection_yolo/reports/segmentation_refinement/v3i_conf005_deeplab_5class_43/overlays/000423_p0001.jpg
000423_p0002,datasets/dataset_yolo_bbox_v3i_li_archaeological_object_merged/images/val/000423.png,423,005_ЛУБНО,005_ЛУБНО|Li|03_Лубно_Li_карты_g.tif,1024,1024,183.50637817382807,54.9366455078125,642.1971435546875,377.7283935546875,68.83368682861328,0.0,756.8698348999023,458.4263305664063,0.2402235716581344,0,04_detection_yolo/reports/proposals/v3i_conf005/crops/000423_p0002.jpg,04_detection_yolo/reports/proposals/v3i_conf005/overlays/000423_p0002.jpg,val,000423:0,0.3833125703186755,True,False,True,True,0.8144993782043457,22.90815162658692,105.0,227.0,122.0,5,True,458.6907653808594,322.791748046875,148061.59397024664,0.1412025394155947,1.4210114358755217,688.0361480712891,458.4263305664063,315413.88665736566,0.3008021227430016,False,True,True,False,False,0.3-0.5,tp,34362,0.10865420188394662,34166,0.9942960246784238,57116,0.18060338149128383,0.0751540223239364,False,6,0.6605470180511475,0.9735324382781982,04_detection_yolo/reports/segmentation_refinement/v3i_conf005_deeplab_5class_43/masks/000423_p0002.png,04_detection_yolo/reports/segmentation_refinement/v3i_conf005_deeplab_5class_43/overlays/000423_p0002.jpg
000423_p0003,datasets/dataset_yolo_bbox_v3i_li_archaeological_object_merged/images/val/000423.png,423,005_ЛУБНО,005_ЛУБНО|Li|03_Лубно_Li_карты_g.tif,1024,1024,0.0,47.20795822143555,70.91796875,118.70894622802734,0.0,29.3327112197876,88.6474609375,136.5841932296753,0.2259465008974075,0,04_detection_yolo/reports/proposals/v3i_conf005/crops/000423_p0003.jpg,04_detection_yolo/reports/proposals/v3i_conf005/overlays/000423_p0003.jpg,val,000423:2,0.5885412453042764,True,True,True,True,0.8144993782043457,22.90815162658692,105.0,227.0,122.0,5,True,70.91796875,71.5009880065918,5070.704833045602,0.0048358009653526,1.0082210371626277,88.6474609375,107.2514820098877,9507.571561960503,0.0090671268100361,True,True,True,True,False,0.5+,tp,849,0.0883270911360799,693,0.8162544169611308,7308,0.7602996254681648,0.3329748962763627,True,7,0.811795175075531,0.99394690990448,04_detection_yolo/reports/segmentation_refinement/v3i_conf005_deeplab_5class_43/masks/000423_p0003.png,04_detection_yolo/reports/segmentation_refinement/v3i_conf005_deeplab_5class_43/overlays/000423_p0003.jpg
000423_p0004,datasets/dataset_yolo_bbox_v3i_li_archaeological_object_merged/images/val/000423.png,423,005_ЛУБНО,005_ЛУБНО|Li|03_Лубно_Li_карты_g.tif,1024,1024,595.1044921875,417.7984313964844,814.7122802734375,595.3585205078125,540.2025451660156,373.40840911865234,869.6142272949219,639.7485427856445,0.1527980864048004,0,04_detection_yolo/reports/proposals/v3i_conf005/crops/000423_p0004.jpg,04_detection_yolo/reports/proposals/v3i_conf005/overlays/000423_p0004.jpg,val,000423:4,0.38498684797418,True,False,True,True,0.8144993782043457,22.90815162658692,105.0,227.0,122.0,5,True,219.6077880859375,177.56008911132812,38993.578422080725,0.0371871742459113,1.2368082781725005,329.41168212890625,266.3401336669922,87735.55144968163,0.0836711420533005,False,False,True,False,False,0.3-0.5,tp,7226,0.08201112246056066,5357,0.7413506781068364,14933,0.16948133015548747,0.3220466449592652,False,2,0.84422367811203,0.9968409538269043,04_detection_yolo/reports/segmentation_refinement/v3i_conf005_deeplab_5class_43/masks/000423_p0004.png,04_detection_yolo/reports/segmentation_refinement/v3i_conf005_deeplab_5class_43/overlays/000423_p0004.jpg
000423_p0005,datasets/dataset_yolo_bbox_v3i_li_archaeological_object_merged/images/val/000423.png,423,005_ЛУБНО,005_ЛУБНО|Li|03_Лубно_Li_карты_g.tif,1024,1024,271.14434814453125,498.0196228027344,426.8133239746094,694.7891845703125,232.2271041870117,448.82723236083984,465.7305679321289,743.981575012207,0.058885209262371,0,04_detection_yolo/reports/proposals/v3i_conf005/crops/000423_p0005.jpg,04_detection_yolo/reports/proposals/v3i_conf005/overlays/000423_p0005.jpg,val,000423:3,0.6115846986145769,True,True,True,True,0.8144993782043457,22.90815162658692,105.0,227.0,122.0,5,True,155.66897583007812,196.76956176757807,30630.916154892184,0.0292119180249139,1.264025543422112,233.5034637451172,295.1543426513672,68919.56134850743,0.0657268155560564,False,False,True,True,False,0.5+,tp,4877,0.07041175791175791,2862,0.586836169776502,17612,0.25427350427350426,0.23017768420704016,False,4,0.7954263091087341,0.9986932873725891,04_detection_yolo/reports/segmentation_refinement/v3i_conf005_deeplab_5class_43/masks/000423_p0005.png,04_detection_yolo/reports/segmentation_refinement/v3i_conf005_deeplab_5class_43/overlays/000423_p0005.jpg
000423_p0006,datasets/dataset_yolo_bbox_v3i_li_archaeological_object_merged/images/val/000423.png,423,005_ЛУБНО,005_ЛУБНО|Li|03_Лубно_Li_карты_g.tif,1024,1024,421.6117248535156,410.2808532714844,827.4788818359375,614.8492431640625,320.14493560791016,359.13875579833984,928.945671081543,665.991340637207,0.0532019287347793,0,04_detection_yolo/reports/proposals/v3i_conf005/crops/000423_p0006.jpg,04_detection_yolo/reports/proposals/v3i_conf005/overlays/000423_p0006.jpg,val,000423:4,0.1808075448262723,False,False,True,True,0.8144993782043457,22.90815162658692,105.0,227.0,122.0,5,True,405.8671569824219,204.56838989257807,83027.59081417229,0.0791812809125636,1.9840169695599048,608.8007354736328,306.8525848388672,186812.07933188765,0.1781578820532681,False,False,False,False,True,0.1-0.3,plausible_fp,1465,0.007835774992913037,1465,1.0,2365,0.012649561677979065,0.38737759763564067,False,1,0.6453405022621155,0.85298752784729,04_detection_yolo/reports/segmentation_refinement/v3i_conf005_deeplab_5class_43/masks/000423_p0006.png,04_detection_yolo/reports/segmentation_refinement/v3i_conf005_deeplab_5class_43/overlays/000423_p0006.jpg
000424_p0001,datasets/dataset_yolo_bbox_v3i_li_archaeological_object_merged/images/val/000424.png,424,005_ЛУБНО,005_ЛУБНО|Li|03_Лубно_Li_карты_g.tif,1024,1024,900.9010620117188,2.2929930686950684,1020.2413330078124,107.5810546875,871.0659942626953,0.0,1024.0,133.90307009220123,0.2446066290140152,0,04_detection_yolo/reports/proposals/v3i_conf005/crops/000424_p0001.jpg,04_detection_yolo/reports/proposals/v3i_conf005/overlays/000424_p0001.jpg,val,000424:0,0.7950636545843421,True,True,True,True,0.9485433101654052,15.75978183746338,148.0,217.0,69.0,3,True,119.34027099609364,105.28806161880492,12565.105806241583,0.0119830186903396,1.1334644133554732,152.9340057373047,133.90307009220123,20478.332889723417,0.0195296601197466,False,True,True,True,False,0.5+,tp,985,0.048044093259194225,519,0.5269035532994923,7224,0.3523558677202224,0.22223992845345777,False,6,0.7226662039756775,0.9681824445724487,04_detection_yolo/reports/segmentation_refinement/v3i_conf005_deeplab_5class_43/masks/000424_p0001.png,04_detection_yolo/reports/segmentation_refinement/v3i_conf005_deeplab_5class_43/overlays/000424_p0001.jpg
000424_p0002,datasets/dataset_yolo_bbox_v3i_li_archaeological_object_merged/images/val/000424.png,424,005_ЛУБНО,005_ЛУБНО|Li|03_Лубно_Li_карты_g.tif,1024,1024,546.7232666015625,149.72903442382812,725.3341064453125,336.9727783203125,502.070556640625,102.91809844970705,769.98681640625,383.7837142944336,0.1208404153585434,0,04_detection_yolo/reports/proposals/v3i_conf005/crops/000424_p0002.jpg,04_detection_yolo/reports/proposals/v3i_conf005/overlays/000424_p0002.jpg,val,000424:1,0.9046158893198528,True,True,True,True,0.9485433101654052,15.75978183746338,148.0,217.0,69.0,3,True,178.61083984375,187.2437438964844,33443.76235283911,0.0318944571998969,1.048333595319783,267.916259765625,280.86561584472656,75248.465293888,0.071762528699768,False,False,True,True,False,0.5+,tp,7524,0.09955541441727532,3475,0.4618553960659224,11639,0.15400391658727638,0.21444824290181452,False,4,0.714153528213501,0.9687682390213013,04_detection_yolo/reports/segmentation_refinement/v3i_conf005_deeplab_5class_43/masks/000424_p0002.png,04_detection_yolo/reports/segmentation_refinement/v3i_conf005_deeplab_5class_43/overlays/000424_p0002.jpg
000424_p0003,datasets/dataset_yolo_bbox_v3i_li_archaeological_object_merged/images/val/000424.png,424,005_ЛУБНО,005_ЛУБНО|Li|03_Лубно_Li_карты_g.tif,1024,1024,547.96240234375,14.943262100219728,1020.6197509765624,482.2470703125,429.7980651855469,0.0,1024.0,599.0730223655701,0.1115022152662277,0,04_detection_yolo/reports/proposals/v3i_conf005/crops/000424_p0003.jpg,04_detection_yolo/reports/proposals/v3i_conf005/overlays/000424_p0003.jpg,val,000424:1,0.141202406169324,False,False,True,True,0.9485433101654052,15.75978183746338,148.0,217.0,69.0,3,True,472.6573486328124,467.3038082122803,220874.57899563265,0.2106424131351782,1.0114562310994482,594.2019348144531,599.0730223655701,355970.3489847639,0.3394797792289389,False,True,False,False,True,0.1-0.3,obvious_fp,67757,0.1897955182072829,58960,0.8701683958852959,229597,0.6431288515406163,0.2690370776026772,True,4,0.9029436707496643,0.997262716293335,04_detection_yolo/reports/segmentation_refinement/v3i_conf005_deeplab_5class_43/masks/000424_p0003.png,04_detection_yolo/reports/segmentation_refinement/v3i_conf005_deeplab_5class_43/overlays/000424_p0003.jpg
000424_p0004,datasets/dataset_yolo_bbox_v3i_li_archaeological_object_merged/images/val/000424.png,424,005_ЛУБНО,005_ЛУБНО|Li|03_Лубно_Li_карты_g.tif,1024,1024,0.1167480498552322,255.4323272705078,128.28311157226562,439.3778381347656,0.0,209.44594955444336,160.32470245286822,485.3642158508301,0.0595240704715251,0,04_detection_yolo/reports/proposals/v3i_conf005/crops/000424_p0004.jpg,04_detection_yolo/reports/proposals/v3i_conf005/overlays/000424_p0004.jpg,val,000424:0,0.0,False,False,True,True,0.9485433101654052,15.75978183746338,148.0,217.0,69.0,3,True,128.1663635224104,183.9455108642578,23575.62721374396,0.0224834701669158,1.435208941011221,160.32470245286822,275.9182662963867,44236.51394527946,0.0421872271969599,True,True,False,False,True,0,obvious_fp,1443,0.03235643653160526,1433,0.9930699930699931,2806,0.0629190304280557,0.6824973765109822,False,2,0.8199106454849243,0.9976703524589539,04_detection_yolo/reports/segmentation_refinement/v3i_conf005_deeplab_5class_43/masks/000424_p0004.png,04_detection_yolo/reports/segmentation_refinement/v3i_conf005_deeplab_5class_43/overlays/000424_p0004.jpg
000425_p0001,datasets/dataset_yolo_bbox_v3i_li_archaeological_object_merged/images/val/000425.png,425,005_ЛУБНО,005_ЛУБНО|Li|03_Лубно_Li_карты_g.tif,1024,1024,596.68701171875,144.7099151611328,807.9205932617188,317.135498046875,543.8786163330078,101.60351943969728,860.7289886474609,360.24189376831055,0.2092014849185943,0,04_detection_yolo/reports/proposals/v3i_conf005/crops/000425_p0001.jpg,04_detection_yolo/reports/proposals/v3i_conf005/overlays/000425_p0001.jpg,val,000425:2,0.4121680463869541,True,False,True,True,0.7854206562042236,17.63380241394043,135.0,217.0,82.0,3,True,211.23358154296875,172.4255828857422,36422.07342258934,0.0347347959733861,1.2250710016908726,316.8503723144531,258.6383743286133,81949.66520082601,0.0781532909401188,False,False,True,False,False,0.3-0.5,tp,6377,0.07712868892114175,4409,0.6913909361768856,14872,0.17987421383647798,0.19999487235179514,False,8,0.7491256594657898,0.9591062068939209,04_detection_yolo/reports/segmentation_refinement/v3i_conf005_deeplab_5class_43/masks/000425_p0001.png,04_detection_yolo/reports/segmentation_refinement/v3i_conf005_deeplab_5class_43/overlays/000425_p0001.jpg
000425_p0002,datasets/dataset_yolo_bbox_v3i_li_archaeological_object_merged/images/val/000425.png,425,005_ЛУБНО,005_ЛУБНО|Li|03_Лубно_Li_карты_g.tif,1024,1024,174.421630859375,3.05145263671875,397.7093200683594,103.2327651977539,118.5997085571289,0.0,453.5312423706055,128.2780933380127,0.102835789322853,0,04_detection_yolo/reports/proposals/v3i_conf005/crops/000425_p0002.jpg,04_detection_yolo/reports/proposals/v3i_conf005/overlays/000425_p0002.jpg,val,000425:0,0.7880741084290557,True,True,True,True,0.7854206562042236,17.63380241394043,135.0,217.0,82.0,3,True,223.2876892089844,100.18131256103516,22369.25378367654,0.0213329828106656,2.228835732941181,334.9315338134766,128.2780933380127,42964.37855636891,0.0409740243495644,False,True,True,True,False,0.5+,tp,6775,0.15630767811000368,6381,0.9418450184501845,30336,0.6998892580287929,0.20915960169486195,True,8,0.817582368850708,0.9892305731773376,04_detection_yolo/reports/segmentation_refinement/v3i_conf005_deeplab_5class_43/masks/000425_p0002.png,04_detection_yolo/reports/segmentation_refinement/v3i_conf005_deeplab_5class_43/overlays/000425_p0002.jpg
000425_p0003,datasets/dataset_yolo_bbox_v3i_li_archaeological_object_merged/images/val/000425.png,425,005_ЛУБНО,005_ЛУБНО|Li|03_Лубно_Li_карты_g.tif,1024,1024,249.238037109375,201.54103088378903,429.392333984375,417.8488159179688,204.199462890625,147.46408462524414,474.430908203125,471.9257621765137,0.0883824527263641,0,04_detection_yolo/reports/proposals/v3i_conf005/crops/000425_p0003.jpg,04_detection_yolo/reports/proposals/v3i_conf005/overlays/000425_p0003.jpg,val,000425:1,0.595215910099245,True,True,True,True,0.7854206562042236,17.63380241394043,135.0,217.0,82.0,3,True,180.154296875,216.30778503417977,38968.7769214213,0.0371635216917241,1.2006806875345577,270.2314453125,324.4616775512696,87679.7480731979,0.0836179238063792,False,False,True,True,False,0.5+,tp,7380,0.08379222253761,6530,0.8848238482384824,25200,0.2861197842747658,0.25761059759436306,False,6,0.7943638563156128,0.9869359135627747,04_detection_yolo/reports/segmentation_refinement/v3i_conf005_deeplab_5class_43/masks/000425_p0003.png,04_detection_yolo/reports/segmentation_refinement/v3i_conf005_deeplab_5class_43/overlays/000425_p0003.jpg
000425_p0004,datasets/dataset_yolo_bbox_v3i_li_archaeological_object_merged/images/val/000425.png,425,005_ЛУБНО,005_ЛУБНО|Li|03_Лубно_Li_карты_g.tif,1024,1024,268.0751037597656,316.3930053710937,424.95947265625,420.7564086914063,228.85401153564453,290.3021545410156,464.1805648803711,446.8472595214844,0.0827256888151168,0,04_detection_yolo/reports/proposals/v3i_conf005/crops/000425_p0004.jpg,04_detection_yolo/reports/proposals/v3i_conf005/overlays/000425_p0004.jpg,val,000425:1,0.5257458322405034,True,True,True,True,0.7854206562042236,17.63380241394043,135.0,217.0,82.0,3,True,156.88436889648438,104.3634033203126,16372.986665796509,0.0156144968660321,1.5032507939107178,235.32655334472656,156.54510498046875,36839.2199980421,0.0351326179485722,False,False,True,True,False,0.5+,tp,2262,0.06079174393291945,1411,0.6237842617152962,13081,0.35155473138219245,0.2169128714758436,False,6,0.7718400955200195,0.9930570125579834,04_detection_yolo/reports/segmentation_refinement/v3i_conf005_deeplab_5class_43/masks/000425_p0004.png,04_detection_yolo/reports/segmentation_refinement/v3i_conf005_deeplab_5class_43/overlays/000425_p0004.jpg
000425_p0005,datasets/dataset_yolo_bbox_v3i_li_archaeological_object_merged/images/val/000425.png,425,005_ЛУБНО,005_ЛУБНО|Li|03_Лубно_Li_карты_g.tif,1024,1024,425.1127014160156,70.14823913574219,825.7073974609375,359.61737060546875,324.9640274047852,0.0,925.856071472168,431.9846534729004,0.0708510056138038,0,04_detection_yolo/reports/proposals/v3i_conf005/crops/000425_p0005.jpg,04_detection_yolo/reports/proposals/v3i_conf005/overlays/000425_p0005.jpg,val,000425:2,0.1294587866799627,False,False,True,True,0.7854206562042236,17.63380241394043,135.0,217.0,82.0,3,True,400.5946960449219,289.46913146972656,115959.79873550264,0.1105878817896868,1.383894351743053,600.8920440673828,431.9846534729004,259576.1414310712,0.2475510992346488,False,True,False,False,True,0.1-0.3,obvious_fp,8012,0.030807801156638365,5623,0.7018222666000998,63920,0.24578565276239694,0.18237830584286122,False,3,0.7576729655265808,0.9917846322059631,04_detection_yolo/reports/segmentation_refinement/v3i_conf005_deeplab_5class_43/masks/000425_p0005.png,04_detection_yolo/reports/segmentation_refinement/v3i_conf005_deeplab_5class_43/overlays/000425_p0005.jpg
000425_p0006,datasets/dataset_yolo_bbox_v3i_li_archaeological_object_merged/images/val/000425.png,425,005_ЛУБНО,005_ЛУБНО|Li|03_Лубно_Li_карты_g.tif,1024,1024,0.0,170.34884643554688,434.2933044433594,436.6024475097656,0.0,103.7854461669922,542.8666305541992,503.1658477783203,0.0575383678078651,0,04_detection_yolo/reports/proposals/v3i_conf005/crops/000425_p0006.jpg,04_detection_yolo/reports/proposals/v3i_conf005/overlays/000425_p0006.jpg,val,000425:1,0.2340707826822933,False,False,True,True,0.7854206562042236,17.63380241394043,135.0,217.0,82.0,3,True,434.2933044433594,266.25360107421875,115632.15623046644,0.1102754175476707,1.6311265000404602,542.8666305541992,399.3804016113281,216810.29293212455,0.2067664079018827,True,True,False,False,True,0.1-0.3,obvious_fp,21668,0.09951180979411509,21254,0.9808934834779398,46366,0.21293910711251338,0.23518203734740967,False,5,0.8294041752815247,0.9959052801132202,04_detection_yolo/reports/segmentation_refinement/v3i_conf005_deeplab_5class_43/masks/000425_p0006.png,04_detection_yolo/reports/segmentation_refinement/v3i_conf005_deeplab_5class_43/overlays/000425_p0006.jpg
000426_p0001,datasets/dataset_yolo_bbox_v3i_li_archaeological_object_merged/images/val/000426.png,426,006_МОСКОВИТЫ,006_МОСКОВИТЫ|Li|03_Московиты_Li_карты_g.tif,1024,1024,718.9215087890625,640.3521728515625,1024.0,1010.4892578125,642.6518859863281,547.8179016113281,1024.0,1024.0,0.173869326710701,0,04_detection_yolo/reports/proposals/v3i_conf005/crops/000426_p0001.jpg,04_detection_yolo/reports/proposals/v3i_conf005/overlays/000426_p0001.jpg,val,000426:0,0.9422347457628896,True,True,False,True,0.9748356938362122,23.284990310668945,112.0,219.0,107.0,4,True,305.0784912109375,370.1370849609375,112920.8634210974,0.1076897272311185,1.2132519847327328,381.3481140136719,476.1820983886719,181591.1451475928,0.1731788112140586,True,True,True,True,False,0.5+,tp,18210,0.09993743620138958,8909,0.4892366831411312,52250,0.2867507436311151,0.11396726058436524,False,8,0.7658882141113281,0.9985912442207336,04_detection_yolo/reports/segmentation_refinement/v3i_conf005_deeplab_5class_43/masks/000426_p0001.png,04_detection_yolo/reports/segmentation_refinement/v3i_conf005_deeplab_5class_43/overlays/000426_p0001.jpg
000426_p0002,datasets/dataset_yolo_bbox_v3i_li_archaeological_object_merged/images/val/000426.png,426,006_МОСКОВИТЫ,006_МОСКОВИТЫ|Li|03_Московиты_Li_карты_g.tif,1024,1024,749.6339111328125,778.8375854492188,835.7379150390625,851.78173828125,728.10791015625,760.6015472412109,857.263916015625,870.0177764892578,0.1515163481235504,0,04_detection_yolo/reports/proposals/v3i_conf005/crops/000426_p0002.jpg,04_detection_yolo/reports/proposals/v3i_conf005/overlays/000426_p0002.jpg,val,000426:3,0.5837801952381343,True,True,False,True,0.9748356938362122,23.284990310668945,112.0,219.0,107.0,4,True,86.10400390625,72.94415283203125,6280.783620387316,0.0059898220256684,1.1804099514942887,129.156005859375,109.41622924804688,14131.76314587146,0.013477099557754,False,False,True,True,False,0.5+,tp,4870,0.3374913374913375,4025,0.8264887063655031,14430,1.0,0.09490907368217436,True,11,0.7218908667564392,0.9810102581977844,04_detection_yolo/reports/segmentation_refinement/v3i_conf005_deeplab_5class_43/masks/000426_p0002.png,04_detection_yolo/reports/segmentation_refinement/v3i_conf005_deeplab_5class_43/overlays/000426_p0002.jpg
000426_p0003,datasets/dataset_yolo_bbox_v3i_li_archaeological_object_merged/images/val/000426.png,426,006_МОСКОВИТЫ,006_МОСКОВИТЫ|Li|03_Московиты_Li_карты_g.tif,1024,1024,732.6124877929688,612.7462768554688,939.8722534179688,862.732421875,680.7975463867188,550.2497406005859,991.6871948242188,925.2289581298828,0.0826805457472801,0,04_detection_yolo/reports/proposals/v3i_conf005/crops/000426_p0003.jpg,04_detection_yolo/reports/proposals/v3i_conf005/overlays/000426_p0003.jpg,val,000426:0,0.3860892198250588,True,False,False,True,0.9748356938362122,23.284990310668945,112.0,219.0,107.0,4,True,207.259765625,249.98614501953125,51812.06982624531,0.0494118402731373,1.206148932310563,310.8896484375,374.9792175292969,116577.15710905194,0.1111766406145591,False,False,True,False,False,0.3-0.5,tp,19215,0.1637939852700491,19181,0.9982305490502211,35432,0.30203218767048556,0.2013826328516182,False,3,0.7995247840881348,0.9968400001525879,04_detection_yolo/reports/segmentation_refinement/v3i_conf005_deeplab_5class_43/masks/000426_p0003.png,04_detection_yolo/reports/segmentation_refinement/v3i_conf005_deeplab_5class_43/overlays/000426_p0003.jpg
000427_p0001,datasets/dataset_yolo_bbox_v3i_li_archaeological_object_merged/images/val/000427.png,427,006_МОСКОВИТЫ,006_МОСКОВИТЫ|Li|03_Московиты_Li_карты_g.tif,1024,1024,466.9005737304688,714.5446166992188,721.9853515625,1024.0,403.12937927246094,637.1807708740234,785.7565460205078,1024.0,0.2168284058570861,0,04_detection_yolo/reports/proposals/v3i_conf005/crops/000427_p0001.jpg,04_detection_yolo/reports/proposals/v3i_conf005/overlays/000427_p0001.jpg,val,000427:0,0.2421214580747566,False,False,False,True,0.9995685815811156,32.35740280151367,79.0,237.0,158.0,5,True,255.0847778320312,309.45538330078125,78937.35769820584,0.0752805306417521,1.2131471972998409,382.6271667480469,386.81922912597656,148007.54568413598,0.1411509949532852,True,True,False,False,True,0.1-0.3,plausible_fp,16195,0.10926252015571343,13738,0.8482865081815375,28704,0.19365676928370473,0.3203864745297167,False,6,0.8248358368873596,0.989957332611084,04_detection_yolo/reports/segmentation_refinement/v3i_conf005_deeplab_5class_43/masks/000427_p0001.png,04_detection_yolo/reports/segmentation_refinement/v3i_conf005_deeplab_5class_43/overlays/000427_p0001.jpg
000427_p0002,datasets/dataset_yolo_bbox_v3i_li_archaeological_object_merged/images/val/000427.png,427,006_МОСКОВИТЫ,006_МОСКОВИТЫ|Li|03_Московиты_Li_карты_g.tif,1024,1024,560.6188354492188,849.8583984375,636.7659301757812,917.4513549804688,541.5820617675781,832.9601593017578,655.8027038574219,934.3495941162108,0.0886740237474441,0,04_detection_yolo/reports/proposals/v3i_conf005/crops/000427_p0002.jpg,04_detection_yolo/reports/proposals/v3i_conf005/overlays/000427_p0002.jpg,val,000427:4,0.0926382823026752,False,False,False,True,0.9995685815811156,32.35740280151367,79.0,237.0,158.0,5,True,76.1470947265625,67.59295654296875,5147.007264725864,0.0049085686347254,1.1265536917024173,114.22064208984376,101.389434814453,11580.76634563318,0.0110442794281322,False,False,False,False,True,0-0.1,plausible_fp,6398,0.5401435204727734,5877,0.9185683025945608,10918,0.9217391304347826,0.18971082935309258,True,6,0.8950624465942383,0.9996091723442078,04_detection_yolo/reports/segmentation_refinement/v3i_conf005_deeplab_5class_43/masks/000427_p0002.png,04_detection_yolo/reports/segmentation_refinement/v3i_conf005_deeplab_5class_43/overlays/000427_p0002.jpg
000427_p0003,datasets/dataset_yolo_bbox_v3i_li_archaeological_object_merged/images/val/000427.png,427,006_МОСКОВИТЫ,006_МОСКОВИТЫ|Li|03_Московиты_Li_карты_g.tif,1024,1024,0.0,781.822265625,71.087158203125,851.8645629882812,0.0,764.3116912841797,88.85894775390625,869.3751373291016,0.0642992183566093,0,04_detection_yolo/reports/proposals/v3i_conf005/crops/000427_p0003.jpg,04_detection_yolo/reports/proposals/v3i_conf005/overlays/000427_p0003.jpg,val,000427:3,0.7117531316369261,True,True,False,True,0.9995685815811156,32.35740280151367,79.0,237.0,158.0,5,True,71.087158203125,70.04229736328125,4979.107873573899,0.0047484472976435,1.0149175695140962,88.85894775390625,105.06344604492188,9335.82726295106,0.0089033386830816,True,True,True,True,False,0.5+,tp,1453,0.15401738393046427,423,0.29112181693048866,9434,1.0,0.09829262602302893,True,11,0.7160451412200928,0.9971161484718323,04_detection_yolo/reports/segmentation_refinement/v3i_conf005_deeplab_5class_43/masks/000427_p0003.png,04_detection_yolo/reports/segmentation_refinement/v3i_conf005_deeplab_5class_43/overlays/000427_p0003.jpg
000428_p0001,datasets/dataset_yolo_bbox_v3i_li_archaeological_object_merged/images/val/000428.png,428,006_МОСКОВИТЫ,006_МОСКОВИТЫ|Li|03_Московиты_Li_карты_g.tif,1024,1024,745.53759765625,4.214410305023193,837.7112426757812,84.19525909423828,722.4941864013672,0.0,860.7546539306641,104.19047129154204,0.4305485486984253,0,04_detection_yolo/reports/proposals/v3i_conf005/crops/000428_p0001.jpg,04_detection_yolo/reports/proposals/v3i_conf005/overlays/000428_p0001.jpg,val,000428:5,0.6173970100171463,True,True,False,True,0.9843711256980896,26.463090896606445,107.0,227.0,120.0,6,True,92.17364501953124,79.98084878921509,7372.126364657917,0.0070306075712756,1.152446447054464,138.26046752929688,104.19047129154204,14405.423272866386,0.0137380821922935,False,True,True,True,False,0.5+,tp,3733,0.25577252483727303,3404,0.9118671309938388,14317,0.9809523809523809,0.12164230852892403,True,10,0.7533043026924133,0.9802377223968506,04_detection_yolo/reports/segmentation_refinement/v3i_conf005_deeplab_5class_43/masks/000428_p0001.png,04_detection_yolo/reports/segmentation_refinement/v3i_conf005_deeplab_5class_43/overlays/000428_p0001.jpg
000428_p0002,datasets/dataset_yolo_bbox_v3i_li_archaeological_object_merged/images/val/000428.png,428,006_МОСКОВИТЫ,006_МОСКОВИТЫ|Li|03_Московиты_Li_карты_g.tif,1024,1024,651.4629516601562,228.4619140625,1016.1160278320312,603.6329345703125,560.2996826171875,134.66915893554688,1024.0,697.4256896972656,0.3496361076831817,0,04_detection_yolo/reports/proposals/v3i_conf005/crops/000428_p0002.jpg,04_detection_yolo/reports/proposals/v3i_conf005/overlays/000428_p0002.jpg,val,000428:0,0.5959093408223148,True,True,False,True,0.9843711256980896,26.463090896606445,107.0,227.0,120.0,6,True,364.653076171875,375.1710205078125,136807.26671871543,0.1304695765673784,1.0288437011044986,463.7003173828125,562.7565307617188,260950.38192345947,0.248861677096805,False,True,True,True,False,0.5+,tp,28118,0.10744528001956469,28106,0.999573227114304,82644,0.3158015407190022,0.2738026378497502,False,3,0.8573658466339111,0.9991520643234253,04_detection_yolo/reports/segmentation_refinement/v3i_conf005_deeplab_5class_43/masks/000428_p0002.png,04_detection_yolo/reports/segmentation_refinement/v3i_conf005_deeplab_5class_43/overlays/000428_p0002.jpg
000428_p0003,datasets/dataset_yolo_bbox_v3i_li_archaeological_object_merged/images/val/000428.png,428,006_МОСКОВИТЫ,006_МОСКОВИТЫ|Li|03_Московиты_Li_карты_g.tif,1024,1024,852.0261840820312,408.9337768554688,1020.9812622070312,561.8865356445312,809.7874145507812,370.6955871582031,1024.0,600.1247253417969,0.1190135478973388,0,04_detection_yolo/reports/proposals/v3i_conf005/crops/000428_p0003.jpg,04_detection_yolo/reports/proposals/v3i_conf005/overlays/000428_p0003.jpg,val,000428:2,0.2507030364712889,False,False,False,True,0.9843711256980896,26.463090896606445,107.0,227.0,120.0,6,True,168.955078125,152.95275878906244,25842.145310640324,0.0246449902635958,1.1046226263758103,214.21258544921875,229.42913818359372,49146.60886769369,0.0468698586155831,False,True,False,False,True,0.1-0.3,plausible_fp,3944,0.07941206080740965,3242,0.8220081135902637,23688,0.47695560253699787,0.35622886460071285,False,5,0.7889394164085388,0.9802113771438599,04_detection_yolo/reports/segmentation_refinement/v3i_conf005_deeplab_5class_43/masks/000428_p0003.png,04_detection_yolo/reports/segmentation_refinement/v3i_conf005_deeplab_5class_43/overlays/000428_p0003.jpg
000428_p0004,datasets/dataset_yolo_bbox_v3i_li_archaeological_object_merged/images/val/000428.png,428,006_МОСКОВИТЫ,006_МОСКОВИТЫ|Li|03_Московиты_Li_карты_g.tif,1024,1024,659.6802978515625,405.230224609375,1015.6771240234376,592.1754150390625,570.6810913085938,358.4939270019531,1024.0,638.9117126464844,0.100005105137825,0,04_detection_yolo/reports/proposals/v3i_conf005/crops/000428_p0004.jpg,04_detection_yolo/reports/proposals/v3i_conf005/overlays/000428_p0004.jpg,val,000428:3,0.3131384410430552,True,False,False,True,0.9843711256980896,26.463090896606445,107.0,227.0,120.0,6,True,355.9968261718751,186.9451904296875,66551.89446106555,0.0634688324556975,1.9042844876277796,453.3189086914063,280.41778564453125,127118.6845660396,0.1212298246059795,False,True,True,False,False,0.3-0.5,tp,13319,0.10440215090849232,5934,0.44552894361438544,47710,0.37397902393904714,0.08662672232940831,True,8,0.7864210605621338,0.9937241673469543,04_detection_yolo/reports/segmentation_refinement/v3i_conf005_deeplab_5class_43/masks/000428_p0004.png,04_detection_yolo/reports/segmentation_refinement/v3i_conf005_deeplab_5class_43/overlays/000428_p0004.jpg
000428_p0005,datasets/dataset_yolo_bbox_v3i_li_archaeological_object_merged/images/val/000428.png,428,006_МОСКОВИТЫ,006_МОСКОВИТЫ|Li|03_Московиты_Li_карты_g.tif,1024,1024,874.4957275390625,5.925879001617432,1020.7799072265624,79.1384506225586,837.9246826171875,0.0,1024.0,97.44159352779388,0.0924552753567695,0,04_detection_yolo/reports/proposals/v3i_conf005/crops/000428_p0005.jpg,04_detection_yolo/reports/proposals/v3i_conf005/overlays/000428_p0005.jpg,val,000428:1,0.0787610573113675,False,False,False,True,0.9843711256980896,26.463090896606445,107.0,227.0,120.0,6,True,146.2841796874999,73.21257162094116,10709.840982381713,0.0102137002776925,1.9980745990577649,186.0753173828125,97.44159352779388,18131.47544197125,0.0172915224475586,False,True,False,False,True,0-0.1,obvious_fp,592,0.03230383062315836,188,0.31756756756756754,8001,0.43659281894576013,0.17361645321245842,True,7,0.6553598642349243,0.9232428669929504,04_detection_yolo/reports/segmentation_refinement/v3i_conf005_deeplab_5class_43/masks/000428_p0005.png,04_detection_yolo/reports/segmentation_refinement/v3i_conf005_deeplab_5class_43/overlays/000428_p0005.jpg
000428_p0006,datasets/dataset_yolo_bbox_v3i_li_archaeological_object_merged/images/val/000428.png,428,006_МОСКОВИТЫ,006_МОСКОВИТЫ|Li|03_Московиты_Li_карты_g.tif,1024,1024,625.89306640625,95.2324676513672,873.4749755859375,608.3238525390625,563.9975891113281,0.0,935.3704528808594,736.5966987609863,0.0801761597394943,0,04_detection_yolo/reports/proposals/v3i_conf005/crops/000428_p0006.jpg,04_detection_yolo/reports/proposals/v3i_conf005/overlays/000428_p0006.jpg,val,000428:0,0.4857189648937975,True,False,False,True,0.9843711256980896,26.463090896606445,107.0,227.0,120.0,6,True,247.5819091796875,513.0913848876953,127032.14465414546,0.121147293714662,2.072410648208181,371.3728637695313,736.5966987609863,273552.0254620502,0.2608795408840658,False,True,True,False,False,0.3-0.5,tp,33968,0.12356448321395702,33456,0.9849269901083373,157356,0.5724097038570249,0.21997716870093076,False,4,0.9060126543045044,0.999915599822998,04_detection_yolo/reports/segmentation_refinement/v3i_conf005_deeplab_5class_43/masks/000428_p0006.png,04_detection_yolo/reports/segmentation_refinement/v3i_conf005_deeplab_5class_43/overlays/000428_p0006.jpg
000429_p0001,datasets/dataset_yolo_bbox_v3i_li_archaeological_object_merged/images/val/000429.png,429,006_МОСКОВИТЫ,006_МОСКОВИТЫ|Li|03_Московиты_Li_карты_g.tif,1024,1024,0.0,12.453283309936523,71.44698333740234,84.12065124511719,0.0,0.0,89.30872917175293,102.03749322891235,0.2542240917682647,0,04_detection_yolo/reports/proposals/v3i_conf005/crops/000429_p0001.jpg,04_detection_yolo/reports/proposals/v3i_conf005/overlays/000429_p0001.jpg,val,000429:5,0.7296051595198391,True,True,False,True,0.8768064379692078,29.00383377075196,92.0,224.0,132.0,7,True,71.44698333740234,71.66736793518066,5120.417242700336,0.004883210413647,1.003084589264428,89.30872917175293,102.03749322891235,9112.838848145508,0.0086906803590254,True,True,True,True,False,0.5+,tp,1179,0.12718446601941746,264,0.22391857506361323,8910,0.9611650485436893,0.0797570585555066,True,16,0.7047742605209351,0.9794367551803589,04_detection_yolo/reports/segmentation_refinement/v3i_conf005_deeplab_5class_43/masks/000429_p0001.png,04_detection_yolo/reports/segmentation_refinement/v3i_conf005_deeplab_5class_43/overlays/000429_p0001.jpg
000429_p0002,datasets/dataset_yolo_bbox_v3i_li_archaeological_object_merged/images/val/000429.png,429,006_МОСКОВИТЫ,006_МОСКОВИТЫ|Li|03_Московиты_Li_карты_g.tif,1024,1024,569.7322998046875,84.84321594238281,630.4520874023438,145.8794403076172,554.5523529052734,69.58415985107422,645.6320343017578,161.13849639892578,0.1198288723826408,0,04_detection_yolo/reports/proposals/v3i_conf005/crops/000429_p0002.jpg,04_detection_yolo/reports/proposals/v3i_conf005/overlays/000429_p0002.jpg,val,000429:6,0.0483242844066961,False,False,False,True,0.8768064379692078,29.00383377075196,92.0,224.0,132.0,7,True,60.71978759765625,61.036224365234375,3706.1065792199215,0.0035344186584662,1.0052114274456114,91.07968139648438,91.55433654785156,8338.739803244825,0.007952441981549,False,False,False,False,True,0-0.1,plausible_fp,3591,0.4197054698457223,1889,0.5260373155109997,8556,1.0,0.0892659985958324,True,9,0.8417900204658508,0.9966942071914673,04_detection_yolo/reports/segmentation_refinement/v3i_conf005_deeplab_5class_43/masks/000429_p0002.png,04_detection_yolo/reports/segmentation_refinement/v3i_conf005_deeplab_5class_43/overlays/000429_p0002.jpg
000429_p0003,datasets/dataset_yolo_bbox_v3i_li_archaeological_object_merged/images/val/000429.png,429,006_МОСКОВИТЫ,006_МОСКОВИТЫ|Li|03_Московиты_Li_карты_g.tif,1024,1024,481.6123962402344,457.54736328125,546.6243286132812,533.5252685546875,465.3594131469727,438.5528869628906,562.877311706543,552.5197448730469,0.100572757422924,0,04_detection_yolo/reports/proposals/v3i_conf005/crops/000429_p0003.jpg,04_detection_yolo/reports/proposals/v3i_conf005/overlays/000429_p0003.jpg,val,000429:1,0.0181460030034342,False,False,False,True,0.8768064379692078,29.00383377075196,92.0,224.0,132.0,7,True,65.01193237304688,75.9779052734375,4939.47043948248,0.0047106460947823,1.1686763106419673,97.51789855957026,113.96685791015624,11113.808488835572,0.0105989537132602,False,False,False,False,True,0-0.1,plausible_fp,3705,0.3287488908606921,3186,0.8599190283400809,10580,0.9387755102040817,0.18256407460523766,True,11,0.8561350107192993,0.9984383583068848,04_detection_yolo/reports/segmentation_refinement/v3i_conf005_deeplab_5class_43/masks/000429_p0003.png,04_detection_yolo/reports/segmentation_refinement/v3i_conf005_deeplab_5class_43/overlays/000429_p0003.jpg
000429_p0004,datasets/dataset_yolo_bbox_v3i_li_archaeological_object_merged/images/val/000429.png,429,006_МОСКОВИТЫ,006_МОСКОВИТЫ|Li|03_Московиты_Li_карты_g.tif,1024,1024,0.0,7.809814453125,104.09669494628906,408.68939208984375,0.0,0.0,130.12086868286133,508.9092864990234,0.1004259809851646,0,04_detection_yolo/reports/proposals/v3i_conf005/crops/000429_p0004.jpg,04_detection_yolo/reports/proposals/v3i_conf005/overlays/000429_p0004.jpg,val,000429:5,0.1076044494928741,False,False,False,True,0.8768064379692078,29.00383377075196,92.0,224.0,132.0,7,True,104.09669494628906,400.8795776367188,41730.23910344672,0.0397970572504489,3.8510307925103793,130.12086868286133,508.9092864990234,66219.71844002807,0.0631520447159081,True,True,False,False,True,0.1-0.3,obvious_fp,8785,0.1317506261341652,7710,0.877632327831531,49911,0.7485265225933202,0.0967852384722269,True,10,0.7967169284820557,0.9979640245437622,04_detection_yolo/reports/segmentation_refinement/v3i_conf005_deeplab_5class_43/masks/000429_p0004.png,04_detection_yolo/reports/segmentation_refinement/v3i_conf005_deeplab_5class_43/overlays/000429_p0004.jpg
000429_p0005,datasets/dataset_yolo_bbox_v3i_li_archaeological_object_merged/images/val/000429.png,429,006_МОСКОВИТЫ,006_МОСКОВИТЫ|Li|03_Московиты_Li_карты_g.tif,1024,1024,503.5909118652344,0.0,708.1553955078125,604.9510498046875,452.4497909545898,0.0,759.296516418457,756.1888122558594,0.0632056593894958,0,04_detection_yolo/reports/proposals/v3i_conf005/crops/000429_p0005.jpg,04_detection_yolo/reports/proposals/v3i_conf005/overlays/000429_p0005.jpg,val,000429:0,0.2288372023767882,False,False,False,True,0.8768064379692078,29.00383377075196,92.0,224.0,132.0,7,True,204.56448364257807,604.9510498046875,123751.49913233146,0.1180186263392748,2.957263348126834,306.84672546386724,756.1888122558594,232034.06087312152,0.2212849243861403,True,True,False,False,True,0.1-0.3,obvious_fp,11539,0.04949046989998113,6803,0.5895658202617211,135225,0.5799764964229958,0.1236292185527279,False,7,0.7279018759727478,0.9768391251564026,04_detection_yolo/reports/segmentation_refinement/v3i_conf005_deeplab_5class_43/masks/000429_p0005.png,04_detection_yolo/reports/segmentation_refinement/v3i_conf005_deeplab_5class_43/overlays/000429_p0005.jpg
000429_p0006,datasets/dataset_yolo_bbox_v3i_li_archaeological_object_merged/images/val/000429.png,429,006_МОСКОВИТЫ,006_МОСКОВИТЫ|Li|03_Московиты_Li_карты_g.tif,1024,1024,303.89501953125,390.77447509765625,694.0672607421875,633.225830078125,206.3519592285156,330.16163635253906,791.6103210449219,693.8386688232422,0.06277896463871,0,04_detection_yolo/reports/proposals/v3i_conf005/crops/000429_p0006.jpg,04_detection_yolo/reports/proposals/v3i_conf005/overlays/000429_p0006.jpg,val,000429:0,0.2024264068292158,False,False,False,True,0.8768064379692078,29.00383377075196,92.0,224.0,132.0,7,True,390.1722412109375,242.45135498046875,94597.78855735809,0.0902154813359814,1.6092805141978637,585.2583618164062,363.6770324707031,212845.0242540557,0.2029848330059582,False,False,False,False,True,0.1-0.3,plausible_fp,20500,0.0961069647076473,19116,0.9324878048780488,27550,0.1291583842778382,0.2314508637221653,False,3,0.8283149003982544,0.9976335763931274,04_detection_yolo/reports/segmentation_refinement/v3i_conf005_deeplab_5class_43/masks/000429_p0006.png,04_detection_yolo/reports/segmentation_refinement/v3i_conf005_deeplab_5class_43/overlays/000429_p0006.jpg
000429_p0007,datasets/dataset_yolo_bbox_v3i_li_archaeological_object_merged/images/val/000429.png,429,006_МОСКОВИТЫ,006_МОСКОВИТЫ|Li|03_Московиты_Li_карты_g.tif,1024,1024,206.2108459472656,93.4267578125,730.7132568359375,647.7542114257812,75.08524322509766,0.0,861.8388595581055,786.3360748291016,0.0590300485491752,0,04_detection_yolo/reports/proposals/v3i_conf005/crops/000429_p0007.jpg,04_detection_yolo/reports/proposals/v3i_conf005/overlays/000429_p0007.jpg,val,000429:0,0.5525438865241992,True,True,False,True,0.8768064379692078,29.00383377075196,92.0,224.0,132.0,7,True,524.5024108886719,554.3274536132812,290746.08584194444,0.2772770746631092,1.0568634997770103,786.7536163330078,786.3360748291016,618652.7505248983,0.5899932389496787,False,True,True,True,False,0.5+,tp,40556,0.06547954450416472,38207,0.9420800867935694,316512,0.5110233156648137,0.15729682920862673,True,6,0.8499016165733337,0.9990208148956299,04_detection_yolo/reports/segmentation_refinement/v3i_conf005_deeplab_5class_43/masks/000429_p0007.png,04_detection_yolo/reports/segmentation_refinement/v3i_conf005_deeplab_5class_43/overlays/000429_p0007.jpg
000429_p0008,datasets/dataset_yolo_bbox_v3i_li_archaeological_object_merged/images/val/000429.png,429,006_МОСКОВИТЫ,006_МОСКОВИТЫ|Li|03_Московиты_Li_карты_g.tif,1024,1024,0.0,425.2174682617188,143.30125427246094,560.9568481445312,0.0,391.2826232910156,179.12656784057617,594.8916931152344,0.058448739349842,0,04_detection_yolo/reports/proposals/v3i_conf005/crops/000429_p0008.jpg,04_detection_yolo/reports/proposals/v3i_conf005/overlays/000429_p0008.jpg,val,000429:2,0.335430502060493,True,False,False,True,0.8768064379692078,29.00383377075196,92.0,224.0,132.0,7,True,143.30125427246094,135.73937988281244,19451.62339137308,0.0185505136407595,1.0557087736526929,179.12656784057617,203.60906982421875,36471.79385882453,0.0347822130764241,True,True,True,False,False,0.3-0.5,tp,10251,0.2791666666666667,5065,0.49409813676714465,32580,0.8872549019607843,0.0701612805750444,True,16,0.7273353338241577,0.9781210422515869,04_detection_yolo/reports/segmentation_refinement/v3i_conf005_deeplab_5class_43/masks/000429_p0008.png,04_detection_yolo/reports/segmentation_refinement/v3i_conf005_deeplab_5class_43/overlays/000429_p0008.jpg
000429_p0009,datasets/dataset_yolo_bbox_v3i_li_archaeological_object_merged/images/val/000429.png,429,006_МОСКОВИТЫ,006_МОСКОВИТЫ|Li|03_Московиты_Li_карты_g.tif,1024,1024,0.0,501.69140625,145.54727172851562,568.8556518554688,0.0,484.9003448486328,181.93408966064453,585.6467132568359,0.0580848269164562,0,04_detection_yolo/reports/proposals/v3i_conf005/crops/000429_p0009.jpg,04_detection_yolo/reports/proposals/v3i_conf005/overlays/000429_p0009.jpg,val,000429:2,0.1338783195214223,False,False,False,True,0.8768064379692078,29.00383377075196,92.0,224.0,132.0,7,True,145.54727172851562,67.16424560546875,9775.572705579922,0.0093227126174735,2.1670350112093666,181.93408966064453,100.74636840820312,18329.198822962357,0.0174800861577628,True,True,False,False,True,0.1-0.3,obvious_fp,6985,0.3762658909717733,4688,0.6711524695776664,18564,1.0,0.10599697952095015,True,8,0.8214625120162964,0.9994600415229797,04_detection_yolo/reports/segmentation_refinement/v3i_conf005_deeplab_5class_43/masks/000429_p0009.png,04_detection_yolo/reports/segmentation_refinement/v3i_conf005_deeplab_5class_43/overlays/000429_p0009.jpg
000429_p0010,datasets/dataset_yolo_bbox_v3i_li_archaeological_object_merged/images/val/000429.png,429,006_МОСКОВИТЫ,006_МОСКОВИТЫ|Li|03_Московиты_Li_карты_g.tif,1024,1024,419.8310546875,278.08349609375,716.8088989257812,642.6793212890625,345.5865936279297,186.93453979492188,791.0533599853516,733.8282775878906,0.0552198551595211,0,04_detection_yolo/reports/proposals/v3i_conf005/crops/000429_p0010.jpg,04_detection_yolo/reports/proposals/v3i_conf005/overlays/000429_p0010.jpg,val,000429:0,0.2056053241706019,False,False,False,True,0.8768064379692078,29.00383377075196,92.0,224.0,132.0,7,True,296.97784423828125,364.5958251953125,108276.88218478112,0.1032608816001712,1.2276869546631153,445.4667663574219,546.8937377929688,243622.98491575755,0.2323369836003852,False,False,False,False,True,0.1-0.3,obvious_fp,14466,0.059055503845588594,11183,0.7730540577906816,39006,0.1592367608876696,0.15078343909552375,False,6,0.762416660785675,0.9915757775306702,04_detection_yolo/reports/segmentation_refinement/v3i_conf005_deeplab_5class_43/masks/000429_p0010.png,04_detection_yolo/reports/segmentation_refinement/v3i_conf005_deeplab_5class_43/overlays/000429_p0010.jpg
000430_p0001,datasets/dataset_yolo_bbox_v3i_li_archaeological_object_merged/images/val/000430.png,430,011_РУНА,011_РУНА|Li|03_Руна_Li_карты_g.tif,1024,1024,0.749682605266571,968.3704223632812,84.89559173583984,1024.0,0.0,954.4630279541016,105.93206901848316,1024.0,0.059689313173294,0,04_detection_yolo/reports/proposals/v3i_conf005/crops/000430_p0001.jpg,04_detection_yolo/reports/proposals/v3i_conf005/overlays/000430_p0001.jpg,val,,0.0,False,False,True,False,0.9425911903381348,22.31439971923828,122.0,224.0,102.0,0,False,84.14590913057327,55.62957763671875,4681.001384791507,0.0044641507957377,1.5126109653407127,105.93206901848316,69.53697204589844,7366.195322102448,0.0070249512883209,True,True,False,False,True,0,obvious_fp,261,0.03517520215633423,225,0.8620689655172413,1122,0.15121293800539085,0.5390898636337514,False,3,0.7167515754699707,0.9397921562194824,04_detection_yolo/reports/segmentation_refinement/v3i_conf005_deeplab_5class_43/masks/000430_p0001.png,04_detection_yolo/reports/segmentation_refinement/v3i_conf005_deeplab_5class_43/overlays/000430_p0001.jpg
000430_p0002,datasets/dataset_yolo_bbox_v3i_li_archaeological_object_merged/images/val/000430.png,430,011_РУНА,011_РУНА|Li|03_Руна_Li_карты_g.tif,1024,1024,3.637890577316284,736.1719360351562,663.78369140625,964.3410034179688,0.0,679.1296691894531,828.8201416134834,1021.383270263672,0.0579550340771675,0,04_detection_yolo/reports/proposals/v3i_conf005/crops/000430_p0002.jpg,04_detection_yolo/reports/proposals/v3i_conf005/overlays/000430_p0002.jpg,val,,0.0,False,False,True,False,0.9425911903381348,22.31439971923828,122.0,224.0,102.0,0,False,660.1458008289337,228.1690673828125,150624.8517118177,0.1436470524900605,2.89323092039189,828.8201416134834,342.25360107421886,283666.6781100588,0.270525625333842,False,True,False,False,True,0,obvious_fp,48584,0.17086165846659188,39048,0.803721389757945,145065,0.5101689133347636,0.1115944737509509,True,4,0.7667234539985657,0.9927362203598022,04_detection_yolo/reports/segmentation_refinement/v3i_conf005_deeplab_5class_43/masks/000430_p0002.png,04_detection_yolo/reports/segmentation_refinement/v3i_conf005_deeplab_5class_43/overlays/000430_p0002.jpg
000431_p0001,datasets/dataset_yolo_bbox_v3i_li_archaeological_object_merged/images/val/000431.png,431,011_РУНА,011_РУНА|Li|03_Руна_Li_карты_g.tif,1024,1024,863.3587646484375,276.8179626464844,1024.0,469.18450927734375,823.1984558105469,228.7263259887696,1024.0,517.2761459350586,0.33343306183815,0,04_detection_yolo/reports/proposals/v3i_conf005/crops/000431_p0001.jpg,04_detection_yolo/reports/proposals/v3i_conf005/overlays/000431_p0001.jpg,val,000431:0,0.7582457723234761,True,True,True,True,0.8473753929138184,20.03824615478516,128.0,219.0,91.0,1,True,160.6412353515625,192.36654663085935,30901.999691095203,0.0294704434309913,1.197491703857146,200.80154418945312,288.54981994628906,57941.24942080351,0.0552570814331088,True,True,True,True,False,0.5+,tp,7272,0.12475553268142048,7247,0.9965621562156216,13483,0.2313089723794819,0.5436207442452107,False,2,0.9049744009971619,0.9996719360351562,04_detection_yolo/reports/segmentation_refinement/v3i_conf005_deeplab_5class_43/masks/000431_p0001.png,04_detection_yolo/reports/segmentation_refinement/v3i_conf005_deeplab_5class_43/overlays/000431_p0001.jpg
000431_p0002,datasets/dataset_yolo_bbox_v3i_li_archaeological_object_merged/images/val/000431.png,431,011_РУНА,011_РУНА|Li|03_Руна_Li_карты_g.tif,1024,1024,455.3533325195313,0.0,580.0703125,147.56924438476562,424.17408752441406,0.0,611.2495574951172,184.46155548095703,0.0692486017942428,0,04_detection_yolo/reports/proposals/v3i_conf005/crops/000431_p0002.jpg,04_detection_yolo/reports/proposals/v3i_conf005/overlays/000431_p0002.jpg,val,000431:0,0.0,False,False,True,True,0.8473753929138184,20.03824615478516,128.0,219.0,91.0,1,True,124.7169799804687,147.56924438476562,18404.390497667708,0.0175517945267369,1.1832329840561864,187.07546997070312,184.46155548095703,34508.232183126966,0.0329096147376317,True,True,False,False,True,0,obvious_fp,2326,0.06687751581368602,1908,0.820292347377472,20174,0.5800460034502588,0.347555030309149,True,4,0.8618684411048889,0.9992223978042603,04_detection_yolo/reports/segmentation_refinement/v3i_conf005_deeplab_5class_43/masks/000431_p0002.png,04_detection_yolo/reports/segmentation_refinement/v3i_conf005_deeplab_5class_43/overlays/000431_p0002.jpg
000432_p0001,datasets/dataset_yolo_bbox_v3i_li_archaeological_object_merged/images/val/000432.png,432,011_РУНА,011_РУНА|Li|03_Руна_Li_карты_g.tif,1024,1024,37.22021484375,275.8133850097656,318.7253112792969,478.035400390625,0.0,225.2578811645508,389.1015853881836,528.5909042358398,0.352812111377716,0,04_detection_yolo/reports/proposals/v3i_conf005/crops/000432_p0001.jpg,04_detection_yolo/reports/proposals/v3i_conf005/overlays/000432_p0001.jpg,val,000432:0,0.8067479680891831,True,True,False,False,0.9999635219573976,20.910070419311523,125.0,222.0,97.0,1,True,281.5050964355469,202.22201538085935,56926.52794117946,0.0542893676196856,1.3920595930436552,389.1015853881836,303.33302307128906,118027.36017762905,0.1125596620346346,False,True,True,True,False,0.5+,tp,16753,0.14130398110661269,14714,0.8782904554408165,47912,0.4041160593792173,0.3273058110682757,False,3,0.8421335816383362,0.9973342418670654,04_detection_yolo/reports/segmentation_refinement/v3i_conf005_deeplab_5class_43/masks/000432_p0001.png,04_detection_yolo/reports/segmentation_refinement/v3i_conf005_deeplab_5class_43/overlays/000432_p0001.jpg
000432_p0002,datasets/dataset_yolo_bbox_v3i_li_archaeological_object_merged/images/val/000432.png,432,011_РУНА,011_РУНА|Li|03_Руна_Li_карты_g.tif,1024,1024,289.8740234375,871.0022583007812,526.2611083984375,980.5715942382812,230.7772521972656,843.6099243164062,585.3578796386719,1007.9639282226562,0.2065554410219192,0,04_detection_yolo/reports/proposals/v3i_conf005/crops/000432_p0002.jpg,04_detection_yolo/reports/proposals/v3i_conf005/overlays/000432_p0002.jpg,val,000432:0,0.0,False,False,False,False,0.9999635219573976,20.910070419311523,125.0,222.0,97.0,1,True,236.3870849609375,109.5693359375,25900.775923371315,0.0247009047731125,2.157420075045232,354.58062744140625,164.35400390625,58276.74582758546,0.0555770357395033,False,False,False,False,True,0,plausible_fp,668,0.011372148450800135,281,0.42065868263473055,3430,0.05839291794347974,0.26198731532698505,False,3,0.676558792591095,0.9136897325515747,04_detection_yolo/reports/segmentation_refinement/v3i_conf005_deeplab_5class_43/masks/000432_p0002.png,04_detection_yolo/reports/segmentation_refinement/v3i_conf005_deeplab_5class_43/overlays/000432_p0002.jpg
000432_p0003,datasets/dataset_yolo_bbox_v3i_li_archaeological_object_merged/images/val/000432.png,432,011_РУНА,011_РУНА|Li|03_Руна_Li_карты_g.tif,1024,1024,631.7498779296875,941.2434692382812,739.3895263671875,1024.0,604.8399658203125,920.5543365478516,766.2994384765625,1024.0,0.1199391409754753,0,04_detection_yolo/reports/proposals/v3i_conf005/crops/000432_p0003.jpg,04_detection_yolo/reports/proposals/v3i_conf005/overlays/000432_p0003.jpg,val,000432:0,0.0,False,False,False,False,0.9999635219573976,20.910070419311523,125.0,222.0,97.0,1,True,107.6396484375,82.75653076171875,8907.88387709856,0.0084952200671182,1.3006785983746385,161.45947265625,103.44566345214844,16702.2822695598,0.0159285376258466,True,True,False,False,True,0,plausible_fp,301,0.017756016989145824,218,0.7242524916943521,799,0.047133081642284094,0.4020063295697854,False,3,0.7079888582229614,0.925585150718689,04_detection_yolo/reports/segmentation_refinement/v3i_conf005_deeplab_5class_43/masks/000432_p0003.png,04_detection_yolo/reports/segmentation_refinement/v3i_conf005_deeplab_5class_43/overlays/000432_p0003.jpg
000432_p0004,datasets/dataset_yolo_bbox_v3i_li_archaeological_object_merged/images/val/000432.png,432,011_РУНА,011_РУНА|Li|03_Руна_Li_карты_g.tif,1024,1024,319.2044982910156,206.2071228027344,419.5712890625,301.0518493652344,294.11280059814453,182.49594116210932,444.6629867553711,324.7630310058594,0.1131405010819435,0,04_detection_yolo/reports/proposals/v3i_conf005/crops/000432_p0004.jpg,04_detection_yolo/reports/proposals/v3i_conf005/overlays/000432_p0004.jpg,val,000432:0,0.002810737411192,False,False,False,False,0.9999635219573976,20.910070419311523,125.0,222.0,97.0,1,True,100.36679077148438,94.84472656249996,9519.26082667708,0.009078274561574,1.058222153293315,150.55018615722656,142.26708984375003,21418.336860023443,0.0204261177635416,False,False,False,False,True,0-0.1,plausible_fp,30,0.0013893391376835085,25,0.8333333333333334,782,0.03621544018895012,0.9424777960769378,False,2,0.6223437786102295,0.781514048576355,04_detection_yolo/reports/segmentation_refinement/v3i_conf005_deeplab_5class_43/masks/000432_p0004.png,04_detection_yolo/reports/segmentation_refinement/v3i_conf005_deeplab_5class_43/overlays/000432_p0004.jpg
000432_p0005,datasets/dataset_yolo_bbox_v3i_li_archaeological_object_merged/images/val/000432.png,432,011_РУНА,011_РУНА|Li|03_Руна_Li_карты_g.tif,1024,1024,573.0538940429688,921.3095703125,807.2435302734375,1024.0,514.5064849853516,895.636962890625,865.7909393310547,1024.0,0.1109635084867477,0,04_detection_yolo/reports/proposals/v3i_conf005/crops/000432_p0005.jpg,04_detection_yolo/reports/proposals/v3i_conf005/overlays/000432_p0005.jpg,val,000432:0,0.0,False,False,False,False,0.9999635219573976,20.910070419311523,125.0,222.0,97.0,1,True,234.18963623046875,102.6904296875,24049.034372866157,0.0229349464157735,2.280540036137131,351.2844543457031,128.363037109375,45091.93944912404,0.0430030245295753,True,True,False,False,True,0,plausible_fp,387,0.008522727272727272,209,0.5400516795865633,11850,0.26096723044397463,0.2591073273886195,True,5,0.6247023344039917,0.8497653007507324,04_detection_yolo/reports/segmentation_refinement/v3i_conf005_deeplab_5class_43/masks/000432_p0005.png,04_detection_yolo/reports/segmentation_refinement/v3i_conf005_deeplab_5class_43/overlays/000432_p0005.jpg
000432_p0006,datasets/dataset_yolo_bbox_v3i_li_archaeological_object_merged/images/val/000432.png,432,011_РУНА,011_РУНА|Li|03_Руна_Li_карты_g.tif,1024,1024,607.0060424804688,1.389135718345642,1016.4996337890624,224.5985412597656,504.6326446533203,0.0,1024.0,280.4008926451206,0.0910461023449897,0,04_detection_yolo/reports/proposals/v3i_conf005/crops/000432_p0006.jpg,04_detection_yolo/reports/proposals/v3i_conf005/overlays/000432_p0006.jpg,val,000432:0,0.0,False,False,False,False,0.9999635219573976,20.910070419311523,125.0,222.0,97.0,1,True,409.4935913085936,223.20940554141995,91402.82108901236,0.0871685229196666,1.834571398617008,519.3673553466797,280.4008926451206,145631.07004994454,0.1388846111773915,True,True,False,False,True,0,obvious_fp,19197,0.13137831918970708,19197,1.0,25651,0.17554749520941693,0.562290348310362,False,1,0.892415463924408,0.9986885786056519,04_detection_yolo/reports/segmentation_refinement/v3i_conf005_deeplab_5class_43/masks/000432_p0006.png,04_detection_yolo/reports/segmentation_refinement/v3i_conf005_deeplab_5class_43/overlays/000432_p0006.jpg
000432_p0007,datasets/dataset_yolo_bbox_v3i_li_archaeological_object_merged/images/val/000432.png,432,011_РУНА,011_РУНА|Li|03_Руна_Li_карты_g.tif,1024,1024,783.7322387695312,0.0,1021.6519775390624,187.8317413330078,724.2523040771484,0.0,1024.0,234.78967666625977,0.0757143124938011,0,04_detection_yolo/reports/proposals/v3i_conf005/crops/000432_p0007.jpg,04_detection_yolo/reports/proposals/v3i_conf005/overlays/000432_p0007.jpg,val,000432:0,0.0,False,False,False,False,0.9999635219573976,20.910070419311523,125.0,222.0,97.0,1,True,237.91973876953116,187.8317413330078,44688.87883057536,0.0426186359697106,1.266664180830449,299.7476959228516,234.78967666625977,70377.66460718267,0.0671173711845232,True,True,False,False,True,0,obvious_fp,9241,0.13107801418439716,8884,0.9613678173357861,29760,0.4221276595744681,0.162251271240678,True,5,0.7311609387397766,0.9939327239990234,04_detection_yolo/reports/segmentation_refinement/v3i_conf005_deeplab_5class_43/masks/000432_p0007.png,04_detection_yolo/reports/segmentation_refinement/v3i_conf005_deeplab_5class_43/overlays/000432_p0007.jpg
000432_p0008,datasets/dataset_yolo_bbox_v3i_li_archaeological_object_merged/images/val/000432.png,432,011_РУНА,011_РУНА|Li|03_Руна_Li_карты_g.tif,1024,1024,93.7033233642578,227.5107879638672,490.55859375,492.8057556152344,0.0,161.1870460510254,589.7724113464355,559.1294975280762,0.0641612336039543,0,04_detection_yolo/reports/proposals/v3i_conf005/crops/000432_p0008.jpg,04_detection_yolo/reports/proposals/v3i_conf005/overlays/000432_p0008.jpg,val,000432:0,0.4575137534299517,True,False,False,False,0.9999635219573976,20.910070419311523,125.0,222.0,97.0,1,True,396.8552703857422,265.2949676513672,105283.70611926004,0.1004063664620018,1.4959019912781109,589.7724113464355,397.9424514770508,234695.47918473216,0.2238230506751367,False,True,True,False,False,0.3-0.5,tp,27233,0.11568327598657661,13243,0.48628502184849265,139920,0.5943672741174971,0.11394839821969958,True,7,0.7903346419334412,0.9965493679046631,04_detection_yolo/reports/segmentation_refinement/v3i_conf005_deeplab_5class_43/masks/000432_p0008.png,04_detection_yolo/reports/segmentation_refinement/v3i_conf005_deeplab_5class_43/overlays/000432_p0008.jpg
000432_p0009,datasets/dataset_yolo_bbox_v3i_li_archaeological_object_merged/images/val/000432.png,432,011_РУНА,011_РУНА|Li|03_Руна_Li_карты_g.tif,1024,1024,191.65655517578125,840.9681396484375,541.5554809570312,999.2884521484376,104.18182373046876,801.3880615234375,629.0302124023438,1024.0,0.0617720372974872,0,04_detection_yolo/reports/proposals/v3i_conf005/crops/000432_p0009.jpg,04_detection_yolo/reports/proposals/v3i_conf005/overlays/000432_p0009.jpg,val,000432:0,0.0,False,False,False,False,0.9999635219573976,20.910070419311523,125.0,222.0,97.0,1,True,349.89892578125,158.3203125000001,55396.10727310184,0.0528298447352426,2.2100697014557102,524.848388671875,222.6119384765625,116837.5172085464,0.1114249393544639,False,True,False,False,True,0,obvious_fp,4206,0.035857388872785556,3955,0.9403233475986685,37170,0.3168851983836041,0.23724394392772677,True,2,0.7506453990936279,0.9540582895278931,04_detection_yolo/reports/segmentation_refinement/v3i_conf005_deeplab_5class_43/masks/000432_p0009.png,04_detection_yolo/reports/segmentation_refinement/v3i_conf005_deeplab_5class_43/overlays/000432_p0009.jpg
000432_p0010,datasets/dataset_yolo_bbox_v3i_li_archaeological_object_merged/images/val/000432.png,432,011_РУНА,011_РУНА|Li|03_Руна_Li_карты_g.tif,1024,1024,309.32110595703125,182.5172576904297,504.8488159179688,337.0936889648437,260.4391784667969,143.87314987182617,553.7307434082031,375.73779678344727,0.0607359483838081,0,04_detection_yolo/reports/proposals/v3i_conf005/crops/000432_p0010.jpg,04_detection_yolo/reports/proposals/v3i_conf005/overlays/000432_p0010.jpg,val,000432:0,0.0124853185165644,False,False,False,False,0.9999635219573976,20.910070419311523,125.0,222.0,97.0,1,True,195.5277099609376,154.576431274414,30223.975621020418,0.0288238292894558,1.2649257609902005,293.29156494140625,231.8646469116211,68003.94514729595,0.0648536159012755,False,False,False,False,True,0-0.1,plausible_fp,8100,0.1182447227818166,7643,0.9435802469135802,25080,0.366120697205921,0.2564565431501872,False,6,0.8391204476356506,0.9975526928901672,04_detection_yolo/reports/segmentation_refinement/v3i_conf005_deeplab_5class_43/masks/000432_p0010.png,04_detection_yolo/reports/segmentation_refinement/v3i_conf005_deeplab_5class_43/overlays/000432_p0010.jpg
000433_p0001,datasets/dataset_yolo_bbox_v3i_li_archaeological_object_merged/images/val/000433.png,433,011_РУНА,011_РУНА|Li|03_Руна_Li_карты_g.tif,1024,1024,280.7801818847656,103.80622863769533,523.5538940429688,212.1742706298828,220.08675384521484,76.71421813964844,584.2473220825195,239.2662811279297,0.1820002943277359,0,04_detection_yolo/reports/proposals/v3i_conf005/crops/000433_p0001.jpg,04_detection_yolo/reports/proposals/v3i_conf005/overlays/000433_p0001.jpg,val,,0.0,False,False,False,False,0.8692750930786133,18.99809837341309,133.0,214.0,81.0,0,False,242.77371215820312,108.36804199218749,26308.911833759397,0.0250901335084527,2.2402703573411915,364.1605682373047,162.55206298828125,59195.05162595864,0.0564528003940187,False,False,False,False,True,0,plausible_fp,1665,0.0278149014366856,1306,0.7843843843843844,26091,0.43586702305379216,0.2043262409463674,False,5,0.7374772429466248,0.9448956847190857,04_detection_yolo/reports/segmentation_refinement/v3i_conf005_deeplab_5class_43/masks/000433_p0001.png,04_detection_yolo/reports/segmentation_refinement/v3i_conf005_deeplab_5class_43/overlays/000433_p0001.jpg
000433_p0002,datasets/dataset_yolo_bbox_v3i_li_archaeological_object_merged/images/val/000433.png,433,011_РУНА,011_РУНА|Li|03_Руна_Li_карты_g.tif,1024,1024,0.0,851.2493896484375,61.52824783325195,940.2658081054688,0.0,828.9952850341797,76.91030979156494,962.5199127197266,0.1457793563604354,0,04_detection_yolo/reports/proposals/v3i_conf005/crops/000433_p0002.jpg,04_detection_yolo/reports/proposals/v3i_conf005/overlays/000433_p0002.jpg,val,,0.0,False,False,False,False,0.8692750930786133,18.99809837341309,133.0,214.0,81.0,0,False,61.52824783325195,89.01641845703125,5477.024256052682,0.0052232973633314,1.446756922093331,76.91030979156494,133.52462768554688,10269.42048009878,0.0097936825562465,True,True,False,False,True,0,plausible_fp,411,0.03953823953823954,156,0.3795620437956204,3430,0.32996632996632996,0.16300903681674095,True,6,0.6519826054573059,0.9141041040420532,04_detection_yolo/reports/segmentation_refinement/v3i_conf005_deeplab_5class_43/masks/000433_p0002.png,04_detection_yolo/reports/segmentation_refinement/v3i_conf005_deeplab_5class_43/overlays/000433_p0002.jpg
000433_p0003,datasets/dataset_yolo_bbox_v3i_li_archaeological_object_merged/images/val/000433.png,433,011_РУНА,011_РУНА|Li|03_Руна_Li_карты_g.tif,1024,1024,638.9278564453125,173.53555297851562,737.4901123046875,258.1016540527344,614.2872924804688,152.39402770996094,762.1306762695312,279.24317932128906,0.1450365930795669,0,04_detection_yolo/reports/proposals/v3i_conf005/crops/000433_p0003.jpg,04_detection_yolo/reports/proposals/v3i_conf005/overlays/000433_p0003.jpg,val,,0.0,False,False,False,False,0.8692750930786133,18.99809837341309,133.0,214.0,81.0,0,False,98.562255859375,84.56610107421875,8335.025691106915,0.0079488999281949,1.1655054993356335,147.8433837890625,126.84915161132812,18753.80780499056,0.0178850248384385,False,False,False,False,True,0,plausible_fp,466,0.024433724832214766,239,0.5128755364806867,4368,0.22902684563758388,0.20748046720136673,True,6,0.5870376825332642,0.7950148582458496,04_detection_yolo/reports/segmentation_refinement/v3i_conf005_deeplab_5class_43/masks/000433_p0003.png,04_detection_yolo/reports/segmentation_refinement/v3i_conf005_deeplab_5class_43/overlays/000433_p0003.jpg
000433_p0004,datasets/dataset_yolo_bbox_v3i_li_archaeological_object_merged/images/val/000433.png,433,011_РУНА,011_РУНА|Li|03_Руна_Li_карты_g.tif,1024,1024,608.2152099609375,156.091796875,803.1302490234375,284.0643005371094,559.4864501953125,124.09867095947266,851.8590087890625,316.0574264526367,0.1306120306253433,0,04_detection_yolo/reports/proposals/v3i_conf005/crops/000433_p0004.jpg,04_detection_yolo/reports/proposals/v3i_conf005/overlays/000433_p0004.jpg,val,,0.0,False,False,False,False,0.8692750930786133,18.99809837341309,133.0,214.0,81.0,0,False,194.9150390625,127.97250366210938,24943.765550225973,0.0237882285597095,1.5231009278144745,292.37255859375,191.9587554931641,56123.47248800844,0.0535235142593464,False,False,False,False,True,0,plausible_fp,3722,0.065819024209093,3438,0.923696937130575,6624,0.11713734990892855,0.4867016797777819,False,5,0.7216059565544128,0.9534100294113159,04_detection_yolo/reports/segmentation_refinement/v3i_conf005_deeplab_5class_43/masks/000433_p0004.png,04_detection_yolo/reports/segmentation_refinement/v3i_conf005_deeplab_5class_43/overlays/000433_p0004.jpg
000433_p0005,datasets/dataset_yolo_bbox_v3i_li_archaeological_object_merged/images/val/000433.png,433,011_РУНА,011_РУНА|Li|03_Руна_Li_карты_g.tif,1024,1024,503.0091247558594,714.7373046875,617.5116577148438,821.1852416992188,474.3834915161133,688.1253204345703,646.1372909545898,847.7972259521484,0.0653025582432746,0,04_detection_yolo/reports/proposals/v3i_conf005/crops/000433_p0005.jpg,04_detection_yolo/reports/proposals/v3i_conf005/overlays/000433_p0005.jpg,val,,0.0,False,False,False,False,0.8692750930786133,18.99809837341309,133.0,214.0,81.0,0,False,114.50253295898438,106.44793701171876,12188.55841610022,0.011623915115452,1.0756669990361476,171.75379943847656,159.67190551757812,27424.256436225493,0.026153809009767,False,False,False,False,True,0,plausible_fp,4005,0.1446893063583815,3842,0.9593008739076154,15544,0.5615606936416185,0.31142987989473336,True,6,0.823880136013031,0.9975059628486633,04_detection_yolo/reports/segmentation_refinement/v3i_conf005_deeplab_5class_43/masks/000433_p0005.png,04_detection_yolo/reports/segmentation_refinement/v3i_conf005_deeplab_5class_43/overlays/000433_p0005.jpg
000433_p0006,datasets/dataset_yolo_bbox_v3i_li_archaeological_object_merged/images/val/000433.png,433,011_РУНА,011_РУНА|Li|03_Руна_Li_карты_g.tif,1024,1024,3.136645555496216,508.2814331054688,195.7483367919922,689.166015625,0.0,463.06028747558594,243.90125960111612,734.3871612548828,0.0634041354060173,0,04_detection_yolo/reports/proposals/v3i_conf005/crops/000433_p0006.jpg,04_detection_yolo/reports/proposals/v3i_conf005/overlays/000433_p0006.jpg,val,,0.0,False,False,False,False,0.8692750930786133,18.99809837341309,133.0,214.0,81.0,0,False,192.611691236496,180.8845825195312,34840.485357694415,0.0332264760567611,1.0648319970315796,243.90125960111612,271.3268737792969,66176.96627840356,0.0631112730773959,False,True,False,False,True,0,obvious_fp,1743,0.026262656702025072,1315,0.7544463568559954,17304,0.2607280617164899,0.26966062149372777,True,3,0.7057605385780334,0.9736701846122742,04_detection_yolo/reports/segmentation_refinement/v3i_conf005_deeplab_5class_43/masks/000433_p0006.png,04_detection_yolo/reports/segmentation_refinement/v3i_conf005_deeplab_5class_43/overlays/000433_p0006.jpg
000434_p0001,datasets/dataset_yolo_bbox_v3i_li_archaeological_object_merged/images/val/000434.png,434,011_РУНА,011_РУНА|Li|03_Руна_Li_карты_g.tif,1024,1024,0.0,128.5379180908203,103.22584533691406,212.2266845703125,0.0,107.61572647094728,129.03230667114258,233.14887619018555,0.3261833786964416,0,04_detection_yolo/reports/proposals/v3i_conf005/crops/000434_p0001.jpg,04_detection_yolo/reports/proposals/v3i_conf005/overlays/000434_p0001.jpg,val,,0.0,False,False,True,False,0.6946642398834229,17.799978256225586,138.0,214.0,76.0,0,False,103.22584533691406,83.68876647949219,8638.843665049179,0.0082386433268062,1.2334492391187222,129.03230667114258,125.53314971923828,16197.831871967208,0.0154474562377616,True,True,False,False,True,0,plausible_fp,512,0.031011508176862507,310,0.60546875,8640,0.5233192004845548,0.17272897942365958,True,11,0.615495502948761,0.8418997526168823,04_detection_yolo/reports/segmentation_refinement/v3i_conf005_deeplab_5class_43/masks/000434_p0001.png,04_detection_yolo/reports/segmentation_refinement/v3i_conf005_deeplab_5class_43/overlays/000434_p0001.jpg
000434_p0002,datasets/dataset_yolo_bbox_v3i_li_archaeological_object_merged/images/val/000434.png,434,011_РУНА,011_РУНА|Li|03_Руна_Li_карты_g.tif,1024,1024,1.897998094558716,104.3207015991211,181.6067657470703,237.8921356201172,0.0,70.92784309387207,226.5339576601982,271.2849941253662,0.2390140742063522,0,04_detection_yolo/reports/proposals/v3i_conf005/crops/000434_p0002.jpg,04_detection_yolo/reports/proposals/v3i_conf005/overlays/000434_p0002.jpg,val,,0.0,False,False,True,False,0.6946642398834229,17.799978256225586,138.0,214.0,76.0,0,False,179.7087676525116,133.5714340209961,24003.957801491968,0.0228919580473823,1.3454131788707395,226.5339576601982,200.3571510314941,45387.69836868643,0.0432850822150101,True,True,False,False,True,0,plausible_fp,5662,0.1234788677105596,5662,1.0,8415,0.18351725040345443,0.5977802177567876,False,1,0.8689167499542236,0.9959375858306885,04_detection_yolo/reports/segmentation_refinement/v3i_conf005_deeplab_5class_43/masks/000434_p0002.png,04_detection_yolo/reports/segmentation_refinement/v3i_conf005_deeplab_5class_43/overlays/000434_p0002.jpg
000434_p0003,datasets/dataset_yolo_bbox_v3i_li_archaeological_object_merged/images/val/000434.png,434,011_РУНА,011_РУНА|Li|03_Руна_Li_карты_g.tif,1024,1024,438.7151489257813,588.5934448242188,597.5294189453125,718.7425537109375,399.0115814208984,556.0561676025391,637.2329864501953,751.2798309326172,0.0681506693363189,0,04_detection_yolo/reports/proposals/v3i_conf005/crops/000434_p0003.jpg,04_detection_yolo/reports/proposals/v3i_conf005/overlays/000434_p0003.jpg,val,,0.0,False,False,True,False,0.6946642398834229,17.799978256225586,138.0,214.0,76.0,0,False,158.8142700195312,130.14910888671875,20669.53572153672,0.019712005349671,1.2202486162065274,238.22140502929693,195.22366333007807,46506.45537345765,0.0443520120367599,False,False,False,False,True,0,plausible_fp,198,0.0042267953206387154,172,0.8686868686868687,480,0.010246776534881735,0.6911503837897546,False,2,0.6625200510025024,0.8270860314369202,04_detection_yolo/reports/segmentation_refinement/v3i_conf005_deeplab_5class_43/masks/000434_p0003.png,04_detection_yolo/reports/segmentation_refinement/v3i_conf005_deeplab_5class_43/overlays/000434_p0003.jpg
000435_p0001,datasets/dataset_yolo_bbox_v3i_li_archaeological_object_merged/images/val/000435.png,435,012_ЛИХУША,012_ЛИХУША|Li|03_Лихуша_Li_карты_g.tif,1024,1024,695.3015747070312,455.5158081054688,827.6859130859375,639.7464599609375,662.2054901123047,409.4581451416016,860.7819976806641,685.8041229248047,0.2604011595249176,0,04_detection_yolo/reports/proposals/v3i_conf005/crops/000435_p0001.jpg,04_detection_yolo/reports/proposals/v3i_conf005/overlays/000435_p0001.jpg,val,000435:0,0.0118938205503407,False,False,False,False,0.9999899864196776,20.107738494873047,135.0,227.0,92.0,1,True,132.38433837890625,184.2306518554687,24389.25295500084,0.0232594041395195,1.39163479692114,198.57650756835935,276.34597778320307,54875.81914875189,0.0523336593139189,False,False,False,False,True,0-0.1,plausible_fp,5198,0.09429820583059703,4407,0.8478260869565217,29028,0.5266041398327377,0.3389355309148405,False,7,0.8392456769943237,0.9965512752532959,04_detection_yolo/reports/segmentation_refinement/v3i_conf005_deeplab_5class_43/masks/000435_p0001.png,04_detection_yolo/reports/segmentation_refinement/v3i_conf005_deeplab_5class_43/overlays/000435_p0001.jpg
000435_p0002,datasets/dataset_yolo_bbox_v3i_li_archaeological_object_merged/images/val/000435.png,435,012_ЛИХУША,012_ЛИХУША|Li|03_Лихуша_Li_карты_g.tif,1024,1024,775.47998046875,766.8167114257812,989.4290161132812,948.0953979492188,721.9927215576172,721.4970397949219,1024.0,993.415069580078,0.2329124361276626,0,04_detection_yolo/reports/proposals/v3i_conf005/crops/000435_p0002.jpg,04_detection_yolo/reports/proposals/v3i_conf005/overlays/000435_p0002.jpg,val,000435:0,0.0,False,False,False,False,0.9999899864196776,20.107738494873047,135.0,227.0,92.0,1,True,213.94903564453125,181.2786865234375,38784.40016459674,0.0369876863141982,1.180221678276943,302.0072784423828,271.91802978515614,82121.2241348298,0.0783169022892282,False,True,False,False,True,0,plausible_fp,12255,0.14815217785514814,11677,0.9528355773153815,30750,0.37174047075037175,0.5874667048605792,False,3,0.8962896466255188,0.9995110034942627,04_detection_yolo/reports/segmentation_refinement/v3i_conf005_deeplab_5class_43/masks/000435_p0002.png,04_detection_yolo/reports/segmentation_refinement/v3i_conf005_deeplab_5class_43/overlays/000435_p0002.jpg
000435_p0003,datasets/dataset_yolo_bbox_v3i_li_archaeological_object_merged/images/val/000435.png,435,012_ЛИХУША,012_ЛИХУША|Li|03_Лихуша_Li_карты_g.tif,1024,1024,692.8653564453125,411.2710876464844,1017.1580200195312,765.9427490234375,611.7921905517578,322.6031723022461,1024.0,854.6106643676758,0.1883176863193512,0,04_detection_yolo/reports/proposals/v3i_conf005/crops/000435_p0003.jpg,04_detection_yolo/reports/proposals/v3i_conf005/overlays/000435_p0003.jpg,val,000435:0,0.3583419975332372,True,False,False,False,0.9999899864196776,20.107738494873047,135.0,227.0,92.0,1,True,324.29266357421875,354.6716613769531,115017.4177622255,0.1096891572592024,1.0936777214381284,412.2078094482422,532.0074920654297,219297.64291434383,0.2091385296958388,False,True,True,False,False,0.3-0.5,tp,26278,0.11937545711832608,16677,0.6346373392191187,218890,0.9943714821763602,0.05728195769535329,True,16,0.7250353097915649,0.9829162359237671,04_detection_yolo/reports/segmentation_refinement/v3i_conf005_deeplab_5class_43/masks/000435_p0003.png,04_detection_yolo/reports/segmentation_refinement/v3i_conf005_deeplab_5class_43/overlays/000435_p0003.jpg
000435_p0004,datasets/dataset_yolo_bbox_v3i_li_archaeological_object_merged/images/val/000435.png,435,012_ЛИХУША,012_ЛИХУША|Li|03_Лихуша_Li_карты_g.tif,1024,1024,678.1858520507812,164.88232421875,1022.8118286132812,918.3868408203124,592.0293579101562,0.0,1024.0,1024.0,0.1679806113243103,0,04_detection_yolo/reports/proposals/v3i_conf005/crops/000435_p0004.jpg,04_detection_yolo/reports/proposals/v3i_conf005/overlays/000435_p0004.jpg,val,000435:0,0.158718464654693,False,False,False,False,0.9999899864196776,20.107738494873047,135.0,227.0,92.0,1,True,344.6259765625,753.5045166015624,259677.22987806797,0.247647504690235,2.186441440420292,431.97064208984375,1024.0,442337.9375,0.421846330165863,True,True,False,False,True,0.1-0.3,plausible_fp,69860,0.15792281539351852,38124,0.5457200114514744,430272,0.97265625,0.05368045045052958,True,9,0.778575599193573,0.9909253120422363,04_detection_yolo/reports/segmentation_refinement/v3i_conf005_deeplab_5class_43/masks/000435_p0004.png,04_detection_yolo/reports/segmentation_refinement/v3i_conf005_deeplab_5class_43/overlays/000435_p0004.jpg
000435_p0005,datasets/dataset_yolo_bbox_v3i_li_archaeological_object_merged/images/val/000435.png,435,012_ЛИХУША,012_ЛИХУША|Li|03_Лихуша_Li_карты_g.tif,1024,1024,610.8199462890625,506.0162048339844,1009.41455078125,998.1023559570312,511.1712951660156,382.99466705322266,1024.0,1024.0,0.0637554824352264,0,04_detection_yolo/reports/proposals/v3i_conf005/crops/000435_p0005.jpg,04_detection_yolo/reports/proposals/v3i_conf005/overlays/000435_p0005.jpg,val,000435:0,0.120681847813301,False,False,False,False,0.9999899864196776,20.107738494873047,135.0,227.0,92.0,1,True,398.5946044921875,492.0861511230469,196142.88478297368,0.1870564315633522,1.234552965788306,512.8287048339844,641.0053329467773,328725.9346867728,0.3134974810474136,False,True,False,False,True,0.1-0.3,obvious_fp,115998,0.3522071013463045,91174,0.7859963102812118,327807,0.9953271028037384,0.059804534030729065,True,15,0.8058153390884399,0.995022714138031,04_detection_yolo/reports/segmentation_refinement/v3i_conf005_deeplab_5class_43/masks/000435_p0005.png,04_detection_yolo/reports/segmentation_refinement/v3i_conf005_deeplab_5class_43/overlays/000435_p0005.jpg
000436_p0001,datasets/dataset_yolo_bbox_v3i_li_archaeological_object_merged/images/val/000436.png,436,012_ЛИХУША,012_ЛИХУША|Li|03_Лихуша_Li_карты_g.tif,1024,1024,13.952807426452637,764.2437744140625,216.8140869140625,950.814453125,0.0,717.6011047363281,267.52940678596497,997.4571228027344,0.3506283164024353,0,04_detection_yolo/reports/proposals/v3i_conf005/crops/000436_p0001.jpg,04_detection_yolo/reports/proposals/v3i_conf005/overlays/000436_p0001.jpg,val,000436:0,0.0,False,False,False,False,0.999985694885254,21.21997261047364,125.0,219.0,94.0,1,True,202.86127948760983,186.5706787109375,37847.96659817256,0.0360946336728787,1.087315975314171,267.52940678596497,279.85601806640625,74869.71449878796,0.0714013237941627,False,True,False,False,True,0,plausible_fp,9648,0.12811387900355872,3544,0.3673300165837479,38642,0.5131194561002815,0.17223572487159397,True,6,0.7773004174232483,0.9974385499954224,04_detection_yolo/reports/segmentation_refinement/v3i_conf005_deeplab_5class_43/masks/000436_p0001.png,04_detection_yolo/reports/segmentation_refinement/v3i_conf005_deeplab_5class_43/overlays/000436_p0001.jpg
000436_p0002,datasets/dataset_yolo_bbox_v3i_li_archaeological_object_merged/images/val/000436.png,436,012_ЛИХУША,012_ЛИХУША|Li|03_Лихуша_Li_карты_g.tif,1024,1024,1.101953148841858,272.17791748046875,395.19049072265625,749.2390747070312,0.0,152.91262817382812,493.71262511610985,868.5043640136719,0.1253076046705246,0,04_detection_yolo/reports/proposals/v3i_conf005/crops/000436_p0002.jpg,04_detection_yolo/reports/proposals/v3i_conf005/overlays/000436_p0002.jpg,val,000436:0,0.2192267082482946,False,False,False,False,0.999985694885254,21.21997261047364,125.0,219.0,94.0,1,True,394.0885375738144,477.0611572265625,188004.3337846876,0.1792949045035243,1.2105430930916306,493.71262511610985,715.5917358398438,353296.67441288306,0.3369299644593077,True,True,False,False,True,0.1-0.3,obvious_fp,142327,0.40182892054726455,124138,0.8722027443844106,349752,0.9874476987447699,0.08707978677223893,True,7,0.8617890477180481,0.9995799660682678,04_detection_yolo/reports/segmentation_refinement/v3i_conf005_deeplab_5class_43/masks/000436_p0002.png,04_detection_yolo/reports/segmentation_refinement/v3i_conf005_deeplab_5class_43/overlays/000436_p0002.jpg
000436_p0003,datasets/dataset_yolo_bbox_v3i_li_archaeological_object_merged/images/val/000436.png,436,012_ЛИХУША,012_ЛИХУША|Li|03_Лихуша_Li_карты_g.tif,1024,1024,0.0866455063223838,226.3291473388672,124.1981430053711,390.39739990234375,0.0,185.31208419799805,155.22601738013327,431.4144630432129,0.074966937303543,0,04_detection_yolo/reports/proposals/v3i_conf005/crops/000436_p0003.jpg,04_detection_yolo/reports/proposals/v3i_conf005/overlays/000436_p0003.jpg,val,000436:0,0.0,False,False,False,False,0.999985694885254,21.21997261047364,125.0,219.0,94.0,1,True,124.11149749904872,164.06825256347656,20362.756517705213,0.0194194379021694,1.3219424136328233,155.22601738013327,246.10237884521484,38201.49213591946,0.0364317818984217,True,True,False,False,True,0,obvious_fp,1558,0.04043392504930966,487,0.31258023106546856,21736,0.5641025641025641,0.12676291473024487,True,9,0.6900721788406372,0.9844604730606079,04_detection_yolo/reports/segmentation_refinement/v3i_conf005_deeplab_5class_43/masks/000436_p0003.png,04_detection_yolo/reports/segmentation_refinement/v3i_conf005_deeplab_5class_43/overlays/000436_p0003.jpg
000436_p0004,datasets/dataset_yolo_bbox_v3i_li_archaeological_object_merged/images/val/000436.png,436,012_ЛИХУША,012_ЛИХУША|Li|03_Лихуша_Li_карты_g.tif,1024,1024,0.0,410.6209106445313,278.6778259277344,756.1871337890625,0.0,324.22935485839844,348.347282409668,842.5786895751953,0.060401439666748,0,04_detection_yolo/reports/proposals/v3i_conf005/crops/000436_p0004.jpg,04_detection_yolo/reports/proposals/v3i_conf005/overlays/000436_p0004.jpg,val,000436:0,0.427984088477216,True,False,False,False,0.999985694885254,21.21997261047364,125.0,219.0,94.0,1,True,278.6778259277344,345.5662231445312,96301.64377997628,0.091840404300667,1.2400205218844431,348.347282409668,518.3493347167969,180565.5820874556,0.1722007580637508,True,True,True,False,False,0.3-0.5,tp,20143,0.11120680612374469,16605,0.8243558556322296,130269,0.7191977077363897,0.0937689147989226,True,9,0.8046801090240479,0.991267204284668,04_detection_yolo/reports/segmentation_refinement/v3i_conf005_deeplab_5class_43/masks/000436_p0004.png,04_detection_yolo/reports/segmentation_refinement/v3i_conf005_deeplab_5class_43/overlays/000436_p0004.jpg
000436_p0005,datasets/dataset_yolo_bbox_v3i_li_archaeological_object_merged/images/val/000436.png,436,012_ЛИХУША,012_ЛИХУША|Li|03_Лихуша_Li_карты_g.tif,1024,1024,0.0,192.57275390625,685.2960815429688,746.6961669921875,0.0,54.041900634765625,856.6201019287109,885.2270202636719,0.0578951574862003,0,04_detection_yolo/reports/proposals/v3i_conf005/crops/000436_p0005.jpg,04_detection_yolo/reports/proposals/v3i_conf005/overlays/000436_p0005.jpg,val,000436:0,0.1085366903251954,False,False,False,False,0.999985694885254,21.21997261047364,125.0,219.0,94.0,1,True,685.2960815429688,554.1234130859375,379738.6036790088,0.3621469532766426,1.2367210360712335,856.6201019287109,831.1851196289062,712009.8818981415,0.6790255373937049,True,True,False,False,True,0.1-0.3,obvious_fp,168001,0.2356175949196661,106263,0.6325140921780228,660933,0.926943553092182,0.08219559023262148,True,9,0.8125902414321899,0.9945374131202698,04_detection_yolo/reports/segmentation_refinement/v3i_conf005_deeplab_5class_43/masks/000436_p0005.png,04_detection_yolo/reports/segmentation_refinement/v3i_conf005_deeplab_5class_43/overlays/000436_p0005.jpg
000437_p0001,datasets/dataset_yolo_bbox_v3i_li_archaeological_object_merged/images/val/000437.png,437,012_ЛИХУША,012_ЛИХУША|Li|03_Лихуша_Li_карты_g.tif,1024,1024,12.118578910827637,12.053918838500977,231.3607635498047,184.1504364013672,0.0,0.0,286.1713097095489,227.1745657920837,0.2542555332183838,0,04_detection_yolo/reports/proposals/v3i_conf005/crops/000437_p0001.jpg,04_detection_yolo/reports/proposals/v3i_conf005/overlays/000437_p0001.jpg,val,000437:0,0.0,False,False,False,False,0.9999964237213136,20.70244789123535,122.0,214.0,92.0,1,True,219.24218463897705,172.0965175628662,37730.81647924287,0.0359829106132916,1.2739489894610372,286.1713097095489,227.1745657920837,65010.84302541868,0.0619991712812601,False,True,False,False,True,0,plausible_fp,11896,0.18179595329787884,11830,0.9944519166106254,34153,0.5219298245614035,0.6883970271529072,True,3,0.9239870309829712,0.9995248317718506,04_detection_yolo/reports/segmentation_refinement/v3i_conf005_deeplab_5class_43/masks/000437_p0001.png,04_detection_yolo/reports/segmentation_refinement/v3i_conf005_deeplab_5class_43/overlays/000437_p0001.jpg
000438_p0001,datasets/dataset_yolo_bbox_v3i_li_archaeological_object_merged/images/val/000438.png,438,012_ЛИХУША,012_ЛИХУША|Li|03_Лихуша_Li_карты_g.tif,1024,1024,110.7234115600586,755.2857666015625,183.2760467529297,834.0321044921875,92.58525276184082,735.5991821289062,201.41420555114743,853.7186889648438,0.1249463483691215,0,04_detection_yolo/reports/proposals/v3i_conf005/crops/000438_p0001.jpg,04_detection_yolo/reports/proposals/v3i_conf005/overlays/000438_p0001.jpg,val,000438:0,0.0,False,False,False,False,0.9999446868896484,17.925233840942383,130.0,209.0,79.0,1,True,72.5526351928711,78.746337890625,5713.254325753078,0.0054485839135676,1.0853684043493226,108.8289527893066,118.1195068359375,12854.822232944422,0.0122593138055271,False,False,False,False,True,0,plausible_fp,1399,0.10687547746371276,1399,1.0,2226,0.17005347593582887,0.5136699047330455,False,1,0.8209484219551086,0.992209792137146,04_detection_yolo/reports/segmentation_refinement/v3i_conf005_deeplab_5class_43/masks/000438_p0001.png,04_detection_yolo/reports/segmentation_refinement/v3i_conf005_deeplab_5class_43/overlays/000438_p0001.jpg
000438_p0002,datasets/dataset_yolo_bbox_v3i_li_archaeological_object_merged/images/val/000438.png,438,012_ЛИХУША,012_ЛИХУША|Li|03_Лихуша_Li_карты_g.tif,1024,1024,493.3523559570313,943.4337768554688,570.5379028320312,1022.9501953125,474.0559692382813,923.5546722412108,589.8342895507812,1024.0,0.0638451874256134,0,04_detection_yolo/reports/proposals/v3i_conf005/crops/000438_p0002.jpg,04_detection_yolo/reports/proposals/v3i_conf005/overlays/000438_p0002.jpg,val,000438:0,0.0,False,False,False,False,0.9999446868896484,17.925233840942383,130.0,209.0,79.0,1,True,77.18554687499994,79.51641845703125,6137.518244147296,0.005853193515918,1.0301982906956155,115.77832031249994,100.44532775878918,11629.391331151135,0.0110906518279563,True,True,False,False,True,0,obvious_fp,1986,0.1695117787640833,1236,0.622356495468278,7474,0.6379310344827587,0.24835367095022656,True,8,0.8190626502037048,0.996168315410614,04_detection_yolo/reports/segmentation_refinement/v3i_conf005_deeplab_5class_43/masks/000438_p0002.png,04_detection_yolo/reports/segmentation_refinement/v3i_conf005_deeplab_5class_43/overlays/000438_p0002.jpg
000439_p0001,datasets/dataset_yolo_bbox_v3i_li_archaeological_object_merged/images/val/000439.png,439,012_ЛИХУША,012_ЛИХУША|Li|03_Лихуша_Li_карты_g.tif,1024,1024,720.7056274414062,482.3992309570313,792.6055908203125,560.634765625,702.7306365966797,462.8403472900391,810.5805816650391,580.1936492919922,0.0501794219017028,0,04_detection_yolo/reports/proposals/v3i_conf005/crops/000439_p0001.jpg,04_detection_yolo/reports/proposals/v3i_conf005/overlays/000439_p0001.jpg,val,000439:0,0.0,False,False,False,False,0.9999992847442628,18.114789962768555,133.0,209.0,76.0,1,True,71.89996337890625,78.2355346679687,5625.1320775561,0.0053645439887581,1.0881164744921297,107.84994506835938,117.35330200195308,12656.547174501227,0.0120702239747059,False,False,False,False,True,0,plausible_fp,1614,0.12443142394572508,1151,0.7131350681536555,7138,0.5503045254799167,0.18624538265909737,True,10,0.7412196397781372,0.9743110537528992,04_detection_yolo/reports/segmentation_refinement/v3i_conf005_deeplab_5class_43/masks/000439_p0001.png,04_detection_yolo/reports/segmentation_refinement/v3i_conf005_deeplab_5class_43/overlays/000439_p0001.jpg
000440_p0001,datasets/dataset_yolo_bbox_v3i_li_archaeological_object_merged/images/val/000440.png,440,012_ЛИХУША,012_ЛИХУША|Li|03_Лихуша_Li_карты_g.tif,1024,1024,586.9248657226562,594.6467895507812,656.8778686523438,657.02490234375,569.4366149902344,579.0522613525391,674.3661193847656,672.6194305419922,0.6267064809799194,0,04_detection_yolo/reports/proposals/v3i_conf005/crops/000440_p0001.jpg,04_detection_yolo/reports/proposals/v3i_conf005/overlays/000440_p0001.jpg,val,000440:3,0.7708735968587774,True,True,False,False,0.8080453872680664,19.23429107666016,128.0,214.0,86.0,4,True,69.9530029296875,62.37811279296875,4363.53630695492,0.004161392504649,1.1214350642806332,104.92950439453124,93.56716918945312,9817.95669064857,0.0093631331354604,False,False,True,True,False,0.5+,tp,1939,0.19460056202328382,1764,0.9097472924187726,6080,0.6101967081493376,0.4126436115978668,True,5,0.8956465721130371,0.9995537996292114,04_detection_yolo/reports/segmentation_refinement/v3i_conf005_deeplab_5class_43/masks/000440_p0001.png,04_detection_yolo/reports/segmentation_refinement/v3i_conf005_deeplab_5class_43/overlays/000440_p0001.jpg
000440_p0002,datasets/dataset_yolo_bbox_v3i_li_archaeological_object_merged/images/val/000440.png,440,012_ЛИХУША,012_ЛИХУША|Li|03_Лихуша_Li_карты_g.tif,1024,1024,532.4725952148438,544.56689453125,598.7925415039062,614.86083984375,515.8926086425781,526.993408203125,615.3725280761719,632.434326171875,0.4381486475467682,0,04_detection_yolo/reports/proposals/v3i_conf005/crops/000440_p0002.jpg,04_detection_yolo/reports/proposals/v3i_conf005/overlays/000440_p0002.jpg,val,000440:2,0.6294079434607994,True,True,False,False,0.8080453872680664,19.23429107666016,128.0,214.0,86.0,4,True,66.3199462890625,70.2939453125,4661.890677571297,0.0044459254050934,1.0599216260838995,99.47991943359376,105.44091796875,10489.254024535418,0.0100033321614603,False,False,True,True,False,0.5+,tp,2093,0.19367076894605348,1908,0.9116101290014333,5880,0.5440917923568058,0.5385109579217,True,3,0.9130035638809204,0.9991096258163452,04_detection_yolo/reports/segmentation_refinement/v3i_conf005_deeplab_5class_43/masks/000440_p0002.png,04_detection_yolo/reports/segmentation_refinement/v3i_conf005_deeplab_5class_43/overlays/000440_p0002.jpg
000440_p0003,datasets/dataset_yolo_bbox_v3i_li_archaeological_object_merged/images/val/000440.png,440,012_ЛИХУША,012_ЛИХУША|Li|03_Лихуша_Li_карты_g.tif,1024,1024,478.0735778808594,418.4299926757813,534.6465454101562,487.6483459472656,463.9303359985352,401.12540435791016,548.7897872924805,504.9529342651367,0.0859571620821952,0,04_detection_yolo/reports/proposals/v3i_conf005/crops/000440_p0003.jpg,04_detection_yolo/reports/proposals/v3i_conf005/overlays/000440_p0003.jpg,val,000440:1,0.3833042348129573,True,False,False,False,0.8080453872680664,19.23429107666016,128.0,214.0,86.0,4,True,56.57296752929688,69.21835327148432,3915.8876520590825,0.0037344814797011,1.2235234652599567,84.85945129394526,103.82752990722656,8810.747217132937,0.0084025833293275,False,False,True,False,False,0.3-0.5,tp,1339,0.14970930232558138,1324,0.9887976101568334,4615,0.5159883720930233,1.011139369787088,True,2,0.9314419031143188,0.9994784593582153,04_detection_yolo/reports/segmentation_refinement/v3i_conf005_deeplab_5class_43/masks/000440_p0003.png,04_detection_yolo/reports/segmentation_refinement/v3i_conf005_deeplab_5class_43/overlays/000440_p0003.jpg
000441_p0001,datasets/dataset_yolo_bbox_v3i_li_archaeological_object_merged/images/val/000441.png,441,012_ЛИХУША,012_ЛИХУША|Li|03_Лихуша_Li_карты_g.tif,1024,1024,586.22900390625,386.7835083007813,659.8053588867188,450.5039978027344,567.8349151611328,370.85338592529297,678.1994476318359,466.43412017822266,0.622647225856781,0,04_detection_yolo/reports/proposals/v3i_conf005/crops/000441_p0001.jpg,04_detection_yolo/reports/proposals/v3i_conf005/overlays/000441_p0001.jpg,val,000441:2,0.7174710676112704,True,True,True,False,0.6474258899688721,19.143022537231445,128.0,214.0,86.0,3,True,73.57635498046875,63.72048950195307,4688.321355124931,0.0044711316634415,1.1546734112614372,110.36453247070312,95.58073425292967,10548.723049031105,0.0100600462427435,False,False,True,True,False,0.5+,tp,2198,0.20231958762886598,1845,0.8393994540491356,7777,0.7158505154639175,0.4281245367096761,True,5,0.8978278636932373,0.9997194409370422,04_detection_yolo/reports/segmentation_refinement/v3i_conf005_deeplab_5class_43/masks/000441_p0001.png,04_detection_yolo/reports/segmentation_refinement/v3i_conf005_deeplab_5class_43/overlays/000441_p0001.jpg
000441_p0002,datasets/dataset_yolo_bbox_v3i_li_archaeological_object_merged/images/val/000441.png,441,012_ЛИХУША,012_ЛИХУША|Li|03_Лихуша_Li_карты_g.tif,1024,1024,532.66162109375,339.0458984375,598.8748779296875,406.246826171875,516.1083068847656,322.24566650390625,615.4281921386719,423.0470581054688,0.4235031008720398,0,04_detection_yolo/reports/proposals/v3i_conf005/crops/000441_p0002.jpg,04_detection_yolo/reports/proposals/v3i_conf005/overlays/000441_p0002.jpg,val,000441:1,0.6594381764206274,True,True,True,False,0.6474258899688721,19.143022537231445,128.0,214.0,86.0,3,True,66.2132568359375,67.200927734375,4449.592287689447,0.0042434618832487,1.0149165128802642,99.31988525390624,100.80139160156256,10011.582647301262,0.0095477892373097,False,False,True,True,False,0.5+,tp,1492,0.14627450980392157,1393,0.9336461126005362,6248,0.6125490196078431,0.45497403374563533,True,4,0.8297046422958374,0.9926310777664185,04_detection_yolo/reports/segmentation_refinement/v3i_conf005_deeplab_5class_43/masks/000441_p0002.png,04_detection_yolo/reports/segmentation_refinement/v3i_conf005_deeplab_5class_43/overlays/000441_p0002.jpg
000441_p0003,datasets/dataset_yolo_bbox_v3i_li_archaeological_object_merged/images/val/000441.png,441,012_ЛИХУША,012_ЛИХУША|Li|03_Лихуша_Li_карты_g.tif,1024,1024,478.388916015625,211.785400390625,534.0609741210938,277.12261962890625,464.4709014892578,195.4510955810547,547.9789886474609,293.45692443847656,0.1020812317728996,0,04_detection_yolo/reports/proposals/v3i_conf005/crops/000441_p0003.jpg,04_detection_yolo/reports/proposals/v3i_conf005/overlays/000441_p0003.jpg,val,000441:0,0.4126443633125788,True,False,True,False,0.6474258899688721,19.143022537231445,128.0,214.0,86.0,3,True,55.67205810546875,65.33721923828125,3637.457465883344,0.0034689497622331,1.1736088346958935,83.50808715820312,98.00582885742188,8184.279298237525,0.0078051369650244,False,False,True,False,False,0.3-0.5,tp,1070,0.12866762866762868,1062,0.9925233644859813,2208,0.26551226551226553,0.8744807854685429,False,3,0.9153028726577759,0.9984780550003052,04_detection_yolo/reports/segmentation_refinement/v3i_conf005_deeplab_5class_43/masks/000441_p0003.png,04_detection_yolo/reports/segmentation_refinement/v3i_conf005_deeplab_5class_43/overlays/000441_p0003.jpg
000441_p0004,datasets/dataset_yolo_bbox_v3i_li_archaeological_object_merged/images/val/000441.png,441,012_ЛИХУША,012_ЛИХУША|Li|03_Лихуша_Li_карты_g.tif,1024,1024,525.9326171875,343.1710510253906,655.1591796875,450.36273193359375,493.6259765625,316.37313079833984,687.4658203125,477.1606521606445,0.0567488931119442,0,04_detection_yolo/reports/proposals/v3i_conf005/crops/000441_p0004.jpg,04_detection_yolo/reports/proposals/v3i_conf005/overlays/000441_p0004.jpg,val,000441:2,0.2428336633058797,False,False,True,False,0.6474258899688721,19.143022537231445,128.0,214.0,86.0,3,True,129.2265625,107.19168090820312,13852.012452363968,0.013210308506359,1.2055652211543089,193.83984375,160.78752136230463,31167.02801781892,0.0297231941393078,False,False,False,False,True,0.1-0.3,plausible_fp,3620,0.11459322570433682,2552,0.7049723756906078,8835,0.27967711301044634,0.24040302086923082,False,5,0.7844118475914001,0.9929636120796204,04_detection_yolo/reports/segmentation_refinement/v3i_conf005_deeplab_5class_43/masks/000441_p0004.png,04_detection_yolo/reports/segmentation_refinement/v3i_conf005_deeplab_5class_43/overlays/000441_p0004.jpg
000443_p0001,datasets/dataset_yolo_bbox_v3i_li_archaeological_object_merged/images/val/000443.png,443,013_БЕРВЕНЕЦ,013_БЕРВЕНЕЦ|Li|03_Бервенец_Li_карты_g.tif,1024,1024,871.75,871.9461059570312,1024.0,1024.0,833.6875,833.9326324462891,1024.0,1024.0,0.0894660428166389,0,04_detection_yolo/reports/proposals/v3i_conf005/crops/000443_p0001.jpg,04_detection_yolo/reports/proposals/v3i_conf005/overlays/000443_p0001.jpg,val,,0.0,False,False,True,False,0.7892007827758789,20.027324676513672,130.0,217.0,87.0,0,False,152.25,152.05389404296875,23150.205368041992,0.0220777562790317,1.0012897134812992,190.3125,190.0673675537109,36172.19588756561,0.0344964941859871,True,True,False,False,True,0,obvious_fp,516,0.014144349113237028,310,0.6007751937984496,6384,0.1749952029823744,0.3127048243156507,False,4,0.6835839152336121,0.952450692653656,04_detection_yolo/reports/segmentation_refinement/v3i_conf005_deeplab_5class_43/masks/000443_p0001.png,04_detection_yolo/reports/segmentation_refinement/v3i_conf005_deeplab_5class_43/overlays/000443_p0001.jpg
000444_p0001,datasets/dataset_yolo_bbox_v3i_li_archaeological_object_merged/images/val/000444.png,444,013_БЕРВЕНЕЦ,013_БЕРВЕНЕЦ|Li|03_Бервенец_Li_карты_g.tif,1024,1024,488.67767333984375,489.8861389160156,562.8116455078125,564.7646484375,470.1441802978516,471.1665115356445,581.3451385498047,583.4842758178711,0.9308977127075196,0,04_detection_yolo/reports/proposals/v3i_conf005/crops/000444_p0001.jpg,04_detection_yolo/reports/proposals/v3i_conf005/overlays/000444_p0001.jpg,val,000444:5,0.6430300689245049,True,True,False,False,0.9835824966430664,15.647581100463867,145.0,217.0,72.0,7,True,74.13397216796875,74.87850952148438,5551.041340844706,0.0052938855560729,1.0100431331512725,111.20095825195308,112.31776428222662,12489.843016900588,0.011911242501164,False,False,True,True,False,0.5+,tp,2082,0.16450695322376738,1921,0.9226705091258406,4860,0.38400758533501894,0.681049136273839,False,3,0.91901695728302,0.999703049659729,04_detection_yolo/reports/segmentation_refinement/v3i_conf005_deeplab_5class_43/masks/000444_p0001.png,04_detection_yolo/reports/segmentation_refinement/v3i_conf005_deeplab_5class_43/overlays/000444_p0001.jpg
000444_p0002,datasets/dataset_yolo_bbox_v3i_li_archaeological_object_merged/images/val/000444.png,444,013_БЕРВЕНЕЦ,013_БЕРВЕНЕЦ|Li|03_Бервенец_Li_карты_g.tif,1024,1024,607.765625,539.9491577148438,681.6224365234375,608.028076171875,589.3014221191406,522.9294281005859,700.0866394042969,625.0478057861328,0.8497762680053711,0,04_detection_yolo/reports/proposals/v3i_conf005/crops/000444_p0002.jpg,04_detection_yolo/reports/proposals/v3i_conf005/overlays/000444_p0002.jpg,val,000444:6,0.7958600647114041,True,True,False,False,0.9835824966430664,15.647581100463867,145.0,217.0,72.0,7,True,73.8568115234375,68.07891845703125,5028.091849200428,0.004795162057114,1.0848705178836386,110.78521728515624,102.11837768554688,11313.206660700962,0.0107891146285066,False,False,True,True,False,0.5+,tp,2546,0.2185782967032967,1947,0.7647289866457188,5952,0.510989010989011,0.4487926550261394,False,4,0.8889493942260742,0.9988091588020325,04_detection_yolo/reports/segmentation_refinement/v3i_conf005_deeplab_5class_43/masks/000444_p0002.png,04_detection_yolo/reports/segmentation_refinement/v3i_conf005_deeplab_5class_43/overlays/000444_p0002.jpg
000444_p0003,datasets/dataset_yolo_bbox_v3i_li_archaeological_object_merged/images/val/000444.png,444,013_БЕРВЕНЕЦ,013_БЕРВЕНЕЦ|Li|03_Бервенец_Li_карты_g.tif,1024,1024,592.7048950195312,598.3712158203125,660.5691528320312,660.0706176757812,575.7388305664062,582.9463653564453,677.5352172851562,675.4954681396484,0.8270813226699829,0,04_detection_yolo/reports/proposals/v3i_conf005/crops/000444_p0003.jpg,04_detection_yolo/reports/proposals/v3i_conf005/overlays/000444_p0003.jpg,val,000444:3,0.7758777505749423,True,True,False,False,0.9835824966430664,15.647581100463867,145.0,217.0,72.0,7,True,67.8642578125,61.69940185546875,4187.184114396572,0.0039932099479642,1.09991759679409,101.79638671875,92.54910278320312,9421.164257392287,0.0089847223829195,False,False,True,True,False,0.5+,tp,2233,0.23063416649452592,690,0.30900134348410213,4875,0.503511671142326,0.13319048980147252,True,9,0.7655689120292664,0.9896594285964966,04_detection_yolo/reports/segmentation_refinement/v3i_conf005_deeplab_5class_43/masks/000444_p0003.png,04_detection_yolo/reports/segmentation_refinement/v3i_conf005_deeplab_5class_43/overlays/000444_p0003.jpg
000444_p0004,datasets/dataset_yolo_bbox_v3i_li_archaeological_object_merged/images/val/000444.png,444,013_БЕРВЕНЕЦ,013_БЕРВЕНЕЦ|Li|03_Бервенец_Li_карты_g.tif,1024,1024,571.9612426757812,833.0682373046875,650.7950439453125,903.2145385742188,552.2527923583984,815.5316619873047,670.5034942626953,920.7511138916016,0.7680602669715881,0,04_detection_yolo/reports/proposals/v3i_conf005/crops/000444_p0004.jpg,04_detection_yolo/reports/proposals/v3i_conf005/overlays/000444_p0004.jpg,val,000444:2,0.6936256758578904,True,True,False,False,0.9835824966430664,15.647581100463867,145.0,217.0,72.0,7,True,78.83380126953125,70.14630126953125,5529.899574074894,0.005273723196101,1.1238482976688822,118.25070190429688,105.21945190429688,12442.274041668512,0.0118658771912274,False,False,True,True,False,0.5+,tp,2315,0.18352624068495324,2193,0.9473002159827214,4720,0.37418741081338197,0.3818938769722942,True,4,0.8199853301048279,0.9996551871299744,04_detection_yolo/reports/segmentation_refinement/v3i_conf005_deeplab_5class_43/masks/000444_p0004.png,04_detection_yolo/reports/segmentation_refinement/v3i_conf005_deeplab_5class_43/overlays/000444_p0004.jpg
000444_p0005,datasets/dataset_yolo_bbox_v3i_li_archaeological_object_merged/images/val/000444.png,444,013_БЕРВЕНЕЦ,013_БЕРВЕНЕЦ|Li|03_Бервенец_Li_карты_g.tif,1024,1024,598.64453125,457.1004943847656,653.7664184570312,513.6041870117188,584.8640594482422,442.97457122802734,667.5468902587891,527.730110168457,0.6086872220039368,0,04_detection_yolo/reports/proposals/v3i_conf005/crops/000444_p0005.jpg,04_detection_yolo/reports/proposals/v3i_conf005/overlays/000444_p0005.jpg,val,000444:1,0.7493467912979519,True,True,False,False,0.9835824966430664,15.647581100463867,145.0,217.0,72.0,7,True,55.12188720703125,56.503692626953125,3114.5901717636734,0.0029703046529423,1.025068180534748,82.68283081054688,84.75553894042969,7007.827886468265,0.0066831854691202,False,False,True,True,False,0.5+,tp,1061,0.14687153931339977,428,0.40339302544769085,5063,0.7008582502768549,0.11073025456431897,True,13,0.6756528615951538,0.9733080863952637,04_detection_yolo/reports/segmentation_refinement/v3i_conf005_deeplab_5class_43/masks/000444_p0005.png,04_detection_yolo/reports/segmentation_refinement/v3i_conf005_deeplab_5class_43/overlays/000444_p0005.jpg
000444_p0006,datasets/dataset_yolo_bbox_v3i_li_archaeological_object_merged/images/val/000444.png,444,013_БЕРВЕНЕЦ,013_БЕРВЕНЕЦ|Li|03_Бервенец_Li_карты_g.tif,1024,1024,519.3675537109375,585.4241943359375,562.7804565429688,623.5986328125,508.5143280029297,575.8805847167969,573.6336822509766,633.1422424316406,0.3362134099006653,0,04_detection_yolo/reports/proposals/v3i_conf005/crops/000444_p0006.jpg,04_detection_yolo/reports/proposals/v3i_conf005/overlays/000444_p0006.jpg,val,000444:4,0.5706779448786574,True,True,False,False,0.9835824966430664,15.647581100463867,145.0,217.0,72.0,7,True,43.41290283203125,38.1744384765625,1657.2631882503629,0.0015804893381599,1.137224398433128,65.11935424804688,57.26165771484375,3728.842173563317,0.0035561010108597,False,False,True,True,False,0.5+,tp,2787,0.7157164869029276,2760,0.9903121636167922,3894,1.0,0.09859486876215884,True,5,0.8018598556518555,0.9987678527832031,04_detection_yolo/reports/segmentation_refinement/v3i_conf005_deeplab_5class_43/masks/000444_p0006.png,04_detection_yolo/reports/segmentation_refinement/v3i_conf005_deeplab_5class_43/overlays/000444_p0006.jpg
000444_p0007,datasets/dataset_yolo_bbox_v3i_li_archaeological_object_merged/images/val/000444.png,444,013_БЕРВЕНЕЦ,013_БЕРВЕНЕЦ|Li|03_Бервенец_Li_карты_g.tif,1024,1024,590.8053588867188,553.0060424804688,686.0348510742188,658.951171875,566.9979858398438,526.5197601318359,709.8422241210938,685.4374542236328,0.2099359929561615,0,04_detection_yolo/reports/proposals/v3i_conf005/crops/000444_p0007.jpg,04_detection_yolo/reports/proposals/v3i_conf005/overlays/000444_p0007.jpg,val,000444:6,0.4321318594450162,True,False,False,False,0.9835824966430664,15.647581100463867,145.0,217.0,72.0,7,True,95.2294921875,105.94512939453124,10089.10087198019,0.0096217163772394,1.112524355227401,142.84423828125,158.91769409179688,22700.476961955428,0.0216488618487886,False,False,True,False,False,0.3-0.5,tp,7086,0.30755208333333334,7050,0.9949195596951735,14136,0.6135416666666667,0.48609759680621173,True,2,0.9298738837242126,0.9999786019325256,04_detection_yolo/reports/segmentation_refinement/v3i_conf005_deeplab_5class_43/masks/000444_p0007.png,04_detection_yolo/reports/segmentation_refinement/v3i_conf005_deeplab_5class_43/overlays/000444_p0007.jpg
000444_p0008,datasets/dataset_yolo_bbox_v3i_li_archaeological_object_merged/images/val/000444.png,444,013_БЕРВЕНЕЦ,013_БЕРВЕНЕЦ|Li|03_Бервенец_Li_карты_g.tif,1024,1024,593.7962036132812,526.3268432617188,659.8259887695312,597.53564453125,577.2887573242188,508.524642944336,676.3334350585938,615.3378448486328,0.1509400010108947,0,04_detection_yolo/reports/proposals/v3i_conf005/crops/000444_p0008.jpg,04_detection_yolo/reports/proposals/v3i_conf005/overlays/000444_p0008.jpg,val,000444:6,0.4019295508952138,True,False,False,False,0.9835824966430664,15.647581100463867,145.0,217.0,72.0,7,True,66.02978515625,71.20880126953125,4701.901849061251,0.0044840830317127,1.0784345443654837,99.044677734375,106.81320190429682,10579.279160387809,0.0100891868213537,False,False,True,False,False,0.3-0.5,tp,2176,0.20148148148148148,1421,0.6530330882352942,7236,0.67,0.11114895964833817,True,8,0.7289943695068359,0.986747145652771,04_detection_yolo/reports/segmentation_refinement/v3i_conf005_deeplab_5class_43/masks/000444_p0008.png,04_detection_yolo/reports/segmentation_refinement/v3i_conf005_deeplab_5class_43/overlays/000444_p0008.jpg
000444_p0009,datasets/dataset_yolo_bbox_v3i_li_archaeological_object_merged/images/val/000444.png,444,013_БЕРВЕНЕЦ,013_БЕРВЕНЕЦ|Li|03_Бервенец_Li_карты_g.tif,1024,1024,434.1853637695313,794.51806640625,477.7229614257813,835.2254638671875,423.3009643554688,784.3412170410156,488.60736083984375,845.4023132324219,0.1365034431219101,0,04_detection_yolo/reports/proposals/v3i_conf005/crops/000444_p0009.jpg,04_detection_yolo/reports/proposals/v3i_conf005/overlays/000444_p0009.jpg,val,000444:0,0.0,False,False,False,False,0.9835824966430664,15.647581100463867,145.0,217.0,72.0,7,True,43.53759765625,40.7073974609375,1772.3022922873497,0.0016901991770623,1.0695254516830348,65.30639648437494,61.06109619140625,3987.680157646533,0.0038029481483903,False,False,False,False,True,0,plausible_fp,2875,0.7025904203323559,2734,0.9509565217391305,4092,1.0,0.08169668272097376,True,3,0.7864247560501099,0.9938728213310242,04_detection_yolo/reports/segmentation_refinement/v3i_conf005_deeplab_5class_43/masks/000444_p0009.png,04_detection_yolo/reports/segmentation_refinement/v3i_conf005_deeplab_5class_43/overlays/000444_p0009.jpg
000444_p0010,datasets/dataset_yolo_bbox_v3i_li_archaeological_object_merged/images/val/000444.png,444,013_БЕРВЕНЕЦ,013_БЕРВЕНЕЦ|Li|03_Бервенец_Li_карты_g.tif,1024,1024,514.59130859375,339.2645568847656,577.5856323242188,435.8865661621094,498.8427276611328,315.1090545654297,593.3342132568359,460.0420684814453,0.125919908285141,0,04_detection_yolo/reports/proposals/v3i_conf005/crops/000444_p0010.jpg,04_detection_yolo/reports/proposals/v3i_conf005/overlays/000444_p0010.jpg,val,000444:0,0.4396824561310674,True,False,False,False,0.9835824966430664,15.647581100463867,145.0,217.0,72.0,7,True,62.99432373046875,96.62200927734376,6086.638131905347,0.005804670459657,1.533820883461761,94.49148559570312,144.93301391601562,13694.935796787033,0.0130605085342283,False,False,True,False,False,0.3-0.5,tp,2146,0.1531107305936073,2037,0.9492078285181733,5994,0.4276541095890411,0.34893938381055306,True,3,0.8374103307723999,0.9948010444641113,04_detection_yolo/reports/segmentation_refinement/v3i_conf005_deeplab_5class_43/masks/000444_p0010.png,04_detection_yolo/reports/segmentation_refinement/v3i_conf005_deeplab_5class_43/overlays/000444_p0010.jpg
000444_p0011,datasets/dataset_yolo_bbox_v3i_li_archaeological_object_merged/images/val/000444.png,444,013_БЕРВЕНЕЦ,013_БЕРВЕНЕЦ|Li|03_Бервенец_Li_карты_g.tif,1024,1024,645.2996215820312,567.577880859375,688.33935546875,620.5009155273438,634.5396881103516,554.3471221923828,699.0992889404297,633.7316741943359,0.0921459197998046,0,04_detection_yolo/reports/proposals/v3i_conf005/crops/000444_p0011.jpg,04_detection_yolo/reports/proposals/v3i_conf005/overlays/000444_p0011.jpg,val,000444:6,0.2817875092778402,False,False,False,False,0.9835824966430664,15.647581100463867,145.0,217.0,72.0,7,True,43.03973388671875,52.92303466796875,2277.793328586966,0.0021722729955548,1.2296320141584287,64.55960083007812,79.38455200195312,5125.034989320673,0.0048876142399985,False,False,False,False,True,0.1-0.3,plausible_fp,628,0.11893939393939394,581,0.9251592356687898,3410,0.6458333333333334,0.4084509469394731,True,5,0.7836534976959229,0.9655487537384033,04_detection_yolo/reports/segmentation_refinement/v3i_conf005_deeplab_5class_43/masks/000444_p0011.png,04_detection_yolo/reports/segmentation_refinement/v3i_conf005_deeplab_5class_43/overlays/000444_p0011.jpg
000444_p0012,datasets/dataset_yolo_bbox_v3i_li_archaeological_object_merged/images/val/000444.png,444,013_БЕРВЕНЕЦ,013_БЕРВЕНЕЦ|Li|03_Бервенец_Li_карты_g.tif,1024,1024,704.8541870117188,364.7247619628906,738.1672973632812,397.5481872558594,696.5259094238281,356.51890563964844,746.4955749511719,405.7540435791016,0.0803422629833221,0,04_detection_yolo/reports/proposals/v3i_conf005/crops/000444_p0012.jpg,04_detection_yolo/reports/proposals/v3i_conf005/overlays/000444_p0012.jpg,val,000444:0,0.0,False,False,False,False,0.9835824966430664,15.647581100463867,145.0,217.0,72.0,7,True,33.3131103515625,32.82342529296875,1093.4503889009356,0.0010427955521592,1.0149187677466025,49.96966552734375,49.23513793945318,2460.263375027108,0.0023462899923583,False,False,False,False,True,0,plausible_fp,2041,0.8003921568627451,2017,0.9882410583047526,2550,1.0,0.12778999134998342,True,4,0.8253498673439026,0.9987795352935791,04_detection_yolo/reports/segmentation_refinement/v3i_conf005_deeplab_5class_43/masks/000444_p0012.png,04_detection_yolo/reports/segmentation_refinement/v3i_conf005_deeplab_5class_43/overlays/000444_p0012.jpg
000445_p0001,datasets/dataset_yolo_bbox_v3i_li_archaeological_object_merged/images/val/000445.png,445,013_БЕРВЕНЕЦ,013_БЕРВЕНЕЦ|Li|03_Бервенец_Li_карты_g.tif,1024,1024,493.0354919433594,0.0,561.299560546875,51.956993103027344,475.96947479248047,0.0,578.3655776977539,64.94624137878418,0.8876851797103882,0,04_detection_yolo/reports/proposals/v3i_conf005/crops/000445_p0001.jpg,04_detection_yolo/reports/proposals/v3i_conf005/overlays/000445_p0001.jpg,val,000445:3,0.7735099035558247,True,True,True,True,0.732816219329834,13.963457107543944,145.0,207.0,62.0,5,True,68.26406860351562,51.956993103027344,3546.7957416174468,0.0033824880043196,1.313857183154391,102.39610290527344,64.94624137878418,6650.242015532713,0.0063421650080992,True,True,True,True,False,0.5+,tp,899,0.13298816568047336,678,0.7541713014460512,4615,0.6826923076923077,0.20631834287217649,True,5,0.795950174331665,0.9928719997406006,04_detection_yolo/reports/segmentation_refinement/v3i_conf005_deeplab_5class_43/masks/000445_p0001.png,04_detection_yolo/reports/segmentation_refinement/v3i_conf005_deeplab_5class_43/overlays/000445_p0001.jpg
000445_p0002,datasets/dataset_yolo_bbox_v3i_li_archaeological_object_merged/images/val/000445.png,445,013_БЕРВЕНЕЦ,013_БЕРВЕНЕЦ|Li|03_Бервенец_Li_карты_g.tif,1024,1024,593.9635009765625,83.9144058227539,660.4581909179688,146.26699829101562,577.3398284912109,68.32625770568848,677.0818634033203,161.85514640808103,0.8523210883140564,0,04_detection_yolo/reports/proposals/v3i_conf005/crops/000445_p0002.jpg,04_detection_yolo/reports/proposals/v3i_conf005/overlays/000445_p0002.jpg,val,000445:1,0.7835629187242363,True,True,True,True,0.732816219329834,13.963457107543944,145.0,207.0,62.0,5,True,66.49468994140625,62.35259246826172,4146.116303219926,0.003954044631214,1.0664302366457803,99.74203491210938,93.52888870239256,9328.761682244827,0.0088966004202316,False,False,True,True,False,0.5+,tp,1571,0.16547293027175058,1335,0.8497772119669,4588,0.48325258057720666,0.3370973334327959,True,5,0.8516499996185303,0.9976855516433716,04_detection_yolo/reports/segmentation_refinement/v3i_conf005_deeplab_5class_43/masks/000445_p0002.png,04_detection_yolo/reports/segmentation_refinement/v3i_conf005_deeplab_5class_43/overlays/000445_p0002.jpg
000445_p0003,datasets/dataset_yolo_bbox_v3i_li_archaeological_object_merged/images/val/000445.png,445,013_БЕРВЕНЕЦ,013_БЕРВЕНЕЦ|Li|03_Бервенец_Li_карты_g.tif,1024,1024,598.0858154296875,12.917040824890137,687.9708251953125,92.14971923828124,575.6145629882812,0.0,710.4420776367188,111.95788884162904,0.8119804859161377,0,04_detection_yolo/reports/proposals/v3i_conf005/crops/000445_p0003.jpg,04_detection_yolo/reports/proposals/v3i_conf005/overlays/000445_p0003.jpg,val,000445:4,0.5924475366799837,True,True,True,True,0.732816219329834,13.963457107543944,145.0,207.0,62.0,5,True,89.885009765625,79.2326784133911,7121.830072944284,0.0067919064263766,1.1344436609432296,134.8275146484375,111.95788884162904,15095.003897802875,0.0143957175233868,False,True,True,True,False,0.5+,tp,3456,0.226890756302521,2763,0.7994791666666666,8500,0.5580357142857143,0.46381068011475607,True,5,0.9095757603645325,0.9987258911132812,04_detection_yolo/reports/segmentation_refinement/v3i_conf005_deeplab_5class_43/masks/000445_p0003.png,04_detection_yolo/reports/segmentation_refinement/v3i_conf005_deeplab_5class_43/overlays/000445_p0003.jpg
000445_p0004,datasets/dataset_yolo_bbox_v3i_li_archaeological_object_merged/images/val/000445.png,445,013_БЕРВЕНЕЦ,013_БЕРВЕНЕЦ|Li|03_Бервенец_Li_карты_g.tif,1024,1024,570.93896484375,317.19830322265625,649.9049682617188,388.9962463378906,551.1974639892578,299.24881744384766,669.6464691162109,406.9457321166992,0.7691256999969482,0,04_detection_yolo/reports/proposals/v3i_conf005/crops/000445_p0004.jpg,04_detection_yolo/reports/proposals/v3i_conf005/overlays/000445_p0004.jpg,val,000445:0,0.6933810265810596,True,True,True,True,0.732816219329834,13.963457107543944,145.0,207.0,62.0,5,True,78.96600341796875,71.79794311523438,5669.596621440724,0.0054069486822516,1.0998365690118694,118.44900512695312,107.69691467285156,12756.592398241628,0.0121656345350662,False,False,True,True,False,0.5+,tp,2244,0.1746031746031746,1746,0.7780748663101604,9504,0.7394957983193278,0.10632080557497213,True,13,0.719097375869751,0.9837573766708374,04_detection_yolo/reports/segmentation_refinement/v3i_conf005_deeplab_5class_43/masks/000445_p0004.png,04_detection_yolo/reports/segmentation_refinement/v3i_conf005_deeplab_5class_43/overlays/000445_p0004.jpg
000445_p0005,datasets/dataset_yolo_bbox_v3i_li_archaeological_object_merged/images/val/000445.png,445,013_БЕРВЕНЕЦ,013_БЕРВЕНЕЦ|Li|03_Бервенец_Li_карты_g.tif,1024,1024,518.87646484375,71.50590515136719,561.8856201171875,107.77181243896484,508.1241760253906,62.43942832946777,572.6379089355469,116.83828926086426,0.3479756116867065,0,04_detection_yolo/reports/proposals/v3i_conf005/crops/000445_p0005.jpg,04_detection_yolo/reports/proposals/v3i_conf005/overlays/000445_p0005.jpg,val,000445:2,0.5506666384793377,True,True,True,True,0.732816219329834,13.963457107543944,145.0,207.0,62.0,5,True,43.0091552734375,36.265907287597656,1559.7660376643762,0.0014875088097232,1.1859390400015146,64.51373291015625,54.39886093139648,3509.4735847448464,0.0033468948218773,False,False,True,True,False,0.5+,tp,2482,0.6942657342657342,1901,0.765914585012087,3575,1.0,0.11490427704303868,True,5,0.8187648057937622,0.9991668462753296,04_detection_yolo/reports/segmentation_refinement/v3i_conf005_deeplab_5class_43/masks/000445_p0005.png,04_detection_yolo/reports/segmentation_refinement/v3i_conf005_deeplab_5class_43/overlays/000445_p0005.jpg
000445_p0006,datasets/dataset_yolo_bbox_v3i_li_archaeological_object_merged/images/val/000445.png,445,013_БЕРВЕНЕЦ,013_БЕРВЕНЕЦ|Li|03_Бервенец_Li_карты_g.tif,1024,1024,593.0439453125,50.996131896972656,684.4542846679688,144.24525451660156,570.1913604736328,27.68385124206543,707.3068695068359,167.5575351715088,0.2650898993015289,0,04_detection_yolo/reports/proposals/v3i_conf005/crops/000445_p0006.jpg,04_detection_yolo/reports/proposals/v3i_conf005/overlays/000445_p0006.jpg,val,000445:1,0.3811318827136121,True,False,True,True,0.732816219329834,13.963457107543944,145.0,207.0,62.0,5,True,91.41033935546876,93.2491226196289,8523.933943259995,0.0081290568764305,1.020115703290518,137.11550903320312,139.87368392944336,19178.85137233499,0.0182903779719686,False,False,True,False,False,0.3-0.5,tp,4829,0.24817555761126528,4829,1.0,7725,0.39700894233734196,0.43383427962438476,False,1,0.8799663186073303,0.9997400045394897,04_detection_yolo/reports/segmentation_refinement/v3i_conf005_deeplab_5class_43/masks/000445_p0006.png,04_detection_yolo/reports/segmentation_refinement/v3i_conf005_deeplab_5class_43/overlays/000445_p0006.jpg
000445_p0007,datasets/dataset_yolo_bbox_v3i_li_archaeological_object_merged/images/val/000445.png,445,013_БЕРВЕНЕЦ,013_БЕРВЕНЕЦ|Li|03_Бервенец_Li_карты_g.tif,1024,1024,432.2168884277344,278.0086975097656,475.6532287597656,323.16339111328125,421.35780334472656,266.7200241088867,486.51231384277344,334.45206451416016,0.1984408795833587,0,04_detection_yolo/reports/proposals/v3i_conf005/crops/000445_p0007.jpg,04_detection_yolo/reports/proposals/v3i_conf005/overlays/000445_p0007.jpg,val,000445:0,0.0,False,False,True,True,0.732816219329834,13.963457107543944,145.0,207.0,62.0,5,True,43.43634033203125,45.154693603515625,1961.3546389508992,0.0018704935445317,1.0395602681613858,65.15451049804688,67.73204040527344,4413.047937639523,0.0042086104751963,False,False,False,False,True,0,plausible_fp,1443,0.3168642951251647,476,0.32986832986832987,4554,1.0,0.06757976474903582,True,20,0.7252001762390137,0.9937487840652466,04_detection_yolo/reports/segmentation_refinement/v3i_conf005_deeplab_5class_43/masks/000445_p0007.png,04_detection_yolo/reports/segmentation_refinement/v3i_conf005_deeplab_5class_43/overlays/000445_p0007.jpg
000445_p0008,datasets/dataset_yolo_bbox_v3i_li_archaeological_object_merged/images/val/000445.png,445,013_БЕРВЕНЕЦ,013_БЕРВЕНЕЦ|Li|03_Бервенец_Li_карты_g.tif,1024,1024,507.5415954589844,7.418688774108887,689.8810424804688,152.30975341796875,461.9567337036133,0.0,735.4659042358398,188.5325195789337,0.0669859945774078,0,04_detection_yolo/reports/proposals/v3i_conf005/crops/000445_p0008.jpg,04_detection_yolo/reports/proposals/v3i_conf005/overlays/000445_p0008.jpg,val,000445:4,0.1989150775527107,False,False,True,True,0.732816219329834,13.963457107543944,145.0,207.0,62.0,5,True,182.3394470214844,144.89106464385986,26419.356605515557,0.0251954618506579,1.2584588806057302,273.50917053222656,188.5325195789337,51565.373048384914,0.0491765718921517,False,True,False,False,True,0.1-0.3,obvious_fp,6280,0.12082732082732082,4251,0.6769108280254778,38728,0.7451274651274651,0.0856302164259718,True,12,0.6977043151855469,0.9792782664299011,04_detection_yolo/reports/segmentation_refinement/v3i_conf005_deeplab_5class_43/masks/000445_p0008.png,04_detection_yolo/reports/segmentation_refinement/v3i_conf005_deeplab_5class_43/overlays/000445_p0008.jpg
000447_p0001,datasets/dataset_yolo_bbox_v3i_li_archaeological_object_merged/images/val/000447.png,447,025_ШУМГОРА,025_ШУМГОРА|Li|03_Шумгора_Li_карты_g.tif,1024,1024,0.0,1.7395508289337158,436.8140563964844,407.742919921875,0.0,0.0,546.0175704956055,509.2437621951103,0.109506718814373,0,04_detection_yolo/reports/proposals/v3i_conf005/crops/000447_p0001.jpg,04_detection_yolo/reports/proposals/v3i_conf005/overlays/000447_p0001.jpg,val,000447:0,0.0,False,False,False,False,0.9999456405639648,22.33478164672852,117.0,224.0,107.0,1,True,436.8140563964844,406.0033690929413,177347.9785641267,0.1691322122231738,1.0758877626369894,546.0175704956055,509.2437621951103,278056.041823816,0.2651749056089554,True,True,False,False,True,0,obvious_fp,25060,0.08983044771839266,11428,0.45602553870710294,133224,0.47755672652973435,0.1047352188191662,True,8,0.7855833768844604,0.9937265515327454,04_detection_yolo/reports/segmentation_refinement/v3i_conf005_deeplab_5class_43/masks/000447_p0001.png,04_detection_yolo/reports/segmentation_refinement/v3i_conf005_deeplab_5class_43/overlays/000447_p0001.jpg
000447_p0002,datasets/dataset_yolo_bbox_v3i_li_archaeological_object_merged/images/val/000447.png,447,025_ШУМГОРА,025_ШУМГОРА|Li|03_Шумгора_Li_карты_g.tif,1024,1024,0.0,370.0301818847656,630.2296752929688,1024.0,0.0,206.53772735595703,787.7870941162109,1024.0,0.0716339200735092,0,04_detection_yolo/reports/proposals/v3i_conf005/crops/000447_p0002.jpg,04_detection_yolo/reports/proposals/v3i_conf005/overlays/000447_p0002.jpg,val,000447:0,0.3855342015998141,True,False,False,False,0.9999456405639648,22.33478164672852,117.0,224.0,107.0,1,True,630.2296752929688,653.9698181152344,412151.186122166,0.3930580006810817,1.0376690336125949,787.7870941162109,817.462272644043,643986.2283158844,0.6141531260641903,True,True,True,False,False,0.3-0.5,tp,50347,0.07810774080647363,43674,0.8674598287882098,149919,0.23258256487905377,0.1390598481173419,False,6,0.80024254322052,0.9935204386711121,04_detection_yolo/reports/segmentation_refinement/v3i_conf005_deeplab_5class_43/masks/000447_p0002.png,04_detection_yolo/reports/segmentation_refinement/v3i_conf005_deeplab_5class_43/overlays/000447_p0002.jpg
000449_p0001,datasets/dataset_yolo_bbox_v3i_li_archaeological_object_merged/images/val/000449.png,449,025_ШУМГОРА,025_ШУМГОРА|Li|03_Шумгора_Li_карты_g.tif,1024,1024,844.4962158203125,571.8426513671875,1024.0,1020.36181640625,799.6202697753906,459.7128601074219,1024.0,1024.0,0.1513211578130722,0,04_detection_yolo/reports/proposals/v3i_conf005/crops/000449_p0001.jpg,04_detection_yolo/reports/proposals/v3i_conf005/overlays/000449_p0001.jpg,val,000449:0,0.0,False,False,False,True,0.999964475631714,18.852846145629883,133.0,219.0,86.0,1,True,179.5037841796875,448.5191650390625,80510.88740162551,0.0767811655060057,2.4986613351286477,224.37973022460935,564.2871398925781,126614.59621831308,0.1207490884955531,True,True,False,False,True,0,plausible_fp,11549,0.09084759095378564,4524,0.39172222703264353,101250,0.7964601769911505,0.049865042290994914,True,9,0.6780153512954712,0.9536320567131042,04_detection_yolo/reports/segmentation_refinement/v3i_conf005_deeplab_5class_43/masks/000449_p0001.png,04_detection_yolo/reports/segmentation_refinement/v3i_conf005_deeplab_5class_43/overlays/000449_p0001.jpg
000450_p0001,datasets/dataset_yolo_bbox_v3i_li_archaeological_object_merged/images/val/000450.png,450,025_ШУМГОРА,025_ШУМГОРА|Li|03_Шумгора_Li_карты_g.tif,1024,1024,308.62017822265625,216.9215850830078,525.3514404296875,409.1143493652344,254.43736267089844,168.87339401245117,579.5342559814453,457.162540435791,0.0637262612581253,0,04_detection_yolo/reports/proposals/v3i_conf005/crops/000450_p0001.jpg,04_detection_yolo/reports/proposals/v3i_conf005/overlays/000450_p0001.jpg,val,000450:0,0.0,False,False,False,True,0.9999599456787108,20.47602272033692,128.0,222.0,94.0,1,True,216.73126220703125,192.19276428222656,41654.1803899454,0.0397245220088438,1.1276764919660087,325.0968933105469,288.28914642333984,93721.90587737714,0.0893801745198985,False,False,False,False,True,0,plausible_fp,11669,0.12342923630209435,10200,0.8741108921072929,67932,0.7185529934419294,0.23735501476046655,True,7,0.823786735534668,0.9956486225128174,04_detection_yolo/reports/segmentation_refinement/v3i_conf005_deeplab_5class_43/masks/000450_p0001.png,04_detection_yolo/reports/segmentation_refinement/v3i_conf005_deeplab_5class_43/overlays/000450_p0001.jpg
000451_p0001,datasets/dataset_yolo_bbox_v3i_li_archaeological_object_merged/images/val/000451.png,451,025_ШУМГОРА,025_ШУМГОРА|Li|03_Шумгора_Li_карты_g.tif,1024,1024,6.241003513336182,337.3517150878906,179.7970733642578,490.1282653808594,0.0,299.15757751464844,223.18609082698825,528.3224029541016,0.1182995811104774,0,04_detection_yolo/reports/proposals/v3i_conf005/crops/000451_p0001.jpg,04_detection_yolo/reports/proposals/v3i_conf005/overlays/000451_p0001.jpg,val,,0.0,False,False,False,False,0.9600517749786376,16.160503387451172,138.0,207.0,69.0,0,False,173.55606985092163,152.77655029296875,26515.29763422933,0.0252869583456319,1.136012493528002,223.18609082698825,229.16482543945312,51146.40154488069,0.0487770095299536,False,True,False,False,True,0,plausible_fp,4500,0.08734472049689442,4310,0.9577777777777777,12276,0.23827639751552795,0.22529259949010672,False,3,0.7133771181106567,0.9606492519378662,04_detection_yolo/reports/segmentation_refinement/v3i_conf005_deeplab_5class_43/masks/000451_p0001.png,04_detection_yolo/reports/segmentation_refinement/v3i_conf005_deeplab_5class_43/overlays/000451_p0001.jpg
000451_p0002,datasets/dataset_yolo_bbox_v3i_li_archaeological_object_merged/images/val/000451.png,451,025_ШУМГОРА,025_ШУМГОРА|Li|03_Шумгора_Li_карты_g.tif,1024,1024,762.7898559570312,887.2047119140625,1023.7150268554688,1024.0,697.5585632324219,853.0058898925781,1024.0,1024.0,0.0729648172855377,0,04_detection_yolo/reports/proposals/v3i_conf005/crops/000451_p0002.jpg,04_detection_yolo/reports/proposals/v3i_conf005/overlays/000451_p0002.jpg,val,,0.0,False,False,False,False,0.9600517749786376,16.160503387451172,138.0,207.0,69.0,0,False,260.9251708984375,136.7952880859375,35693.33392192423,0.0340398158282511,1.907413439083656,326.4414367675781,170.99411010742188,55819.56298226025,0.0532336835692026,True,True,False,False,True,0,obvious_fp,2905,0.05195200028613838,1818,0.6258175559380379,25578,0.4574279736037341,0.19835420713163585,True,7,0.7830005884170532,0.996999979019165,04_detection_yolo/reports/segmentation_refinement/v3i_conf005_deeplab_5class_43/masks/000451_p0002.png,04_detection_yolo/reports/segmentation_refinement/v3i_conf005_deeplab_5class_43/overlays/000451_p0002.jpg
000451_p0003,datasets/dataset_yolo_bbox_v3i_li_archaeological_object_merged/images/val/000451.png,451,025_ШУМГОРА,025_ШУМГОРА|Li|03_Шумгора_Li_карты_g.tif,1024,1024,0.0,363.1958923339844,118.69319152832033,482.6421813964844,0.0,333.3343200683594,148.3664894104004,512.5037536621094,0.0638687163591384,0,04_detection_yolo/reports/proposals/v3i_conf005/crops/000451_p0003.jpg,04_detection_yolo/reports/proposals/v3i_conf005/overlays/000451_p0003.jpg,val,,0.0,False,False,False,False,0.9600517749786376,16.160503387451172,138.0,207.0,69.0,0,False,118.69319152832033,119.4462890625,14177.461265042426,0.0135206806803154,1.0063449092949868,148.3664894104004,179.16943359375,26582.739871954545,0.0253512762755914,True,True,False,False,True,0,obvious_fp,13462,0.5019388516032811,12286,0.912642995097311,26820,1.0,0.08146883174491035,True,19,0.7632691264152527,0.9904910326004028,04_detection_yolo/reports/segmentation_refinement/v3i_conf005_deeplab_5class_43/masks/000451_p0003.png,04_detection_yolo/reports/segmentation_refinement/v3i_conf005_deeplab_5class_43/overlays/000451_p0003.jpg
000451_p0004,datasets/dataset_yolo_bbox_v3i_li_archaeological_object_merged/images/val/000451.png,451,025_ШУМГОРА,025_ШУМГОРА|Li|03_Шумгора_Li_карты_g.tif,1024,1024,0.0,4.033349514007568,337.9623413085937,80.8116226196289,0.0,0.0,422.4529266357422,100.00619089603424,0.0624563544988632,0,04_detection_yolo/reports/proposals/v3i_conf005/crops/000451_p0004.jpg,04_detection_yolo/reports/proposals/v3i_conf005/overlays/000451_p0004.jpg,val,,0.0,False,False,False,False,0.9600517749786376,16.160503387451172,138.0,207.0,69.0,0,False,337.9623413085937,76.77827310562134,25948.16494040642,0.0247460984615387,4.401796597374235,422.4529266357422,100.00619089603424,42247.90802572238,0.0402907448060249,True,True,False,False,True,0,obvious_fp,2504,0.05861011633078202,2446,0.9768370607028753,11448,0.26795871076469346,0.23235314285765718,False,4,0.7526084184646606,0.9670329093933105,04_detection_yolo/reports/segmentation_refinement/v3i_conf005_deeplab_5class_43/masks/000451_p0004.png,04_detection_yolo/reports/segmentation_refinement/v3i_conf005_deeplab_5class_43/overlays/000451_p0004.jpg
000452_p0001,datasets/dataset_yolo_bbox_v3i_li_archaeological_object_merged/images/val/000452.png,452,025_ШУМГОРА,025_ШУМГОРА|Li|03_Шумгора_Li_карты_g.tif,1024,1024,853.9564208984375,345.74676513671875,1024.0,889.5369262695312,811.4455261230469,209.7992248535156,1024.0,1024.0,0.084852211177349,0,04_detection_yolo/reports/proposals/v3i_conf005/crops/000452_p0001.jpg,04_detection_yolo/reports/proposals/v3i_conf005/overlays/000452_p0001.jpg,val,,0.0,False,False,False,False,0.9621593952178956,15.116846084594728,135.0,207.0,72.0,0,False,170.0435791015625,543.7901611328125,92468.02527923882,0.0881843807976139,3.197945867794403,212.55447387695312,814.2007751464844,173062.0173914684,0.1650448011316951,True,True,False,False,True,0,obvious_fp,10136,0.058388778478642815,2532,0.24980268350434096,163608,0.9424695411734209,0.04981722572352896,True,12,0.6396753191947937,0.8764287233352661,04_detection_yolo/reports/segmentation_refinement/v3i_conf005_deeplab_5class_43/masks/000452_p0001.png,04_detection_yolo/reports/segmentation_refinement/v3i_conf005_deeplab_5class_43/overlays/000452_p0001.jpg
000453_p0001,datasets/dataset_yolo_bbox_v3i_li_archaeological_object_merged/images/val/000453.png,453,025_ШУМГОРА,025_ШУМГОРА|Li|03_Шумгора_Li_карты_g.tif,1024,1024,744.0299072265625,0.1845214813947677,1023.2666015625,230.99282836914065,674.2207336425781,0.0,1024.0,288.6949050910771,0.1391428858041763,0,04_detection_yolo/reports/proposals/v3i_conf005/crops/000453_p0001.jpg,04_detection_yolo/reports/proposals/v3i_conf005/overlays/000453_p0001.jpg,val,,0.0,False,False,False,False,0.9999914169311525,11.625531196594238,153.0,201.0,48.0,0,False,279.2366943359375,230.80830688774589,64450.14864060876,0.0614644514471137,1.2098208166820654,349.7792663574219,288.6949050910771,100979.49210388248,0.0963015481032204,True,True,False,False,True,0,plausible_fp,20659,0.20424122590212557,20516,0.9930780773512755,75950,0.7508650519031141,0.2414135524848179,True,3,0.8662111759185791,0.9981953501701355,04_detection_yolo/reports/segmentation_refinement/v3i_conf005_deeplab_5class_43/masks/000453_p0001.png,04_detection_yolo/reports/segmentation_refinement/v3i_conf005_deeplab_5class_43/overlays/000453_p0001.jpg
000453_p0002,datasets/dataset_yolo_bbox_v3i_li_archaeological_object_merged/images/val/000453.png,453,025_ШУМГОРА,025_ШУМГОРА|Li|03_Шумгора_Li_карты_g.tif,1024,1024,0.8205932378768921,251.6385803222656,148.18019104003906,436.203857421875,0.0,205.49726104736328,185.0200904905796,482.3451766967773,0.1265340894460678,0,04_detection_yolo/reports/proposals/v3i_conf005/crops/000453_p0002.jpg,04_detection_yolo/reports/proposals/v3i_conf005/overlays/000453_p0002.jpg,val,,0.0,False,False,False,False,0.9999914169311525,11.625531196594238,153.0,201.0,48.0,0,False,147.35959780216217,184.5652770996094,27197.465001643053,0.0259375238434248,1.252482226148566,185.0200904905796,276.847915649414,51222.426405582926,0.0488495124870137,True,True,False,False,True,0,plausible_fp,3045,0.0588883731724298,1616,0.5307060755336618,9855,0.1905894639127408,0.31962810752717835,True,4,0.7613756656646729,0.974992573261261,04_detection_yolo/reports/segmentation_refinement/v3i_conf005_deeplab_5class_43/masks/000453_p0002.png,04_detection_yolo/reports/segmentation_refinement/v3i_conf005_deeplab_5class_43/overlays/000453_p0002.jpg
000453_p0003,datasets/dataset_yolo_bbox_v3i_li_archaeological_object_merged/images/val/000453.png,453,025_ШУМГОРА,025_ШУМГОРА|Li|03_Шумгора_Li_карты_g.tif,1024,1024,461.00927734375,0.0,1024.0,240.24917602539065,320.2615966796875,0.0,1024.0,300.3114700317383,0.0628259778022766,0,04_detection_yolo/reports/proposals/v3i_conf005/crops/000453_p0003.jpg,04_detection_yolo/reports/proposals/v3i_conf005/overlays/000453_p0003.jpg,val,,0.0,False,False,False,False,0.9999914169311525,11.625531196594238,153.0,201.0,48.0,0,False,562.99072265625,240.24917602539065,135258.0572281033,0.1289921352654488,2.3433617212354165,703.7384033203125,300.3114700317383,211340.71441891135,0.2015502113522638,True,True,False,False,True,0,obvious_fp,17065,0.08053175022651766,10440,0.6117784939935541,60024,0.2832603443068559,0.0877805303849698,True,8,0.7615949511528015,0.9863656163215637,04_detection_yolo/reports/segmentation_refinement/v3i_conf005_deeplab_5class_43/masks/000453_p0003.png,04_detection_yolo/reports/segmentation_refinement/v3i_conf005_deeplab_5class_43/overlays/000453_p0003.jpg
000453_p0004,datasets/dataset_yolo_bbox_v3i_li_archaeological_object_merged/images/val/000453.png,453,025_ШУМГОРА,025_ШУМГОРА|Li|03_Шумгора_Li_карты_g.tif,1024,1024,738.9461059570312,94.32742309570312,793.1148681640625,157.97903442382812,725.4039154052734,78.41452026367188,806.6570587158203,173.89193725585938,0.0585241615772247,0,04_detection_yolo/reports/proposals/v3i_conf005/crops/000453_p0004.jpg,04_detection_yolo/reports/proposals/v3i_conf005/overlays/000453_p0004.jpg,val,,0.0,False,False,False,False,0.9999914169311525,11.625531196594238,153.0,201.0,48.0,0,False,54.16876220703125,63.651611328125,3447.92899812758,0.0032882013303066,1.1750612111986352,81.25314331054688,95.4774169921875,7757.840245787054,0.0073984529931898,False,False,False,False,True,0,plausible_fp,947,0.12029979674796748,947,1.0,1748,0.22205284552845528,0.25744408808649294,False,1,0.7880093455314636,0.9927065372467041,04_detection_yolo/reports/segmentation_refinement/v3i_conf005_deeplab_5class_43/masks/000453_p0004.png,04_detection_yolo/reports/segmentation_refinement/v3i_conf005_deeplab_5class_43/overlays/000453_p0004.jpg
000453_p0005,datasets/dataset_yolo_bbox_v3i_li_archaeological_object_merged/images/val/000453.png,453,025_ШУМГОРА,025_ШУМГОРА|Li|03_Шумгора_Li_карты_g.tif,1024,1024,0.0,585.10107421875,691.1529541015625,1019.5321044921876,0.0,476.4933166503906,863.9411926269531,1024.0,0.0501827038824558,0,04_detection_yolo/reports/proposals/v3i_conf005/crops/000453_p0005.jpg,04_detection_yolo/reports/proposals/v3i_conf005/overlays/000453_p0005.jpg,val,,0.0,False,False,False,False,0.9999914169311525,11.625531196594238,153.0,201.0,48.0,0,False,691.1529541015625,434.4310302734376,300258.2899268717,0.286348619391319,1.590938275441651,863.9411926269531,547.5066833496094,473013.5769842891,0.451100899681367,True,True,False,False,True,0,obvious_fp,16842,0.03557126926196269,15293,0.9080275501721886,76140,0.16081204379562045,0.11544262630503263,False,5,0.6827854514122009,0.9083782434463501,04_detection_yolo/reports/segmentation_refinement/v3i_conf005_deeplab_5class_43/masks/000453_p0005.png,04_detection_yolo/reports/segmentation_refinement/v3i_conf005_deeplab_5class_43/overlays/000453_p0005.jpg
000454_p0001,datasets/dataset_yolo_bbox_v3i_li_archaeological_object_merged/images/val/000454.png,454,025_ШУМГОРА,025_ШУМГОРА|Li|03_Шумгора_Li_карты_g.tif,1024,1024,605.3668212890625,619.7083740234375,719.7086181640625,678.853515625,576.7813720703125,604.9220886230469,748.2940673828125,693.6398010253906,0.1218410655856132,0,04_detection_yolo/reports/proposals/v3i_conf005/crops/000454_p0001.jpg,04_detection_yolo/reports/proposals/v3i_conf005/overlays/000454_p0001.jpg,val,000454:0,0.1138249654526702,False,False,False,False,0.999992847442627,14.30336570739746,145.0,209.0,64.0,1,True,114.341796875,59.1451416015625,6762.761767148972,0.0064494722053041,1.933240732523317,171.5126953125,88.71771240234375,15216.213976085186,0.0145113124619342,False,False,False,False,True,0.1-0.3,plausible_fp,2668,0.17135517019910085,1806,0.676911544227886,15570,1.0,0.17636918609076607,True,8,0.8191336393356323,0.9985188841819763,04_detection_yolo/reports/segmentation_refinement/v3i_conf005_deeplab_5class_43/masks/000454_p0001.png,04_detection_yolo/reports/segmentation_refinement/v3i_conf005_deeplab_5class_43/overlays/000454_p0001.jpg
000454_p0002,datasets/dataset_yolo_bbox_v3i_li_archaeological_object_merged/images/val/000454.png,454,025_ШУМГОРА,025_ШУМГОРА|Li|03_Шумгора_Li_карты_g.tif,1024,1024,186.98556518554688,935.4192504882812,285.84405517578125,1024.0,162.27094268798828,913.2740631103516,310.55867767333984,1024.0,0.065590851008892,0,04_detection_yolo/reports/proposals/v3i_conf005/crops/000454_p0002.jpg,04_detection_yolo/reports/proposals/v3i_conf005/overlays/000454_p0002.jpg,val,000454:0,0.0,False,False,False,False,0.999992847442627,14.30336570739746,145.0,209.0,64.0,1,True,98.85848999023438,88.58074951171875,8756.959138931707,0.0083512870206181,1.116026795157744,148.28773498535156,110.72593688964844,16419.29838549695,0.015658663163659,True,True,False,False,True,0,obvious_fp,783,0.0473426446580809,437,0.558109833971903,12838,0.77622589031985,0.13397786237991355,True,9,0.6986698508262634,0.9880980253219604,04_detection_yolo/reports/segmentation_refinement/v3i_conf005_deeplab_5class_43/masks/000454_p0002.png,04_detection_yolo/reports/segmentation_refinement/v3i_conf005_deeplab_5class_43/overlays/000454_p0002.jpg
000455_p0001,datasets/dataset_yolo_bbox_v3i_li_archaeological_object_merged/images/val/000455.png,455,025_ШУМГОРА,025_ШУМГОРА|Li|03_Шумгора_Li_карты_g.tif,1024,1024,334.9766540527344,897.0389404296875,468.4732360839844,1023.4338989257812,301.6025085449219,865.4402008056641,501.8473815917969,1024.0,0.0770185366272926,0,04_detection_yolo/reports/proposals/v3i_conf005/crops/000455_p0001.jpg,04_detection_yolo/reports/proposals/v3i_conf005/overlays/000455_p0001.jpg,val,000455:0,0.0,False,False,True,True,0.7557907104492188,13.640326499938965,148.0,209.0,61.0,1,True,133.49658203125,126.39495849609376,16873.29494521022,0.0160916280223943,1.0561859714948656,200.244873046875,158.55979919433594,31750.786860007796,0.0302799099540784,True,True,False,False,True,0,obvious_fp,3037,0.09502800463093339,2897,0.9539018768521568,8216,0.25707938295941674,0.6969842127951056,False,2,0.8754377961158752,0.9982184171676636,04_detection_yolo/reports/segmentation_refinement/v3i_conf005_deeplab_5class_43/masks/000455_p0001.png,04_detection_yolo/reports/segmentation_refinement/v3i_conf005_deeplab_5class_43/overlays/000455_p0001.jpg
000456_p0001,datasets/dataset_yolo_bbox_v3i_li_archaeological_object_merged/images/val/000456.png,456,025_ШУМГОРА,025_ШУМГОРА|Li|03_Шумгора_Li_карты_g.tif,1024,1024,620.6126098632812,286.0473022460937,783.76904296875,417.3333129882813,579.8235015869141,253.22579956054688,824.5581512451172,450.1548156738281,0.2265721708536148,0,04_detection_yolo/reports/proposals/v3i_conf005/crops/000456_p0001.jpg,04_detection_yolo/reports/proposals/v3i_conf005/overlays/000456_p0001.jpg,val,000456:0,0.5526003698362468,True,True,False,False,0.9999709129333496,19.62802124023437,120.0,219.0,99.0,1,True,163.15643310546875,131.2860107421876,21420.157229341585,0.0204278538030067,1.2427556613466346,244.73464965820312,196.92901611328125,48195.353766018525,0.0459626710567651,False,False,True,True,False,0.5+,tp,4504,0.09246940954258027,3485,0.7737566607460036,15476,0.31773014699843966,0.2795009049238208,True,8,0.8140953183174133,0.9962199330329895,04_detection_yolo/reports/segmentation_refinement/v3i_conf005_deeplab_5class_43/masks/000456_p0001.png,04_detection_yolo/reports/segmentation_refinement/v3i_conf005_deeplab_5class_43/overlays/000456_p0001.jpg
000456_p0002,datasets/dataset_yolo_bbox_v3i_li_archaeological_object_merged/images/val/000456.png,456,025_ШУМГОРА,025_ШУМГОРА|Li|03_Шумгора_Li_карты_g.tif,1024,1024,236.46728515625,724.3438720703125,365.6090393066406,809.482421875,204.1818466186524,703.0592346191406,397.8944778442383,830.7670593261719,0.1738875359296798,0,04_detection_yolo/reports/proposals/v3i_conf005/crops/000456_p0002.jpg,04_detection_yolo/reports/proposals/v3i_conf005/overlays/000456_p0002.jpg,val,000456:0,0.0,False,False,False,False,0.9999709129333496,19.62802124023437,120.0,219.0,99.0,1,True,129.14175415039062,85.1385498046875,10994.94166759774,0.0104855934787728,1.5168423052383309,193.7126312255859,127.70782470703124,24738.618752094917,0.0235925853272389,False,False,False,False,True,0,plausible_fp,3163,0.12737596649484537,2091,0.6610812519759722,20416,0.8221649484536082,0.10717030598283023,True,11,0.7136110663414001,0.9696820974349976,04_detection_yolo/reports/segmentation_refinement/v3i_conf005_deeplab_5class_43/masks/000456_p0002.png,04_detection_yolo/reports/segmentation_refinement/v3i_conf005_deeplab_5class_43/overlays/000456_p0002.jpg
000456_p0003,datasets/dataset_yolo_bbox_v3i_li_archaeological_object_merged/images/val/000456.png,456,025_ШУМГОРА,025_ШУМГОРА|Li|03_Шумгора_Li_карты_g.tif,1024,1024,272.0118408203125,256.0435485839844,1012.0296020507812,804.38427734375,87.00740051269531,118.95836639404295,1024.0,941.4694595336914,0.0979442968964576,0,04_detection_yolo/reports/proposals/v3i_conf005/crops/000456_p0003.jpg,04_detection_yolo/reports/proposals/v3i_conf005/overlays/000456_p0003.jpg,val,000456:0,0.0955253933769067,False,False,False,False,0.9999709129333496,19.62802124023437,120.0,219.0,99.0,1,True,740.0177612304688,548.3407287597656,405781.8784882855,0.3869837555773596,1.3495582626230178,936.9925994873048,822.5110931396484,770686.8072680638,0.7349842140846861,False,True,False,False,True,0-0.1,obvious_fp,56360,0.07299686046150179,27597,0.4896557842441448,255290,0.3306488379562951,0.10349166383553617,True,9,0.7504238486289978,0.9690340757369995,04_detection_yolo/reports/segmentation_refinement/v3i_conf005_deeplab_5class_43/masks/000456_p0003.png,04_detection_yolo/reports/segmentation_refinement/v3i_conf005_deeplab_5class_43/overlays/000456_p0003.jpg
000456_p0004,datasets/dataset_yolo_bbox_v3i_li_archaeological_object_merged/images/val/000456.png,456,025_ШУМГОРА,025_ШУМГОРА|Li|03_Шумгора_Li_карты_g.tif,1024,1024,141.3837890625,264.1205139160156,1024.0,542.529296875,0.0,194.5183181762696,1024.0,612.1314926147461,0.0763474553823471,0,04_detection_yolo/reports/proposals/v3i_conf005/crops/000456_p0004.jpg,04_detection_yolo/reports/proposals/v3i_conf005/overlays/000456_p0004.jpg,val,000456:0,0.1577453810215893,False,False,False,False,0.9999709129333496,19.62802124023437,120.0,219.0,99.0,1,True,882.6162109375,278.4087829589844,245728.1051069796,0.2343445826597019,3.1702168356790974,1024.0,417.61317443847656,427635.890625,0.4078253656625747,True,True,False,False,True,0.1-0.3,obvious_fp,12032,0.028042959427207637,10156,0.8440824468085106,37152,0.0865900954653938,0.11778442538026701,False,5,0.7652405500411987,0.9847443699836731,04_detection_yolo/reports/segmentation_refinement/v3i_conf005_deeplab_5class_43/masks/000456_p0004.png,04_detection_yolo/reports/segmentation_refinement/v3i_conf005_deeplab_5class_43/overlays/000456_p0004.jpg
000456_p0005,datasets/dataset_yolo_bbox_v3i_li_archaeological_object_merged/images/val/000456.png,456,025_ШУМГОРА,025_ШУМГОРА|Li|03_Шумгора_Li_карты_g.tif,1024,1024,239.3662109375,725.7254028320312,493.8386840820313,811.9122924804688,175.7480926513672,704.1786804199219,557.4568023681641,833.4590148925781,0.0651650056242942,0,04_detection_yolo/reports/proposals/v3i_conf005/crops/000456_p0005.jpg,04_detection_yolo/reports/proposals/v3i_conf005/overlays/000456_p0005.jpg,val,000456:0,0.0,False,False,False,False,0.9999709129333496,19.62802124023437,120.0,219.0,99.0,1,True,254.4724731445313,86.1868896484375,21932.190961472694,0.0209161672224738,2.952565920205994,381.7087097167969,129.28033447265625,49347.42966331355,0.047061376250566,False,False,False,False,True,0,plausible_fp,4897,0.09835308294838321,3052,0.6232387175821932,19000,0.38160273147218315,0.17036917643781957,True,4,0.8111114501953125,0.9979041814804077,04_detection_yolo/reports/segmentation_refinement/v3i_conf005_deeplab_5class_43/masks/000456_p0005.png,04_detection_yolo/reports/segmentation_refinement/v3i_conf005_deeplab_5class_43/overlays/000456_p0005.jpg
000458_p0001,datasets/dataset_yolo_bbox_v3i_li_archaeological_object_merged/images/val/000458.png,458,025_ШУМГОРА,025_ШУМГОРА|Li|03_Шумгора_Li_карты_g.tif,1024,1024,186.6729431152344,937.0299072265624,319.42926025390625,1024.0,153.4838638305664,915.2873840332032,352.6183395385742,1024.0,0.1988924890756607,0,04_detection_yolo/reports/proposals/v3i_conf005/crops/000458_p0001.jpg,04_detection_yolo/reports/proposals/v3i_conf005/overlays/000458_p0001.jpg,val,000458:0,0.7586475035072988,True,True,False,True,0.9999775886535645,13.178834915161133,156.0,212.0,56.0,2,True,132.75631713867185,86.97009277343761,11545.829217810196,0.0110109607866384,1.5264594173138362,199.1344757080078,108.71261596679676,21648.429783394076,0.020645551474947,True,True,True,True,False,0.5+,tp,1417,0.065,879,0.6203246294989414,8176,0.37504587155963304,0.16057992371242366,True,8,0.6758520007133484,0.9646761417388916,04_detection_yolo/reports/segmentation_refinement/v3i_conf005_deeplab_5class_43/masks/000458_p0001.png,04_detection_yolo/reports/segmentation_refinement/v3i_conf005_deeplab_5class_43/overlays/000458_p0001.jpg
000458_p0002,datasets/dataset_yolo_bbox_v3i_li_archaeological_object_merged/images/val/000458.png,458,025_ШУМГОРА,025_ШУМГОРА|Li|03_Шумгора_Li_карты_g.tif,1024,1024,424.4906311035156,4.396081447601318,565.2610473632812,78.6635971069336,389.2980270385742,0.0,600.4536514282227,97.23047602176666,0.0943463072180748,0,04_detection_yolo/reports/proposals/v3i_conf005/crops/000458_p0002.jpg,04_detection_yolo/reports/proposals/v3i_conf005/overlays/000458_p0002.jpg,val,000458:0,0.0,False,False,False,True,0.9999775886535645,13.178834915161133,156.0,212.0,56.0,2,True,140.77041625976562,74.26751565933228,10454.669093942866,0.0099703494014195,1.8954507231059745,211.15562438964844,97.23047602176666,20530.76187407888,0.0195796602955616,False,True,False,False,True,0,obvious_fp,2509,0.12076434347323835,2097,0.835791151853328,12220,0.5881786676934925,0.30598522793283417,True,3,0.8614946007728577,0.9994559288024902,04_detection_yolo/reports/segmentation_refinement/v3i_conf005_deeplab_5class_43/masks/000458_p0002.png,04_detection_yolo/reports/segmentation_refinement/v3i_conf005_deeplab_5class_43/overlays/000458_p0002.jpg
000458_p0003,datasets/dataset_yolo_bbox_v3i_li_archaeological_object_merged/images/val/000458.png,458,025_ШУМГОРА,025_ШУМГОРА|Li|03_Шумгора_Li_карты_g.tif,1024,1024,430.2687072753906,0.0,503.7723083496094,66.55357360839844,411.892807006836,0.0,522.1482086181641,83.19196701049805,0.0665286555886268,0,04_detection_yolo/reports/proposals/v3i_conf005/crops/000458_p0003.jpg,04_detection_yolo/reports/proposals/v3i_conf005/overlays/000458_p0003.jpg,val,000458:0,0.0,False,False,False,True,0.9999775886535645,13.178834915161133,156.0,212.0,56.0,2,True,73.50360107421875,66.55357360839844,4891.927324575372,0.0046653054471734,1.104427562473419,110.25540161132808,83.19196701049805,9172.363733578815,0.0087474477134502,True,True,False,False,True,0,obvious_fp,1266,0.13456632653061223,1095,0.8649289099526066,7280,0.7738095238095238,0.4501195449801582,True,6,0.8830992579460144,0.9976141452789307,04_detection_yolo/reports/segmentation_refinement/v3i_conf005_deeplab_5class_43/masks/000458_p0003.png,04_detection_yolo/reports/segmentation_refinement/v3i_conf005_deeplab_5class_43/overlays/000458_p0003.jpg
000459_p0001,datasets/dataset_yolo_bbox_v3i_li_archaeological_object_merged/images/val/000459.png,459,025_ШУМГОРА,025_ШУМГОРА|Li|03_Шумгора_Li_карты_g.tif,1024,1024,556.1193237304688,761.0965576171875,1008.7625122070312,1019.5687255859376,442.9585266113281,696.478515625,1024.0,1024.0,0.0849696919322013,0,04_detection_yolo/reports/proposals/v3i_conf005/crops/000459_p0001.jpg,04_detection_yolo/reports/proposals/v3i_conf005/overlays/000459_p0001.jpg,val,000459:0,0.0,False,False,False,True,0.9999775886535645,14.919461250305176,148.0,217.0,69.0,1,True,452.6431884765625,258.4721679687501,116995.66624182469,0.1115757620256659,1.7512260296098423,581.0414733886719,327.521484375,190303.56584769487,0.1814876230694722,False,True,False,False,True,0,obvious_fp,1189,0.00622852233676976,1157,0.9730866274179983,22372,0.1171947028748638,0.4878829276889161,False,2,0.74490886926651,0.9539417028427124,04_detection_yolo/reports/segmentation_refinement/v3i_conf005_deeplab_5class_43/masks/000459_p0001.png,04_detection_yolo/reports/segmentation_refinement/v3i_conf005_deeplab_5class_43/overlays/000459_p0001.jpg
000459_p0002,datasets/dataset_yolo_bbox_v3i_li_archaeological_object_merged/images/val/000459.png,459,025_ШУМГОРА,025_ШУМГОРА|Li|03_Шумгора_Li_карты_g.tif,1024,1024,386.3470764160156,318.39813232421875,1022.7913818359376,1024.0,227.2360000610352,141.99766540527344,1024.0,1024.0,0.0745190680027008,0,04_detection_yolo/reports/proposals/v3i_conf005/crops/000459_p0002.jpg,04_detection_yolo/reports/proposals/v3i_conf005/overlays/000459_p0002.jpg,val,000459:0,0.0060881842349291,False,False,False,True,0.9999775886535645,14.919461250305176,148.0,217.0,69.0,1,True,636.444305419922,705.6018676757812,449076.2905759123,0.4282725244292376,1.108662394599052,796.7639999389648,882.0023345947266,702747.7080671996,0.6701924400970455,True,True,False,False,True,0-0.1,obvious_fp,42833,0.06086385667658021,37391,0.8729484276142226,279558,0.39723993287398524,0.14082988795856816,False,7,0.7763960957527161,0.9922444224357605,04_detection_yolo/reports/segmentation_refinement/v3i_conf005_deeplab_5class_43/masks/000459_p0002.png,04_detection_yolo/reports/segmentation_refinement/v3i_conf005_deeplab_5class_43/overlays/000459_p0002.jpg
000459_p0003,datasets/dataset_yolo_bbox_v3i_li_archaeological_object_merged/images/val/000459.png,459,025_ШУМГОРА,025_ШУМГОРА|Li|03_Шумгора_Li_карты_g.tif,1024,1024,120.25721740722656,895.3820190429688,418.0285034179688,1024.0,45.814395904541016,863.2275238037109,492.4713249206543,1024.0,0.0509041883051395,0,04_detection_yolo/reports/proposals/v3i_conf005/crops/000459_p0003.jpg,04_detection_yolo/reports/proposals/v3i_conf005/overlays/000459_p0003.jpg,val,000459:0,0.8312490429268119,True,True,False,True,0.9999775886535645,14.919461250305176,148.0,217.0,69.0,1,True,297.77128601074224,128.61798095703125,38298.74159368035,0.0365245262085727,2.315160631468953,446.6569290161133,160.77247619628906,71810.14048815065,0.0684834866410738,True,True,True,True,False,0.5+,tp,595,0.008249223602484472,463,0.7781512605042017,5751,0.07973325199645076,0.31121708701534684,False,4,0.6820263266563416,0.9197230935096741,04_detection_yolo/reports/segmentation_refinement/v3i_conf005_deeplab_5class_43/masks/000459_p0003.png,04_detection_yolo/reports/segmentation_refinement/v3i_conf005_deeplab_5class_43/overlays/000459_p0003.jpg
000460_p0001,datasets/dataset_yolo_bbox_v3i_li_archaeological_object_merged/images/val/000460.png,460,025_ШУМГОРА,025_ШУМГОРА|Li|03_Шумгора_Li_карты_g.tif,1024,1024,338.18133544921875,522.6871948242188,539.2942504882812,700.6935424804688,287.9031066894531,478.18560791015625,589.5724792480469,745.1951293945312,0.3155533373355865,0,04_detection_yolo/reports/proposals/v3i_conf005/crops/000460_p0001.jpg,04_detection_yolo/reports/proposals/v3i_conf005/overlays/000460_p0001.jpg,val,000460:0,0.7535895878552833,True,True,False,False,0.9999747276306152,17.333051681518555,135.0,212.0,77.0,1,True,201.1129150390625,178.00634765625,35799.37547260523,0.0341409449316074,1.1298075472422693,301.6693725585937,267.009521484375,80548.59481336176,0.0768171260961168,False,False,True,True,False,0.5+,tp,14995,0.18465839121225555,14995,1.0,20856,0.25683463868774936,0.778441764832093,False,1,0.9143614172935486,0.9962763786315918,04_detection_yolo/reports/segmentation_refinement/v3i_conf005_deeplab_5class_43/masks/000460_p0001.png,04_detection_yolo/reports/segmentation_refinement/v3i_conf005_deeplab_5class_43/overlays/000460_p0001.jpg
000460_p0002,datasets/dataset_yolo_bbox_v3i_li_archaeological_object_merged/images/val/000460.png,460,025_ШУМГОРА,025_ШУМГОРА|Li|03_Шумгора_Li_карты_g.tif,1024,1024,873.5853271484375,49.37773513793945,1024.0,247.3076629638672,835.9816589355469,0.0,1024.0,296.7901449203491,0.1798299551010131,0,04_detection_yolo/reports/proposals/v3i_conf005/crops/000460_p0002.jpg,04_detection_yolo/reports/proposals/v3i_conf005/overlays/000460_p0002.jpg,val,000460:0,0.0,False,False,False,False,0.9999747276306152,17.333051681518555,135.0,212.0,77.0,1,True,150.4146728515625,197.9299278259277,29771.565341470297,0.0283923772253706,1.3158950790742066,188.01834106445312,296.7901449203491,55801.99069220267,0.0532169253274943,True,True,False,False,True,0,plausible_fp,6718,0.11968004560597154,6043,0.8995236677582614,16731,0.2980599647266314,0.12835362986321697,True,7,0.7463286519050598,0.9896442890167236,04_detection_yolo/reports/segmentation_refinement/v3i_conf005_deeplab_5class_43/masks/000460_p0002.png,04_detection_yolo/reports/segmentation_refinement/v3i_conf005_deeplab_5class_43/overlays/000460_p0002.jpg
000460_p0003,datasets/dataset_yolo_bbox_v3i_li_archaeological_object_merged/images/val/000460.png,460,025_ШУМГОРА,025_ШУМГОРА|Li|03_Шумгора_Li_карты_g.tif,1024,1024,305.3285217285156,408.7711486816406,819.7531127929688,703.036376953125,176.72237396240234,335.2048416137696,948.359260559082,776.6026840209961,0.0840650796890258,0,04_detection_yolo/reports/proposals/v3i_conf005/crops/000460_p0003.jpg,04_detection_yolo/reports/proposals/v3i_conf005/overlays/000460_p0003.jpg,val,000460:0,0.1782172228243125,False,False,False,False,0.9999747276306152,17.333051681518555,135.0,212.0,77.0,1,True,514.4245910644531,294.2652282714844,151377.2697180463,0.1443646142178023,1.7481664214497448,771.6368865966797,441.3978424072265,340598.8568656041,0.3248203819900552,False,False,False,False,True,0.1-0.3,obvious_fp,38796,0.11354948985266312,33554,0.8648829776265594,158852,0.46493359011432217,0.15846656229146167,True,4,0.8185483813285828,0.9988515377044678,04_detection_yolo/reports/segmentation_refinement/v3i_conf005_deeplab_5class_43/masks/000460_p0003.png,04_detection_yolo/reports/segmentation_refinement/v3i_conf005_deeplab_5class_43/overlays/000460_p0003.jpg
000460_p0004,datasets/dataset_yolo_bbox_v3i_li_archaeological_object_merged/images/val/000460.png,460,025_ШУМГОРА,025_ШУМГОРА|Li|03_Шумгора_Li_карты_g.tif,1024,1024,0.0,475.5674743652344,656.66357421875,1012.1680908203124,0.0,341.41732025146484,820.8294677734375,1024.0,0.0758959576487541,0,04_detection_yolo/reports/proposals/v3i_conf005/crops/000460_p0004.jpg,04_detection_yolo/reports/proposals/v3i_conf005/overlays/000460_p0004.jpg,val,000460:0,0.076562524704873,False,False,False,False,0.9999747276306152,17.333051681518555,135.0,212.0,77.0,1,True,656.66357421875,536.600616455078,352366.07872937614,0.3360424792569886,1.2237473347623766,820.8294677734375,682.5826797485352,560283.9777293568,0.534328439454419,True,True,False,False,True,0-0.1,obvious_fp,37970,0.06771372981918633,36505,0.9614169080853305,87312,0.1557076949689965,0.27509260204430114,False,2,0.7941760420799255,0.9915640950202942,04_detection_yolo/reports/segmentation_refinement/v3i_conf005_deeplab_5class_43/masks/000460_p0004.png,04_detection_yolo/reports/segmentation_refinement/v3i_conf005_deeplab_5class_43/overlays/000460_p0004.jpg
000460_p0005,datasets/dataset_yolo_bbox_v3i_li_archaeological_object_merged/images/val/000460.png,460,025_ШУМГОРА,025_ШУМГОРА|Li|03_Шумгора_Li_карты_g.tif,1024,1024,5.41357421875,884.2315673828125,239.247802734375,1024.0,0.0,849.2894592285156,297.70635986328125,1024.0,0.0529265590012073,0,04_detection_yolo/reports/proposals/v3i_conf005/crops/000460_p0005.jpg,04_detection_yolo/reports/proposals/v3i_conf005/overlays/000460_p0005.jpg,val,000460:0,0.0,False,False,False,False,0.9999747276306152,17.333051681518555,135.0,212.0,77.0,1,True,233.834228515625,139.7684326171875,32682.64361187816,0.0311685978049069,1.6730117390389203,297.70635986328125,174.71054077148438,52012.439122824,0.0496029273250808,True,True,False,False,True,0,obvious_fp,1593,0.030546500479386385,805,0.5053358443188951,19560,0.375071907957814,0.1350529828886771,False,9,0.6806350946426392,0.9194762706756592,04_detection_yolo/reports/segmentation_refinement/v3i_conf005_deeplab_5class_43/masks/000460_p0005.png,04_detection_yolo/reports/segmentation_refinement/v3i_conf005_deeplab_5class_43/overlays/000460_p0005.jpg
000461_p0001,datasets/dataset_yolo_bbox_v3i_li_archaeological_object_merged/images/val/000461.png,461,025_ШУМГОРА,025_ШУМГОРА|Li|03_Шумгора_Li_карты_g.tif,1024,1024,797.7461547851562,694.18798828125,907.2531127929688,837.4952392578125,770.3694152832031,658.3611755371094,934.629852294922,873.3220520019531,0.0502708479762077,0,04_detection_yolo/reports/proposals/v3i_conf005/crops/000461_p0001.jpg,04_detection_yolo/reports/proposals/v3i_conf005/overlays/000461_p0001.jpg,val,000461:0,0.7059486987635003,True,True,False,False,0.9421043395996094,13.82469367980957,150.0,209.0,59.0,1,True,109.5069580078125,143.3072509765625,15693.141114905477,0.0149661456250242,1.3086588613514276,164.26043701171886,214.96087646484372,35309.567508537344,0.0336738276563046,False,False,True,True,False,0.5+,tp,2715,0.07617845117845118,2013,0.7414364640883978,5518,0.1548260381593715,0.161940071567845,False,4,0.6863284707069397,0.917976975440979,04_detection_yolo/reports/segmentation_refinement/v3i_conf005_deeplab_5class_43/masks/000461_p0001.png,04_detection_yolo/reports/segmentation_refinement/v3i_conf005_deeplab_5class_43/overlays/000461_p0001.jpg
000463_p0001,datasets/dataset_yolo_bbox_v3i_li_archaeological_object_merged/images/val/000463.png,463,025_ШУМГОРА,025_ШУМГОРА|Li|03_Шумгора_Li_карты_g.tif,1024,1024,480.57958984375,374.4048461914063,1023.0613403320312,781.0267944335938,344.9591522216797,272.7493591308594,1024.0,882.6822814941406,0.098154179751873,0,04_detection_yolo/reports/proposals/v3i_conf005/crops/000463_p0001.jpg,04_detection_yolo/reports/proposals/v3i_conf005/overlays/000463_p0001.jpg,val,000463:0,0.0,False,False,False,True,1.0,14.932592391967772,143.0,207.0,64.0,1,True,542.4817504882812,406.6219482421874,220584.98626937717,0.2103662359899303,1.334118221688256,679.0408477783203,609.9329223632812,414169.3686894709,0.3949826895613393,True,True,False,False,True,0,obvious_fp,60776,0.1462790025994031,38787,0.6381959984204291,292400,0.7037643207855974,0.12377666995636698,True,6,0.8594650030136108,0.9996386766433716,04_detection_yolo/reports/segmentation_refinement/v3i_conf005_deeplab_5class_43/masks/000463_p0001.png,04_detection_yolo/reports/segmentation_refinement/v3i_conf005_deeplab_5class_43/overlays/000463_p0001.jpg
000463_p0002,datasets/dataset_yolo_bbox_v3i_li_archaeological_object_merged/images/val/000463.png,463,025_ШУМГОРА,025_ШУМГОРА|Li|03_Шумгора_Li_карты_g.tif,1024,1024,0.0,943.533203125,254.2799835205078,1024.0,0.0,923.41650390625,317.8499794006348,1024.0,0.0718332231044769,0,04_detection_yolo/reports/proposals/v3i_conf005/crops/000463_p0002.jpg,04_detection_yolo/reports/proposals/v3i_conf005/overlays/000463_p0002.jpg,val,000463:0,0.0,False,False,False,True,1.0,14.932592391967772,143.0,207.0,64.0,1,True,254.2799835205078,80.466796875,20461.09578332305,0.0195132215340834,3.160060961734508,317.8499794006348,100.58349609375,31970.462161442272,0.0304894086470053,True,True,False,False,True,0,obvious_fp,527,0.01640824459804471,448,0.8500948766603416,2211,0.06883990285821034,0.33310584546890415,False,4,0.6994733810424805,0.910547137260437,04_detection_yolo/reports/segmentation_refinement/v3i_conf005_deeplab_5class_43/masks/000463_p0002.png,04_detection_yolo/reports/segmentation_refinement/v3i_conf005_deeplab_5class_43/overlays/000463_p0002.jpg
000464_p0001,datasets/dataset_yolo_bbox_v3i_li_archaeological_object_merged/images/val/000464.png,464,025_ШУМГОРА,025_ШУМГОРА|Li|03_Шумгора_Li_карты_g.tif,1024,1024,186.17025756835932,172.2413330078125,326.318359375,297.7843933105469,151.13323211669922,140.8555679321289,361.35538482666016,329.17015838623047,0.5910066962242126,0,04_detection_yolo/reports/proposals/v3i_conf005/crops/000464_p0001.jpg,04_detection_yolo/reports/proposals/v3i_conf005/overlays/000464_p0001.jpg,val,000464:0,0.7669453196096004,True,True,False,True,0.9999818801879884,20.36443901062012,117.0,222.0,105.0,2,True,140.14810180664065,125.54306030273438,17594.621596424844,0.0167795387233971,1.1163349170291668,210.2221527099609,188.3145904541016,39587.89859195589,0.0377539621276434,False,False,True,True,False,0.5+,tp,8112,0.20234472437016712,8046,0.9918639053254438,10864,0.2709902718882514,0.4518045359498354,False,3,0.8563507795333862,0.995488166809082,04_detection_yolo/reports/segmentation_refinement/v3i_conf005_deeplab_5class_43/masks/000464_p0001.png,04_detection_yolo/reports/segmentation_refinement/v3i_conf005_deeplab_5class_43/overlays/000464_p0001.jpg
000464_p0002,datasets/dataset_yolo_bbox_v3i_li_archaeological_object_merged/images/val/000464.png,464,025_ШУМГОРА,025_ШУМГОРА|Li|03_Шумгора_Li_карты_g.tif,1024,1024,836.97802734375,191.15478515625,1023.3284301757812,444.43408203125,790.3904266357422,127.8349609375,1024.0,507.75390625,0.2609481811523437,0,04_detection_yolo/reports/proposals/v3i_conf005/crops/000464_p0002.jpg,04_detection_yolo/reports/proposals/v3i_conf005/overlays/000464_p0002.jpg,val,000464:1,0.7305459065909964,True,True,False,True,0.9999818801879884,20.36443901062012,117.0,222.0,105.0,2,True,186.35040283203125,253.279296875,47198.69900166989,0.0450121870056818,1.3591561543513042,233.6095733642578,379.9189453125,88752.70272745192,0.0846411731028098,True,True,True,True,False,0.5+,tp,3245,0.03639769387800884,1347,0.41510015408320494,80262,0.9002624671916011,0.11754224346060203,True,8,0.6716883182525635,0.955754280090332,04_detection_yolo/reports/segmentation_refinement/v3i_conf005_deeplab_5class_43/masks/000464_p0002.png,04_detection_yolo/reports/segmentation_refinement/v3i_conf005_deeplab_5class_43/overlays/000464_p0002.jpg
000464_p0003,datasets/dataset_yolo_bbox_v3i_li_archaeological_object_merged/images/val/000464.png,464,025_ШУМГОРА,025_ШУМГОРА|Li|03_Шумгора_Li_карты_g.tif,1024,1024,742.90771484375,99.57950592041016,1022.68212890625,438.59130859375,672.964111328125,14.826555252075195,1024.0,523.344259262085,0.0819184035062789,0,04_detection_yolo/reports/proposals/v3i_conf005/crops/000464_p0003.jpg,04_detection_yolo/reports/proposals/v3i_conf005/overlays/000464_p0003.jpg,val,000464:1,0.5729670067917112,True,True,False,True,0.9999818801879884,20.36443901062012,117.0,222.0,105.0,2,True,279.7744140625,339.01180267333984,94846.82845320553,0.0904529842884116,1.2117326875988257,351.035888671875,508.51770401000977,178507.96413253527,0.1702384606671669,True,True,True,True,False,0.5+,tp,2460,0.013703208556149732,1260,0.5121951219512195,49000,0.2729500891265597,0.15131016383097523,False,7,0.6465627551078796,0.8706388473510742,04_detection_yolo/reports/segmentation_refinement/v3i_conf005_deeplab_5class_43/masks/000464_p0003.png,04_detection_yolo/reports/segmentation_refinement/v3i_conf005_deeplab_5class_43/overlays/000464_p0003.jpg
000464_p0004,datasets/dataset_yolo_bbox_v3i_li_archaeological_object_merged/images/val/000464.png,464,025_ШУМГОРА,025_ШУМГОРА|Li|03_Шумгора_Li_карты_g.tif,1024,1024,198.6417236328125,220.93017578125,311.16558837890625,291.96051025390625,170.51075744628906,203.172592163086,339.2965545654297,309.7180938720703,0.0757268592715263,0,04_detection_yolo/reports/proposals/v3i_conf005/crops/000464_p0004.jpg,04_detection_yolo/reports/proposals/v3i_conf005/overlays/000464_p0004.jpg,val,000464:0,0.5601992827783918,True,True,False,True,0.9999818801879884,20.36443901062012,117.0,222.0,105.0,2,True,112.52386474609376,71.03033447265625,7992.607749070972,0.0076223447313985,1.5841663365587952,168.78579711914062,106.54550170898436,17983.367435409684,0.0171502756456467,False,False,True,True,False,0.5+,tp,2226,0.12237493128092358,2154,0.967654986522911,5687,0.3126443100604728,0.27488665586583777,True,4,0.844170093536377,0.9961620569229126,04_detection_yolo/reports/segmentation_refinement/v3i_conf005_deeplab_5class_43/masks/000464_p0004.png,04_detection_yolo/reports/segmentation_refinement/v3i_conf005_deeplab_5class_43/overlays/000464_p0004.jpg
000465_p0001,datasets/dataset_yolo_bbox_v3i_li_archaeological_object_merged/images/val/000465.png,465,025_ШУМГОРА,025_ШУМГОРА|Li|03_Шумгора_Li_карты_g.tif,1024,1024,5.251733303070068,131.447509765625,401.8201293945313,450.889892578125,0.0,51.5869140625,500.96222841739655,530.75048828125,0.5694469809532166,0,04_detection_yolo/reports/proposals/v3i_conf005/crops/000465_p0001.jpg,04_detection_yolo/reports/proposals/v3i_conf005/overlays/000465_p0001.jpg,val,000465:0,0.757053312578037,True,True,False,False,0.9999639987945556,25.77537727355957,89.0,227.0,138.0,1,True,396.5683960914613,319.4423828125,126680.75339558769,0.1208121808963658,1.241439512815778,500.96222841739655,479.16357421875,240042.8519170696,0.228922702710218,False,True,True,True,False,0.5+,tp,41756,0.17363606121091152,41553,0.995138423220615,92834,0.3860362608117099,0.6579999114340623,False,2,0.9427803158760071,0.9996362924575806,04_detection_yolo/reports/segmentation_refinement/v3i_conf005_deeplab_5class_43/masks/000465_p0001.png,04_detection_yolo/reports/segmentation_refinement/v3i_conf005_deeplab_5class_43/overlays/000465_p0001.jpg
000465_p0002,datasets/dataset_yolo_bbox_v3i_li_archaeological_object_merged/images/val/000465.png,465,025_ШУМГОРА,025_ШУМГОРА|Li|03_Шумгора_Li_карты_g.tif,1024,1024,1.292626976966858,939.0530395507812,222.8637237548828,1024.0,0.0,917.8162994384766,278.2564979493618,1024.0,0.0610706731677055,0,04_detection_yolo/reports/proposals/v3i_conf005/crops/000465_p0002.jpg,04_detection_yolo/reports/proposals/v3i_conf005/overlays/000465_p0002.jpg,val,000465:0,0.0,False,False,False,False,0.9999639987945556,25.77537727355957,89.0,227.0,138.0,1,True,221.57109677791595,84.94696044921875,18821.791194683647,0.0179498588511311,2.6083463799787285,278.2564979493618,106.18370056152344,29546.304657553195,0.0281775518966228,True,True,False,False,True,0,obvious_fp,483,0.016179278464475932,432,0.8944099378881988,1350,0.045221585770274346,0.4077907153141279,False,4,0.7329133152961731,0.9322962760925293,04_detection_yolo/reports/segmentation_refinement/v3i_conf005_deeplab_5class_43/masks/000465_p0002.png,04_detection_yolo/reports/segmentation_refinement/v3i_conf005_deeplab_5class_43/overlays/000465_p0002.jpg
000467_p0001,datasets/dataset_yolo_bbox_v3i_li_archaeological_object_merged/images/val/000467.png,467,025_ШУМГОРА,025_ШУМГОРА|Li|03_Шумгора_Li_карты_g.tif,1024,1024,303.5746459960937,280.33563232421875,1024.0,1024.0,123.4683074951172,94.41954040527344,1024.0,1024.0,0.0739970356225967,0,04_detection_yolo/reports/proposals/v3i_conf005/crops/000467_p0001.jpg,04_detection_yolo/reports/proposals/v3i_conf005/overlays/000467_p0001.jpg,val,,0.0,False,False,False,False,0.9999191761016846,23.996644973754883,99.0,224.0,125.0,0,False,720.4253540039062,743.6643676757812,535754.6653429158,0.5109354642323645,1.0322573512199698,900.5316925048828,929.5804595947266,837116.664598306,0.7983366628630695,True,True,False,False,True,0,obvious_fp,73040,0.08716718580311004,39196,0.5366374589266155,217689,0.2597937775231821,0.12415156926606186,False,4,0.8389729261398315,0.9980261325836182,04_detection_yolo/reports/segmentation_refinement/v3i_conf005_deeplab_5class_43/masks/000467_p0001.png,04_detection_yolo/reports/segmentation_refinement/v3i_conf005_deeplab_5class_43/overlays/000467_p0001.jpg
000467_p0002,datasets/dataset_yolo_bbox_v3i_li_archaeological_object_merged/images/val/000467.png,467,025_ШУМГОРА,025_ШУМГОРА|Li|03_Шумгора_Li_карты_g.tif,1024,1024,842.6417236328125,680.9104614257812,1024.0,1024.0,797.3021545410156,595.1380767822266,1024.0,1024.0,0.0512184202671051,0,04_detection_yolo/reports/proposals/v3i_conf005/crops/000467_p0002.jpg,04_detection_yolo/reports/proposals/v3i_conf005/overlays/000467_p0002.jpg,val,,0.0,False,False,False,False,0.9999191761016846,23.996644973754883,99.0,224.0,125.0,0,False,181.3582763671875,343.08953857421875,62222.127355434,0.0593396447710361,1.891777675916933,226.6978454589844,428.86192321777344,97222.07399286564,0.0927181949547439,True,True,False,False,True,0,obvious_fp,4997,0.051312857480258364,3762,0.752851711026616,38512,0.3954694351170122,0.242372670940566,True,5,0.8183128237724304,0.9988914132118225,04_detection_yolo/reports/segmentation_refinement/v3i_conf005_deeplab_5class_43/masks/000467_p0002.png,04_detection_yolo/reports/segmentation_refinement/v3i_conf005_deeplab_5class_43/overlays/000467_p0002.jpg
000468_p0001,datasets/dataset_yolo_bbox_v3i_li_archaeological_object_merged/images/val/000468.png,468,025_ШУМГОРА,025_ШУМГОРА|Li|03_Шумгора_Li_карты_g.tif,1024,1024,0.0,346.6602478027344,102.12831115722656,984.1007690429688,0.0,187.30011749267572,127.6603889465332,1024.0,0.0654046609997749,0,04_detection_yolo/reports/proposals/v3i_conf005/crops/000468_p0001.jpg,04_detection_yolo/reports/proposals/v3i_conf005/overlays/000468_p0001.jpg,val,,0.0,False,False,False,False,0.932502508163452,17.751522064208984,133.0,214.0,81.0,0,False,102.12831115722656,637.4405212402344,65100.723897447344,0.0620848883604501,6.241565282117458,127.6603889465332,836.6998825073242,106813.43243240364,0.1018652271579777,True,True,False,False,True,0,obvious_fp,478,0.0044616188769414575,305,0.6380753138075314,12126,0.11318324372759857,0.14867763554525096,False,4,0.5886623859405518,0.7695938944816589,04_detection_yolo/reports/segmentation_refinement/v3i_conf005_deeplab_5class_43/masks/000468_p0001.png,04_detection_yolo/reports/segmentation_refinement/v3i_conf005_deeplab_5class_43/overlays/000468_p0001.jpg
000470_p0001,datasets/dataset_yolo_bbox_v3i_li_archaeological_object_merged/images/val/000470.png,470,037_КЧР,037_КЧР|Li|03_КЧР_Li_карты_g.tif,1024,1024,625.9861450195312,766.1530151367188,688.7554931640625,821.5188598632812,610.2938079833984,752.3115539550781,704.4478302001953,835.3603210449219,0.4279967844486236,0,04_detection_yolo/reports/proposals/v3i_conf005/crops/000470_p0001.jpg,04_detection_yolo/reports/proposals/v3i_conf005/overlays/000470_p0001.jpg,val,000470:1,0.4761970275242939,True,False,True,False,0.9980478286743164,26.74845314025879,114.0,240.0,126.0,2,True,62.76934814453125,55.3658447265625,3475.277982957661,0.0033142833547188,1.133719686830983,94.15402221679688,83.04876708984375,7819.375461654738,0.0074571375481173,False,False,True,False,False,0.3-0.5,tp,1185,0.14849624060150377,1185,1.0,1833,0.22969924812030076,0.2501200815979511,False,1,0.7721511721611023,0.9985524415969849,04_detection_yolo/reports/segmentation_refinement/v3i_conf005_deeplab_5class_43/masks/000470_p0001.png,04_detection_yolo/reports/segmentation_refinement/v3i_conf005_deeplab_5class_43/overlays/000470_p0001.jpg
000470_p0002,datasets/dataset_yolo_bbox_v3i_li_archaeological_object_merged/images/val/000470.png,470,037_КЧР,037_КЧР|Li|03_КЧР_Li_карты_g.tif,1024,1024,823.6575927734375,677.4484252929688,1018.6917724609376,890.5779418945312,774.8990478515625,624.1660461425781,1024.0,943.860321044922,0.1693498492240905,0,04_detection_yolo/reports/proposals/v3i_conf005/crops/000470_p0002.jpg,04_detection_yolo/reports/proposals/v3i_conf005/overlays/000470_p0002.jpg,val,000470:0,0.1695323823792517,False,False,True,False,0.9980478286743164,26.74845314025879,114.0,240.0,126.0,2,True,195.0341796875001,213.1295166015625,41567.54043757918,0.0396418957114974,1.092780336980196,249.1009521484375,319.69427490234386,79636.14827457818,0.0759469492669851,False,True,False,False,True,0.1-0.3,plausible_fp,5346,0.066825,5346,1.0,7777,0.0972125,0.7564953977789753,False,1,0.8980699777603149,0.9991931915283203,04_detection_yolo/reports/segmentation_refinement/v3i_conf005_deeplab_5class_43/masks/000470_p0002.png,04_detection_yolo/reports/segmentation_refinement/v3i_conf005_deeplab_5class_43/overlays/000470_p0002.jpg
000470_p0003,datasets/dataset_yolo_bbox_v3i_li_archaeological_object_merged/images/val/000470.png,470,037_КЧР,037_КЧР|Li|03_КЧР_Li_карты_g.tif,1024,1024,849.0836791992188,734.6552734375,916.21337890625,827.36572265625,832.3012542724609,711.4776611328125,932.9958038330078,850.5433349609375,0.1064656153321266,0,04_detection_yolo/reports/proposals/v3i_conf005/crops/000470_p0003.jpg,04_detection_yolo/reports/proposals/v3i_conf005/overlays/000470_p0003.jpg,val,000470:0,0.5922960594180786,True,True,True,False,0.9980478286743164,26.74845314025879,114.0,240.0,126.0,2,True,67.12969970703125,92.71044921875,6223.6246157586575,0.0059353109510027,1.381064560445805,100.69454956054688,139.065673828125,14003.15538545698,0.0133544496397561,False,False,True,True,False,0.5+,tp,3016,0.21329561527581328,2966,0.98342175066313,4800,0.33946251768033947,0.20308306419810562,False,2,0.7275418043136597,0.9852606654167175,04_detection_yolo/reports/segmentation_refinement/v3i_conf005_deeplab_5class_43/masks/000470_p0003.png,04_detection_yolo/reports/segmentation_refinement/v3i_conf005_deeplab_5class_43/overlays/000470_p0003.jpg
000471_p0001,datasets/dataset_yolo_bbox_v3i_li_archaeological_object_merged/images/val/000471.png,471,037_КЧР,037_КЧР|Li|03_КЧР_Li_карты_g.tif,1024,1024,1.0860106945037842,473.1897583007813,105.5094757080078,563.3719482421875,0.0,450.6442108154297,131.61534196138382,585.9174957275391,0.0564788393676281,0,04_detection_yolo/reports/proposals/v3i_conf005/crops/000471_p0001.jpg,04_detection_yolo/reports/proposals/v3i_conf005/overlays/000471_p0001.jpg,val,000471:0,0.0,False,False,True,False,0.9990234375,40.740631103515625,80.0,239.0,159.0,2,True,104.423465013504,90.1821899414062,9417.136756187603,0.0089808814584613,1.1579167137253017,131.61534196138382,135.27328491210938,17804.03965194698,0.0169792553443403,True,True,False,False,True,0,obvious_fp,918,0.05113636363636364,769,0.8376906318082789,4400,0.24509803921568626,0.505939573877537,False,3,0.8461582064628601,0.9972586631774902,04_detection_yolo/reports/segmentation_refinement/v3i_conf005_deeplab_5class_43/masks/000471_p0001.png,04_detection_yolo/reports/segmentation_refinement/v3i_conf005_deeplab_5class_43/overlays/000471_p0001.jpg
000471_p0002,datasets/dataset_yolo_bbox_v3i_li_archaeological_object_merged/images/val/000471.png,471,037_КЧР,037_КЧР|Li|03_КЧР_Li_карты_g.tif,1024,1024,711.0343017578125,313.3365783691406,905.5009765625,413.10638427734375,662.4176330566406,288.39412689208984,954.117645263672,438.0488357543945,0.0550604127347469,0,04_detection_yolo/reports/proposals/v3i_conf005/crops/000471_p0002.jpg,04_detection_yolo/reports/proposals/v3i_conf005/overlays/000471_p0002.jpg,val,000471:1,0.6003041286485827,True,True,True,False,0.9990234375,40.740631103515625,80.0,239.0,159.0,2,True,194.4666748046875,99.76980590820312,19401.902400877327,0.0185030960091374,1.949153584438299,291.70001220703136,149.65470886230463,43654.28040197399,0.0416319660205593,False,False,True,True,False,0.5+,tp,6919,0.1563863209999322,6603,0.9543286602110131,14118,0.3191013267635558,0.5865860568780645,True,2,0.9242075085639954,0.9997414946556091,04_detection_yolo/reports/segmentation_refinement/v3i_conf005_deeplab_5class_43/masks/000471_p0002.png,04_detection_yolo/reports/segmentation_refinement/v3i_conf005_deeplab_5class_43/overlays/000471_p0002.jpg
000471_p0003,datasets/dataset_yolo_bbox_v3i_li_archaeological_object_merged/images/val/000471.png,471,037_КЧР,037_КЧР|Li|03_КЧР_Li_карты_g.tif,1024,1024,422.87060546875,340.488525390625,708.7100830078125,518.1517333984375,351.4107360839844,296.0727233886719,780.1699523925781,562.5675354003906,0.0545327104628086,0,04_detection_yolo/reports/proposals/v3i_conf005/crops/000471_p0003.jpg,04_detection_yolo/reports/proposals/v3i_conf005/overlays/000471_p0003.jpg,val,000471:0,0.712004302318168,True,True,True,False,0.9990234375,40.740631103515625,80.0,239.0,159.0,2,True,285.8394775390625,177.6632080078125,50783.15855486691,0.0484305940197629,1.6088839143695588,428.75921630859375,266.49481201171875,114262.10674845056,0.1089688365444665,False,False,True,True,False,0.5+,tp,23065,0.20089713439595855,22973,0.9960112724907869,42462,0.369845832244578,0.5637999222317426,False,3,0.9238462448120117,0.999437689781189,04_detection_yolo/reports/segmentation_refinement/v3i_conf005_deeplab_5class_43/masks/000471_p0003.png,04_detection_yolo/reports/segmentation_refinement/v3i_conf005_deeplab_5class_43/overlays/000471_p0003.jpg
000472_p0001,datasets/dataset_yolo_bbox_v3i_li_archaeological_object_merged/images/val/000472.png,472,037_КЧР,037_КЧР|Li|03_КЧР_Li_карты_g.tif,1024,1024,324.56317138671875,174.54574584960938,381.0616149902344,225.1963806152344,310.43856048583984,161.88308715820312,395.1862258911133,237.85903930664065,0.069502554833889,0,04_detection_yolo/reports/proposals/v3i_conf005/crops/000472_p0001.jpg,04_detection_yolo/reports/proposals/v3i_conf005/overlays/000472_p0001.jpg,val,000472:0,0.490617861938499,True,False,False,True,1.0,27.65059280395508,97.0,231.0,134.0,2,True,56.498443603515625,50.65063476562503,2861.6820317879337,0.0027291126554374,1.1154538114862742,84.74766540527344,75.97595214843753,6438.78457152285,0.0061405034747341,False,False,True,False,False,0.3-0.5,tp,797,0.12035638779824827,792,0.9937264742785445,1320,0.19933554817275748,0.19436428767576044,False,2,0.6995038390159607,0.9912874698638916,04_detection_yolo/reports/segmentation_refinement/v3i_conf005_deeplab_5class_43/masks/000472_p0001.png,04_detection_yolo/reports/segmentation_refinement/v3i_conf005_deeplab_5class_43/overlays/000472_p0001.jpg
000473_p0001,datasets/dataset_yolo_bbox_v3i_li_archaeological_object_merged/images/val/000473.png,473,037_КЧР,037_КЧР|Li|03_КЧР_Li_карты_g.tif,1024,1024,626.9788818359375,0.1770385801792144,687.2883911132812,53.81110763549805,611.9015045166016,0.0,702.3657684326172,67.21962489932775,0.3117440640926361,0,04_detection_yolo/reports/proposals/v3i_conf005/crops/000473_p0001.jpg,04_detection_yolo/reports/proposals/v3i_conf005/overlays/000473_p0001.jpg,val,000473:1,0.5768984685941276,True,True,True,True,0.9990234375,32.3065299987793,66.0,215.0,149.0,2,True,60.30950927734375,53.63406905531883,3234.6443852734465,0.0030847972729429,1.124462684625695,90.46426391601562,67.21962489932775,6080.9738872283615,0.0057992686149867,True,True,True,True,False,0.5+,tp,913,0.14593989769820973,900,0.9857612267250822,1435,0.22937979539641945,0.8381252371181186,False,2,0.8790479898452759,0.9994523525238037,04_detection_yolo/reports/segmentation_refinement/v3i_conf005_deeplab_5class_43/masks/000473_p0001.png,04_detection_yolo/reports/segmentation_refinement/v3i_conf005_deeplab_5class_43/overlays/000473_p0001.jpg
000473_p0002,datasets/dataset_yolo_bbox_v3i_li_archaeological_object_merged/images/val/000473.png,473,037_КЧР,037_КЧР|Li|03_КЧР_Li_карты_g.tif,1024,1024,561.00390625,776.2496948242188,1009.2899169921876,1017.72314453125,448.9324035644531,715.8813323974609,1024.0,1024.0,0.0672846585512161,0,04_detection_yolo/reports/proposals/v3i_conf005/crops/000473_p0002.jpg,04_detection_yolo/reports/proposals/v3i_conf005/overlays/000473_p0002.jpg,val,000473:0,0.0,False,False,True,True,0.9990234375,32.3065299987793,66.0,215.0,149.0,2,True,448.2860107421876,241.47344970703125,108249.16946931931,0.1032344526951974,1.8564608708993584,575.0675964355469,308.11866760253906,177189.06159511534,0.1689806571913865,False,True,False,False,True,0,obvious_fp,7817,0.04391967817331895,4751,0.6077779199181271,28320,0.15911542610571736,0.2413285027968614,False,4,0.7585121989250183,0.9916271567344666,04_detection_yolo/reports/segmentation_refinement/v3i_conf005_deeplab_5class_43/masks/000473_p0002.png,04_detection_yolo/reports/segmentation_refinement/v3i_conf005_deeplab_5class_43/overlays/000473_p0002.jpg
000473_p0003,datasets/dataset_yolo_bbox_v3i_li_archaeological_object_merged/images/val/000473.png,473,037_КЧР,037_КЧР|Li|03_КЧР_Li_карты_g.tif,1024,1024,742.2999267578125,196.56396484375,840.5186767578125,285.654541015625,717.7452392578125,174.29132080078125,865.0733642578125,307.9271850585937,0.0541630536317825,0,04_detection_yolo/reports/proposals/v3i_conf005/crops/000473_p0003.jpg,04_detection_yolo/reports/proposals/v3i_conf005/overlays/000473_p0003.jpg,val,000473:0,0.0,False,False,True,True,0.9990234375,32.3065299987793,66.0,215.0,149.0,2,True,98.21875,89.090576171875,8750.365028381348,0.0083449983867467,1.102459476864475,147.328125,133.63586425781244,19688.321313858025,0.0187762463701801,False,False,False,False,True,0,plausible_fp,2512,0.12581388360212362,2224,0.8853503184713376,10507,0.5262446158469398,0.3121585675336245,True,8,0.8476741313934326,0.9992698431015015,04_detection_yolo/reports/segmentation_refinement/v3i_conf005_deeplab_5class_43/masks/000473_p0003.png,04_detection_yolo/reports/segmentation_refinement/v3i_conf005_deeplab_5class_43/overlays/000473_p0003.jpg
000473_p0004,datasets/dataset_yolo_bbox_v3i_li_archaeological_object_merged/images/val/000473.png,473,037_КЧР,037_КЧР|Li|03_КЧР_Li_карты_g.tif,1024,1024,416.3584899902344,510.4175720214844,1018.5374755859376,1015.85546875,265.8137435913086,384.0580978393554,1024.0,1024.0,0.0502235628664493,0,04_detection_yolo/reports/proposals/v3i_conf005/crops/000473_p0004.jpg,04_detection_yolo/reports/proposals/v3i_conf005/overlays/000473_p0004.jpg,val,000473:0,0.0,False,False,True,True,0.9990234375,32.3065299987793,66.0,215.0,149.0,2,True,602.1789855957032,505.4378967285156,304364.0799336033,0.2902642058692964,1.191400544940044,758.1862564086914,639.9419021606445,485195.15511823614,0.4627181578810083,False,True,False,False,True,0,obvious_fp,10897,0.022432888669301713,5270,0.4836193447737909,102580,0.21117424242424243,0.19973590484123302,True,4,0.7275795936584473,0.982955813407898,04_detection_yolo/reports/segmentation_refinement/v3i_conf005_deeplab_5class_43/masks/000473_p0004.png,04_detection_yolo/reports/segmentation_refinement/v3i_conf005_deeplab_5class_43/overlays/000473_p0004.jpg
000474_p0001,datasets/dataset_yolo_bbox_v3i_li_archaeological_object_merged/images/val/000474.png,474,037_КЧР,037_КЧР|Li|03_КЧР_Li_карты_g.tif,1024,1024,843.1359252929688,518.8992919921875,1024.0,926.3904418945312,797.9199066162109,417.0265045166016,1024.0,1024.0,0.0524201989173889,0,04_detection_yolo/reports/proposals/v3i_conf005/crops/000474_p0001.jpg,04_detection_yolo/reports/proposals/v3i_conf005/overlays/000474_p0001.jpg,val,,0.0,False,False,True,False,0.9980478286743164,39.26927947998047,29.0,194.0,165.0,0,False,180.86407470703125,407.49114990234375,73700.50977839157,0.0702862832816997,2.2530242700901737,226.08009338378903,606.9734954833984,137224.6245403716,0.1308676000026432,True,True,False,False,True,0,obvious_fp,18103,0.13138204065636588,9057,0.5003038170468983,42920,0.3114907576076465,0.16064473358643042,False,5,0.7924424409866333,0.9948400259017944,04_detection_yolo/reports/segmentation_refinement/v3i_conf005_deeplab_5class_43/masks/000474_p0001.png,04_detection_yolo/reports/segmentation_refinement/v3i_conf005_deeplab_5class_43/overlays/000474_p0001.jpg
000475_p0001,datasets/dataset_yolo_bbox_v3i_li_archaeological_object_merged/images/val/000475.png,475,037_КЧР,037_КЧР|Li|03_КЧР_Li_карты_g.tif,1024,1024,584.4146728515625,459.7019653320313,1011.0553588867188,1001.1921997070312,477.75450134277344,324.32940673828125,1024.0,1024.0,0.1694079637527465,0,04_detection_yolo/reports/proposals/v3i_conf005/crops/000475_p0001.jpg,04_detection_yolo/reports/proposals/v3i_conf005/overlays/000475_p0001.jpg,val,000475:1,0.0168817146680836,False,False,True,False,0.9990234375,43.09975814819336,12.0,205.0,193.0,2,True,426.64068603515625,541.490234375,231021.76507508755,0.2203195238829494,1.2691950207730067,546.2454986572266,699.6705932617188,382191.9121120451,0.3644866105194522,False,True,False,False,True,0-0.1,plausible_fp,27302,0.07130321232697832,12473,0.4568529778038239,357601,0.933927918516584,0.0943415354391458,True,9,0.6946406960487366,0.9476693868637085,04_detection_yolo/reports/segmentation_refinement/v3i_conf005_deeplab_5class_43/masks/000475_p0001.png,04_detection_yolo/reports/segmentation_refinement/v3i_conf005_deeplab_5class_43/overlays/000475_p0001.jpg
000475_p0002,datasets/dataset_yolo_bbox_v3i_li_archaeological_object_merged/images/val/000475.png,475,037_КЧР,037_КЧР|Li|03_КЧР_Li_карты_g.tif,1024,1024,5.5882568359375,514.3759765625,399.7320556640625,994.6806640625,0.0,394.2998046875,498.26800537109375,1024.0,0.0700538828969001,0,04_detection_yolo/reports/proposals/v3i_conf005/crops/000475_p0002.jpg,04_detection_yolo/reports/proposals/v3i_conf005/overlays/000475_p0002.jpg,val,000475:0,0.0084042501561888,False,False,True,False,0.9990234375,43.09975814819336,12.0,205.0,193.0,2,True,394.143798828125,480.3046875,189309.11412620544,0.1805392400037817,1.2186026747802452,498.26800537109375,629.7001953125,313759.46030014753,0.2992243388177371,False,True,False,False,True,0-0.1,obvious_fp,4329,0.013770397938734613,3440,0.7946407946407946,82045,0.2609822820243662,0.23512959569487019,False,6,0.7954283356666565,0.9955964088439941,04_detection_yolo/reports/segmentation_refinement/v3i_conf005_deeplab_5class_43/masks/000475_p0002.png,04_detection_yolo/reports/segmentation_refinement/v3i_conf005_deeplab_5class_43/overlays/000475_p0002.jpg
000476_p0001,datasets/dataset_yolo_bbox_v3i_li_archaeological_object_merged/images/val/000476.png,476,037_КЧР,037_КЧР|Li|03_КЧР_Li_карты_g.tif,1024,1024,9.116406440734863,439.841796875,583.5665893554688,994.4085693359376,0.0,301.2001037597656,727.1791350841522,1024.0,0.1639954447746276,0,04_detection_yolo/reports/proposals/v3i_conf005/crops/000476_p0001.jpg,04_detection_yolo/reports/proposals/v3i_conf005/overlays/000476_p0001.jpg,val,000476:0,0.0122423061655881,False,False,True,False,0.9980478286743164,52.432315826416016,6.0,242.0,236.0,1,True,574.4501829147339,554.5667724609376,318570.9838786192,0.3038129652773086,1.0358539520237788,727.1791350841522,722.7998962402344,525605.0033868887,0.5012559923046958,False,True,False,False,True,0-0.1,plausible_fp,11826,0.022468195704710228,4741,0.4008963301200744,251160,0.47717842323651455,0.0775846059034567,True,7,0.6663041710853577,0.9586226344108582,04_detection_yolo/reports/segmentation_refinement/v3i_conf005_deeplab_5class_43/masks/000476_p0001.png,04_detection_yolo/reports/segmentation_refinement/v3i_conf005_deeplab_5class_43/overlays/000476_p0001.jpg
000476_p0002,datasets/dataset_yolo_bbox_v3i_li_archaeological_object_merged/images/val/000476.png,476,037_КЧР,037_КЧР|Li|03_КЧР_Li_карты_g.tif,1024,1024,739.4844970703125,547.1429443359375,1016.1071166992188,779.4652099609375,670.3288421630859,489.0623779296875,1024.0,837.5457763671875,0.156627744436264,0,04_detection_yolo/reports/proposals/v3i_conf005/crops/000476_p0002.jpg,04_detection_yolo/reports/proposals/v3i_conf005/overlays/000476_p0002.jpg,val,000476:0,0.0,False,False,True,False,0.9980478286743164,52.432315826416016,6.0,242.0,236.0,1,True,276.62261962890625,232.322265625,64265.5937153101,0.0612884461548901,1.1906849258926095,353.67115783691406,348.4833984375,123248.52701233327,0.1175389547465641,False,True,False,False,True,0,plausible_fp,10630,0.08604082689848315,10115,0.951552210724365,32128,0.2600488886730449,0.6231335670299251,True,3,0.893838107585907,0.9974541068077087,04_detection_yolo/reports/segmentation_refinement/v3i_conf005_deeplab_5class_43/masks/000476_p0002.png,04_detection_yolo/reports/segmentation_refinement/v3i_conf005_deeplab_5class_43/overlays/000476_p0002.jpg
000476_p0003,datasets/dataset_yolo_bbox_v3i_li_archaeological_object_merged/images/val/000476.png,476,037_КЧР,037_КЧР|Li|03_КЧР_Li_карты_g.tif,1024,1024,495.61962890625,0.0,1016.9607543945312,525.2347412109375,365.2843475341797,0.0,1024.0,656.5434265136719,0.1510851383209228,0,04_detection_yolo/reports/proposals/v3i_conf005/crops/000476_p0003.jpg,04_detection_yolo/reports/proposals/v3i_conf005/overlays/000476_p0003.jpg,val,000476:0,0.0,False,False,True,False,0.9980478286743164,52.432315826416016,6.0,242.0,236.0,1,True,521.3411254882812,525.2347412109375,273826.4711284563,0.2611412726673663,1.007468460730025,658.7156524658203,656.5434265136719,432475.4315680987,0.4124407115632045,True,True,False,False,True,0,plausible_fp,47061,0.10869520028270314,36325,0.7718705509870168,332919,0.7689317562932629,0.21987878029534394,True,6,0.8935749530792236,0.9996922016143799,04_detection_yolo/reports/segmentation_refinement/v3i_conf005_deeplab_5class_43/masks/000476_p0003.png,04_detection_yolo/reports/segmentation_refinement/v3i_conf005_deeplab_5class_43/overlays/000476_p0003.jpg
000476_p0004,datasets/dataset_yolo_bbox_v3i_li_archaeological_object_merged/images/val/000476.png,476,037_КЧР,037_КЧР|Li|03_КЧР_Li_карты_g.tif,1024,1024,596.1456298828125,201.53201293945312,1010.1754150390624,552.2945556640625,492.63818359375,113.84137725830078,1024.0,639.9851913452148,0.0836547017097473,0,04_detection_yolo/reports/proposals/v3i_conf005/crops/000476_p0004.jpg,04_detection_yolo/reports/proposals/v3i_conf005/overlays/000476_p0004.jpg,val,000476:0,0.0,False,False,True,False,0.9980478286743164,52.432315826416016,6.0,242.0,236.0,1,True,414.0297851562499,350.7625427246094,145226.14020512995,0.1384984399844455,1.1803705775998805,531.36181640625,526.1438140869141,279572.73274413496,0.2666213347855901,False,True,False,False,True,0,obvious_fp,35423,0.12634646388266682,23587,0.6658668096999125,230643,0.8226555477878758,0.06372368422880834,True,12,0.7105952501296997,0.957868754863739,04_detection_yolo/reports/segmentation_refinement/v3i_conf005_deeplab_5class_43/masks/000476_p0004.png,04_detection_yolo/reports/segmentation_refinement/v3i_conf005_deeplab_5class_43/overlays/000476_p0004.jpg
000476_p0005,datasets/dataset_yolo_bbox_v3i_li_archaeological_object_merged/images/val/000476.png,476,037_КЧР,037_КЧР|Li|03_КЧР_Li_карты_g.tif,1024,1024,487.7654418945313,555.7820434570312,1017.5458984375,821.6339111328125,355.32032775878906,489.31907653808594,1024.0,888.0968780517578,0.073117621243,0,04_detection_yolo/reports/proposals/v3i_conf005/crops/000476_p0005.jpg,04_detection_yolo/reports/proposals/v3i_conf005/overlays/000476_p0005.jpg,val,000476:0,0.0,False,False,True,False,0.9980478286743164,52.432315826416016,6.0,242.0,236.0,1,True,529.7804565429688,265.85186767578125,140843.1238300763,0.1343184698391688,1.9927655997852936,668.6796722412109,398.7778015136719,266654.6096132328,0.2543016525394752,False,True,False,False,True,0,obvious_fp,3714,0.013878923766816143,3092,0.8325255788906839,73396,0.2742750373692078,0.22152686033258795,False,3,0.6879987120628357,0.8853539228439331,04_detection_yolo/reports/segmentation_refinement/v3i_conf005_deeplab_5class_43/masks/000476_p0005.png,04_detection_yolo/reports/segmentation_refinement/v3i_conf005_deeplab_5class_43/overlays/000476_p0005.jpg
