image_id,image_path,label_path,split,modality,source_class_names,n_objects,bbox_area_min,bbox_area_median,bbox_area_max,bbox_width_min,bbox_width_median,bbox_width_max,bbox_height_min,bbox_height_median,bbox_height_max,valid_fraction,tile_touches_raster_edge,has_edge_object,preview_path,decision,reason,comment
train_train_000000,/Users/Di/Documents/GitHub/My projects/Geodata_Archaeology_CV/datasets/dataset_yolo_bbox/images/train/train_000000.png,/Users/Di/Documents/GitHub/My projects/Geodata_Archaeology_CV/datasets/dataset_yolo_bbox/labels/train/train_000000.txt,train,Li,,0,,,,,,,,,,0.7568905353546143,False,False,previews/train_train_000000.jpg,,,
train_train_000001,/Users/Di/Documents/GitHub/My projects/Geodata_Archaeology_CV/datasets/dataset_yolo_bbox/images/train/train_000001.png,/Users/Di/Documents/GitHub/My projects/Geodata_Archaeology_CV/datasets/dataset_yolo_bbox/labels/train/train_000001.txt,train,Li,,0,,,,,,,,,,0.9999477863311768,False,False,previews/train_train_000001.jpg,,,
train_train_000002,/Users/Di/Documents/GitHub/My projects/Geodata_Archaeology_CV/datasets/dataset_yolo_bbox/images/train/train_000002.png,/Users/Di/Documents/GitHub/My projects/Geodata_Archaeology_CV/datasets/dataset_yolo_bbox/labels/train/train_000002.txt,train,Li,gorodishcha,1,213792.0,213792.0,213792.0,393.0,393.0,393.0,544.0,544.0,544.0,0.9998927116394044,False,True,previews/train_train_000002.jpg,,,
train_train_000003,/Users/Di/Documents/GitHub/My projects/Geodata_Archaeology_CV/datasets/dataset_yolo_bbox/images/train/train_000003.png,/Users/Di/Documents/GitHub/My projects/Geodata_Archaeology_CV/datasets/dataset_yolo_bbox/labels/train/train_000003.txt,train,Li,gorodishcha,1,518196.0,518196.0,518196.0,868.0,868.0,868.0,597.0,597.0,597.0,0.987013816833496,False,False,previews/train_train_000003.jpg,,,
train_train_000004,/Users/Di/Documents/GitHub/My projects/Geodata_Archaeology_CV/datasets/dataset_yolo_bbox/images/train/train_000004.png,/Users/Di/Documents/GitHub/My projects/Geodata_Archaeology_CV/datasets/dataset_yolo_bbox/labels/train/train_000004.txt,train,Li,,0,,,,,,,,,,0.5332608222961426,False,False,previews/train_train_000004.jpg,,,
train_train_000005,/Users/Di/Documents/GitHub/My projects/Geodata_Archaeology_CV/datasets/dataset_yolo_bbox/images/train/train_000005.png,/Users/Di/Documents/GitHub/My projects/Geodata_Archaeology_CV/datasets/dataset_yolo_bbox/labels/train/train_000005.txt,train,Li,,0,,,,,,,,,,0.9999525547027588,False,False,previews/train_train_000005.jpg,,,
train_train_000006,/Users/Di/Documents/GitHub/My projects/Geodata_Archaeology_CV/datasets/dataset_yolo_bbox/images/train/train_000006.png,/Users/Di/Documents/GitHub/My projects/Geodata_Archaeology_CV/datasets/dataset_yolo_bbox/labels/train/train_000006.txt,train,Li,,0,,,,,,,,,,0.8640711307525635,False,False,previews/train_train_000006.jpg,,,
train_train_000007,/Users/Di/Documents/GitHub/My projects/Geodata_Archaeology_CV/datasets/dataset_yolo_bbox/images/train/train_000007.png,/Users/Di/Documents/GitHub/My projects/Geodata_Archaeology_CV/datasets/dataset_yolo_bbox/labels/train/train_000007.txt,train,Li,,0,,,,,,,,,,0.999952793121338,False,False,previews/train_train_000007.jpg,,,
train_train_000008,/Users/Di/Documents/GitHub/My projects/Geodata_Archaeology_CV/datasets/dataset_yolo_bbox/images/train/train_000008.png,/Users/Di/Documents/GitHub/My projects/Geodata_Archaeology_CV/datasets/dataset_yolo_bbox/labels/train/train_000008.txt,train,Li,gorodishcha,1,80275.0,80275.0,80275.0,475.0,475.0,475.0,169.0,169.0,169.0,0.9921116828918456,False,True,previews/train_train_000008.jpg,,,
train_train_000009,/Users/Di/Documents/GitHub/My projects/Geodata_Archaeology_CV/datasets/dataset_yolo_bbox/images/train/train_000009.png,/Users/Di/Documents/GitHub/My projects/Geodata_Archaeology_CV/datasets/dataset_yolo_bbox/labels/train/train_000009.txt,train,Li,gorodishcha,1,520.0,520.0,520.0,20.0,20.0,20.0,26.0,26.0,26.0,0.7508533000946045,True,True,previews/train_train_000009.jpg,,,
train_train_000010,/Users/Di/Documents/GitHub/My projects/Geodata_Archaeology_CV/datasets/dataset_yolo_bbox/images/train/train_000010.png,/Users/Di/Documents/GitHub/My projects/Geodata_Archaeology_CV/datasets/dataset_yolo_bbox/labels/train/train_000010.txt,train,Li,gorodishcha,1,23858.0,23858.0,23858.0,79.0,79.0,79.0,302.0,302.0,302.0,0.9509124755859376,False,True,previews/train_train_000010.jpg,,,
train_train_000011,/Users/Di/Documents/GitHub/My projects/Geodata_Archaeology_CV/datasets/dataset_yolo_bbox/images/train/train_000011.png,/Users/Di/Documents/GitHub/My projects/Geodata_Archaeology_CV/datasets/dataset_yolo_bbox/labels/train/train_000011.txt,train,Li,gorodishcha,1,326781.0,326781.0,326781.0,637.0,637.0,637.0,513.0,513.0,513.0,0.5292649269104004,False,False,previews/train_train_000011.jpg,,,
train_train_000012,/Users/Di/Documents/GitHub/My projects/Geodata_Archaeology_CV/datasets/dataset_yolo_bbox/images/train/train_000012.png,/Users/Di/Documents/GitHub/My projects/Geodata_Archaeology_CV/datasets/dataset_yolo_bbox/labels/train/train_000012.txt,train,Li,,0,,,,,,,,,,0.3630814552307129,False,False,previews/train_train_000012.jpg,,,
train_train_000013,/Users/Di/Documents/GitHub/My projects/Geodata_Archaeology_CV/datasets/dataset_yolo_bbox/images/train/train_000013.png,/Users/Di/Documents/GitHub/My projects/Geodata_Archaeology_CV/datasets/dataset_yolo_bbox/labels/train/train_000013.txt,train,Li,,0,,,,,,,,,,0.7561681270599365,True,False,previews/train_train_000013.jpg,,,
train_train_000014,/Users/Di/Documents/GitHub/My projects/Geodata_Archaeology_CV/datasets/dataset_yolo_bbox/images/train/train_000014.png,/Users/Di/Documents/GitHub/My projects/Geodata_Archaeology_CV/datasets/dataset_yolo_bbox/labels/train/train_000014.txt,train,SpOr,gorodishcha,1,8030.0,8030.0,8030.0,110.0,110.0,110.0,73.0,73.0,73.0,1.0,True,False,previews/train_train_000014.jpg,,,
train_train_000015,/Users/Di/Documents/GitHub/My projects/Geodata_Archaeology_CV/datasets/dataset_yolo_bbox/images/train/train_000015.png,/Users/Di/Documents/GitHub/My projects/Geodata_Archaeology_CV/datasets/dataset_yolo_bbox/labels/train/train_000015.txt,train,SpOr,gorodishcha,1,8030.0,8030.0,8030.0,110.0,110.0,110.0,73.0,73.0,73.0,1.0,True,False,previews/train_train_000015.jpg,,,
val_val_000016,/Users/Di/Documents/GitHub/My projects/Geodata_Archaeology_CV/datasets/dataset_yolo_bbox/images/val/val_000016.png,/Users/Di/Documents/GitHub/My projects/Geodata_Archaeology_CV/datasets/dataset_yolo_bbox/labels/val/val_000016.txt,val,Li,,0,,,,,,,,,,0.9552559852600098,True,False,previews/val_val_000016.jpg,,,
val_val_000017,/Users/Di/Documents/GitHub/My projects/Geodata_Archaeology_CV/datasets/dataset_yolo_bbox/images/val/val_000017.png,/Users/Di/Documents/GitHub/My projects/Geodata_Archaeology_CV/datasets/dataset_yolo_bbox/labels/val/val_000017.txt,val,Li,,0,,,,,,,,,,0.9998798370361328,False,False,previews/val_val_000017.jpg,,,
val_val_000018,/Users/Di/Documents/GitHub/My projects/Geodata_Archaeology_CV/datasets/dataset_yolo_bbox/images/val/val_000018.png,/Users/Di/Documents/GitHub/My projects/Geodata_Archaeology_CV/datasets/dataset_yolo_bbox/labels/val/val_000018.txt,val,Li,fortifikatsii; gorodishcha,2,444.0,1996.5,3549.0,12.0,25.5,39.0,37.0,64.0,91.0,0.8387959003448486,True,True,previews/val_val_000018.jpg,,,
val_val_000019,/Users/Di/Documents/GitHub/My projects/Geodata_Archaeology_CV/datasets/dataset_yolo_bbox/images/val/val_000019.png,/Users/Di/Documents/GitHub/My projects/Geodata_Archaeology_CV/datasets/dataset_yolo_bbox/labels/val/val_000019.txt,val,Li,fortifikatsii; gorodishcha,2,14760.0,154475.0,294190.0,123.0,464.5,806.0,120.0,242.5,365.0,0.9998595714569092,False,True,previews/val_val_000019.jpg,,,
val_val_000020,/Users/Di/Documents/GitHub/My projects/Geodata_Archaeology_CV/datasets/dataset_yolo_bbox/images/val/val_000020.png,/Users/Di/Documents/GitHub/My projects/Geodata_Archaeology_CV/datasets/dataset_yolo_bbox/labels/val/val_000020.txt,val,Li,fortifikatsii; gorodishcha,2,4508.0,7012.0,9516.0,23.0,31.0,39.0,196.0,220.0,244.0,0.8957803249359131,True,True,previews/val_val_000020.jpg,,,
val_val_000021,/Users/Di/Documents/GitHub/My projects/Geodata_Archaeology_CV/datasets/dataset_yolo_bbox/images/val/val_000021.png,/Users/Di/Documents/GitHub/My projects/Geodata_Archaeology_CV/datasets/dataset_yolo_bbox/labels/val/val_000021.txt,val,Li,fortifikatsii; gorodishcha,6,60671.0,93262.0,873264.0,169.0,279.0,966.0,272.0,401.5,904.0,0.9998762607574464,False,True,previews/val_val_000021.jpg,,,
val_val_000022,/Users/Di/Documents/GitHub/My projects/Geodata_Archaeology_CV/datasets/dataset_yolo_bbox/images/val/val_000022.png,/Users/Di/Documents/GitHub/My projects/Geodata_Archaeology_CV/datasets/dataset_yolo_bbox/labels/val/val_000022.txt,val,Li,fortifikatsii,4,36294.0,131617.5,152438.0,138.0,345.0,451.0,263.0,333.5,444.0,0.856236457824707,True,True,previews/val_val_000022.jpg,,,
val_val_000023,/Users/Di/Documents/GitHub/My projects/Geodata_Archaeology_CV/datasets/dataset_yolo_bbox/images/val/val_000023.png,/Users/Di/Documents/GitHub/My projects/Geodata_Archaeology_CV/datasets/dataset_yolo_bbox/labels/val/val_000023.txt,val,Li,fortifikatsii,4,28576.0,102351.0,128520.0,94.0,281.5,339.0,246.0,336.0,540.0,0.9999933242797852,False,True,previews/val_val_000023.jpg,,,
val_val_000024,/Users/Di/Documents/GitHub/My projects/Geodata_Archaeology_CV/datasets/dataset_yolo_bbox/images/val/val_000024.png,/Users/Di/Documents/GitHub/My projects/Geodata_Archaeology_CV/datasets/dataset_yolo_bbox/labels/val/val_000024.txt,val,Li,fortifikatsii,5,4824.0,60048.0,253992.0,138.0,216.0,456.0,24.0,278.0,557.0,0.8144993782043457,True,True,previews/val_val_000024.jpg,,,
val_val_000025,/Users/Di/Documents/GitHub/My projects/Geodata_Archaeology_CV/datasets/dataset_yolo_bbox/images/val/val_000025.png,/Users/Di/Documents/GitHub/My projects/Geodata_Archaeology_CV/datasets/dataset_yolo_bbox/labels/val/val_000025.txt,val,Li,fortifikatsii,3,28576.0,44030.0,124752.0,94.0,238.0,339.0,185.0,304.0,368.0,0.9485433101654052,True,True,previews/val_val_000025.jpg,,,
val_val_000026,/Users/Di/Documents/GitHub/My projects/Geodata_Archaeology_CV/datasets/dataset_yolo_bbox/images/val/val_000026.png,/Users/Di/Documents/GitHub/My projects/Geodata_Archaeology_CV/datasets/dataset_yolo_bbox/labels/val/val_000026.txt,val,Li,fortifikatsii,3,60048.0,80660.0,108264.0,216.0,347.0,436.0,185.0,278.0,312.0,0.7854206562042236,True,True,previews/val_val_000026.jpg,,,
train_train_000027,/Users/Di/Documents/GitHub/My projects/Geodata_Archaeology_CV/datasets/dataset_yolo_bbox/images/train/train_000027.png,/Users/Di/Documents/GitHub/My projects/Geodata_Archaeology_CV/datasets/dataset_yolo_bbox/labels/train/train_000027.txt,train,Li,,0,,,,,,,,,,0.420722484588623,True,False,previews/train_train_000027.jpg,,,
train_train_000028,/Users/Di/Documents/GitHub/My projects/Geodata_Archaeology_CV/datasets/dataset_yolo_bbox/images/train/train_000028.png,/Users/Di/Documents/GitHub/My projects/Geodata_Archaeology_CV/datasets/dataset_yolo_bbox/labels/train/train_000028.txt,train,Li,fortifikatsii,4,54180.0,374944.0,1852455.0,252.0,532.0,1199.0,215.0,566.5,1545.0,0.9748356938362122,False,True,previews/train_train_000028.jpg,,,
train_train_000029,/Users/Di/Documents/GitHub/My projects/Geodata_Archaeology_CV/datasets/dataset_yolo_bbox/images/train/train_000029.png,/Users/Di/Documents/GitHub/My projects/Geodata_Archaeology_CV/datasets/dataset_yolo_bbox/labels/train/train_000029.txt,train,Li,fortifikatsii,5,42140.0,102856.0,4202660.0,196.0,299.0,2729.0,215.0,344.0,1540.0,0.9995685815811156,False,True,previews/train_train_000029.jpg,,,
train_train_000030,/Users/Di/Documents/GitHub/My projects/Geodata_Archaeology_CV/datasets/dataset_yolo_bbox/images/train/train_000030.png,/Users/Di/Documents/GitHub/My projects/Geodata_Archaeology_CV/datasets/dataset_yolo_bbox/labels/train/train_000030.txt,train,Li,fortifikatsii,6,41678.0,252069.5,3673241.0,229.0,719.5,1511.0,182.0,393.0,2431.0,0.9843711256980896,False,True,previews/train_train_000030.jpg,,,
train_train_000031,/Users/Di/Documents/GitHub/My projects/Geodata_Archaeology_CV/datasets/dataset_yolo_bbox/images/train/train_000031.png,/Users/Di/Documents/GitHub/My projects/Geodata_Archaeology_CV/datasets/dataset_yolo_bbox/labels/train/train_000031.txt,train,Li,fortifikatsii,7,1974.0,102856.0,7124160.0,21.0,287.0,2715.0,94.0,344.0,2624.0,0.8768064379692078,False,True,previews/train_train_000031.jpg,,,
train_train_000032,/Users/Di/Documents/GitHub/My projects/Geodata_Archaeology_CV/datasets/dataset_yolo_bbox/images/train/train_000032.png,/Users/Di/Documents/GitHub/My projects/Geodata_Archaeology_CV/datasets/dataset_yolo_bbox/labels/train/train_000032.txt,train,Li,fortifikatsii,2,113876.0,271277.0,428678.0,581.0,841.5,1102.0,196.0,292.5,389.0,0.7268903851509094,True,True,previews/train_train_000032.jpg,,,
train_train_000033,/Users/Di/Documents/GitHub/My projects/Geodata_Archaeology_CV/datasets/dataset_yolo_bbox/images/train/train_000033.png,/Users/Di/Documents/GitHub/My projects/Geodata_Archaeology_CV/datasets/dataset_yolo_bbox/labels/train/train_000033.txt,train,Li,fortifikatsii,5,16770.0,90945.0,661734.0,195.0,423.0,1137.0,86.0,215.0,582.0,0.4671288132667541,True,True,previews/train_train_000033.jpg,,,
train_train_000034,/Users/Di/Documents/GitHub/My projects/Geodata_Archaeology_CV/datasets/dataset_yolo_bbox/images/train/train_000034.png,/Users/Di/Documents/GitHub/My projects/Geodata_Archaeology_CV/datasets/dataset_yolo_bbox/labels/train/train_000034.txt,train,Ae,,0,,,,,,,,,,1.0,True,False,previews/train_train_000034.jpg,,,
train_train_000035,/Users/Di/Documents/GitHub/My projects/Geodata_Archaeology_CV/datasets/dataset_yolo_bbox/images/train/train_000035.png,/Users/Di/Documents/GitHub/My projects/Geodata_Archaeology_CV/datasets/dataset_yolo_bbox/labels/train/train_000035.txt,train,Ae,,0,,,,,,,,,,1.0,True,False,previews/train_train_000035.jpg,,,
train_train_000036,/Users/Di/Documents/GitHub/My projects/Geodata_Archaeology_CV/datasets/dataset_yolo_bbox/images/train/train_000036.png,/Users/Di/Documents/GitHub/My projects/Geodata_Archaeology_CV/datasets/dataset_yolo_bbox/labels/train/train_000036.txt,train,Ae,fortifikatsii,2,24450.0,59863.5,95277.0,150.0,249.5,349.0,163.0,218.0,273.0,1.0,True,True,previews/train_train_000036.jpg,,,
train_train_000037,/Users/Di/Documents/GitHub/My projects/Geodata_Archaeology_CV/datasets/dataset_yolo_bbox/images/train/train_000037.png,/Users/Di/Documents/GitHub/My projects/Geodata_Archaeology_CV/datasets/dataset_yolo_bbox/labels/train/train_000037.txt,train,Ae,fortifikatsii,10,112.0,7119.0,95277.0,28.0,97.0,349.0,4.0,81.0,273.0,1.0,True,True,previews/train_train_000037.jpg,,,
train_train_000038,/Users/Di/Documents/GitHub/My projects/Geodata_Archaeology_CV/datasets/dataset_yolo_bbox/images/train/train_000038.png,/Users/Di/Documents/GitHub/My projects/Geodata_Archaeology_CV/datasets/dataset_yolo_bbox/labels/train/train_000038.txt,train,Ae,fortifikatsii,7,112.0,5625.0,7650.0,28.0,75.0,108.0,4.0,75.0,86.0,1.0,True,True,previews/train_train_000038.jpg,,,
train_train_000039,/Users/Di/Documents/GitHub/My projects/Geodata_Archaeology_CV/datasets/dataset_yolo_bbox/images/train/train_000039.png,/Users/Di/Documents/GitHub/My projects/Geodata_Archaeology_CV/datasets/dataset_yolo_bbox/labels/train/train_000039.txt,train,Ae,fortifikatsii,1,8064.0,8064.0,8064.0,64.0,64.0,64.0,126.0,126.0,126.0,1.0,False,False,previews/train_train_000039.jpg,,,
train_train_000040,/Users/Di/Documents/GitHub/My projects/Geodata_Archaeology_CV/datasets/dataset_yolo_bbox/images/train/train_000040.png,/Users/Di/Documents/GitHub/My projects/Geodata_Archaeology_CV/datasets/dataset_yolo_bbox/labels/train/train_000040.txt,train,Ae,fortifikatsii,4,8856.0,48721.0,95277.0,82.0,179.5,349.0,108.0,204.5,358.0,1.0,False,True,previews/train_train_000040.jpg,,,
train_train_000041,/Users/Di/Documents/GitHub/My projects/Geodata_Archaeology_CV/datasets/dataset_yolo_bbox/images/train/train_000041.png,/Users/Di/Documents/GitHub/My projects/Geodata_Archaeology_CV/datasets/dataset_yolo_bbox/labels/train/train_000041.txt,train,Ae,fortifikatsii,28,3120.0,8048.5,350428.0,39.0,89.5,598.0,52.0,92.0,586.0,1.0,False,True,previews/train_train_000041.jpg,,,
train_train_000042,/Users/Di/Documents/GitHub/My projects/Geodata_Archaeology_CV/datasets/dataset_yolo_bbox/images/train/train_000042.png,/Users/Di/Documents/GitHub/My projects/Geodata_Archaeology_CV/datasets/dataset_yolo_bbox/labels/train/train_000042.txt,train,Ae,fortifikatsii,24,3276.0,7119.0,350428.0,41.0,82.5,598.0,55.0,88.5,586.0,1.0,False,True,previews/train_train_000042.jpg,,,
train_train_000043,/Users/Di/Documents/GitHub/My projects/Geodata_Archaeology_CV/datasets/dataset_yolo_bbox/images/train/train_000043.png,/Users/Di/Documents/GitHub/My projects/Geodata_Archaeology_CV/datasets/dataset_yolo_bbox/labels/train/train_000043.txt,train,Ae,fortifikatsii,3,4692.0,33930.0,94536.0,68.0,195.0,234.0,69.0,174.0,404.0,1.0,False,False,previews/train_train_000043.jpg,,,
train_train_000044,/Users/Di/Documents/GitHub/My projects/Geodata_Archaeology_CV/datasets/dataset_yolo_bbox/images/train/train_000044.png,/Users/Di/Documents/GitHub/My projects/Geodata_Archaeology_CV/datasets/dataset_yolo_bbox/labels/train/train_000044.txt,train,Ae,,0,,,,,,,,,,1.0,True,False,previews/train_train_000044.jpg,,,
train_train_000045,/Users/Di/Documents/GitHub/My projects/Geodata_Archaeology_CV/datasets/dataset_yolo_bbox/images/train/train_000045.png,/Users/Di/Documents/GitHub/My projects/Geodata_Archaeology_CV/datasets/dataset_yolo_bbox/labels/train/train_000045.txt,train,Ae,fortifikatsii,1,50924.0,50924.0,50924.0,116.0,116.0,116.0,439.0,439.0,439.0,1.0,False,True,previews/train_train_000045.jpg,,,
train_train_000046,/Users/Di/Documents/GitHub/My projects/Geodata_Archaeology_CV/datasets/dataset_yolo_bbox/images/train/train_000046.png,/Users/Di/Documents/GitHub/My projects/Geodata_Archaeology_CV/datasets/dataset_yolo_bbox/labels/train/train_000046.txt,train,Ae,fortifikatsii,4,6035.0,13831.5,479325.0,64.0,106.0,581.0,85.0,132.5,825.0,1.0,False,True,previews/train_train_000046.jpg,,,
train_train_000047,/Users/Di/Documents/GitHub/My projects/Geodata_Archaeology_CV/datasets/dataset_yolo_bbox/images/train/train_000047.png,/Users/Di/Documents/GitHub/My projects/Geodata_Archaeology_CV/datasets/dataset_yolo_bbox/labels/train/train_000047.txt,train,Ae,,0,,,,,,,,,,1.0,False,False,previews/train_train_000047.jpg,,,
train_train_000048,/Users/Di/Documents/GitHub/My projects/Geodata_Archaeology_CV/datasets/dataset_yolo_bbox/images/train/train_000048.png,/Users/Di/Documents/GitHub/My projects/Geodata_Archaeology_CV/datasets/dataset_yolo_bbox/labels/train/train_000048.txt,train,Ae,fortifikatsii,2,3276.0,3315.5,3355.0,52.0,56.5,61.0,55.0,59.0,63.0,1.0,False,False,previews/train_train_000048.jpg,,,
train_train_000049,/Users/Di/Documents/GitHub/My projects/Geodata_Archaeology_CV/datasets/dataset_yolo_bbox/images/train/train_000049.png,/Users/Di/Documents/GitHub/My projects/Geodata_Archaeology_CV/datasets/dataset_yolo_bbox/labels/train/train_000049.txt,train,Ae,,0,,,,,,,,,,1.0,False,False,previews/train_train_000049.jpg,,,
train_train_000050,/Users/Di/Documents/GitHub/My projects/Geodata_Archaeology_CV/datasets/dataset_yolo_bbox/images/train/train_000050.png,/Users/Di/Documents/GitHub/My projects/Geodata_Archaeology_CV/datasets/dataset_yolo_bbox/labels/train/train_000050.txt,train,Ae,fortifikatsii,1,126148.0,126148.0,126148.0,244.0,244.0,244.0,517.0,517.0,517.0,1.0,False,True,previews/train_train_000050.jpg,,,
train_train_000051,/Users/Di/Documents/GitHub/My projects/Geodata_Archaeology_CV/datasets/dataset_yolo_bbox/images/train/train_000051.png,/Users/Di/Documents/GitHub/My projects/Geodata_Archaeology_CV/datasets/dataset_yolo_bbox/labels/train/train_000051.txt,train,Ae,fortifikatsii,3,860.0,4544.0,599105.0,43.0,64.0,709.0,20.0,71.0,845.0,1.0,False,True,previews/train_train_000051.jpg,,,
train_train_000052,/Users/Di/Documents/GitHub/My projects/Geodata_Archaeology_CV/datasets/dataset_yolo_bbox/images/train/train_000052.png,/Users/Di/Documents/GitHub/My projects/Geodata_Archaeology_CV/datasets/dataset_yolo_bbox/labels/train/train_000052.txt,train,Ae,fortifikatsii,3,100.0,47344.0,1003340.0,5.0,269.0,1135.0,20.0,176.0,884.0,1.0,False,True,previews/train_train_000052.jpg,,,
train_train_000053,/Users/Di/Documents/GitHub/My projects/Geodata_Archaeology_CV/datasets/dataset_yolo_bbox/images/train/train_000053.png,/Users/Di/Documents/GitHub/My projects/Geodata_Archaeology_CV/datasets/dataset_yolo_bbox/labels/train/train_000053.txt,train,Ae,fortifikatsii,3,45758.0,47344.0,229064.0,167.0,269.0,548.0,176.0,274.0,418.0,1.0,False,True,previews/train_train_000053.jpg,,,
train_train_000054,/Users/Di/Documents/GitHub/My projects/Geodata_Archaeology_CV/datasets/dataset_yolo_bbox/images/train/train_000054.png,/Users/Di/Documents/GitHub/My projects/Geodata_Archaeology_CV/datasets/dataset_yolo_bbox/labels/train/train_000054.txt,train,Ae,fortifikatsii,1,316712.0,316712.0,316712.0,671.0,671.0,671.0,472.0,472.0,472.0,1.0,False,False,previews/train_train_000054.jpg,,,
train_train_000055,/Users/Di/Documents/GitHub/My projects/Geodata_Archaeology_CV/datasets/dataset_yolo_bbox/images/train/train_000055.png,/Users/Di/Documents/GitHub/My projects/Geodata_Archaeology_CV/datasets/dataset_yolo_bbox/labels/train/train_000055.txt,train,Ae,fortifikatsii,2,2580.0,2775.0,2970.0,43.0,49.0,55.0,54.0,57.0,60.0,1.0,False,False,previews/train_train_000055.jpg,,,
train_train_000056,/Users/Di/Documents/GitHub/My projects/Geodata_Archaeology_CV/datasets/dataset_yolo_bbox/images/train/train_000056.png,/Users/Di/Documents/GitHub/My projects/Geodata_Archaeology_CV/datasets/dataset_yolo_bbox/labels/train/train_000056.txt,train,Ae,fortifikatsii,2,2580.0,2775.0,2970.0,43.0,49.0,55.0,54.0,57.0,60.0,1.0,True,False,previews/train_train_000056.jpg,,,
train_train_000057,/Users/Di/Documents/GitHub/My projects/Geodata_Archaeology_CV/datasets/dataset_yolo_bbox/images/train/train_000057.png,/Users/Di/Documents/GitHub/My projects/Geodata_Archaeology_CV/datasets/dataset_yolo_bbox/labels/train/train_000057.txt,train,Ae,fortifikatsii,4,7290.0,40871.0,774070.0,90.0,237.0,1135.0,81.0,163.0,682.0,1.0,False,True,previews/train_train_000057.jpg,,,
train_train_000058,/Users/Di/Documents/GitHub/My projects/Geodata_Archaeology_CV/datasets/dataset_yolo_bbox/images/train/train_000058.png,/Users/Di/Documents/GitHub/My projects/Geodata_Archaeology_CV/datasets/dataset_yolo_bbox/labels/train/train_000058.txt,train,Ae,fortifikatsii,3,45758.0,62677.0,229064.0,167.0,269.0,548.0,233.0,274.0,418.0,1.0,False,True,previews/train_train_000058.jpg,,,
train_train_000059,/Users/Di/Documents/GitHub/My projects/Geodata_Archaeology_CV/datasets/dataset_yolo_bbox/images/train/train_000059.png,/Users/Di/Documents/GitHub/My projects/Geodata_Archaeology_CV/datasets/dataset_yolo_bbox/labels/train/train_000059.txt,train,Ae,fortifikatsii,3,220608.0,316712.0,841725.0,383.0,671.0,675.0,472.0,576.0,1247.0,1.0,False,True,previews/train_train_000059.jpg,,,
train_train_000060,/Users/Di/Documents/GitHub/My projects/Geodata_Archaeology_CV/datasets/dataset_yolo_bbox/images/train/train_000060.png,/Users/Di/Documents/GitHub/My projects/Geodata_Archaeology_CV/datasets/dataset_yolo_bbox/labels/train/train_000060.txt,train,Ae,,0,,,,,,,,,,1.0,False,False,previews/train_train_000060.jpg,,,
train_train_000061,/Users/Di/Documents/GitHub/My projects/Geodata_Archaeology_CV/datasets/dataset_yolo_bbox/images/train/train_000061.png,/Users/Di/Documents/GitHub/My projects/Geodata_Archaeology_CV/datasets/dataset_yolo_bbox/labels/train/train_000061.txt,train,Ae,,0,,,,,,,,,,1.0,True,False,previews/train_train_000061.jpg,,,
train_train_000062,/Users/Di/Documents/GitHub/My projects/Geodata_Archaeology_CV/datasets/dataset_yolo_bbox/images/train/train_000062.png,/Users/Di/Documents/GitHub/My projects/Geodata_Archaeology_CV/datasets/dataset_yolo_bbox/labels/train/train_000062.txt,train,Ae,fortifikatsii,3,17346.0,26352.0,90558.0,144.0,177.0,234.0,98.0,183.0,387.0,1.0,False,True,previews/train_train_000062.jpg,,,
train_train_000063,/Users/Di/Documents/GitHub/My projects/Geodata_Archaeology_CV/datasets/dataset_yolo_bbox/images/train/train_000063.png,/Users/Di/Documents/GitHub/My projects/Geodata_Archaeology_CV/datasets/dataset_yolo_bbox/labels/train/train_000063.txt,train,Ae,fortifikatsii,5,330.0,19065.0,154660.0,22.0,205.0,703.0,15.0,93.0,387.0,1.0,False,True,previews/train_train_000063.jpg,,,
train_train_000064,/Users/Di/Documents/GitHub/My projects/Geodata_Archaeology_CV/datasets/dataset_yolo_bbox/images/train/train_000064.png,/Users/Di/Documents/GitHub/My projects/Geodata_Archaeology_CV/datasets/dataset_yolo_bbox/labels/train/train_000064.txt,train,Ae,fortifikatsii,1,3041745.0,3041745.0,3041745.0,1473.0,1473.0,1473.0,2065.0,2065.0,2065.0,1.0,False,True,previews/train_train_000064.jpg,,,
train_train_000065,/Users/Di/Documents/GitHub/My projects/Geodata_Archaeology_CV/datasets/dataset_yolo_bbox/images/train/train_000065.png,/Users/Di/Documents/GitHub/My projects/Geodata_Archaeology_CV/datasets/dataset_yolo_bbox/labels/train/train_000065.txt,train,Ae,fortifikatsii,1,2380950.0,2380950.0,2380950.0,1287.0,1287.0,1287.0,1850.0,1850.0,1850.0,1.0,False,True,previews/train_train_000065.jpg,,,
train_train_000066,/Users/Di/Documents/GitHub/My projects/Geodata_Archaeology_CV/datasets/dataset_yolo_bbox/images/train/train_000066.png,/Users/Di/Documents/GitHub/My projects/Geodata_Archaeology_CV/datasets/dataset_yolo_bbox/labels/train/train_000066.txt,train,Ae,fortifikatsii,3,15500.0,194208.0,515862.0,100.0,408.0,738.0,155.0,476.0,699.0,1.0,False,True,previews/train_train_000066.jpg,,,
train_train_000067,/Users/Di/Documents/GitHub/My projects/Geodata_Archaeology_CV/datasets/dataset_yolo_bbox/images/train/train_000067.png,/Users/Di/Documents/GitHub/My projects/Geodata_Archaeology_CV/datasets/dataset_yolo_bbox/labels/train/train_000067.txt,train,Ae,fortifikatsii,5,1533.0,26352.0,140476.0,73.0,144.0,346.0,21.0,183.0,406.0,1.0,False,True,previews/train_train_000067.jpg,,,
train_train_000068,/Users/Di/Documents/GitHub/My projects/Geodata_Archaeology_CV/datasets/dataset_yolo_bbox/images/train/train_000068.png,/Users/Di/Documents/GitHub/My projects/Geodata_Archaeology_CV/datasets/dataset_yolo_bbox/labels/train/train_000068.txt,train,Ae,fortifikatsii,2,29503.0,44519.0,59535.0,181.0,212.0,243.0,163.0,204.0,245.0,1.0,False,True,previews/train_train_000068.jpg,,,
train_train_000069,/Users/Di/Documents/GitHub/My projects/Geodata_Archaeology_CV/datasets/dataset_yolo_bbox/images/train/train_000069.png,/Users/Di/Documents/GitHub/My projects/Geodata_Archaeology_CV/datasets/dataset_yolo_bbox/labels/train/train_000069.txt,train,Ae,,0,,,,,,,,,,1.0,False,False,previews/train_train_000069.jpg,,,
train_train_000070,/Users/Di/Documents/GitHub/My projects/Geodata_Archaeology_CV/datasets/dataset_yolo_bbox/images/train/train_000070.png,/Users/Di/Documents/GitHub/My projects/Geodata_Archaeology_CV/datasets/dataset_yolo_bbox/labels/train/train_000070.txt,train,Ae,fortifikatsii,1,138600.0,138600.0,138600.0,330.0,330.0,330.0,420.0,420.0,420.0,1.0,False,True,previews/train_train_000070.jpg,,,
train_train_000071,/Users/Di/Documents/GitHub/My projects/Geodata_Archaeology_CV/datasets/dataset_yolo_bbox/images/train/train_000071.png,/Users/Di/Documents/GitHub/My projects/Geodata_Archaeology_CV/datasets/dataset_yolo_bbox/labels/train/train_000071.txt,train,Ae,fortifikatsii,5,3420.0,35938.0,515862.0,57.0,151.0,738.0,60.0,238.0,699.0,1.0,True,True,previews/train_train_000071.jpg,,,
train_train_000072,/Users/Di/Documents/GitHub/My projects/Geodata_Archaeology_CV/datasets/dataset_yolo_bbox/images/train/train_000072.png,/Users/Di/Documents/GitHub/My projects/Geodata_Archaeology_CV/datasets/dataset_yolo_bbox/labels/train/train_000072.txt,train,Ae,fortifikatsii,4,6552.0,126891.0,327216.0,84.0,263.0,401.0,78.0,387.0,816.0,1.0,True,False,previews/train_train_000072.jpg,,,
train_train_000073,/Users/Di/Documents/GitHub/My projects/Geodata_Archaeology_CV/datasets/dataset_yolo_bbox/images/train/train_000073.png,/Users/Di/Documents/GitHub/My projects/Geodata_Archaeology_CV/datasets/dataset_yolo_bbox/labels/train/train_000073.txt,train,Ae,,0,,,,,,,,,,1.0,True,False,previews/train_train_000073.jpg,,,
train_train_000074,/Users/Di/Documents/GitHub/My projects/Geodata_Archaeology_CV/datasets/dataset_yolo_bbox/images/train/train_000074.png,/Users/Di/Documents/GitHub/My projects/Geodata_Archaeology_CV/datasets/dataset_yolo_bbox/labels/train/train_000074.txt,train,Ae,,0,,,,,,,,,,1.0,True,False,previews/train_train_000074.jpg,,,
train_train_000075,/Users/Di/Documents/GitHub/My projects/Geodata_Archaeology_CV/datasets/dataset_yolo_bbox/images/train/train_000075.png,/Users/Di/Documents/GitHub/My projects/Geodata_Archaeology_CV/datasets/dataset_yolo_bbox/labels/train/train_000075.txt,train,Li,,0,,,,,,,,,,1.0,True,False,previews/train_train_000075.jpg,,,
train_train_000076,/Users/Di/Documents/GitHub/My projects/Geodata_Archaeology_CV/datasets/dataset_yolo_bbox/images/train/train_000076.png,/Users/Di/Documents/GitHub/My projects/Geodata_Archaeology_CV/datasets/dataset_yolo_bbox/labels/train/train_000076.txt,train,Li,,0,,,,,,,,,,1.0,True,False,previews/train_train_000076.jpg,,,
train_train_000077,/Users/Di/Documents/GitHub/My projects/Geodata_Archaeology_CV/datasets/dataset_yolo_bbox/images/train/train_000077.png,/Users/Di/Documents/GitHub/My projects/Geodata_Archaeology_CV/datasets/dataset_yolo_bbox/labels/train/train_000077.txt,train,Li,,0,,,,,,,,,,1.0,False,False,previews/train_train_000077.jpg,,,
train_train_000078,/Users/Di/Documents/GitHub/My projects/Geodata_Archaeology_CV/datasets/dataset_yolo_bbox/images/train/train_000078.png,/Users/Di/Documents/GitHub/My projects/Geodata_Archaeology_CV/datasets/dataset_yolo_bbox/labels/train/train_000078.txt,train,Li,,0,,,,,,,,,,1.0,False,False,previews/train_train_000078.jpg,,,
train_train_000079,/Users/Di/Documents/GitHub/My projects/Geodata_Archaeology_CV/datasets/dataset_yolo_bbox/images/train/train_000079.png,/Users/Di/Documents/GitHub/My projects/Geodata_Archaeology_CV/datasets/dataset_yolo_bbox/labels/train/train_000079.txt,train,Li,kurgany_povrezhdennye; kurgany_tselye,4,2704.0,13377.5,19035.0,26.0,94.0,135.0,104.0,141.5,143.0,1.0,False,True,previews/train_train_000079.jpg,,,
train_train_000080,/Users/Di/Documents/GitHub/My projects/Geodata_Archaeology_CV/datasets/dataset_yolo_bbox/images/train/train_000080.png,/Users/Di/Documents/GitHub/My projects/Geodata_Archaeology_CV/datasets/dataset_yolo_bbox/labels/train/train_000080.txt,train,Li,kurgany_povrezhdennye; kurgany_tselye,12,972.0,19381.0,50050.0,81.0,152.5,275.0,12.0,131.5,182.0,1.0,False,True,previews/train_train_000080.jpg,,,
train_train_000081,/Users/Di/Documents/GitHub/My projects/Geodata_Archaeology_CV/datasets/dataset_yolo_bbox/images/train/train_000081.png,/Users/Di/Documents/GitHub/My projects/Geodata_Archaeology_CV/datasets/dataset_yolo_bbox/labels/train/train_000081.txt,train,Li,,0,,,,,,,,,,0.98876953125,True,False,previews/train_train_000081.jpg,,,
train_train_000082,/Users/Di/Documents/GitHub/My projects/Geodata_Archaeology_CV/datasets/dataset_yolo_bbox/images/train/train_000082.png,/Users/Di/Documents/GitHub/My projects/Geodata_Archaeology_CV/datasets/dataset_yolo_bbox/labels/train/train_000082.txt,train,Li,kurgany_povrezhdennye; kurgany_tselye,5,1428.0,3010.0,19035.0,26.0,86.0,135.0,28.0,64.0,141.0,1.0,False,True,previews/train_train_000082.jpg,,,
train_train_000083,/Users/Di/Documents/GitHub/My projects/Geodata_Archaeology_CV/datasets/dataset_yolo_bbox/images/train/train_000083.png,/Users/Di/Documents/GitHub/My projects/Geodata_Archaeology_CV/datasets/dataset_yolo_bbox/labels/train/train_000083.txt,train,Li,kurgany_povrezhdennye; kurgany_tselye,19,3010.0,17664.0,50050.0,86.0,138.0,275.0,28.0,116.0,201.0,1.0,False,True,previews/train_train_000083.jpg,,,
train_train_000084,/Users/Di/Documents/GitHub/My projects/Geodata_Archaeology_CV/datasets/dataset_yolo_bbox/images/train/train_000084.png,/Users/Di/Documents/GitHub/My projects/Geodata_Archaeology_CV/datasets/dataset_yolo_bbox/labels/train/train_000084.txt,train,Li,kurgany_povrezhdennye; kurgany_tselye,12,988.0,8452.5,26680.0,13.0,88.5,145.0,76.0,96.0,184.0,1.0,False,True,previews/train_train_000084.jpg,,,
train_train_000085,/Users/Di/Documents/GitHub/My projects/Geodata_Archaeology_CV/datasets/dataset_yolo_bbox/images/train/train_000085.png,/Users/Di/Documents/GitHub/My projects/Geodata_Archaeology_CV/datasets/dataset_yolo_bbox/labels/train/train_000085.txt,train,Li,kurgany_povrezhdennye; kurgany_tselye,25,6365.0,11280.0,26680.0,67.0,103.0,145.0,83.0,103.0,184.0,1.0,False,False,previews/train_train_000085.jpg,,,
train_train_000086,/Users/Di/Documents/GitHub/My projects/Geodata_Archaeology_CV/datasets/dataset_yolo_bbox/images/train/train_000086.png,/Users/Di/Documents/GitHub/My projects/Geodata_Archaeology_CV/datasets/dataset_yolo_bbox/labels/train/train_000086.txt,train,Li,,0,,,,,,,,,,1.0,False,False,previews/train_train_000086.jpg,,,
train_train_000087,/Users/Di/Documents/GitHub/My projects/Geodata_Archaeology_CV/datasets/dataset_yolo_bbox/images/train/train_000087.png,/Users/Di/Documents/GitHub/My projects/Geodata_Archaeology_CV/datasets/dataset_yolo_bbox/labels/train/train_000087.txt,train,Li,,0,,,,,,,,,,1.0,False,False,previews/train_train_000087.jpg,,,
train_train_000088,/Users/Di/Documents/GitHub/My projects/Geodata_Archaeology_CV/datasets/dataset_yolo_bbox/images/train/train_000088.png,/Users/Di/Documents/GitHub/My projects/Geodata_Archaeology_CV/datasets/dataset_yolo_bbox/labels/train/train_000088.txt,train,Li,,0,,,,,,,,,,1.0,False,False,previews/train_train_000088.jpg,,,
train_train_000089,/Users/Di/Documents/GitHub/My projects/Geodata_Archaeology_CV/datasets/dataset_yolo_bbox/images/train/train_000089.png,/Users/Di/Documents/GitHub/My projects/Geodata_Archaeology_CV/datasets/dataset_yolo_bbox/labels/train/train_000089.txt,train,Li,,0,,,,,,,,,,0.98876953125,True,False,previews/train_train_000089.jpg,,,
train_train_000090,/Users/Di/Documents/GitHub/My projects/Geodata_Archaeology_CV/datasets/dataset_yolo_bbox/images/train/train_000090.png,/Users/Di/Documents/GitHub/My projects/Geodata_Archaeology_CV/datasets/dataset_yolo_bbox/labels/train/train_000090.txt,train,Li,,0,,,,,,,,,,1.0,True,False,previews/train_train_000090.jpg,,,
train_train_000091,/Users/Di/Documents/GitHub/My projects/Geodata_Archaeology_CV/datasets/dataset_yolo_bbox/images/train/train_000091.png,/Users/Di/Documents/GitHub/My projects/Geodata_Archaeology_CV/datasets/dataset_yolo_bbox/labels/train/train_000091.txt,train,Li,,0,,,,,,,,,,1.0,False,False,previews/train_train_000091.jpg,,,
train_train_000092,/Users/Di/Documents/GitHub/My projects/Geodata_Archaeology_CV/datasets/dataset_yolo_bbox/images/train/train_000092.png,/Users/Di/Documents/GitHub/My projects/Geodata_Archaeology_CV/datasets/dataset_yolo_bbox/labels/train/train_000092.txt,train,Li,,0,,,,,,,,,,0.98876953125,True,False,previews/train_train_000092.jpg,,,
train_train_000093,/Users/Di/Documents/GitHub/My projects/Geodata_Archaeology_CV/datasets/dataset_yolo_bbox/images/train/train_000093.png,/Users/Di/Documents/GitHub/My projects/Geodata_Archaeology_CV/datasets/dataset_yolo_bbox/labels/train/train_000093.txt,train,Li,,0,,,,,,,,,,1.0,True,False,previews/train_train_000093.jpg,,,
train_train_000094,/Users/Di/Documents/GitHub/My projects/Geodata_Archaeology_CV/datasets/dataset_yolo_bbox/images/train/train_000094.png,/Users/Di/Documents/GitHub/My projects/Geodata_Archaeology_CV/datasets/dataset_yolo_bbox/labels/train/train_000094.txt,train,Li,,0,,,,,,,,,,1.0,True,False,previews/train_train_000094.jpg,,,
train_train_000095,/Users/Di/Documents/GitHub/My projects/Geodata_Archaeology_CV/datasets/dataset_yolo_bbox/images/train/train_000095.png,/Users/Di/Documents/GitHub/My projects/Geodata_Archaeology_CV/datasets/dataset_yolo_bbox/labels/train/train_000095.txt,train,Ae,,0,,,,,,,,,,1.0,True,False,previews/train_train_000095.jpg,,,
train_train_000096,/Users/Di/Documents/GitHub/My projects/Geodata_Archaeology_CV/datasets/dataset_yolo_bbox/images/train/train_000096.png,/Users/Di/Documents/GitHub/My projects/Geodata_Archaeology_CV/datasets/dataset_yolo_bbox/labels/train/train_000096.txt,train,Ae,,0,,,,,,,,,,1.0,True,False,previews/train_train_000096.jpg,,,
train_train_000097,/Users/Di/Documents/GitHub/My projects/Geodata_Archaeology_CV/datasets/dataset_yolo_bbox/images/train/train_000097.png,/Users/Di/Documents/GitHub/My projects/Geodata_Archaeology_CV/datasets/dataset_yolo_bbox/labels/train/train_000097.txt,train,Ae,kurgany_povrezhdennye; kurgany_tselye,36,186.0,1155.5,2970.0,23.0,35.0,66.0,6.0,33.0,53.0,1.0,True,True,previews/train_train_000097.jpg,,,
train_train_000098,/Users/Di/Documents/GitHub/My projects/Geodata_Archaeology_CV/datasets/dataset_yolo_bbox/images/train/train_000098.png,/Users/Di/Documents/GitHub/My projects/Geodata_Archaeology_CV/datasets/dataset_yolo_bbox/labels/train/train_000098.txt,train,Ae,kurgany_povrezhdennye; kurgany_tselye,24,182.0,1022.0,2332.0,7.0,33.0,48.0,6.0,31.0,53.0,1.0,False,True,previews/train_train_000098.jpg,,,
train_train_000099,/Users/Di/Documents/GitHub/My projects/Geodata_Archaeology_CV/datasets/dataset_yolo_bbox/images/train/train_000099.png,/Users/Di/Documents/GitHub/My projects/Geodata_Archaeology_CV/datasets/dataset_yolo_bbox/labels/train/train_000099.txt,train,Ae,,0,,,,,,,,,,1.0,False,False,previews/train_train_000099.jpg,,,
train_train_000100,/Users/Di/Documents/GitHub/My projects/Geodata_Archaeology_CV/datasets/dataset_yolo_bbox/images/train/train_000100.png,/Users/Di/Documents/GitHub/My projects/Geodata_Archaeology_CV/datasets/dataset_yolo_bbox/labels/train/train_000100.txt,train,Ae,,0,,,,,,,,,,1.0,False,False,previews/train_train_000100.jpg,,,
train_train_000101,/Users/Di/Documents/GitHub/My projects/Geodata_Archaeology_CV/datasets/dataset_yolo_bbox/images/train/train_000101.png,/Users/Di/Documents/GitHub/My projects/Geodata_Archaeology_CV/datasets/dataset_yolo_bbox/labels/train/train_000101.txt,train,Ae,,0,,,,,,,,,,1.0,False,False,previews/train_train_000101.jpg,,,
train_train_000102,/Users/Di/Documents/GitHub/My projects/Geodata_Archaeology_CV/datasets/dataset_yolo_bbox/images/train/train_000102.png,/Users/Di/Documents/GitHub/My projects/Geodata_Archaeology_CV/datasets/dataset_yolo_bbox/labels/train/train_000102.txt,train,Ae,,0,,,,,,,,,,1.0,False,False,previews/train_train_000102.jpg,,,
train_train_000103,/Users/Di/Documents/GitHub/My projects/Geodata_Archaeology_CV/datasets/dataset_yolo_bbox/images/train/train_000103.png,/Users/Di/Documents/GitHub/My projects/Geodata_Archaeology_CV/datasets/dataset_yolo_bbox/labels/train/train_000103.txt,train,Ae,kurgany_povrezhdennye; kurgany_tselye,27,529.0,1156.0,2156.0,23.0,35.0,49.0,23.0,33.0,44.0,0.8502604166666666,True,False,previews/train_train_000103.jpg,,,
train_train_000104,/Users/Di/Documents/GitHub/My projects/Geodata_Archaeology_CV/datasets/dataset_yolo_bbox/images/train/train_000104.png,/Users/Di/Documents/GitHub/My projects/Geodata_Archaeology_CV/datasets/dataset_yolo_bbox/labels/train/train_000104.txt,train,Ae,kurgany_povrezhdennye; kurgany_tselye,21,182.0,1073.0,2156.0,7.0,34.0,49.0,23.0,31.0,44.0,0.8685879177517362,True,True,previews/train_train_000104.jpg,,,
train_train_000105,/Users/Di/Documents/GitHub/My projects/Geodata_Archaeology_CV/datasets/dataset_yolo_bbox/images/train/train_000105.png,/Users/Di/Documents/GitHub/My projects/Geodata_Archaeology_CV/datasets/dataset_yolo_bbox/labels/train/train_000105.txt,train,Ae,,0,,,,,,,,,,1.0,True,False,previews/train_train_000105.jpg,,,
train_train_000106,/Users/Di/Documents/GitHub/My projects/Geodata_Archaeology_CV/datasets/dataset_yolo_bbox/images/train/train_000106.png,/Users/Di/Documents/GitHub/My projects/Geodata_Archaeology_CV/datasets/dataset_yolo_bbox/labels/train/train_000106.txt,train,Li,kurgany_povrezhdennye,7,7138.0,28260.0,78933.0,43.0,171.0,317.0,157.0,176.0,249.0,0.9999913573265076,False,True,previews/train_train_000106.jpg,,,
train_train_000107,/Users/Di/Documents/GitHub/My projects/Geodata_Archaeology_CV/datasets/dataset_yolo_bbox/images/train/train_000107.png,/Users/Di/Documents/GitHub/My projects/Geodata_Archaeology_CV/datasets/dataset_yolo_bbox/labels/train/train_000107.txt,train,Li,kurgany_povrezhdennye,7,23153.0,28260.0,78933.0,137.0,171.0,317.0,157.0,183.0,249.0,0.9866997599601746,False,False,previews/train_train_000107.jpg,,,
train_train_000108,/Users/Di/Documents/GitHub/My projects/Geodata_Archaeology_CV/datasets/dataset_yolo_bbox/images/train/train_000108.png,/Users/Di/Documents/GitHub/My projects/Geodata_Archaeology_CV/datasets/dataset_yolo_bbox/labels/train/train_000108.txt,train,Li,kurgany_povrezhdennye,1,12193.0,12193.0,12193.0,137.0,137.0,137.0,89.0,89.0,89.0,0.9999703764915466,False,True,previews/train_train_000108.jpg,,,
train_train_000109,/Users/Di/Documents/GitHub/My projects/Geodata_Archaeology_CV/datasets/dataset_yolo_bbox/images/train/train_000109.png,/Users/Di/Documents/GitHub/My projects/Geodata_Archaeology_CV/datasets/dataset_yolo_bbox/labels/train/train_000109.txt,train,Li,kurgany_povrezhdennye; kurgany_tselye,15,12193.0,33304.0,87612.0,137.0,202.0,298.0,89.0,180.0,294.0,0.9999709725379944,False,True,previews/train_train_000109.jpg,,,
train_train_000110,/Users/Di/Documents/GitHub/My projects/Geodata_Archaeology_CV/datasets/dataset_yolo_bbox/images/train/train_000110.png,/Users/Di/Documents/GitHub/My projects/Geodata_Archaeology_CV/datasets/dataset_yolo_bbox/labels/train/train_000110.txt,train,Li,,0,,,,,,,,,,0.7940205335617065,True,False,previews/train_train_000110.jpg,,,
train_train_000111,/Users/Di/Documents/GitHub/My projects/Geodata_Archaeology_CV/datasets/dataset_yolo_bbox/images/train/train_000111.png,/Users/Di/Documents/GitHub/My projects/Geodata_Archaeology_CV/datasets/dataset_yolo_bbox/labels/train/train_000111.txt,train,Li,kurgany_povrezhdennye,1,31970.0,31970.0,31970.0,278.0,278.0,278.0,115.0,115.0,115.0,0.6418927907943726,False,True,previews/train_train_000111.jpg,,,
train_train_000112,/Users/Di/Documents/GitHub/My projects/Geodata_Archaeology_CV/datasets/dataset_yolo_bbox/images/train/train_000112.png,/Users/Di/Documents/GitHub/My projects/Geodata_Archaeology_CV/datasets/dataset_yolo_bbox/labels/train/train_000112.txt,train,Ae,,0,,,,,,,,,,1.0,True,False,previews/train_train_000112.jpg,,,
train_train_000113,/Users/Di/Documents/GitHub/My projects/Geodata_Archaeology_CV/datasets/dataset_yolo_bbox/images/train/train_000113.png,/Users/Di/Documents/GitHub/My projects/Geodata_Archaeology_CV/datasets/dataset_yolo_bbox/labels/train/train_000113.txt,train,Ae,fortifikatsii; kurgany_povrezhdennye; kurgany_tselye,19,1054.0,2397.0,22338.0,31.0,45.0,129.0,34.0,52.0,219.0,1.0,True,False,previews/train_train_000113.jpg,,,
train_train_000114,/Users/Di/Documents/GitHub/My projects/Geodata_Archaeology_CV/datasets/dataset_yolo_bbox/images/train/train_000114.png,/Users/Di/Documents/GitHub/My projects/Geodata_Archaeology_CV/datasets/dataset_yolo_bbox/labels/train/train_000114.txt,train,Ae,,0,,,,,,,,,,1.0,True,False,previews/train_train_000114.jpg,,,
train_train_000115,/Users/Di/Documents/GitHub/My projects/Geodata_Archaeology_CV/datasets/dataset_yolo_bbox/images/train/train_000115.png,/Users/Di/Documents/GitHub/My projects/Geodata_Archaeology_CV/datasets/dataset_yolo_bbox/labels/train/train_000115.txt,train,Ae,,0,,,,,,,,,,1.0,True,False,previews/train_train_000115.jpg,,,
train_train_000116,/Users/Di/Documents/GitHub/My projects/Geodata_Archaeology_CV/datasets/dataset_yolo_bbox/images/train/train_000116.png,/Users/Di/Documents/GitHub/My projects/Geodata_Archaeology_CV/datasets/dataset_yolo_bbox/labels/train/train_000116.txt,train,Ae,,0,,,,,,,,,,1.0,False,False,previews/train_train_000116.jpg,,,
train_train_000117,/Users/Di/Documents/GitHub/My projects/Geodata_Archaeology_CV/datasets/dataset_yolo_bbox/images/train/train_000117.png,/Users/Di/Documents/GitHub/My projects/Geodata_Archaeology_CV/datasets/dataset_yolo_bbox/labels/train/train_000117.txt,train,Ae,kurgany_povrezhdennye; kurgany_tselye,6,496.0,2377.0,3528.0,31.0,44.0,54.0,16.0,54.0,72.0,1.0,False,True,previews/train_train_000117.jpg,,,
train_train_000118,/Users/Di/Documents/GitHub/My projects/Geodata_Archaeology_CV/datasets/dataset_yolo_bbox/images/train/train_000118.png,/Users/Di/Documents/GitHub/My projects/Geodata_Archaeology_CV/datasets/dataset_yolo_bbox/labels/train/train_000118.txt,train,Ae,kurgany_povrezhdennye; kurgany_tselye,8,255.0,484.0,4788.0,15.0,27.5,76.0,11.0,20.5,63.0,1.0,False,True,previews/train_train_000118.jpg,,,
train_train_000119,/Users/Di/Documents/GitHub/My projects/Geodata_Archaeology_CV/datasets/dataset_yolo_bbox/images/train/train_000119.png,/Users/Di/Documents/GitHub/My projects/Geodata_Archaeology_CV/datasets/dataset_yolo_bbox/labels/train/train_000119.txt,train,Ae,,0,,,,,,,,,,1.0,True,False,previews/train_train_000119.jpg,,,
train_train_000120,/Users/Di/Documents/GitHub/My projects/Geodata_Archaeology_CV/datasets/dataset_yolo_bbox/images/train/train_000120.png,/Users/Di/Documents/GitHub/My projects/Geodata_Archaeology_CV/datasets/dataset_yolo_bbox/labels/train/train_000120.txt,train,Ae,kurgany_tselye,1,95550.0,95550.0,95550.0,325.0,325.0,325.0,294.0,294.0,294.0,1.0,False,False,previews/train_train_000120.jpg,,,
train_train_000121,/Users/Di/Documents/GitHub/My projects/Geodata_Archaeology_CV/datasets/dataset_yolo_bbox/images/train/train_000121.png,/Users/Di/Documents/GitHub/My projects/Geodata_Archaeology_CV/datasets/dataset_yolo_bbox/labels/train/train_000121.txt,train,Ae,kurgany_tselye,2,1242.0,36930.0,72618.0,46.0,146.5,247.0,27.0,160.5,294.0,1.0,False,True,previews/train_train_000121.jpg,,,
train_train_000122,/Users/Di/Documents/GitHub/My projects/Geodata_Archaeology_CV/datasets/dataset_yolo_bbox/images/train/train_000122.png,/Users/Di/Documents/GitHub/My projects/Geodata_Archaeology_CV/datasets/dataset_yolo_bbox/labels/train/train_000122.txt,train,Ae,gorodishcha; kurgany_povrezhdennye; kurgany_tselye,38,210.0,1089.0,50148.0,15.0,32.5,398.0,14.0,33.5,126.0,1.0,False,True,previews/train_train_000122.jpg,,,
train_train_000123,/Users/Di/Documents/GitHub/My projects/Geodata_Archaeology_CV/datasets/dataset_yolo_bbox/images/train/train_000123.png,/Users/Di/Documents/GitHub/My projects/Geodata_Archaeology_CV/datasets/dataset_yolo_bbox/labels/train/train_000123.txt,train,Ae,fortifikatsii,1,21777.0,21777.0,21777.0,119.0,119.0,119.0,183.0,183.0,183.0,1.0,False,False,previews/train_train_000123.jpg,,,
train_train_000124,/Users/Di/Documents/GitHub/My projects/Geodata_Archaeology_CV/datasets/dataset_yolo_bbox/images/train/train_000124.png,/Users/Di/Documents/GitHub/My projects/Geodata_Archaeology_CV/datasets/dataset_yolo_bbox/labels/train/train_000124.txt,train,Ae,,0,,,,,,,,,,1.0,False,False,previews/train_train_000124.jpg,,,
train_train_000125,/Users/Di/Documents/GitHub/My projects/Geodata_Archaeology_CV/datasets/dataset_yolo_bbox/images/train/train_000125.png,/Users/Di/Documents/GitHub/My projects/Geodata_Archaeology_CV/datasets/dataset_yolo_bbox/labels/train/train_000125.txt,train,Ae,kurgany_tselye,3,2915.0,7245.0,14351.0,55.0,105.0,127.0,53.0,69.0,113.0,1.0,False,False,previews/train_train_000125.jpg,,,
train_train_000126,/Users/Di/Documents/GitHub/My projects/Geodata_Archaeology_CV/datasets/dataset_yolo_bbox/images/train/train_000126.png,/Users/Di/Documents/GitHub/My projects/Geodata_Archaeology_CV/datasets/dataset_yolo_bbox/labels/train/train_000126.txt,train,Ae,,0,,,,,,,,,,1.0,False,False,previews/train_train_000126.jpg,,,
train_train_000127,/Users/Di/Documents/GitHub/My projects/Geodata_Archaeology_CV/datasets/dataset_yolo_bbox/images/train/train_000127.png,/Users/Di/Documents/GitHub/My projects/Geodata_Archaeology_CV/datasets/dataset_yolo_bbox/labels/train/train_000127.txt,train,Ae,fortifikatsii,1,9398.0,9398.0,9398.0,74.0,74.0,74.0,127.0,127.0,127.0,1.0,False,True,previews/train_train_000127.jpg,,,
train_train_000128,/Users/Di/Documents/GitHub/My projects/Geodata_Archaeology_CV/datasets/dataset_yolo_bbox/images/train/train_000128.png,/Users/Di/Documents/GitHub/My projects/Geodata_Archaeology_CV/datasets/dataset_yolo_bbox/labels/train/train_000128.txt,train,Ae,fortifikatsii; gorodishcha; kurgany_tselye,9,1353.0,19050.0,161160.0,33.0,142.0,474.0,41.0,130.0,340.0,1.0,False,True,previews/train_train_000128.jpg,,,
train_train_000129,/Users/Di/Documents/GitHub/My projects/Geodata_Archaeology_CV/datasets/dataset_yolo_bbox/images/train/train_000129.png,/Users/Di/Documents/GitHub/My projects/Geodata_Archaeology_CV/datasets/dataset_yolo_bbox/labels/train/train_000129.txt,train,Ae,fortifikatsii,2,10725.0,16251.0,21777.0,75.0,97.0,119.0,143.0,163.0,183.0,1.0,False,False,previews/train_train_000129.jpg,,,
train_train_000130,/Users/Di/Documents/GitHub/My projects/Geodata_Archaeology_CV/datasets/dataset_yolo_bbox/images/train/train_000130.png,/Users/Di/Documents/GitHub/My projects/Geodata_Archaeology_CV/datasets/dataset_yolo_bbox/labels/train/train_000130.txt,train,Ae,,0,,,,,,,,,,1.0,False,False,previews/train_train_000130.jpg,,,
train_train_000131,/Users/Di/Documents/GitHub/My projects/Geodata_Archaeology_CV/datasets/dataset_yolo_bbox/images/train/train_000131.png,/Users/Di/Documents/GitHub/My projects/Geodata_Archaeology_CV/datasets/dataset_yolo_bbox/labels/train/train_000131.txt,train,Ae,,0,,,,,,,,,,1.0,False,False,previews/train_train_000131.jpg,,,
train_train_000132,/Users/Di/Documents/GitHub/My projects/Geodata_Archaeology_CV/datasets/dataset_yolo_bbox/images/train/train_000132.png,/Users/Di/Documents/GitHub/My projects/Geodata_Archaeology_CV/datasets/dataset_yolo_bbox/labels/train/train_000132.txt,train,Ae,,0,,,,,,,,,,1.0,False,False,previews/train_train_000132.jpg,,,
train_train_000133,/Users/Di/Documents/GitHub/My projects/Geodata_Archaeology_CV/datasets/dataset_yolo_bbox/images/train/train_000133.png,/Users/Di/Documents/GitHub/My projects/Geodata_Archaeology_CV/datasets/dataset_yolo_bbox/labels/train/train_000133.txt,train,Ae,fortifikatsii; kurgany_tselye,4,2304.0,3230.0,9398.0,48.0,55.0,74.0,48.0,59.0,127.0,1.0,False,True,previews/train_train_000133.jpg,,,
train_train_000134,/Users/Di/Documents/GitHub/My projects/Geodata_Archaeology_CV/datasets/dataset_yolo_bbox/images/train/train_000134.png,/Users/Di/Documents/GitHub/My projects/Geodata_Archaeology_CV/datasets/dataset_yolo_bbox/labels/train/train_000134.txt,train,Ae,fortifikatsii,3,19050.0,21840.0,25986.0,142.0,150.0,168.0,127.0,130.0,183.0,1.0,False,False,previews/train_train_000134.jpg,,,
train_train_000135,/Users/Di/Documents/GitHub/My projects/Geodata_Archaeology_CV/datasets/dataset_yolo_bbox/images/train/train_000135.png,/Users/Di/Documents/GitHub/My projects/Geodata_Archaeology_CV/datasets/dataset_yolo_bbox/labels/train/train_000135.txt,train,Ae,,0,,,,,,,,,,1.0,False,False,previews/train_train_000135.jpg,,,
train_train_000136,/Users/Di/Documents/GitHub/My projects/Geodata_Archaeology_CV/datasets/dataset_yolo_bbox/images/train/train_000136.png,/Users/Di/Documents/GitHub/My projects/Geodata_Archaeology_CV/datasets/dataset_yolo_bbox/labels/train/train_000136.txt,train,Ae,kurgany_tselye,3,2304.0,3132.0,3328.0,48.0,52.0,58.0,48.0,54.0,64.0,1.0,False,False,previews/train_train_000136.jpg,,,
train_train_000137,/Users/Di/Documents/GitHub/My projects/Geodata_Archaeology_CV/datasets/dataset_yolo_bbox/images/train/train_000137.png,/Users/Di/Documents/GitHub/My projects/Geodata_Archaeology_CV/datasets/dataset_yolo_bbox/labels/train/train_000137.txt,train,Ae,,0,,,,,,,,,,1.0,False,False,previews/train_train_000137.jpg,,,
train_train_000138,/Users/Di/Documents/GitHub/My projects/Geodata_Archaeology_CV/datasets/dataset_yolo_bbox/images/train/train_000138.png,/Users/Di/Documents/GitHub/My projects/Geodata_Archaeology_CV/datasets/dataset_yolo_bbox/labels/train/train_000138.txt,train,Ae,,0,,,,,,,,,,1.0,False,False,previews/train_train_000138.jpg,,,
train_train_000139,/Users/Di/Documents/GitHub/My projects/Geodata_Archaeology_CV/datasets/dataset_yolo_bbox/images/train/train_000139.png,/Users/Di/Documents/GitHub/My projects/Geodata_Archaeology_CV/datasets/dataset_yolo_bbox/labels/train/train_000139.txt,train,Ae,,0,,,,,,,,,,1.0,True,False,previews/train_train_000139.jpg,,,
train_train_000140,/Users/Di/Documents/GitHub/My projects/Geodata_Archaeology_CV/datasets/dataset_yolo_bbox/images/train/train_000140.png,/Users/Di/Documents/GitHub/My projects/Geodata_Archaeology_CV/datasets/dataset_yolo_bbox/labels/train/train_000140.txt,train,Ae,fortifikatsii,1,13800.0,13800.0,13800.0,92.0,92.0,92.0,150.0,150.0,150.0,1.0,False,False,previews/train_train_000140.jpg,,,
train_train_000141,/Users/Di/Documents/GitHub/My projects/Geodata_Archaeology_CV/datasets/dataset_yolo_bbox/images/train/train_000141.png,/Users/Di/Documents/GitHub/My projects/Geodata_Archaeology_CV/datasets/dataset_yolo_bbox/labels/train/train_000141.txt,train,Ae,,0,,,,,,,,,,1.0,False,False,previews/train_train_000141.jpg,,,
train_train_000142,/Users/Di/Documents/GitHub/My projects/Geodata_Archaeology_CV/datasets/dataset_yolo_bbox/images/train/train_000142.png,/Users/Di/Documents/GitHub/My projects/Geodata_Archaeology_CV/datasets/dataset_yolo_bbox/labels/train/train_000142.txt,train,Ae,,0,,,,,,,,,,1.0,False,False,previews/train_train_000142.jpg,,,
train_train_000143,/Users/Di/Documents/GitHub/My projects/Geodata_Archaeology_CV/datasets/dataset_yolo_bbox/images/train/train_000143.png,/Users/Di/Documents/GitHub/My projects/Geodata_Archaeology_CV/datasets/dataset_yolo_bbox/labels/train/train_000143.txt,train,Ae,,0,,,,,,,,,,1.0,False,False,previews/train_train_000143.jpg,,,
train_train_000144,/Users/Di/Documents/GitHub/My projects/Geodata_Archaeology_CV/datasets/dataset_yolo_bbox/images/train/train_000144.png,/Users/Di/Documents/GitHub/My projects/Geodata_Archaeology_CV/datasets/dataset_yolo_bbox/labels/train/train_000144.txt,train,Ae,,0,,,,,,,,,,1.0,False,False,previews/train_train_000144.jpg,,,
train_train_000145,/Users/Di/Documents/GitHub/My projects/Geodata_Archaeology_CV/datasets/dataset_yolo_bbox/images/train/train_000145.png,/Users/Di/Documents/GitHub/My projects/Geodata_Archaeology_CV/datasets/dataset_yolo_bbox/labels/train/train_000145.txt,train,Ae,,0,,,,,,,,,,1.0,False,False,previews/train_train_000145.jpg,,,
train_train_000146,/Users/Di/Documents/GitHub/My projects/Geodata_Archaeology_CV/datasets/dataset_yolo_bbox/images/train/train_000146.png,/Users/Di/Documents/GitHub/My projects/Geodata_Archaeology_CV/datasets/dataset_yolo_bbox/labels/train/train_000146.txt,train,Ae,,0,,,,,,,,,,1.0,False,False,previews/train_train_000146.jpg,,,
train_train_000147,/Users/Di/Documents/GitHub/My projects/Geodata_Archaeology_CV/datasets/dataset_yolo_bbox/images/train/train_000147.png,/Users/Di/Documents/GitHub/My projects/Geodata_Archaeology_CV/datasets/dataset_yolo_bbox/labels/train/train_000147.txt,train,Ae,,0,,,,,,,,,,1.0,True,False,previews/train_train_000147.jpg,,,
train_train_000148,/Users/Di/Documents/GitHub/My projects/Geodata_Archaeology_CV/datasets/dataset_yolo_bbox/images/train/train_000148.png,/Users/Di/Documents/GitHub/My projects/Geodata_Archaeology_CV/datasets/dataset_yolo_bbox/labels/train/train_000148.txt,train,Ae,,0,,,,,,,,,,1.0,True,False,previews/train_train_000148.jpg,,,
train_train_000149,/Users/Di/Documents/GitHub/My projects/Geodata_Archaeology_CV/datasets/dataset_yolo_bbox/images/train/train_000149.png,/Users/Di/Documents/GitHub/My projects/Geodata_Archaeology_CV/datasets/dataset_yolo_bbox/labels/train/train_000149.txt,train,Ae,,0,,,,,,,,,,1.0,True,False,previews/train_train_000149.jpg,,,
train_train_000150,/Users/Di/Documents/GitHub/My projects/Geodata_Archaeology_CV/datasets/dataset_yolo_bbox/images/train/train_000150.png,/Users/Di/Documents/GitHub/My projects/Geodata_Archaeology_CV/datasets/dataset_yolo_bbox/labels/train/train_000150.txt,train,Ae,,0,,,,,,,,,,1.0,True,False,previews/train_train_000150.jpg,,,
train_train_000151,/Users/Di/Documents/GitHub/My projects/Geodata_Archaeology_CV/datasets/dataset_yolo_bbox/images/train/train_000151.png,/Users/Di/Documents/GitHub/My projects/Geodata_Archaeology_CV/datasets/dataset_yolo_bbox/labels/train/train_000151.txt,train,Ae,,0,,,,,,,,,,1.0,True,False,previews/train_train_000151.jpg,,,
train_train_000152,/Users/Di/Documents/GitHub/My projects/Geodata_Archaeology_CV/datasets/dataset_yolo_bbox/images/train/train_000152.png,/Users/Di/Documents/GitHub/My projects/Geodata_Archaeology_CV/datasets/dataset_yolo_bbox/labels/train/train_000152.txt,train,Ae,,0,,,,,,,,,,1.0,True,False,previews/train_train_000152.jpg,,,
train_train_000153,/Users/Di/Documents/GitHub/My projects/Geodata_Archaeology_CV/datasets/dataset_yolo_bbox/images/train/train_000153.png,/Users/Di/Documents/GitHub/My projects/Geodata_Archaeology_CV/datasets/dataset_yolo_bbox/labels/train/train_000153.txt,train,Ae,,0,,,,,,,,,,1.0,True,False,previews/train_train_000153.jpg,,,
train_train_000154,/Users/Di/Documents/GitHub/My projects/Geodata_Archaeology_CV/datasets/dataset_yolo_bbox/images/train/train_000154.png,/Users/Di/Documents/GitHub/My projects/Geodata_Archaeology_CV/datasets/dataset_yolo_bbox/labels/train/train_000154.txt,train,Ae,,0,,,,,,,,,,1.0,True,False,previews/train_train_000154.jpg,,,
train_train_000155,/Users/Di/Documents/GitHub/My projects/Geodata_Archaeology_CV/datasets/dataset_yolo_bbox/images/train/train_000155.png,/Users/Di/Documents/GitHub/My projects/Geodata_Archaeology_CV/datasets/dataset_yolo_bbox/labels/train/train_000155.txt,train,Ae,,0,,,,,,,,,,1.0,True,False,previews/train_train_000155.jpg,,,
train_train_000156,/Users/Di/Documents/GitHub/My projects/Geodata_Archaeology_CV/datasets/dataset_yolo_bbox/images/train/train_000156.png,/Users/Di/Documents/GitHub/My projects/Geodata_Archaeology_CV/datasets/dataset_yolo_bbox/labels/train/train_000156.txt,train,Ae,,0,,,,,,,,,,1.0,True,False,previews/train_train_000156.jpg,,,
train_train_000157,/Users/Di/Documents/GitHub/My projects/Geodata_Archaeology_CV/datasets/dataset_yolo_bbox/images/train/train_000157.png,/Users/Di/Documents/GitHub/My projects/Geodata_Archaeology_CV/datasets/dataset_yolo_bbox/labels/train/train_000157.txt,train,Ae,,0,,,,,,,,,,1.0,True,False,previews/train_train_000157.jpg,,,
train_train_000158,/Users/Di/Documents/GitHub/My projects/Geodata_Archaeology_CV/datasets/dataset_yolo_bbox/images/train/train_000158.png,/Users/Di/Documents/GitHub/My projects/Geodata_Archaeology_CV/datasets/dataset_yolo_bbox/labels/train/train_000158.txt,train,Ae,fortifikatsii,6,1512.0,2766.0,4500.0,36.0,41.5,60.0,42.0,62.5,89.0,1.0,False,True,previews/train_train_000158.jpg,,,
train_train_000159,/Users/Di/Documents/GitHub/My projects/Geodata_Archaeology_CV/datasets/dataset_yolo_bbox/images/train/train_000159.png,/Users/Di/Documents/GitHub/My projects/Geodata_Archaeology_CV/datasets/dataset_yolo_bbox/labels/train/train_000159.txt,train,Ae,fortifikatsii,3,1512.0,1720.0,3570.0,36.0,40.0,70.0,42.0,43.0,51.0,1.0,False,False,previews/train_train_000159.jpg,,,
train_train_000160,/Users/Di/Documents/GitHub/My projects/Geodata_Archaeology_CV/datasets/dataset_yolo_bbox/images/train/train_000160.png,/Users/Di/Documents/GitHub/My projects/Geodata_Archaeology_CV/datasets/dataset_yolo_bbox/labels/train/train_000160.txt,train,Ae,fortifikatsii,4,1521.0,4031.0,5382.0,38.0,49.5,78.0,39.0,73.5,89.0,1.0,False,True,previews/train_train_000160.jpg,,,
train_train_000161,/Users/Di/Documents/GitHub/My projects/Geodata_Archaeology_CV/datasets/dataset_yolo_bbox/images/train/train_000161.png,/Users/Di/Documents/GitHub/My projects/Geodata_Archaeology_CV/datasets/dataset_yolo_bbox/labels/train/train_000161.txt,train,Ae,,0,,,,,,,,,,1.0,False,False,previews/train_train_000161.jpg,,,
train_train_000162,/Users/Di/Documents/GitHub/My projects/Geodata_Archaeology_CV/datasets/dataset_yolo_bbox/images/train/train_000162.png,/Users/Di/Documents/GitHub/My projects/Geodata_Archaeology_CV/datasets/dataset_yolo_bbox/labels/train/train_000162.txt,train,Ae,kurgany_povrezhdennye,1,7920.0,7920.0,7920.0,66.0,66.0,66.0,120.0,120.0,120.0,1.0,False,True,previews/train_train_000162.jpg,,,
train_train_000163,/Users/Di/Documents/GitHub/My projects/Geodata_Archaeology_CV/datasets/dataset_yolo_bbox/images/train/train_000163.png,/Users/Di/Documents/GitHub/My projects/Geodata_Archaeology_CV/datasets/dataset_yolo_bbox/labels/train/train_000163.txt,train,Ae,kurgany_povrezhdennye,1,25344.0,25344.0,25344.0,198.0,198.0,198.0,128.0,128.0,128.0,1.0,False,True,previews/train_train_000163.jpg,,,
train_train_000164,/Users/Di/Documents/GitHub/My projects/Geodata_Archaeology_CV/datasets/dataset_yolo_bbox/images/train/train_000164.png,/Users/Di/Documents/GitHub/My projects/Geodata_Archaeology_CV/datasets/dataset_yolo_bbox/labels/train/train_000164.txt,train,Ae,,0,,,,,,,,,,1.0,False,False,previews/train_train_000164.jpg,,,
train_train_000165,/Users/Di/Documents/GitHub/My projects/Geodata_Archaeology_CV/datasets/dataset_yolo_bbox/images/train/train_000165.png,/Users/Di/Documents/GitHub/My projects/Geodata_Archaeology_CV/datasets/dataset_yolo_bbox/labels/train/train_000165.txt,train,Ae,,0,,,,,,,,,,1.0,False,False,previews/train_train_000165.jpg,,,
train_train_000166,/Users/Di/Documents/GitHub/My projects/Geodata_Archaeology_CV/datasets/dataset_yolo_bbox/images/train/train_000166.png,/Users/Di/Documents/GitHub/My projects/Geodata_Archaeology_CV/datasets/dataset_yolo_bbox/labels/train/train_000166.txt,train,Ae,,0,,,,,,,,,,1.0,False,False,previews/train_train_000166.jpg,,,
train_train_000167,/Users/Di/Documents/GitHub/My projects/Geodata_Archaeology_CV/datasets/dataset_yolo_bbox/images/train/train_000167.png,/Users/Di/Documents/GitHub/My projects/Geodata_Archaeology_CV/datasets/dataset_yolo_bbox/labels/train/train_000167.txt,train,Ae,,0,,,,,,,,,,1.0,False,False,previews/train_train_000167.jpg,,,
train_train_000168,/Users/Di/Documents/GitHub/My projects/Geodata_Archaeology_CV/datasets/dataset_yolo_bbox/images/train/train_000168.png,/Users/Di/Documents/GitHub/My projects/Geodata_Archaeology_CV/datasets/dataset_yolo_bbox/labels/train/train_000168.txt,train,Ae,kurgany_povrezhdennye,1,4543.0,4543.0,4543.0,77.0,77.0,77.0,59.0,59.0,59.0,1.0,False,False,previews/train_train_000168.jpg,,,
train_train_000169,/Users/Di/Documents/GitHub/My projects/Geodata_Archaeology_CV/datasets/dataset_yolo_bbox/images/train/train_000169.png,/Users/Di/Documents/GitHub/My projects/Geodata_Archaeology_CV/datasets/dataset_yolo_bbox/labels/train/train_000169.txt,train,Ae,kurgany_povrezhdennye,3,1720.0,2552.0,4543.0,40.0,58.0,77.0,43.0,44.0,59.0,1.0,False,False,previews/train_train_000169.jpg,,,
train_train_000170,/Users/Di/Documents/GitHub/My projects/Geodata_Archaeology_CV/datasets/dataset_yolo_bbox/images/train/train_000170.png,/Users/Di/Documents/GitHub/My projects/Geodata_Archaeology_CV/datasets/dataset_yolo_bbox/labels/train/train_000170.txt,train,Ae,kurgany_povrezhdennye,4,6636.0,7126.5,14454.0,66.0,87.5,100.0,67.0,81.0,219.0,1.0,False,True,previews/train_train_000170.jpg,,,
train_train_000171,/Users/Di/Documents/GitHub/My projects/Geodata_Archaeology_CV/datasets/dataset_yolo_bbox/images/train/train_000171.png,/Users/Di/Documents/GitHub/My projects/Geodata_Archaeology_CV/datasets/dataset_yolo_bbox/labels/train/train_000171.txt,train,Ae,kurgany_povrezhdennye,4,6636.0,7126.5,51865.0,84.0,95.5,205.0,67.0,81.0,253.0,1.0,False,True,previews/train_train_000171.jpg,,,
train_train_000172,/Users/Di/Documents/GitHub/My projects/Geodata_Archaeology_CV/datasets/dataset_yolo_bbox/images/train/train_000172.png,/Users/Di/Documents/GitHub/My projects/Geodata_Archaeology_CV/datasets/dataset_yolo_bbox/labels/train/train_000172.txt,train,Ae,,0,,,,,,,,,,1.0,True,False,previews/train_train_000172.jpg,,,
train_train_000173,/Users/Di/Documents/GitHub/My projects/Geodata_Archaeology_CV/datasets/dataset_yolo_bbox/images/train/train_000173.png,/Users/Di/Documents/GitHub/My projects/Geodata_Archaeology_CV/datasets/dataset_yolo_bbox/labels/train/train_000173.txt,train,Ae,fortifikatsii,1,5159.0,5159.0,5159.0,67.0,67.0,67.0,77.0,77.0,77.0,1.0,False,False,previews/train_train_000173.jpg,,,
train_train_000174,/Users/Di/Documents/GitHub/My projects/Geodata_Archaeology_CV/datasets/dataset_yolo_bbox/images/train/train_000174.png,/Users/Di/Documents/GitHub/My projects/Geodata_Archaeology_CV/datasets/dataset_yolo_bbox/labels/train/train_000174.txt,train,Ae,kurgany_povrezhdennye,1,1287.0,1287.0,1287.0,33.0,33.0,33.0,39.0,39.0,39.0,1.0,False,False,previews/train_train_000174.jpg,,,
train_train_000175,/Users/Di/Documents/GitHub/My projects/Geodata_Archaeology_CV/datasets/dataset_yolo_bbox/images/train/train_000175.png,/Users/Di/Documents/GitHub/My projects/Geodata_Archaeology_CV/datasets/dataset_yolo_bbox/labels/train/train_000175.txt,train,Ae,kurgany_povrezhdennye,1,4543.0,4543.0,4543.0,77.0,77.0,77.0,59.0,59.0,59.0,1.0,False,False,previews/train_train_000175.jpg,,,
train_train_000176,/Users/Di/Documents/GitHub/My projects/Geodata_Archaeology_CV/datasets/dataset_yolo_bbox/images/train/train_000176.png,/Users/Di/Documents/GitHub/My projects/Geodata_Archaeology_CV/datasets/dataset_yolo_bbox/labels/train/train_000176.txt,train,Ae,kurgany_povrezhdennye,2,2552.0,3547.5,4543.0,58.0,67.5,77.0,44.0,51.5,59.0,1.0,False,False,previews/train_train_000176.jpg,,,
train_train_000177,/Users/Di/Documents/GitHub/My projects/Geodata_Archaeology_CV/datasets/dataset_yolo_bbox/images/train/train_000177.png,/Users/Di/Documents/GitHub/My projects/Geodata_Archaeology_CV/datasets/dataset_yolo_bbox/labels/train/train_000177.txt,train,Ae,kurgany_povrezhdennye,4,5427.0,7094.5,12463.0,81.0,87.5,103.0,67.0,81.0,121.0,1.0,False,False,previews/train_train_000177.jpg,,,
train_train_000178,/Users/Di/Documents/GitHub/My projects/Geodata_Archaeology_CV/datasets/dataset_yolo_bbox/images/train/train_000178.png,/Users/Di/Documents/GitHub/My projects/Geodata_Archaeology_CV/datasets/dataset_yolo_bbox/labels/train/train_000178.txt,train,Ae,fortifikatsii; kurgany_povrezhdennye,4,6636.0,9362.5,12463.0,84.0,97.0,147.0,76.0,81.0,121.0,1.0,False,True,previews/train_train_000178.jpg,,,
train_train_000179,/Users/Di/Documents/GitHub/My projects/Geodata_Archaeology_CV/datasets/dataset_yolo_bbox/images/train/train_000179.png,/Users/Di/Documents/GitHub/My projects/Geodata_Archaeology_CV/datasets/dataset_yolo_bbox/labels/train/train_000179.txt,train,Ae,fortifikatsii,2,4473.0,7822.5,11172.0,71.0,109.0,147.0,63.0,69.5,76.0,1.0,False,True,previews/train_train_000179.jpg,,,
train_train_000180,/Users/Di/Documents/GitHub/My projects/Geodata_Archaeology_CV/datasets/dataset_yolo_bbox/images/train/train_000180.png,/Users/Di/Documents/GitHub/My projects/Geodata_Archaeology_CV/datasets/dataset_yolo_bbox/labels/train/train_000180.txt,train,Ae,,0,,,,,,,,,,1.0,True,False,previews/train_train_000180.jpg,,,
train_train_000181,/Users/Di/Documents/GitHub/My projects/Geodata_Archaeology_CV/datasets/dataset_yolo_bbox/images/train/train_000181.png,/Users/Di/Documents/GitHub/My projects/Geodata_Archaeology_CV/datasets/dataset_yolo_bbox/labels/train/train_000181.txt,train,Ae,fortifikatsii; kurgany_povrezhdennye,3,1080.0,4060.0,5159.0,30.0,58.0,67.0,36.0,70.0,77.0,1.0,False,False,previews/train_train_000181.jpg,,,
train_train_000182,/Users/Di/Documents/GitHub/My projects/Geodata_Archaeology_CV/datasets/dataset_yolo_bbox/images/train/train_000182.png,/Users/Di/Documents/GitHub/My projects/Geodata_Archaeology_CV/datasets/dataset_yolo_bbox/labels/train/train_000182.txt,train,Ae,kurgany_povrezhdennye,1,4060.0,4060.0,4060.0,58.0,58.0,58.0,70.0,70.0,70.0,1.0,False,False,previews/train_train_000182.jpg,,,
train_train_000183,/Users/Di/Documents/GitHub/My projects/Geodata_Archaeology_CV/datasets/dataset_yolo_bbox/images/train/train_000183.png,/Users/Di/Documents/GitHub/My projects/Geodata_Archaeology_CV/datasets/dataset_yolo_bbox/labels/train/train_000183.txt,train,Ae,kurgany_povrezhdennye,1,5607.0,5607.0,5607.0,89.0,89.0,89.0,63.0,63.0,63.0,1.0,False,False,previews/train_train_000183.jpg,,,
train_train_000184,/Users/Di/Documents/GitHub/My projects/Geodata_Archaeology_CV/datasets/dataset_yolo_bbox/images/train/train_000184.png,/Users/Di/Documents/GitHub/My projects/Geodata_Archaeology_CV/datasets/dataset_yolo_bbox/labels/train/train_000184.txt,train,Ae,fortifikatsii,1,21462.0,21462.0,21462.0,147.0,147.0,147.0,146.0,146.0,146.0,1.0,False,False,previews/train_train_000184.jpg,,,
train_train_000185,/Users/Di/Documents/GitHub/My projects/Geodata_Archaeology_CV/datasets/dataset_yolo_bbox/images/train/train_000185.png,/Users/Di/Documents/GitHub/My projects/Geodata_Archaeology_CV/datasets/dataset_yolo_bbox/labels/train/train_000185.txt,train,Ae,fortifikatsii,2,4473.0,12967.5,21462.0,71.0,109.0,147.0,63.0,104.5,146.0,1.0,False,False,previews/train_train_000185.jpg,,,
train_train_000186,/Users/Di/Documents/GitHub/My projects/Geodata_Archaeology_CV/datasets/dataset_yolo_bbox/images/train/train_000186.png,/Users/Di/Documents/GitHub/My projects/Geodata_Archaeology_CV/datasets/dataset_yolo_bbox/labels/train/train_000186.txt,train,Ae,,0,,,,,,,,,,1.0,True,False,previews/train_train_000186.jpg,,,
train_train_000187,/Users/Di/Documents/GitHub/My projects/Geodata_Archaeology_CV/datasets/dataset_yolo_bbox/images/train/train_000187.png,/Users/Di/Documents/GitHub/My projects/Geodata_Archaeology_CV/datasets/dataset_yolo_bbox/labels/train/train_000187.txt,train,Ae,,0,,,,,,,,,,1.0,True,False,previews/train_train_000187.jpg,,,
train_train_000188,/Users/Di/Documents/GitHub/My projects/Geodata_Archaeology_CV/datasets/dataset_yolo_bbox/images/train/train_000188.png,/Users/Di/Documents/GitHub/My projects/Geodata_Archaeology_CV/datasets/dataset_yolo_bbox/labels/train/train_000188.txt,train,Ae,,0,,,,,,,,,,1.0,False,False,previews/train_train_000188.jpg,,,
train_train_000189,/Users/Di/Documents/GitHub/My projects/Geodata_Archaeology_CV/datasets/dataset_yolo_bbox/images/train/train_000189.png,/Users/Di/Documents/GitHub/My projects/Geodata_Archaeology_CV/datasets/dataset_yolo_bbox/labels/train/train_000189.txt,train,Ae,fortifikatsii,1,8091.0,8091.0,8091.0,87.0,87.0,87.0,93.0,93.0,93.0,1.0,False,False,previews/train_train_000189.jpg,,,
train_train_000190,/Users/Di/Documents/GitHub/My projects/Geodata_Archaeology_CV/datasets/dataset_yolo_bbox/images/train/train_000190.png,/Users/Di/Documents/GitHub/My projects/Geodata_Archaeology_CV/datasets/dataset_yolo_bbox/labels/train/train_000190.txt,train,Ae,fortifikatsii,1,2592.0,2592.0,2592.0,54.0,54.0,54.0,48.0,48.0,48.0,1.0,False,False,previews/train_train_000190.jpg,,,
train_train_000191,/Users/Di/Documents/GitHub/My projects/Geodata_Archaeology_CV/datasets/dataset_yolo_bbox/images/train/train_000191.png,/Users/Di/Documents/GitHub/My projects/Geodata_Archaeology_CV/datasets/dataset_yolo_bbox/labels/train/train_000191.txt,train,Ae,fortifikatsii,1,2592.0,2592.0,2592.0,54.0,54.0,54.0,48.0,48.0,48.0,1.0,False,False,previews/train_train_000191.jpg,,,
train_train_000192,/Users/Di/Documents/GitHub/My projects/Geodata_Archaeology_CV/datasets/dataset_yolo_bbox/images/train/train_000192.png,/Users/Di/Documents/GitHub/My projects/Geodata_Archaeology_CV/datasets/dataset_yolo_bbox/labels/train/train_000192.txt,train,Ae,,0,,,,,,,,,,1.0,False,False,previews/train_train_000192.jpg,,,
train_train_000193,/Users/Di/Documents/GitHub/My projects/Geodata_Archaeology_CV/datasets/dataset_yolo_bbox/images/train/train_000193.png,/Users/Di/Documents/GitHub/My projects/Geodata_Archaeology_CV/datasets/dataset_yolo_bbox/labels/train/train_000193.txt,train,Ae,,0,,,,,,,,,,1.0,False,False,previews/train_train_000193.jpg,,,
train_train_000194,/Users/Di/Documents/GitHub/My projects/Geodata_Archaeology_CV/datasets/dataset_yolo_bbox/images/train/train_000194.png,/Users/Di/Documents/GitHub/My projects/Geodata_Archaeology_CV/datasets/dataset_yolo_bbox/labels/train/train_000194.txt,train,Ae,,0,,,,,,,,,,1.0,False,False,previews/train_train_000194.jpg,,,
train_train_000195,/Users/Di/Documents/GitHub/My projects/Geodata_Archaeology_CV/datasets/dataset_yolo_bbox/images/train/train_000195.png,/Users/Di/Documents/GitHub/My projects/Geodata_Archaeology_CV/datasets/dataset_yolo_bbox/labels/train/train_000195.txt,train,Ae,kurgany_povrezhdennye,2,7832.0,8647.0,9462.0,83.0,85.5,88.0,89.0,101.5,114.0,1.0,False,True,previews/train_train_000195.jpg,,,
train_train_000196,/Users/Di/Documents/GitHub/My projects/Geodata_Archaeology_CV/datasets/dataset_yolo_bbox/images/train/train_000196.png,/Users/Di/Documents/GitHub/My projects/Geodata_Archaeology_CV/datasets/dataset_yolo_bbox/labels/train/train_000196.txt,train,Ae,kurgany_povrezhdennye,1,15390.0,15390.0,15390.0,135.0,135.0,135.0,114.0,114.0,114.0,1.0,False,False,previews/train_train_000196.jpg,,,
train_train_000197,/Users/Di/Documents/GitHub/My projects/Geodata_Archaeology_CV/datasets/dataset_yolo_bbox/images/train/train_000197.png,/Users/Di/Documents/GitHub/My projects/Geodata_Archaeology_CV/datasets/dataset_yolo_bbox/labels/train/train_000197.txt,train,Ae,,0,,,,,,,,,,1.0,False,False,previews/train_train_000197.jpg,,,
train_train_000198,/Users/Di/Documents/GitHub/My projects/Geodata_Archaeology_CV/datasets/dataset_yolo_bbox/images/train/train_000198.png,/Users/Di/Documents/GitHub/My projects/Geodata_Archaeology_CV/datasets/dataset_yolo_bbox/labels/train/train_000198.txt,train,Ae,kurgany_povrezhdennye,1,14994.0,14994.0,14994.0,119.0,119.0,119.0,126.0,126.0,126.0,1.0,False,False,previews/train_train_000198.jpg,,,
train_train_000199,/Users/Di/Documents/GitHub/My projects/Geodata_Archaeology_CV/datasets/dataset_yolo_bbox/images/train/train_000199.png,/Users/Di/Documents/GitHub/My projects/Geodata_Archaeology_CV/datasets/dataset_yolo_bbox/labels/train/train_000199.txt,train,Ae,,0,,,,,,,,,,1.0,False,False,previews/train_train_000199.jpg,,,
train_train_000200,/Users/Di/Documents/GitHub/My projects/Geodata_Archaeology_CV/datasets/dataset_yolo_bbox/images/train/train_000200.png,/Users/Di/Documents/GitHub/My projects/Geodata_Archaeology_CV/datasets/dataset_yolo_bbox/labels/train/train_000200.txt,train,Ae,,0,,,,,,,,,,1.0,False,False,previews/train_train_000200.jpg,,,
train_train_000201,/Users/Di/Documents/GitHub/My projects/Geodata_Archaeology_CV/datasets/dataset_yolo_bbox/images/train/train_000201.png,/Users/Di/Documents/GitHub/My projects/Geodata_Archaeology_CV/datasets/dataset_yolo_bbox/labels/train/train_000201.txt,train,Ae,,0,,,,,,,,,,1.0,False,False,previews/train_train_000201.jpg,,,
train_train_000202,/Users/Di/Documents/GitHub/My projects/Geodata_Archaeology_CV/datasets/dataset_yolo_bbox/images/train/train_000202.png,/Users/Di/Documents/GitHub/My projects/Geodata_Archaeology_CV/datasets/dataset_yolo_bbox/labels/train/train_000202.txt,train,Ae,kurgany_povrezhdennye,2,7832.0,8647.0,9462.0,83.0,85.5,88.0,89.0,101.5,114.0,1.0,True,True,previews/train_train_000202.jpg,,,
train_train_000203,/Users/Di/Documents/GitHub/My projects/Geodata_Archaeology_CV/datasets/dataset_yolo_bbox/images/train/train_000203.png,/Users/Di/Documents/GitHub/My projects/Geodata_Archaeology_CV/datasets/dataset_yolo_bbox/labels/train/train_000203.txt,train,Ae,kurgany_povrezhdennye,1,15390.0,15390.0,15390.0,135.0,135.0,135.0,114.0,114.0,114.0,1.0,True,False,previews/train_train_000203.jpg,,,
train_train_000204,/Users/Di/Documents/GitHub/My projects/Geodata_Archaeology_CV/datasets/dataset_yolo_bbox/images/train/train_000204.png,/Users/Di/Documents/GitHub/My projects/Geodata_Archaeology_CV/datasets/dataset_yolo_bbox/labels/train/train_000204.txt,train,Ae,,0,,,,,,,,,,1.0,True,False,previews/train_train_000204.jpg,,,
train_train_000205,/Users/Di/Documents/GitHub/My projects/Geodata_Archaeology_CV/datasets/dataset_yolo_bbox/images/train/train_000205.png,/Users/Di/Documents/GitHub/My projects/Geodata_Archaeology_CV/datasets/dataset_yolo_bbox/labels/train/train_000205.txt,train,Ae,kurgany_povrezhdennye,1,14994.0,14994.0,14994.0,119.0,119.0,119.0,126.0,126.0,126.0,1.0,True,False,previews/train_train_000205.jpg,,,
train_train_000206,/Users/Di/Documents/GitHub/My projects/Geodata_Archaeology_CV/datasets/dataset_yolo_bbox/images/train/train_000206.png,/Users/Di/Documents/GitHub/My projects/Geodata_Archaeology_CV/datasets/dataset_yolo_bbox/labels/train/train_000206.txt,train,Ae,,0,,,,,,,,,,1.0,True,False,previews/train_train_000206.jpg,,,
train_train_000207,/Users/Di/Documents/GitHub/My projects/Geodata_Archaeology_CV/datasets/dataset_yolo_bbox/images/train/train_000207.png,/Users/Di/Documents/GitHub/My projects/Geodata_Archaeology_CV/datasets/dataset_yolo_bbox/labels/train/train_000207.txt,train,Li,,0,,,,,,,,,,0.396674633026123,True,False,previews/train_train_000207.jpg,,,
train_train_000208,/Users/Di/Documents/GitHub/My projects/Geodata_Archaeology_CV/datasets/dataset_yolo_bbox/images/train/train_000208.png,/Users/Di/Documents/GitHub/My projects/Geodata_Archaeology_CV/datasets/dataset_yolo_bbox/labels/train/train_000208.txt,train,Li,,0,,,,,,,,,,0.8754668235778809,True,False,previews/train_train_000208.jpg,,,
train_train_000209,/Users/Di/Documents/GitHub/My projects/Geodata_Archaeology_CV/datasets/dataset_yolo_bbox/images/train/train_000209.png,/Users/Di/Documents/GitHub/My projects/Geodata_Archaeology_CV/datasets/dataset_yolo_bbox/labels/train/train_000209.txt,train,Li,gorodishcha; kurgany_povrezhdennye; kurgany_tselye,4,135.0,5393.5,171216.0,27.0,72.0,464.0,5.0,63.5,369.0,0.927785873413086,True,True,previews/train_train_000209.jpg,,,
train_train_000210,/Users/Di/Documents/GitHub/My projects/Geodata_Archaeology_CV/datasets/dataset_yolo_bbox/images/train/train_000210.png,/Users/Di/Documents/GitHub/My projects/Geodata_Archaeology_CV/datasets/dataset_yolo_bbox/labels/train/train_000210.txt,train,Li,gorodishcha; kurgany_povrezhdennye; kurgany_tselye,10,135.0,10272.0,653213.0,27.0,107.0,1381.0,5.0,96.0,473.0,0.9683070182800292,True,True,previews/train_train_000210.jpg,,,
train_train_000211,/Users/Di/Documents/GitHub/My projects/Geodata_Archaeology_CV/datasets/dataset_yolo_bbox/images/train/train_000211.png,/Users/Di/Documents/GitHub/My projects/Geodata_Archaeology_CV/datasets/dataset_yolo_bbox/labels/train/train_000211.txt,train,Li,,0,,,,,,,,,,0.5775554180145264,True,False,previews/train_train_000211.jpg,,,
train_train_000212,/Users/Di/Documents/GitHub/My projects/Geodata_Archaeology_CV/datasets/dataset_yolo_bbox/images/train/train_000212.png,/Users/Di/Documents/GitHub/My projects/Geodata_Archaeology_CV/datasets/dataset_yolo_bbox/labels/train/train_000212.txt,train,Li,,0,,,,,,,,,,0.4429173469543457,True,False,previews/train_train_000212.jpg,,,
train_train_000213,/Users/Di/Documents/GitHub/My projects/Geodata_Archaeology_CV/datasets/dataset_yolo_bbox/images/train/train_000213.png,/Users/Di/Documents/GitHub/My projects/Geodata_Archaeology_CV/datasets/dataset_yolo_bbox/labels/train/train_000213.txt,train,Li,gorodishcha; kurgany_povrezhdennye; kurgany_tselye,20,1586.0,5054.0,697200.0,26.0,74.0,600.0,43.0,75.5,1162.0,0.9976825714111328,False,True,previews/train_train_000213.jpg,,,
train_train_000214,/Users/Di/Documents/GitHub/My projects/Geodata_Archaeology_CV/datasets/dataset_yolo_bbox/images/train/train_000214.png,/Users/Di/Documents/GitHub/My projects/Geodata_Archaeology_CV/datasets/dataset_yolo_bbox/labels/train/train_000214.txt,train,Li,gorodishcha; kurgany_povrezhdennye; kurgany_tselye,48,1848.0,5761.5,1999872.0,42.0,74.0,1488.0,43.0,72.0,1344.0,0.9985496997833252,False,True,previews/train_train_000214.jpg,,,
train_train_000215,/Users/Di/Documents/GitHub/My projects/Geodata_Archaeology_CV/datasets/dataset_yolo_bbox/images/train/train_000215.png,/Users/Di/Documents/GitHub/My projects/Geodata_Archaeology_CV/datasets/dataset_yolo_bbox/labels/train/train_000215.txt,train,Li,,0,,,,,,,,,,0.8504428863525391,False,False,previews/train_train_000215.jpg,,,
train_train_000216,/Users/Di/Documents/GitHub/My projects/Geodata_Archaeology_CV/datasets/dataset_yolo_bbox/images/train/train_000216.png,/Users/Di/Documents/GitHub/My projects/Geodata_Archaeology_CV/datasets/dataset_yolo_bbox/labels/train/train_000216.txt,train,Li,,0,,,,,,,,,,0.9999983310699464,False,False,previews/train_train_000216.jpg,,,
train_train_000217,/Users/Di/Documents/GitHub/My projects/Geodata_Archaeology_CV/datasets/dataset_yolo_bbox/images/train/train_000217.png,/Users/Di/Documents/GitHub/My projects/Geodata_Archaeology_CV/datasets/dataset_yolo_bbox/labels/train/train_000217.txt,train,Li,,0,,,,,,,,,,0.7889719009399414,True,False,previews/train_train_000217.jpg,,,
train_train_000218,/Users/Di/Documents/GitHub/My projects/Geodata_Archaeology_CV/datasets/dataset_yolo_bbox/images/train/train_000218.png,/Users/Di/Documents/GitHub/My projects/Geodata_Archaeology_CV/datasets/dataset_yolo_bbox/labels/train/train_000218.txt,train,Li,,0,,,,,,,,,,0.4405989646911621,True,False,previews/train_train_000218.jpg,,,
train_train_000219,/Users/Di/Documents/GitHub/My projects/Geodata_Archaeology_CV/datasets/dataset_yolo_bbox/images/train/train_000219.png,/Users/Di/Documents/GitHub/My projects/Geodata_Archaeology_CV/datasets/dataset_yolo_bbox/labels/train/train_000219.txt,train,SpOr,gorodishcha,1,166175.0,166175.0,166175.0,391.0,391.0,391.0,425.0,425.0,425.0,1.0,True,False,previews/train_train_000219.jpg,,,
train_train_000220,/Users/Di/Documents/GitHub/My projects/Geodata_Archaeology_CV/datasets/dataset_yolo_bbox/images/train/train_000220.png,/Users/Di/Documents/GitHub/My projects/Geodata_Archaeology_CV/datasets/dataset_yolo_bbox/labels/train/train_000220.txt,train,Li,,0,,,,,,,,,,0.9425911903381348,True,False,previews/train_train_000220.jpg,,,
train_train_000221,/Users/Di/Documents/GitHub/My projects/Geodata_Archaeology_CV/datasets/dataset_yolo_bbox/images/train/train_000221.png,/Users/Di/Documents/GitHub/My projects/Geodata_Archaeology_CV/datasets/dataset_yolo_bbox/labels/train/train_000221.txt,train,Li,gorodishcha,1,162127.0,162127.0,162127.0,371.0,371.0,371.0,437.0,437.0,437.0,0.8473753929138184,True,True,previews/train_train_000221.jpg,,,
train_train_000222,/Users/Di/Documents/GitHub/My projects/Geodata_Archaeology_CV/datasets/dataset_yolo_bbox/images/train/train_000222.png,/Users/Di/Documents/GitHub/My projects/Geodata_Archaeology_CV/datasets/dataset_yolo_bbox/labels/train/train_000222.txt,train,Li,gorodishcha,1,222870.0,222870.0,222870.0,510.0,510.0,510.0,437.0,437.0,437.0,0.9999635219573976,False,False,previews/train_train_000222.jpg,,,
train_train_000223,/Users/Di/Documents/GitHub/My projects/Geodata_Archaeology_CV/datasets/dataset_yolo_bbox/images/train/train_000223.png,/Users/Di/Documents/GitHub/My projects/Geodata_Archaeology_CV/datasets/dataset_yolo_bbox/labels/train/train_000223.txt,train,Li,,0,,,,,,,,,,0.8692750930786133,False,False,previews/train_train_000223.jpg,,,
train_train_000224,/Users/Di/Documents/GitHub/My projects/Geodata_Archaeology_CV/datasets/dataset_yolo_bbox/images/train/train_000224.png,/Users/Di/Documents/GitHub/My projects/Geodata_Archaeology_CV/datasets/dataset_yolo_bbox/labels/train/train_000224.txt,train,Li,,0,,,,,,,,,,0.6946642398834229,True,False,previews/train_train_000224.jpg,,,
train_train_000225,/Users/Di/Documents/GitHub/My projects/Geodata_Archaeology_CV/datasets/dataset_yolo_bbox/images/train/train_000225.png,/Users/Di/Documents/GitHub/My projects/Geodata_Archaeology_CV/datasets/dataset_yolo_bbox/labels/train/train_000225.txt,train,Li,,0,,,,,,,,,,0.4822371006011963,False,False,previews/train_train_000225.jpg,,,
train_train_000226,/Users/Di/Documents/GitHub/My projects/Geodata_Archaeology_CV/datasets/dataset_yolo_bbox/images/train/train_000226.png,/Users/Di/Documents/GitHub/My projects/Geodata_Archaeology_CV/datasets/dataset_yolo_bbox/labels/train/train_000226.txt,train,Li,gorodishcha,1,164862.0,164862.0,164862.0,387.0,387.0,387.0,426.0,426.0,426.0,0.9999899864196776,False,False,previews/train_train_000226.jpg,,,
train_train_000227,/Users/Di/Documents/GitHub/My projects/Geodata_Archaeology_CV/datasets/dataset_yolo_bbox/images/train/train_000227.png,/Users/Di/Documents/GitHub/My projects/Geodata_Archaeology_CV/datasets/dataset_yolo_bbox/labels/train/train_000227.txt,train,Li,gorodishcha,1,164862.0,164862.0,164862.0,387.0,387.0,387.0,426.0,426.0,426.0,0.999985694885254,False,False,previews/train_train_000227.jpg,,,
train_train_000228,/Users/Di/Documents/GitHub/My projects/Geodata_Archaeology_CV/datasets/dataset_yolo_bbox/images/train/train_000228.png,/Users/Di/Documents/GitHub/My projects/Geodata_Archaeology_CV/datasets/dataset_yolo_bbox/labels/train/train_000228.txt,train,Li,kurgany_tselye,1,8464.0,8464.0,8464.0,92.0,92.0,92.0,92.0,92.0,92.0,0.9999964237213136,False,False,previews/train_train_000228.jpg,,,
train_train_000229,/Users/Di/Documents/GitHub/My projects/Geodata_Archaeology_CV/datasets/dataset_yolo_bbox/images/train/train_000229.png,/Users/Di/Documents/GitHub/My projects/Geodata_Archaeology_CV/datasets/dataset_yolo_bbox/labels/train/train_000229.txt,train,Li,kurgany_tselye,1,8464.0,8464.0,8464.0,92.0,92.0,92.0,92.0,92.0,92.0,0.9999446868896484,False,False,previews/train_train_000229.jpg,,,
train_train_000230,/Users/Di/Documents/GitHub/My projects/Geodata_Archaeology_CV/datasets/dataset_yolo_bbox/images/train/train_000230.png,/Users/Di/Documents/GitHub/My projects/Geodata_Archaeology_CV/datasets/dataset_yolo_bbox/labels/train/train_000230.txt,train,Li,kurgany_tselye,1,5544.0,5544.0,5544.0,72.0,72.0,72.0,77.0,77.0,77.0,0.9999992847442628,False,False,previews/train_train_000230.jpg,,,
train_train_000231,/Users/Di/Documents/GitHub/My projects/Geodata_Archaeology_CV/datasets/dataset_yolo_bbox/images/train/train_000231.png,/Users/Di/Documents/GitHub/My projects/Geodata_Archaeology_CV/datasets/dataset_yolo_bbox/labels/train/train_000231.txt,train,Li,kurgany_tselye,4,5544.0,8870.5,13455.0,72.0,88.0,115.0,76.0,97.0,121.0,0.8080453872680664,False,False,previews/train_train_000231.jpg,,,
train_train_000232,/Users/Di/Documents/GitHub/My projects/Geodata_Archaeology_CV/datasets/dataset_yolo_bbox/images/train/train_000232.png,/Users/Di/Documents/GitHub/My projects/Geodata_Archaeology_CV/datasets/dataset_yolo_bbox/labels/train/train_000232.txt,train,Li,,0,,,,,,,,,,0.6279127597808838,True,False,previews/train_train_000232.jpg,,,
train_train_000233,/Users/Di/Documents/GitHub/My projects/Geodata_Archaeology_CV/datasets/dataset_yolo_bbox/images/train/train_000233.png,/Users/Di/Documents/GitHub/My projects/Geodata_Archaeology_CV/datasets/dataset_yolo_bbox/labels/train/train_000233.txt,train,Li,kurgany_tselye,3,6004.0,11737.0,13455.0,79.0,97.0,115.0,76.0,117.0,121.0,0.6474258899688721,True,False,previews/train_train_000233.jpg,,,
val_val_000234,/Users/Di/Documents/GitHub/My projects/Geodata_Archaeology_CV/datasets/dataset_yolo_bbox/images/val/val_000234.png,/Users/Di/Documents/GitHub/My projects/Geodata_Archaeology_CV/datasets/dataset_yolo_bbox/labels/val/val_000234.txt,val,Li,,0,,,,,,,,,,0.7069442272186279,False,False,previews/val_val_000234.jpg,,,
val_val_000235,/Users/Di/Documents/GitHub/My projects/Geodata_Archaeology_CV/datasets/dataset_yolo_bbox/images/val/val_000235.png,/Users/Di/Documents/GitHub/My projects/Geodata_Archaeology_CV/datasets/dataset_yolo_bbox/labels/val/val_000235.txt,val,Li,,0,,,,,,,,,,0.7892007827758789,True,False,previews/val_val_000235.jpg,,,
val_val_000236,/Users/Di/Documents/GitHub/My projects/Geodata_Archaeology_CV/datasets/dataset_yolo_bbox/images/val/val_000236.png,/Users/Di/Documents/GitHub/My projects/Geodata_Archaeology_CV/datasets/dataset_yolo_bbox/labels/val/val_000236.txt,val,Li,kurgany_povrezhdennye; kurgany_tselye,7,9595.0,12995.0,21021.0,86.0,113.0,147.0,101.0,121.0,143.0,0.9835824966430664,False,False,previews/val_val_000236.jpg,,,
val_val_000237,/Users/Di/Documents/GitHub/My projects/Geodata_Archaeology_CV/datasets/dataset_yolo_bbox/images/val/val_000237.png,/Users/Di/Documents/GitHub/My projects/Geodata_Archaeology_CV/datasets/dataset_yolo_bbox/labels/val/val_000237.txt,val,Li,kurgany_povrezhdennye; kurgany_tselye,5,10974.0,12995.0,21021.0,110.0,118.0,147.0,93.0,115.0,143.0,0.732816219329834,True,True,previews/val_val_000237.jpg,,,
val_val_000238,/Users/Di/Documents/GitHub/My projects/Geodata_Archaeology_CV/datasets/dataset_yolo_bbox/images/val/val_000238.png,/Users/Di/Documents/GitHub/My projects/Geodata_Archaeology_CV/datasets/dataset_yolo_bbox/labels/val/val_000238.txt,val,Li,,0,,,,,,,,,,0.4460759162902832,True,False,previews/val_val_000238.jpg,,,
train_train_000239,/Users/Di/Documents/GitHub/My projects/Geodata_Archaeology_CV/datasets/dataset_yolo_bbox/images/train/train_000239.png,/Users/Di/Documents/GitHub/My projects/Geodata_Archaeology_CV/datasets/dataset_yolo_bbox/labels/train/train_000239.txt,train,Li,fortifikatsii,1,7954.0,7954.0,7954.0,82.0,82.0,82.0,97.0,97.0,97.0,0.6110258102416992,True,False,previews/train_train_000239.jpg,,,
train_train_000240,/Users/Di/Documents/GitHub/My projects/Geodata_Archaeology_CV/datasets/dataset_yolo_bbox/images/train/train_000240.png,/Users/Di/Documents/GitHub/My projects/Geodata_Archaeology_CV/datasets/dataset_yolo_bbox/labels/train/train_000240.txt,train,Li,,0,,,,,,,,,,0.8145952224731445,True,False,previews/train_train_000240.jpg,,,
train_train_000241,/Users/Di/Documents/GitHub/My projects/Geodata_Archaeology_CV/datasets/dataset_yolo_bbox/images/train/train_000241.png,/Users/Di/Documents/GitHub/My projects/Geodata_Archaeology_CV/datasets/dataset_yolo_bbox/labels/train/train_000241.txt,train,Li,,0,,,,,,,,,,0.9999523162841796,False,False,previews/train_train_000241.jpg,,,
train_train_000242,/Users/Di/Documents/GitHub/My projects/Geodata_Archaeology_CV/datasets/dataset_yolo_bbox/images/train/train_000242.png,/Users/Di/Documents/GitHub/My projects/Geodata_Archaeology_CV/datasets/dataset_yolo_bbox/labels/train/train_000242.txt,train,Li,,0,,,,,,,,,,1.0,False,False,previews/train_train_000242.jpg,,,
train_train_000243,/Users/Di/Documents/GitHub/My projects/Geodata_Archaeology_CV/datasets/dataset_yolo_bbox/images/train/train_000243.png,/Users/Di/Documents/GitHub/My projects/Geodata_Archaeology_CV/datasets/dataset_yolo_bbox/labels/train/train_000243.txt,train,Li,,0,,,,,,,,,,1.0,False,False,previews/train_train_000243.jpg,,,
train_train_000244,/Users/Di/Documents/GitHub/My projects/Geodata_Archaeology_CV/datasets/dataset_yolo_bbox/images/train/train_000244.png,/Users/Di/Documents/GitHub/My projects/Geodata_Archaeology_CV/datasets/dataset_yolo_bbox/labels/train/train_000244.txt,train,Li,,0,,,,,,,,,,0.7858171463012695,False,False,previews/train_train_000244.jpg,,,
train_train_000245,/Users/Di/Documents/GitHub/My projects/Geodata_Archaeology_CV/datasets/dataset_yolo_bbox/images/train/train_000245.png,/Users/Di/Documents/GitHub/My projects/Geodata_Archaeology_CV/datasets/dataset_yolo_bbox/labels/train/train_000245.txt,train,Li,,0,,,,,,,,,,0.8259143829345703,False,False,previews/train_train_000245.jpg,,,
train_train_000246,/Users/Di/Documents/GitHub/My projects/Geodata_Archaeology_CV/datasets/dataset_yolo_bbox/images/train/train_000246.png,/Users/Di/Documents/GitHub/My projects/Geodata_Archaeology_CV/datasets/dataset_yolo_bbox/labels/train/train_000246.txt,train,Li,,0,,,,,,,,,,1.0,False,False,previews/train_train_000246.jpg,,,
train_train_000247,/Users/Di/Documents/GitHub/My projects/Geodata_Archaeology_CV/datasets/dataset_yolo_bbox/images/train/train_000247.png,/Users/Di/Documents/GitHub/My projects/Geodata_Archaeology_CV/datasets/dataset_yolo_bbox/labels/train/train_000247.txt,train,Li,,0,,,,,,,,,,0.9998493194580078,False,False,previews/train_train_000247.jpg,,,
train_train_000248,/Users/Di/Documents/GitHub/My projects/Geodata_Archaeology_CV/datasets/dataset_yolo_bbox/images/train/train_000248.png,/Users/Di/Documents/GitHub/My projects/Geodata_Archaeology_CV/datasets/dataset_yolo_bbox/labels/train/train_000248.txt,train,Li,,0,,,,,,,,,,0.9999818801879884,False,False,previews/train_train_000248.jpg,,,
train_train_000249,/Users/Di/Documents/GitHub/My projects/Geodata_Archaeology_CV/datasets/dataset_yolo_bbox/images/train/train_000249.png,/Users/Di/Documents/GitHub/My projects/Geodata_Archaeology_CV/datasets/dataset_yolo_bbox/labels/train/train_000249.txt,train,Li,,0,,,,,,,,,,1.0,False,False,previews/train_train_000249.jpg,,,
train_train_000250,/Users/Di/Documents/GitHub/My projects/Geodata_Archaeology_CV/datasets/dataset_yolo_bbox/images/train/train_000250.png,/Users/Di/Documents/GitHub/My projects/Geodata_Archaeology_CV/datasets/dataset_yolo_bbox/labels/train/train_000250.txt,train,Li,,0,,,,,,,,,,1.0,False,False,previews/train_train_000250.jpg,,,
train_train_000251,/Users/Di/Documents/GitHub/My projects/Geodata_Archaeology_CV/datasets/dataset_yolo_bbox/images/train/train_000251.png,/Users/Di/Documents/GitHub/My projects/Geodata_Archaeology_CV/datasets/dataset_yolo_bbox/labels/train/train_000251.txt,train,Li,,0,,,,,,,,,,1.0,False,False,previews/train_train_000251.jpg,,,
train_train_000252,/Users/Di/Documents/GitHub/My projects/Geodata_Archaeology_CV/datasets/dataset_yolo_bbox/images/train/train_000252.png,/Users/Di/Documents/GitHub/My projects/Geodata_Archaeology_CV/datasets/dataset_yolo_bbox/labels/train/train_000252.txt,train,Li,,0,,,,,,,,,,1.0,False,False,previews/train_train_000252.jpg,,,
train_train_000253,/Users/Di/Documents/GitHub/My projects/Geodata_Archaeology_CV/datasets/dataset_yolo_bbox/images/train/train_000253.png,/Users/Di/Documents/GitHub/My projects/Geodata_Archaeology_CV/datasets/dataset_yolo_bbox/labels/train/train_000253.txt,train,Li,,0,,,,,,,,,,0.6094331741333008,False,False,previews/train_train_000253.jpg,,,
train_train_000254,/Users/Di/Documents/GitHub/My projects/Geodata_Archaeology_CV/datasets/dataset_yolo_bbox/images/train/train_000254.png,/Users/Di/Documents/GitHub/My projects/Geodata_Archaeology_CV/datasets/dataset_yolo_bbox/labels/train/train_000254.txt,train,Li,fortifikatsii,1,98106.0,98106.0,98106.0,394.0,394.0,394.0,249.0,249.0,249.0,1.0,False,False,previews/train_train_000254.jpg,,,
train_train_000255,/Users/Di/Documents/GitHub/My projects/Geodata_Archaeology_CV/datasets/dataset_yolo_bbox/images/train/train_000255.png,/Users/Di/Documents/GitHub/My projects/Geodata_Archaeology_CV/datasets/dataset_yolo_bbox/labels/train/train_000255.txt,train,Li,,0,,,,,,,,,,1.0,False,False,previews/train_train_000255.jpg,,,
train_train_000256,/Users/Di/Documents/GitHub/My projects/Geodata_Archaeology_CV/datasets/dataset_yolo_bbox/images/train/train_000256.png,/Users/Di/Documents/GitHub/My projects/Geodata_Archaeology_CV/datasets/dataset_yolo_bbox/labels/train/train_000256.txt,train,Li,gorodishcha,1,146962.0,146962.0,146962.0,373.0,373.0,373.0,394.0,394.0,394.0,0.9999942779541016,False,True,previews/train_train_000256.jpg,,,
train_train_000257,/Users/Di/Documents/GitHub/My projects/Geodata_Archaeology_CV/datasets/dataset_yolo_bbox/images/train/train_000257.png,/Users/Di/Documents/GitHub/My projects/Geodata_Archaeology_CV/datasets/dataset_yolo_bbox/labels/train/train_000257.txt,train,Li,gorodishcha,1,310472.0,310472.0,310472.0,788.0,788.0,788.0,394.0,394.0,394.0,0.9620361328125,False,True,previews/train_train_000257.jpg,,,
train_train_000258,/Users/Di/Documents/GitHub/My projects/Geodata_Archaeology_CV/datasets/dataset_yolo_bbox/images/train/train_000258.png,/Users/Di/Documents/GitHub/My projects/Geodata_Archaeology_CV/datasets/dataset_yolo_bbox/labels/train/train_000258.txt,train,Li,gorodishcha,1,288.0,288.0,288.0,24.0,24.0,24.0,12.0,12.0,12.0,0.3614416122436523,True,True,previews/train_train_000258.jpg,,,
train_train_000259,/Users/Di/Documents/GitHub/My projects/Geodata_Archaeology_CV/datasets/dataset_yolo_bbox/images/train/train_000259.png,/Users/Di/Documents/GitHub/My projects/Geodata_Archaeology_CV/datasets/dataset_yolo_bbox/labels/train/train_000259.txt,train,Li,gorodishcha,1,98050.0,98050.0,98050.0,370.0,370.0,370.0,265.0,265.0,265.0,0.9999790191650392,False,True,previews/train_train_000259.jpg,,,
train_train_000260,/Users/Di/Documents/GitHub/My projects/Geodata_Archaeology_CV/datasets/dataset_yolo_bbox/images/train/train_000260.png,/Users/Di/Documents/GitHub/My projects/Geodata_Archaeology_CV/datasets/dataset_yolo_bbox/labels/train/train_000260.txt,train,Li,gorodishcha,1,203304.0,203304.0,203304.0,788.0,788.0,788.0,258.0,258.0,258.0,0.9999885559082032,False,True,previews/train_train_000260.jpg,,,
train_train_000261,/Users/Di/Documents/GitHub/My projects/Geodata_Archaeology_CV/datasets/dataset_yolo_bbox/images/train/train_000261.png,/Users/Di/Documents/GitHub/My projects/Geodata_Archaeology_CV/datasets/dataset_yolo_bbox/labels/train/train_000261.txt,train,Li,gorodishcha,1,288.0,288.0,288.0,24.0,24.0,24.0,12.0,12.0,12.0,0.8095769882202148,True,True,previews/train_train_000261.jpg,,,
train_train_000262,/Users/Di/Documents/GitHub/My projects/Geodata_Archaeology_CV/datasets/dataset_yolo_bbox/images/train/train_000262.png,/Users/Di/Documents/GitHub/My projects/Geodata_Archaeology_CV/datasets/dataset_yolo_bbox/labels/train/train_000262.txt,train,Li,,0,,,,,,,,,,0.7044267654418945,True,False,previews/train_train_000262.jpg,,,
train_train_000263,/Users/Di/Documents/GitHub/My projects/Geodata_Archaeology_CV/datasets/dataset_yolo_bbox/images/train/train_000263.png,/Users/Di/Documents/GitHub/My projects/Geodata_Archaeology_CV/datasets/dataset_yolo_bbox/labels/train/train_000263.txt,train,Li,,0,,,,,,,,,,0.6325016021728516,True,False,previews/train_train_000263.jpg,,,
train_train_000264,/Users/Di/Documents/GitHub/My projects/Geodata_Archaeology_CV/datasets/dataset_yolo_bbox/images/train/train_000264.png,/Users/Di/Documents/GitHub/My projects/Geodata_Archaeology_CV/datasets/dataset_yolo_bbox/labels/train/train_000264.txt,train,Li,,0,,,,,,,,,,0.6134569644927979,False,False,previews/train_train_000264.jpg,,,
train_train_000265,/Users/Di/Documents/GitHub/My projects/Geodata_Archaeology_CV/datasets/dataset_yolo_bbox/images/train/train_000265.png,/Users/Di/Documents/GitHub/My projects/Geodata_Archaeology_CV/datasets/dataset_yolo_bbox/labels/train/train_000265.txt,train,Li,fortifikatsii,1,21909.0,21909.0,21909.0,201.0,201.0,201.0,109.0,109.0,109.0,0.9890716075897216,False,True,previews/train_train_000265.jpg,,,
train_train_000266,/Users/Di/Documents/GitHub/My projects/Geodata_Archaeology_CV/datasets/dataset_yolo_bbox/images/train/train_000266.png,/Users/Di/Documents/GitHub/My projects/Geodata_Archaeology_CV/datasets/dataset_yolo_bbox/labels/train/train_000266.txt,train,Li,fortifikatsii,1,359559.0,359559.0,359559.0,1737.0,1737.0,1737.0,207.0,207.0,207.0,0.9998040199279784,False,True,previews/train_train_000266.jpg,,,
train_train_000267,/Users/Di/Documents/GitHub/My projects/Geodata_Archaeology_CV/datasets/dataset_yolo_bbox/images/train/train_000267.png,/Users/Di/Documents/GitHub/My projects/Geodata_Archaeology_CV/datasets/dataset_yolo_bbox/labels/train/train_000267.txt,train,Li,fortifikatsii,1,426728.0,426728.0,426728.0,1301.0,1301.0,1301.0,328.0,328.0,328.0,0.9997317790985109,False,True,previews/train_train_000267.jpg,,,
train_train_000268,/Users/Di/Documents/GitHub/My projects/Geodata_Archaeology_CV/datasets/dataset_yolo_bbox/images/train/train_000268.png,/Users/Di/Documents/GitHub/My projects/Geodata_Archaeology_CV/datasets/dataset_yolo_bbox/labels/train/train_000268.txt,train,Li,fortifikatsii; gorodishcha,2,6622.0,443009.5,879397.0,301.0,660.0,1019.0,22.0,442.5,863.0,0.9996912479400636,False,True,previews/train_train_000268.jpg,,,
train_train_000269,/Users/Di/Documents/GitHub/My projects/Geodata_Archaeology_CV/datasets/dataset_yolo_bbox/images/train/train_000269.png,/Users/Di/Documents/GitHub/My projects/Geodata_Archaeology_CV/datasets/dataset_yolo_bbox/labels/train/train_000269.txt,train,Li,fortifikatsii; gorodishcha,4,5434.0,437323.0,1406990.0,247.0,704.0,1370.0,22.0,531.5,1027.0,0.999236822128296,False,True,previews/train_train_000269.jpg,,,
train_train_000270,/Users/Di/Documents/GitHub/My projects/Geodata_Archaeology_CV/datasets/dataset_yolo_bbox/images/train/train_000270.png,/Users/Di/Documents/GitHub/My projects/Geodata_Archaeology_CV/datasets/dataset_yolo_bbox/labels/train/train_000270.txt,train,Li,fortifikatsii; gorodishcha,3,77420.0,378081.0,1412046.0,158.0,627.0,1422.0,490.0,603.0,993.0,0.9992282390594482,False,True,previews/train_train_000270.jpg,,,
train_train_000271,/Users/Di/Documents/GitHub/My projects/Geodata_Archaeology_CV/datasets/dataset_yolo_bbox/images/train/train_000271.png,/Users/Di/Documents/GitHub/My projects/Geodata_Archaeology_CV/datasets/dataset_yolo_bbox/labels/train/train_000271.txt,train,Li,fortifikatsii; gorodishcha,3,30825.0,35574.0,2077705.0,225.0,231.0,1015.0,137.0,154.0,2047.0,0.9997849464416504,False,True,previews/train_train_000271.jpg,,,
train_train_000272,/Users/Di/Documents/GitHub/My projects/Geodata_Archaeology_CV/datasets/dataset_yolo_bbox/images/train/train_000272.png,/Users/Di/Documents/GitHub/My projects/Geodata_Archaeology_CV/datasets/dataset_yolo_bbox/labels/train/train_000272.txt,train,Li,fortifikatsii; gorodishcha,5,36630.0,202340.0,2581267.0,222.0,758.0,1261.0,165.0,268.0,2047.0,0.9996328353881836,False,True,previews/train_train_000272.jpg,,,
train_train_000273,/Users/Di/Documents/GitHub/My projects/Geodata_Archaeology_CV/datasets/dataset_yolo_bbox/images/train/train_000273.png,/Users/Di/Documents/GitHub/My projects/Geodata_Archaeology_CV/datasets/dataset_yolo_bbox/labels/train/train_000273.txt,train,Li,fortifikatsii; gorodishcha,3,201152.0,520704.0,2910834.0,224.0,576.0,1422.0,898.0,904.0,2047.0,0.9999358654022216,False,True,previews/train_train_000273.jpg,,,
train_train_000274,/Users/Di/Documents/GitHub/My projects/Geodata_Archaeology_CV/datasets/dataset_yolo_bbox/images/train/train_000274.png,/Users/Di/Documents/GitHub/My projects/Geodata_Archaeology_CV/datasets/dataset_yolo_bbox/labels/train/train_000274.txt,train,Li,,0,,,,,,,,,,0.9998452663421632,False,False,previews/train_train_000274.jpg,,,
train_train_000275,/Users/Di/Documents/GitHub/My projects/Geodata_Archaeology_CV/datasets/dataset_yolo_bbox/images/train/train_000275.png,/Users/Di/Documents/GitHub/My projects/Geodata_Archaeology_CV/datasets/dataset_yolo_bbox/labels/train/train_000275.txt,train,Li,,0,,,,,,,,,,0.999974012374878,False,False,previews/train_train_000275.jpg,,,
train_train_000276,/Users/Di/Documents/GitHub/My projects/Geodata_Archaeology_CV/datasets/dataset_yolo_bbox/images/train/train_000276.png,/Users/Di/Documents/GitHub/My projects/Geodata_Archaeology_CV/datasets/dataset_yolo_bbox/labels/train/train_000276.txt,train,Li,fortifikatsii; gorodishcha,7,120.0,17280.0,523698.0,4.0,142.0,337.0,3.0,89.0,1554.0,0.9965028762817384,False,True,previews/train_train_000276.jpg,,,
train_train_000277,/Users/Di/Documents/GitHub/My projects/Geodata_Archaeology_CV/datasets/dataset_yolo_bbox/images/train/train_000277.png,/Users/Di/Documents/GitHub/My projects/Geodata_Archaeology_CV/datasets/dataset_yolo_bbox/labels/train/train_000277.txt,train,Li,fortifikatsii; gorodishcha,9,1152.0,140114.0,2479397.0,128.0,663.0,1439.0,9.0,190.0,1723.0,0.874596118927002,False,True,previews/train_train_000277.jpg,,,
train_train_000278,/Users/Di/Documents/GitHub/My projects/Geodata_Archaeology_CV/datasets/dataset_yolo_bbox/images/train/train_000278.png,/Users/Di/Documents/GitHub/My projects/Geodata_Archaeology_CV/datasets/dataset_yolo_bbox/labels/train/train_000278.txt,train,Li,fortifikatsii; gorodishcha,4,5292.0,89476.5,649011.0,54.0,253.5,831.0,98.0,318.5,781.0,0.6435225009918213,False,True,previews/train_train_000278.jpg,,,
train_train_000279,/Users/Di/Documents/GitHub/My projects/Geodata_Archaeology_CV/datasets/dataset_yolo_bbox/images/train/train_000279.png,/Users/Di/Documents/GitHub/My projects/Geodata_Archaeology_CV/datasets/dataset_yolo_bbox/labels/train/train_000279.txt,train,Li,,0,,,,,,,,,,0.999943733215332,False,False,previews/train_train_000279.jpg,,,
train_train_000280,/Users/Di/Documents/GitHub/My projects/Geodata_Archaeology_CV/datasets/dataset_yolo_bbox/images/train/train_000280.png,/Users/Di/Documents/GitHub/My projects/Geodata_Archaeology_CV/datasets/dataset_yolo_bbox/labels/train/train_000280.txt,train,Li,,0,,,,,,,,,,0.5935981273651123,False,False,previews/train_train_000280.jpg,,,
train_train_000281,/Users/Di/Documents/GitHub/My projects/Geodata_Archaeology_CV/datasets/dataset_yolo_bbox/images/train/train_000281.png,/Users/Di/Documents/GitHub/My projects/Geodata_Archaeology_CV/datasets/dataset_yolo_bbox/labels/train/train_000281.txt,train,Li,gorodishcha,1,504.0,504.0,504.0,28.0,28.0,28.0,18.0,18.0,18.0,0.3602399826049804,False,True,previews/train_train_000281.jpg,,,
train_train_000282,/Users/Di/Documents/GitHub/My projects/Geodata_Archaeology_CV/datasets/dataset_yolo_bbox/images/train/train_000282.png,/Users/Di/Documents/GitHub/My projects/Geodata_Archaeology_CV/datasets/dataset_yolo_bbox/labels/train/train_000282.txt,train,Li,,0,,,,,,,,,,0.7769627571105957,False,False,previews/train_train_000282.jpg,,,
train_train_000283,/Users/Di/Documents/GitHub/My projects/Geodata_Archaeology_CV/datasets/dataset_yolo_bbox/images/train/train_000283.png,/Users/Di/Documents/GitHub/My projects/Geodata_Archaeology_CV/datasets/dataset_yolo_bbox/labels/train/train_000283.txt,train,Li,,0,,,,,,,,,,0.5304293632507324,True,False,previews/train_train_000283.jpg,,,
train_train_000284,/Users/Di/Documents/GitHub/My projects/Geodata_Archaeology_CV/datasets/dataset_yolo_bbox/images/train/train_000284.png,/Users/Di/Documents/GitHub/My projects/Geodata_Archaeology_CV/datasets/dataset_yolo_bbox/labels/train/train_000284.txt,train,Li,,0,,,,,,,,,,0.7909212112426758,False,False,previews/train_train_000284.jpg,,,
train_train_000285,/Users/Di/Documents/GitHub/My projects/Geodata_Archaeology_CV/datasets/dataset_yolo_bbox/images/train/train_000285.png,/Users/Di/Documents/GitHub/My projects/Geodata_Archaeology_CV/datasets/dataset_yolo_bbox/labels/train/train_000285.txt,train,Li,,0,,,,,,,,,,0.4261207580566406,False,False,previews/train_train_000285.jpg,,,
train_train_000286,/Users/Di/Documents/GitHub/My projects/Geodata_Archaeology_CV/datasets/dataset_yolo_bbox/images/train/train_000286.png,/Users/Di/Documents/GitHub/My projects/Geodata_Archaeology_CV/datasets/dataset_yolo_bbox/labels/train/train_000286.txt,train,Li,,0,,,,,,,,,,0.9989659786224364,False,False,previews/train_train_000286.jpg,,,
train_train_000287,/Users/Di/Documents/GitHub/My projects/Geodata_Archaeology_CV/datasets/dataset_yolo_bbox/images/train/train_000287.png,/Users/Di/Documents/GitHub/My projects/Geodata_Archaeology_CV/datasets/dataset_yolo_bbox/labels/train/train_000287.txt,train,Li,,0,,,,,,,,,,0.9875664710998536,False,False,previews/train_train_000287.jpg,,,
train_train_000288,/Users/Di/Documents/GitHub/My projects/Geodata_Archaeology_CV/datasets/dataset_yolo_bbox/images/train/train_000288.png,/Users/Di/Documents/GitHub/My projects/Geodata_Archaeology_CV/datasets/dataset_yolo_bbox/labels/train/train_000288.txt,train,Li,gorodishcha,1,29900.0,29900.0,29900.0,115.0,115.0,115.0,260.0,260.0,260.0,0.999173641204834,False,True,previews/train_train_000288.jpg,,,
train_train_000289,/Users/Di/Documents/GitHub/My projects/Geodata_Archaeology_CV/datasets/dataset_yolo_bbox/images/train/train_000289.png,/Users/Di/Documents/GitHub/My projects/Geodata_Archaeology_CV/datasets/dataset_yolo_bbox/labels/train/train_000289.txt,train,Li,gorodishcha,1,1362075.0,1362075.0,1362075.0,1651.0,1651.0,1651.0,825.0,825.0,825.0,0.9985008239746094,False,True,previews/train_train_000289.jpg,,,
train_train_000290,/Users/Di/Documents/GitHub/My projects/Geodata_Archaeology_CV/datasets/dataset_yolo_bbox/images/train/train_000290.png,/Users/Di/Documents/GitHub/My projects/Geodata_Archaeology_CV/datasets/dataset_yolo_bbox/labels/train/train_000290.txt,train,Li,gorodishcha,1,2012195.0,2012195.0,2012195.0,1795.0,1795.0,1795.0,1121.0,1121.0,1121.0,0.9976818561553956,False,True,previews/train_train_000290.jpg,,,
train_train_000291,/Users/Di/Documents/GitHub/My projects/Geodata_Archaeology_CV/datasets/dataset_yolo_bbox/images/train/train_000291.png,/Users/Di/Documents/GitHub/My projects/Geodata_Archaeology_CV/datasets/dataset_yolo_bbox/labels/train/train_000291.txt,train,Li,gorodishcha,1,65786.0,65786.0,65786.0,259.0,259.0,259.0,254.0,254.0,254.0,0.9974937438964844,False,True,previews/train_train_000291.jpg,,,
train_train_000292,/Users/Di/Documents/GitHub/My projects/Geodata_Archaeology_CV/datasets/dataset_yolo_bbox/images/train/train_000292.png,/Users/Di/Documents/GitHub/My projects/Geodata_Archaeology_CV/datasets/dataset_yolo_bbox/labels/train/train_000292.txt,train,Li,,0,,,,,,,,,,0.9740200042724608,False,False,previews/train_train_000292.jpg,,,
train_train_000293,/Users/Di/Documents/GitHub/My projects/Geodata_Archaeology_CV/datasets/dataset_yolo_bbox/images/train/train_000293.png,/Users/Di/Documents/GitHub/My projects/Geodata_Archaeology_CV/datasets/dataset_yolo_bbox/labels/train/train_000293.txt,train,Li,,0,,,,,,,,,,0.5353875160217285,False,False,previews/train_train_000293.jpg,,,
train_train_000294,/Users/Di/Documents/GitHub/My projects/Geodata_Archaeology_CV/datasets/dataset_yolo_bbox/images/train/train_000294.png,/Users/Di/Documents/GitHub/My projects/Geodata_Archaeology_CV/datasets/dataset_yolo_bbox/labels/train/train_000294.txt,train,Li,,0,,,,,,,,,,0.482623815536499,False,False,previews/train_train_000294.jpg,,,
train_train_000295,/Users/Di/Documents/GitHub/My projects/Geodata_Archaeology_CV/datasets/dataset_yolo_bbox/images/train/train_000295.png,/Users/Di/Documents/GitHub/My projects/Geodata_Archaeology_CV/datasets/dataset_yolo_bbox/labels/train/train_000295.txt,train,Li,,0,,,,,,,,,,0.9988675117492676,False,False,previews/train_train_000295.jpg,,,
train_train_000296,/Users/Di/Documents/GitHub/My projects/Geodata_Archaeology_CV/datasets/dataset_yolo_bbox/images/train/train_000296.png,/Users/Di/Documents/GitHub/My projects/Geodata_Archaeology_CV/datasets/dataset_yolo_bbox/labels/train/train_000296.txt,train,Li,gorodishcha,1,166464.0,166464.0,166464.0,144.0,144.0,144.0,1156.0,1156.0,1156.0,0.9992327690124512,False,True,previews/train_train_000296.jpg,,,
train_train_000297,/Users/Di/Documents/GitHub/My projects/Geodata_Archaeology_CV/datasets/dataset_yolo_bbox/images/train/train_000297.png,/Users/Di/Documents/GitHub/My projects/Geodata_Archaeology_CV/datasets/dataset_yolo_bbox/labels/train/train_000297.txt,train,Li,gorodishcha,1,3200400.0,3200400.0,3200400.0,1680.0,1680.0,1680.0,1905.0,1905.0,1905.0,0.9986951351165771,False,True,previews/train_train_000297.jpg,,,
train_train_000298,/Users/Di/Documents/GitHub/My projects/Geodata_Archaeology_CV/datasets/dataset_yolo_bbox/images/train/train_000298.png,/Users/Di/Documents/GitHub/My projects/Geodata_Archaeology_CV/datasets/dataset_yolo_bbox/labels/train/train_000298.txt,train,Li,gorodishcha,1,2394618.0,2394618.0,2394618.0,1259.0,1259.0,1259.0,1902.0,1902.0,1902.0,0.9961845874786376,False,True,previews/train_train_000298.jpg,,,
train_train_000299,/Users/Di/Documents/GitHub/My projects/Geodata_Archaeology_CV/datasets/dataset_yolo_bbox/images/train/train_000299.png,/Users/Di/Documents/GitHub/My projects/Geodata_Archaeology_CV/datasets/dataset_yolo_bbox/labels/train/train_000299.txt,train,Li,,0,,,,,,,,,,1.0,False,False,previews/train_train_000299.jpg,,,
train_train_000300,/Users/Di/Documents/GitHub/My projects/Geodata_Archaeology_CV/datasets/dataset_yolo_bbox/images/train/train_000300.png,/Users/Di/Documents/GitHub/My projects/Geodata_Archaeology_CV/datasets/dataset_yolo_bbox/labels/train/train_000300.txt,train,Li,gorodishcha,1,397413.0,397413.0,397413.0,1077.0,1077.0,1077.0,369.0,369.0,369.0,0.9972693920135498,False,True,previews/train_train_000300.jpg,,,
train_train_000301,/Users/Di/Documents/GitHub/My projects/Geodata_Archaeology_CV/datasets/dataset_yolo_bbox/images/train/train_000301.png,/Users/Di/Documents/GitHub/My projects/Geodata_Archaeology_CV/datasets/dataset_yolo_bbox/labels/train/train_000301.txt,train,Li,gorodishcha,1,60756.0,60756.0,60756.0,166.0,166.0,166.0,366.0,366.0,366.0,0.996849536895752,False,True,previews/train_train_000301.jpg,,,
train_train_000302,/Users/Di/Documents/GitHub/My projects/Geodata_Archaeology_CV/datasets/dataset_yolo_bbox/images/train/train_000302.png,/Users/Di/Documents/GitHub/My projects/Geodata_Archaeology_CV/datasets/dataset_yolo_bbox/labels/train/train_000302.txt,train,Li,,0,,,,,,,,,,0.9999902248382568,False,False,previews/train_train_000302.jpg,,,
train_train_000303,/Users/Di/Documents/GitHub/My projects/Geodata_Archaeology_CV/datasets/dataset_yolo_bbox/images/train/train_000303.png,/Users/Di/Documents/GitHub/My projects/Geodata_Archaeology_CV/datasets/dataset_yolo_bbox/labels/train/train_000303.txt,train,Li,,0,,,,,,,,,,0.9792602062225342,False,False,previews/train_train_000303.jpg,,,
train_train_000304,/Users/Di/Documents/GitHub/My projects/Geodata_Archaeology_CV/datasets/dataset_yolo_bbox/images/train/train_000304.png,/Users/Di/Documents/GitHub/My projects/Geodata_Archaeology_CV/datasets/dataset_yolo_bbox/labels/train/train_000304.txt,train,Li,,0,,,,,,,,,,0.8301312923431396,False,False,previews/train_train_000304.jpg,,,
train_train_000305,/Users/Di/Documents/GitHub/My projects/Geodata_Archaeology_CV/datasets/dataset_yolo_bbox/images/train/train_000305.png,/Users/Di/Documents/GitHub/My projects/Geodata_Archaeology_CV/datasets/dataset_yolo_bbox/labels/train/train_000305.txt,train,Li,,0,,,,,,,,,,0.9999790191650392,False,False,previews/train_train_000305.jpg,,,
train_train_000306,/Users/Di/Documents/GitHub/My projects/Geodata_Archaeology_CV/datasets/dataset_yolo_bbox/images/train/train_000306.png,/Users/Di/Documents/GitHub/My projects/Geodata_Archaeology_CV/datasets/dataset_yolo_bbox/labels/train/train_000306.txt,train,Li,,0,,,,,,,,,,0.9999942779541016,False,False,previews/train_train_000306.jpg,,,
train_train_000307,/Users/Di/Documents/GitHub/My projects/Geodata_Archaeology_CV/datasets/dataset_yolo_bbox/images/train/train_000307.png,/Users/Di/Documents/GitHub/My projects/Geodata_Archaeology_CV/datasets/dataset_yolo_bbox/labels/train/train_000307.txt,train,Li,,0,,,,,,,,,,0.9999964237213136,False,False,previews/train_train_000307.jpg,,,
train_train_000308,/Users/Di/Documents/GitHub/My projects/Geodata_Archaeology_CV/datasets/dataset_yolo_bbox/images/train/train_000308.png,/Users/Di/Documents/GitHub/My projects/Geodata_Archaeology_CV/datasets/dataset_yolo_bbox/labels/train/train_000308.txt,train,Li,,0,,,,,,,,,,0.9999992847442628,False,False,previews/train_train_000308.jpg,,,
train_train_000309,/Users/Di/Documents/GitHub/My projects/Geodata_Archaeology_CV/datasets/dataset_yolo_bbox/images/train/train_000309.png,/Users/Di/Documents/GitHub/My projects/Geodata_Archaeology_CV/datasets/dataset_yolo_bbox/labels/train/train_000309.txt,train,SpOr,gorodishcha,1,13625.0,13625.0,13625.0,125.0,125.0,125.0,109.0,109.0,109.0,1.0,True,False,previews/train_train_000309.jpg,,,
train_train_000310,/Users/Di/Documents/GitHub/My projects/Geodata_Archaeology_CV/datasets/dataset_yolo_bbox/images/train/train_000310.png,/Users/Di/Documents/GitHub/My projects/Geodata_Archaeology_CV/datasets/dataset_yolo_bbox/labels/train/train_000310.txt,train,SpOr,gorodishcha,1,13625.0,13625.0,13625.0,125.0,125.0,125.0,109.0,109.0,109.0,1.0,True,False,previews/train_train_000310.jpg,,,
train_train_000311,/Users/Di/Documents/GitHub/My projects/Geodata_Archaeology_CV/datasets/dataset_yolo_bbox/images/train/train_000311.png,/Users/Di/Documents/GitHub/My projects/Geodata_Archaeology_CV/datasets/dataset_yolo_bbox/labels/train/train_000311.txt,train,Li,kurgany_povrezhdennye; kurgany_tselye,24,80.0,210.0,870.0,10.0,15.5,29.0,8.0,14.5,30.0,0.7173891067504883,True,False,previews/train_train_000311.jpg,,,
train_train_000312,/Users/Di/Documents/GitHub/My projects/Geodata_Archaeology_CV/datasets/dataset_yolo_bbox/images/train/train_000312.png,/Users/Di/Documents/GitHub/My projects/Geodata_Archaeology_CV/datasets/dataset_yolo_bbox/labels/train/train_000312.txt,train,Li,kurgany_povrezhdennye; kurgany_tselye,14,84.0,221.0,870.0,6.0,16.5,29.0,13.0,16.5,30.0,0.9452495574951172,True,True,previews/train_train_000312.jpg,,,
train_train_000313,/Users/Di/Documents/GitHub/My projects/Geodata_Archaeology_CV/datasets/dataset_yolo_bbox/images/train/train_000313.png,/Users/Di/Documents/GitHub/My projects/Geodata_Archaeology_CV/datasets/dataset_yolo_bbox/labels/train/train_000313.txt,train,Li,fortifikatsii,1,1147.0,1147.0,1147.0,31.0,31.0,31.0,37.0,37.0,37.0,0.729069709777832,True,False,previews/train_train_000313.jpg,,,
train_train_000314,/Users/Di/Documents/GitHub/My projects/Geodata_Archaeology_CV/datasets/dataset_yolo_bbox/images/train/train_000314.png,/Users/Di/Documents/GitHub/My projects/Geodata_Archaeology_CV/datasets/dataset_yolo_bbox/labels/train/train_000314.txt,train,Li,kurgany_povrezhdennye; kurgany_tselye,24,80.0,210.0,870.0,10.0,15.5,29.0,7.0,14.5,30.0,0.7662191390991211,True,True,previews/train_train_000314.jpg,,,
train_train_000315,/Users/Di/Documents/GitHub/My projects/Geodata_Archaeology_CV/datasets/dataset_yolo_bbox/images/train/train_000315.png,/Users/Di/Documents/GitHub/My projects/Geodata_Archaeology_CV/datasets/dataset_yolo_bbox/labels/train/train_000315.txt,train,Li,kurgany_povrezhdennye; kurgany_tselye,45,84.0,323.0,1116.0,6.0,18.0,31.0,13.0,19.0,41.0,1.0,False,True,previews/train_train_000315.jpg,,,
train_train_000316,/Users/Di/Documents/GitHub/My projects/Geodata_Archaeology_CV/datasets/dataset_yolo_bbox/images/train/train_000316.png,/Users/Di/Documents/GitHub/My projects/Geodata_Archaeology_CV/datasets/dataset_yolo_bbox/labels/train/train_000316.txt,train,Li,kurgany_tselye,24,99.0,389.5,1517.0,9.0,19.0,37.0,11.0,20.5,41.0,1.0,False,False,previews/train_train_000316.jpg,,,
train_train_000317,/Users/Di/Documents/GitHub/My projects/Geodata_Archaeology_CV/datasets/dataset_yolo_bbox/images/train/train_000317.png,/Users/Di/Documents/GitHub/My projects/Geodata_Archaeology_CV/datasets/dataset_yolo_bbox/labels/train/train_000317.txt,train,Li,fortifikatsii,1,1147.0,1147.0,1147.0,31.0,31.0,31.0,37.0,37.0,37.0,1.0,False,False,previews/train_train_000317.jpg,,,
train_train_000318,/Users/Di/Documents/GitHub/My projects/Geodata_Archaeology_CV/datasets/dataset_yolo_bbox/images/train/train_000318.png,/Users/Di/Documents/GitHub/My projects/Geodata_Archaeology_CV/datasets/dataset_yolo_bbox/labels/train/train_000318.txt,train,Li,,0,,,,,,,,,,0.9259157180786132,False,False,previews/train_train_000318.jpg,,,
train_train_000319,/Users/Di/Documents/GitHub/My projects/Geodata_Archaeology_CV/datasets/dataset_yolo_bbox/images/train/train_000319.png,/Users/Di/Documents/GitHub/My projects/Geodata_Archaeology_CV/datasets/dataset_yolo_bbox/labels/train/train_000319.txt,train,Li,,0,,,,,,,,,,1.0,False,False,previews/train_train_000319.jpg,,,
train_train_000320,/Users/Di/Documents/GitHub/My projects/Geodata_Archaeology_CV/datasets/dataset_yolo_bbox/images/train/train_000320.png,/Users/Di/Documents/GitHub/My projects/Geodata_Archaeology_CV/datasets/dataset_yolo_bbox/labels/train/train_000320.txt,train,Li,,0,,,,,,,,,,0.9961719512939452,False,False,previews/train_train_000320.jpg,,,
train_train_000321,/Users/Di/Documents/GitHub/My projects/Geodata_Archaeology_CV/datasets/dataset_yolo_bbox/images/train/train_000321.png,/Users/Di/Documents/GitHub/My projects/Geodata_Archaeology_CV/datasets/dataset_yolo_bbox/labels/train/train_000321.txt,train,Li,,0,,,,,,,,,,1.0,False,False,previews/train_train_000321.jpg,,,
train_train_000322,/Users/Di/Documents/GitHub/My projects/Geodata_Archaeology_CV/datasets/dataset_yolo_bbox/images/train/train_000322.png,/Users/Di/Documents/GitHub/My projects/Geodata_Archaeology_CV/datasets/dataset_yolo_bbox/labels/train/train_000322.txt,train,Li,,0,,,,,,,,,,1.0,False,False,previews/train_train_000322.jpg,,,
train_train_000323,/Users/Di/Documents/GitHub/My projects/Geodata_Archaeology_CV/datasets/dataset_yolo_bbox/images/train/train_000323.png,/Users/Di/Documents/GitHub/My projects/Geodata_Archaeology_CV/datasets/dataset_yolo_bbox/labels/train/train_000323.txt,train,Li,,0,,,,,,,,,,0.5744667053222656,True,False,previews/train_train_000323.jpg,,,
train_train_000324,/Users/Di/Documents/GitHub/My projects/Geodata_Archaeology_CV/datasets/dataset_yolo_bbox/images/train/train_000324.png,/Users/Di/Documents/GitHub/My projects/Geodata_Archaeology_CV/datasets/dataset_yolo_bbox/labels/train/train_000324.txt,train,Li,,0,,,,,,,,,,0.6451711654663086,True,False,previews/train_train_000324.jpg,,,
train_train_000325,/Users/Di/Documents/GitHub/My projects/Geodata_Archaeology_CV/datasets/dataset_yolo_bbox/images/train/train_000325.png,/Users/Di/Documents/GitHub/My projects/Geodata_Archaeology_CV/datasets/dataset_yolo_bbox/labels/train/train_000325.txt,train,Li,kurgany_povrezhdennye,2,114912.0,347081.0,579250.0,288.0,475.0,662.0,399.0,637.0,875.0,0.9731976985931396,True,True,previews/train_train_000325.jpg,,,
train_train_000326,/Users/Di/Documents/GitHub/My projects/Geodata_Archaeology_CV/datasets/dataset_yolo_bbox/images/train/train_000326.png,/Users/Di/Documents/GitHub/My projects/Geodata_Archaeology_CV/datasets/dataset_yolo_bbox/labels/train/train_000326.txt,train,Li,kurgany_povrezhdennye,3,192717.0,508209.0,588000.0,483.0,672.0,1079.0,399.0,471.0,875.0,0.9545269012451172,True,True,previews/train_train_000326.jpg,,,
train_train_000327,/Users/Di/Documents/GitHub/My projects/Geodata_Archaeology_CV/datasets/dataset_yolo_bbox/images/train/train_000327.png,/Users/Di/Documents/GitHub/My projects/Geodata_Archaeology_CV/datasets/dataset_yolo_bbox/labels/train/train_000327.txt,train,Li,kurgany_povrezhdennye,1,7280.0,7280.0,7280.0,65.0,65.0,65.0,112.0,112.0,112.0,0.9358627796173096,True,True,previews/train_train_000327.jpg,,,
train_train_000328,/Users/Di/Documents/GitHub/My projects/Geodata_Archaeology_CV/datasets/dataset_yolo_bbox/images/train/train_000328.png,/Users/Di/Documents/GitHub/My projects/Geodata_Archaeology_CV/datasets/dataset_yolo_bbox/labels/train/train_000328.txt,train,Li,,0,,,,,,,,,,0.9172039031982422,True,False,previews/train_train_000328.jpg,,,
train_train_000329,/Users/Di/Documents/GitHub/My projects/Geodata_Archaeology_CV/datasets/dataset_yolo_bbox/images/train/train_000329.png,/Users/Di/Documents/GitHub/My projects/Geodata_Archaeology_CV/datasets/dataset_yolo_bbox/labels/train/train_000329.txt,train,Li,,0,,,,,,,,,,0.8922619819641113,True,False,previews/train_train_000329.jpg,,,
train_train_000330,/Users/Di/Documents/GitHub/My projects/Geodata_Archaeology_CV/datasets/dataset_yolo_bbox/images/train/train_000330.png,/Users/Di/Documents/GitHub/My projects/Geodata_Archaeology_CV/datasets/dataset_yolo_bbox/labels/train/train_000330.txt,train,Li,kurgany_povrezhdennye,1,555552.0,555552.0,555552.0,1286.0,1286.0,1286.0,432.0,432.0,432.0,0.9040122032165528,True,True,previews/train_train_000330.jpg,,,
train_train_000331,/Users/Di/Documents/GitHub/My projects/Geodata_Archaeology_CV/datasets/dataset_yolo_bbox/images/train/train_000331.png,/Users/Di/Documents/GitHub/My projects/Geodata_Archaeology_CV/datasets/dataset_yolo_bbox/labels/train/train_000331.txt,train,Li,kurgany_povrezhdennye,2,81792.0,139608.0,197424.0,288.0,372.5,457.0,284.0,358.0,432.0,1.0,False,True,previews/train_train_000331.jpg,,,
train_train_000332,/Users/Di/Documents/GitHub/My projects/Geodata_Archaeology_CV/datasets/dataset_yolo_bbox/images/train/train_000332.png,/Users/Di/Documents/GitHub/My projects/Geodata_Archaeology_CV/datasets/dataset_yolo_bbox/labels/train/train_000332.txt,train,Li,kurgany_povrezhdennye,3,137172.0,509248.0,1133069.0,483.0,584.0,1099.0,284.0,872.0,1031.0,1.0,False,True,previews/train_train_000332.jpg,,,
train_train_000333,/Users/Di/Documents/GitHub/My projects/Geodata_Archaeology_CV/datasets/dataset_yolo_bbox/images/train/train_000333.png,/Users/Di/Documents/GitHub/My projects/Geodata_Archaeology_CV/datasets/dataset_yolo_bbox/labels/train/train_000333.txt,train,Li,kurgany_povrezhdennye,4,25670.0,419616.0,933816.0,85.0,580.5,949.0,302.0,638.0,984.0,1.0,False,True,previews/train_train_000333.jpg,,,
train_train_000334,/Users/Di/Documents/GitHub/My projects/Geodata_Archaeology_CV/datasets/dataset_yolo_bbox/images/train/train_000334.png,/Users/Di/Documents/GitHub/My projects/Geodata_Archaeology_CV/datasets/dataset_yolo_bbox/labels/train/train_000334.txt,train,Li,kurgany_povrezhdennye,2,111825.0,232460.5,353096.0,175.0,524.5,874.0,404.0,521.5,639.0,1.0,False,True,previews/train_train_000334.jpg,,,
train_train_000335,/Users/Di/Documents/GitHub/My projects/Geodata_Archaeology_CV/datasets/dataset_yolo_bbox/images/train/train_000335.png,/Users/Di/Documents/GitHub/My projects/Geodata_Archaeology_CV/datasets/dataset_yolo_bbox/labels/train/train_000335.txt,train,Li,kurgany_povrezhdennye,1,269872.0,269872.0,269872.0,668.0,668.0,668.0,404.0,404.0,404.0,0.9413115978240968,True,True,previews/train_train_000335.jpg,,,
train_train_000336,/Users/Di/Documents/GitHub/My projects/Geodata_Archaeology_CV/datasets/dataset_yolo_bbox/images/train/train_000336.png,/Users/Di/Documents/GitHub/My projects/Geodata_Archaeology_CV/datasets/dataset_yolo_bbox/labels/train/train_000336.txt,train,Li,kurgany_povrezhdennye,1,1547475.0,1547475.0,1547475.0,1317.0,1317.0,1317.0,1175.0,1175.0,1175.0,0.9346892833709716,True,False,previews/train_train_000336.jpg,,,
train_train_000337,/Users/Di/Documents/GitHub/My projects/Geodata_Archaeology_CV/datasets/dataset_yolo_bbox/images/train/train_000337.png,/Users/Di/Documents/GitHub/My projects/Geodata_Archaeology_CV/datasets/dataset_yolo_bbox/labels/train/train_000337.txt,train,Li,kurgany_povrezhdennye,2,52826.0,304648.0,556470.0,122.0,304.0,486.0,433.0,789.0,1145.0,1.0,False,True,previews/train_train_000337.jpg,,,
train_train_000338,/Users/Di/Documents/GitHub/My projects/Geodata_Archaeology_CV/datasets/dataset_yolo_bbox/images/train/train_000338.png,/Users/Di/Documents/GitHub/My projects/Geodata_Archaeology_CV/datasets/dataset_yolo_bbox/labels/train/train_000338.txt,train,Li,kurgany_povrezhdennye,2,183.0,106954.0,213725.0,61.0,238.0,415.0,3.0,259.0,515.0,1.0,False,True,previews/train_train_000338.jpg,,,
train_train_000339,/Users/Di/Documents/GitHub/My projects/Geodata_Archaeology_CV/datasets/dataset_yolo_bbox/images/train/train_000339.png,/Users/Di/Documents/GitHub/My projects/Geodata_Archaeology_CV/datasets/dataset_yolo_bbox/labels/train/train_000339.txt,train,Li,kurgany_povrezhdennye,3,183.0,201422.0,302660.0,61.0,370.0,793.0,3.0,254.0,818.0,1.0,False,True,previews/train_train_000339.jpg,,,
train_train_000340,/Users/Di/Documents/GitHub/My projects/Geodata_Archaeology_CV/datasets/dataset_yolo_bbox/images/train/train_000340.png,/Users/Di/Documents/GitHub/My projects/Geodata_Archaeology_CV/datasets/dataset_yolo_bbox/labels/train/train_000340.txt,train,Li,kurgany_povrezhdennye,2,5460.0,368062.0,730664.0,65.0,469.5,874.0,84.0,460.0,836.0,1.0,False,True,previews/train_train_000340.jpg,,,
train_train_000341,/Users/Di/Documents/GitHub/My projects/Geodata_Archaeology_CV/datasets/dataset_yolo_bbox/images/train/train_000341.png,/Users/Di/Documents/GitHub/My projects/Geodata_Archaeology_CV/datasets/dataset_yolo_bbox/labels/train/train_000341.txt,train,Li,kurgany_povrezhdennye,1,558448.0,558448.0,558448.0,668.0,668.0,668.0,836.0,836.0,836.0,0.9030752182006836,True,True,previews/train_train_000341.jpg,,,
train_train_000342,/Users/Di/Documents/GitHub/My projects/Geodata_Archaeology_CV/datasets/dataset_yolo_bbox/images/train/train_000342.png,/Users/Di/Documents/GitHub/My projects/Geodata_Archaeology_CV/datasets/dataset_yolo_bbox/labels/train/train_000342.txt,train,Li,kurgany_povrezhdennye,1,49288.0,49288.0,49288.0,122.0,122.0,122.0,404.0,404.0,404.0,1.0,False,True,previews/train_train_000342.jpg,,,
train_train_000343,/Users/Di/Documents/GitHub/My projects/Geodata_Archaeology_CV/datasets/dataset_yolo_bbox/images/train/train_000343.png,/Users/Di/Documents/GitHub/My projects/Geodata_Archaeology_CV/datasets/dataset_yolo_bbox/labels/train/train_000343.txt,train,Li,kurgany_povrezhdennye,1,187995.0,187995.0,187995.0,415.0,415.0,415.0,453.0,453.0,453.0,1.0,False,True,previews/train_train_000343.jpg,,,
train_train_000344,/Users/Di/Documents/GitHub/My projects/Geodata_Archaeology_CV/datasets/dataset_yolo_bbox/images/train/train_000344.png,/Users/Di/Documents/GitHub/My projects/Geodata_Archaeology_CV/datasets/dataset_yolo_bbox/labels/train/train_000344.txt,train,Li,,0,,,,,,,,,,0.9529762268066406,True,False,previews/train_train_000344.jpg,,,
train_train_000345,/Users/Di/Documents/GitHub/My projects/Geodata_Archaeology_CV/datasets/dataset_yolo_bbox/images/train/train_000345.png,/Users/Di/Documents/GitHub/My projects/Geodata_Archaeology_CV/datasets/dataset_yolo_bbox/labels/train/train_000345.txt,train,Li,,0,,,,,,,,,,0.8385844230651855,True,False,previews/train_train_000345.jpg,,,
train_train_000346,/Users/Di/Documents/GitHub/My projects/Geodata_Archaeology_CV/datasets/dataset_yolo_bbox/images/train/train_000346.png,/Users/Di/Documents/GitHub/My projects/Geodata_Archaeology_CV/datasets/dataset_yolo_bbox/labels/train/train_000346.txt,train,Ae,,0,,,,,,,,,,1.0,True,False,previews/train_train_000346.jpg,,,
train_train_000347,/Users/Di/Documents/GitHub/My projects/Geodata_Archaeology_CV/datasets/dataset_yolo_bbox/images/train/train_000347.png,/Users/Di/Documents/GitHub/My projects/Geodata_Archaeology_CV/datasets/dataset_yolo_bbox/labels/train/train_000347.txt,train,Ae,,0,,,,,,,,,,1.0,False,False,previews/train_train_000347.jpg,,,
train_train_000348,/Users/Di/Documents/GitHub/My projects/Geodata_Archaeology_CV/datasets/dataset_yolo_bbox/images/train/train_000348.png,/Users/Di/Documents/GitHub/My projects/Geodata_Archaeology_CV/datasets/dataset_yolo_bbox/labels/train/train_000348.txt,train,Ae,,0,,,,,,,,,,1.0,False,False,previews/train_train_000348.jpg,,,
train_train_000349,/Users/Di/Documents/GitHub/My projects/Geodata_Archaeology_CV/datasets/dataset_yolo_bbox/images/train/train_000349.png,/Users/Di/Documents/GitHub/My projects/Geodata_Archaeology_CV/datasets/dataset_yolo_bbox/labels/train/train_000349.txt,train,Ae,,0,,,,,,,,,,1.0,False,False,previews/train_train_000349.jpg,,,
train_train_000350,/Users/Di/Documents/GitHub/My projects/Geodata_Archaeology_CV/datasets/dataset_yolo_bbox/images/train/train_000350.png,/Users/Di/Documents/GitHub/My projects/Geodata_Archaeology_CV/datasets/dataset_yolo_bbox/labels/train/train_000350.txt,train,Ae,,0,,,,,,,,,,1.0,False,False,previews/train_train_000350.jpg,,,
train_train_000351,/Users/Di/Documents/GitHub/My projects/Geodata_Archaeology_CV/datasets/dataset_yolo_bbox/images/train/train_000351.png,/Users/Di/Documents/GitHub/My projects/Geodata_Archaeology_CV/datasets/dataset_yolo_bbox/labels/train/train_000351.txt,train,Ae,,0,,,,,,,,,,1.0,False,False,previews/train_train_000351.jpg,,,
train_train_000352,/Users/Di/Documents/GitHub/My projects/Geodata_Archaeology_CV/datasets/dataset_yolo_bbox/images/train/train_000352.png,/Users/Di/Documents/GitHub/My projects/Geodata_Archaeology_CV/datasets/dataset_yolo_bbox/labels/train/train_000352.txt,train,Ae,,0,,,,,,,,,,1.0,False,False,previews/train_train_000352.jpg,,,
train_train_000353,/Users/Di/Documents/GitHub/My projects/Geodata_Archaeology_CV/datasets/dataset_yolo_bbox/images/train/train_000353.png,/Users/Di/Documents/GitHub/My projects/Geodata_Archaeology_CV/datasets/dataset_yolo_bbox/labels/train/train_000353.txt,train,Ae,,0,,,,,,,,,,1.0,False,False,previews/train_train_000353.jpg,,,
train_train_000354,/Users/Di/Documents/GitHub/My projects/Geodata_Archaeology_CV/datasets/dataset_yolo_bbox/images/train/train_000354.png,/Users/Di/Documents/GitHub/My projects/Geodata_Archaeology_CV/datasets/dataset_yolo_bbox/labels/train/train_000354.txt,train,Ae,fortifikatsii; gorodishcha,3,350.0,368856.0,1688517.0,10.0,654.0,1467.0,35.0,564.0,1151.0,1.0,False,True,previews/train_train_000354.jpg,,,
train_train_000355,/Users/Di/Documents/GitHub/My projects/Geodata_Archaeology_CV/datasets/dataset_yolo_bbox/images/train/train_000355.png,/Users/Di/Documents/GitHub/My projects/Geodata_Archaeology_CV/datasets/dataset_yolo_bbox/labels/train/train_000355.txt,train,Ae,fortifikatsii; gorodishcha,2,459136.0,506260.0,553384.0,544.0,585.0,626.0,844.0,864.0,884.0,1.0,False,True,previews/train_train_000355.jpg,,,
train_train_000356,/Users/Di/Documents/GitHub/My projects/Geodata_Archaeology_CV/datasets/dataset_yolo_bbox/images/train/train_000356.png,/Users/Di/Documents/GitHub/My projects/Geodata_Archaeology_CV/datasets/dataset_yolo_bbox/labels/train/train_000356.txt,train,Ae,,0,,,,,,,,,,1.0,True,False,previews/train_train_000356.jpg,,,
train_train_000357,/Users/Di/Documents/GitHub/My projects/Geodata_Archaeology_CV/datasets/dataset_yolo_bbox/images/train/train_000357.png,/Users/Di/Documents/GitHub/My projects/Geodata_Archaeology_CV/datasets/dataset_yolo_bbox/labels/train/train_000357.txt,train,Ae,kurgany_povrezhdennye,3,134900.0,156191.0,167571.0,380.0,421.0,433.0,355.0,371.0,387.0,1.0,False,True,previews/train_train_000357.jpg,,,
train_train_000358,/Users/Di/Documents/GitHub/My projects/Geodata_Archaeology_CV/datasets/dataset_yolo_bbox/images/train/train_000358.png,/Users/Di/Documents/GitHub/My projects/Geodata_Archaeology_CV/datasets/dataset_yolo_bbox/labels/train/train_000358.txt,train,Ae,kurgany_povrezhdennye,2,67095.0,116440.0,165785.0,189.0,328.0,467.0,355.0,355.0,355.0,1.0,False,True,previews/train_train_000358.jpg,,,
train_train_000359,/Users/Di/Documents/GitHub/My projects/Geodata_Archaeology_CV/datasets/dataset_yolo_bbox/images/train/train_000359.png,/Users/Di/Documents/GitHub/My projects/Geodata_Archaeology_CV/datasets/dataset_yolo_bbox/labels/train/train_000359.txt,train,Ae,,0,,,,,,,,,,1.0,False,False,previews/train_train_000359.jpg,,,
train_train_000360,/Users/Di/Documents/GitHub/My projects/Geodata_Archaeology_CV/datasets/dataset_yolo_bbox/images/train/train_000360.png,/Users/Di/Documents/GitHub/My projects/Geodata_Archaeology_CV/datasets/dataset_yolo_bbox/labels/train/train_000360.txt,train,Ae,,0,,,,,,,,,,1.0,False,False,previews/train_train_000360.jpg,,,
train_train_000361,/Users/Di/Documents/GitHub/My projects/Geodata_Archaeology_CV/datasets/dataset_yolo_bbox/images/train/train_000361.png,/Users/Di/Documents/GitHub/My projects/Geodata_Archaeology_CV/datasets/dataset_yolo_bbox/labels/train/train_000361.txt,train,Ae,fortifikatsii; gorodishcha,2,497458.0,787820.0,1078182.0,689.0,1041.0,1393.0,722.0,748.0,774.0,1.0,False,True,previews/train_train_000361.jpg,,,
train_train_000362,/Users/Di/Documents/GitHub/My projects/Geodata_Archaeology_CV/datasets/dataset_yolo_bbox/images/train/train_000362.png,/Users/Di/Documents/GitHub/My projects/Geodata_Archaeology_CV/datasets/dataset_yolo_bbox/labels/train/train_000362.txt,train,Ae,fortifikatsii; gorodishcha,2,151536.0,218568.0,285600.0,451.0,525.5,600.0,336.0,406.0,476.0,1.0,False,True,previews/train_train_000362.jpg,,,
train_train_000363,/Users/Di/Documents/GitHub/My projects/Geodata_Archaeology_CV/datasets/dataset_yolo_bbox/images/train/train_000363.png,/Users/Di/Documents/GitHub/My projects/Geodata_Archaeology_CV/datasets/dataset_yolo_bbox/labels/train/train_000363.txt,train,Ae,kurgany_povrezhdennye,1,11954.0,11954.0,11954.0,278.0,278.0,278.0,43.0,43.0,43.0,1.0,False,True,previews/train_train_000363.jpg,,,
train_train_000364,/Users/Di/Documents/GitHub/My projects/Geodata_Archaeology_CV/datasets/dataset_yolo_bbox/images/train/train_000364.png,/Users/Di/Documents/GitHub/My projects/Geodata_Archaeology_CV/datasets/dataset_yolo_bbox/labels/train/train_000364.txt,train,Ae,kurgany_povrezhdennye,1,12857.0,12857.0,12857.0,299.0,299.0,299.0,43.0,43.0,43.0,1.0,False,True,previews/train_train_000364.jpg,,,
train_train_000365,/Users/Di/Documents/GitHub/My projects/Geodata_Archaeology_CV/datasets/dataset_yolo_bbox/images/train/train_000365.png,/Users/Di/Documents/GitHub/My projects/Geodata_Archaeology_CV/datasets/dataset_yolo_bbox/labels/train/train_000365.txt,train,Ae,,0,,,,,,,,,,1.0,False,False,previews/train_train_000365.jpg,,,
train_train_000366,/Users/Di/Documents/GitHub/My projects/Geodata_Archaeology_CV/datasets/dataset_yolo_bbox/images/train/train_000366.png,/Users/Di/Documents/GitHub/My projects/Geodata_Archaeology_CV/datasets/dataset_yolo_bbox/labels/train/train_000366.txt,train,Ae,,0,,,,,,,,,,1.0,False,False,previews/train_train_000366.jpg,,,
train_train_000367,/Users/Di/Documents/GitHub/My projects/Geodata_Archaeology_CV/datasets/dataset_yolo_bbox/images/train/train_000367.png,/Users/Di/Documents/GitHub/My projects/Geodata_Archaeology_CV/datasets/dataset_yolo_bbox/labels/train/train_000367.txt,train,Ae,,0,,,,,,,,,,1.0,False,False,previews/train_train_000367.jpg,,,
train_train_000368,/Users/Di/Documents/GitHub/My projects/Geodata_Archaeology_CV/datasets/dataset_yolo_bbox/images/train/train_000368.png,/Users/Di/Documents/GitHub/My projects/Geodata_Archaeology_CV/datasets/dataset_yolo_bbox/labels/train/train_000368.txt,train,Ae,,0,,,,,,,,,,1.0,False,False,previews/train_train_000368.jpg,,,
train_train_000369,/Users/Di/Documents/GitHub/My projects/Geodata_Archaeology_CV/datasets/dataset_yolo_bbox/images/train/train_000369.png,/Users/Di/Documents/GitHub/My projects/Geodata_Archaeology_CV/datasets/dataset_yolo_bbox/labels/train/train_000369.txt,train,Ae,fortifikatsii,1,2809.0,2809.0,2809.0,53.0,53.0,53.0,53.0,53.0,53.0,1.0,False,False,previews/train_train_000369.jpg,,,
train_train_000370,/Users/Di/Documents/GitHub/My projects/Geodata_Archaeology_CV/datasets/dataset_yolo_bbox/images/train/train_000370.png,/Users/Di/Documents/GitHub/My projects/Geodata_Archaeology_CV/datasets/dataset_yolo_bbox/labels/train/train_000370.txt,train,Ae,kurgany_tselye,2,18972.0,37442.5,55913.0,153.0,226.0,299.0,124.0,155.5,187.0,1.0,False,True,previews/train_train_000370.jpg,,,
train_train_000371,/Users/Di/Documents/GitHub/My projects/Geodata_Archaeology_CV/datasets/dataset_yolo_bbox/images/train/train_000371.png,/Users/Di/Documents/GitHub/My projects/Geodata_Archaeology_CV/datasets/dataset_yolo_bbox/labels/train/train_000371.txt,train,Ae,fortifikatsii,1,1692.0,1692.0,1692.0,47.0,47.0,47.0,36.0,36.0,36.0,1.0,False,False,previews/train_train_000371.jpg,,,
train_train_000372,/Users/Di/Documents/GitHub/My projects/Geodata_Archaeology_CV/datasets/dataset_yolo_bbox/images/train/train_000372.png,/Users/Di/Documents/GitHub/My projects/Geodata_Archaeology_CV/datasets/dataset_yolo_bbox/labels/train/train_000372.txt,train,Ae,fortifikatsii,7,1440.0,1845.0,3819.0,39.0,45.0,67.0,32.0,44.0,57.0,1.0,False,False,previews/train_train_000372.jpg,,,
train_train_000373,/Users/Di/Documents/GitHub/My projects/Geodata_Archaeology_CV/datasets/dataset_yolo_bbox/images/train/train_000373.png,/Users/Di/Documents/GitHub/My projects/Geodata_Archaeology_CV/datasets/dataset_yolo_bbox/labels/train/train_000373.txt,train,Ae,fortifikatsii,1,3819.0,3819.0,3819.0,67.0,67.0,67.0,57.0,57.0,57.0,1.0,False,False,previews/train_train_000373.jpg,,,
train_train_000374,/Users/Di/Documents/GitHub/My projects/Geodata_Archaeology_CV/datasets/dataset_yolo_bbox/images/train/train_000374.png,/Users/Di/Documents/GitHub/My projects/Geodata_Archaeology_CV/datasets/dataset_yolo_bbox/labels/train/train_000374.txt,train,Ae,,0,,,,,,,,,,1.0,False,False,previews/train_train_000374.jpg,,,
train_train_000375,/Users/Di/Documents/GitHub/My projects/Geodata_Archaeology_CV/datasets/dataset_yolo_bbox/images/train/train_000375.png,/Users/Di/Documents/GitHub/My projects/Geodata_Archaeology_CV/datasets/dataset_yolo_bbox/labels/train/train_000375.txt,train,Ae,fortifikatsii; kurgany_tselye,5,1536.0,3220.0,81926.0,48.0,70.0,299.0,32.0,46.0,274.0,1.0,False,False,previews/train_train_000375.jpg,,,
train_train_000376,/Users/Di/Documents/GitHub/My projects/Geodata_Archaeology_CV/datasets/dataset_yolo_bbox/images/train/train_000376.png,/Users/Di/Documents/GitHub/My projects/Geodata_Archaeology_CV/datasets/dataset_yolo_bbox/labels/train/train_000376.txt,train,Ae,fortifikatsii,5,936.0,1692.0,2704.0,24.0,26.0,54.0,36.0,39.0,104.0,1.0,False,True,previews/train_train_000376.jpg,,,
train_train_000377,/Users/Di/Documents/GitHub/My projects/Geodata_Archaeology_CV/datasets/dataset_yolo_bbox/images/train/train_000377.png,/Users/Di/Documents/GitHub/My projects/Geodata_Archaeology_CV/datasets/dataset_yolo_bbox/labels/train/train_000377.txt,train,Ae,fortifikatsii,13,1025.0,1892.0,6032.0,25.0,39.0,62.0,36.0,46.0,116.0,1.0,False,True,previews/train_train_000377.jpg,,,
train_train_000378,/Users/Di/Documents/GitHub/My projects/Geodata_Archaeology_CV/datasets/dataset_yolo_bbox/images/train/train_000378.png,/Users/Di/Documents/GitHub/My projects/Geodata_Archaeology_CV/datasets/dataset_yolo_bbox/labels/train/train_000378.txt,train,Ae,,0,,,,,,,,,,1.0,True,False,previews/train_train_000378.jpg,,,
train_train_000379,/Users/Di/Documents/GitHub/My projects/Geodata_Archaeology_CV/datasets/dataset_yolo_bbox/images/train/train_000379.png,/Users/Di/Documents/GitHub/My projects/Geodata_Archaeology_CV/datasets/dataset_yolo_bbox/labels/train/train_000379.txt,train,Ae,fortifikatsii,2,936.0,980.5,1025.0,24.0,24.5,25.0,39.0,40.0,41.0,1.0,True,False,previews/train_train_000379.jpg,,,
train_train_000380,/Users/Di/Documents/GitHub/My projects/Geodata_Archaeology_CV/datasets/dataset_yolo_bbox/images/train/train_000380.png,/Users/Di/Documents/GitHub/My projects/Geodata_Archaeology_CV/datasets/dataset_yolo_bbox/labels/train/train_000380.txt,train,Ae,fortifikatsii,2,1025.0,2192.5,3360.0,25.0,27.5,30.0,41.0,76.5,112.0,1.0,True,False,previews/train_train_000380.jpg,,,
train_train_000381,/Users/Di/Documents/GitHub/My projects/Geodata_Archaeology_CV/datasets/dataset_yolo_bbox/images/train/train_000381.png,/Users/Di/Documents/GitHub/My projects/Geodata_Archaeology_CV/datasets/dataset_yolo_bbox/labels/train/train_000381.txt,train,Ae,,0,,,,,,,,,,1.0,True,False,previews/train_train_000381.jpg,,,
train_train_000382,/Users/Di/Documents/GitHub/My projects/Geodata_Archaeology_CV/datasets/dataset_yolo_bbox/images/train/train_000382.png,/Users/Di/Documents/GitHub/My projects/Geodata_Archaeology_CV/datasets/dataset_yolo_bbox/labels/train/train_000382.txt,train,SpOr,kurgany_povrezhdennye,1,3886.0,3886.0,3886.0,58.0,58.0,58.0,67.0,67.0,67.0,1.0,True,False,previews/train_train_000382.jpg,,,
val_val_000383,/Users/Di/Documents/GitHub/My projects/Geodata_Archaeology_CV/datasets/dataset_yolo_bbox/images/val/val_000383.png,/Users/Di/Documents/GitHub/My projects/Geodata_Archaeology_CV/datasets/dataset_yolo_bbox/labels/val/val_000383.txt,val,Li,kurgany_povrezhdennye,1,62749.0,62749.0,62749.0,131.0,131.0,131.0,479.0,479.0,479.0,0.5052430629730225,True,True,previews/val_val_000383.jpg,,,
val_val_000384,/Users/Di/Documents/GitHub/My projects/Geodata_Archaeology_CV/datasets/dataset_yolo_bbox/images/val/val_000384.png,/Users/Di/Documents/GitHub/My projects/Geodata_Archaeology_CV/datasets/dataset_yolo_bbox/labels/val/val_000384.txt,val,Li,kurgany_povrezhdennye,2,396116.0,475114.0,554112.0,602.0,717.0,832.0,658.0,662.0,666.0,0.936126708984375,True,False,previews/val_val_000384.jpg,,,
val_val_000385,/Users/Di/Documents/GitHub/My projects/Geodata_Archaeology_CV/datasets/dataset_yolo_bbox/images/val/val_000385.png,/Users/Di/Documents/GitHub/My projects/Geodata_Archaeology_CV/datasets/dataset_yolo_bbox/labels/val/val_000385.txt,val,Li,kurgany_povrezhdennye,2,95692.0,245904.0,396116.0,188.0,395.0,602.0,509.0,583.5,658.0,0.6001722812652588,True,True,previews/val_val_000385.jpg,,,
val_val_000386,/Users/Di/Documents/GitHub/My projects/Geodata_Archaeology_CV/datasets/dataset_yolo_bbox/images/val/val_000386.png,/Users/Di/Documents/GitHub/My projects/Geodata_Archaeology_CV/datasets/dataset_yolo_bbox/labels/val/val_000386.txt,val,Li,kurgany_povrezhdennye,2,120400.0,301344.0,482288.0,172.0,436.5,701.0,688.0,694.0,700.0,0.966949462890625,False,True,previews/val_val_000386.jpg,,,
val_val_000387,/Users/Di/Documents/GitHub/My projects/Geodata_Archaeology_CV/datasets/dataset_yolo_bbox/images/val/val_000387.png,/Users/Di/Documents/GitHub/My projects/Geodata_Archaeology_CV/datasets/dataset_yolo_bbox/labels/val/val_000387.txt,val,Li,kurgany_povrezhdennye,2,292400.0,537988.5,783577.0,425.0,747.0,1069.0,688.0,710.5,733.0,1.0,False,True,previews/val_val_000387.jpg,,,
val_val_000388,/Users/Di/Documents/GitHub/My projects/Geodata_Archaeology_CV/datasets/dataset_yolo_bbox/images/val/val_000388.png,/Users/Di/Documents/GitHub/My projects/Geodata_Archaeology_CV/datasets/dataset_yolo_bbox/labels/val/val_000388.txt,val,Li,,0,,,,,,,,,,1.0,False,False,previews/val_val_000388.jpg,,,
val_val_000389,/Users/Di/Documents/GitHub/My projects/Geodata_Archaeology_CV/datasets/dataset_yolo_bbox/images/val/val_000389.png,/Users/Di/Documents/GitHub/My projects/Geodata_Archaeology_CV/datasets/dataset_yolo_bbox/labels/val/val_000389.txt,val,Li,kurgany_povrezhdennye,2,88064.0,146480.0,204896.0,172.0,423.0,674.0,304.0,408.0,512.0,1.0,False,True,previews/val_val_000389.jpg,,,
val_val_000390,/Users/Di/Documents/GitHub/My projects/Geodata_Archaeology_CV/datasets/dataset_yolo_bbox/images/val/val_000390.png,/Users/Di/Documents/GitHub/My projects/Geodata_Archaeology_CV/datasets/dataset_yolo_bbox/labels/val/val_000390.txt,val,Li,kurgany_povrezhdennye,3,2158.0,124640.0,804957.0,13.0,410.0,1069.0,166.0,304.0,753.0,1.0,False,True,previews/val_val_000390.jpg,,,
val_val_000391,/Users/Di/Documents/GitHub/My projects/Geodata_Archaeology_CV/datasets/dataset_yolo_bbox/images/val/val_000391.png,/Users/Di/Documents/GitHub/My projects/Geodata_Archaeology_CV/datasets/dataset_yolo_bbox/labels/val/val_000391.txt,val,Li,kurgany_povrezhdennye,1,287622.0,287622.0,287622.0,522.0,522.0,522.0,551.0,551.0,551.0,1.0,False,False,previews/val_val_000391.jpg,,,
val_val_000392,/Users/Di/Documents/GitHub/My projects/Geodata_Archaeology_CV/datasets/dataset_yolo_bbox/images/val/val_000392.png,/Users/Di/Documents/GitHub/My projects/Geodata_Archaeology_CV/datasets/dataset_yolo_bbox/labels/val/val_000392.txt,val,Li,,0,,,,,,,,,,0.8543205261230469,True,False,previews/val_val_000392.jpg,,,
val_val_000393,/Users/Di/Documents/GitHub/My projects/Geodata_Archaeology_CV/datasets/dataset_yolo_bbox/images/val/val_000393.png,/Users/Di/Documents/GitHub/My projects/Geodata_Archaeology_CV/datasets/dataset_yolo_bbox/labels/val/val_000393.txt,val,Li,,0,,,,,,,,,,0.9615199565887452,False,False,previews/val_val_000393.jpg,,,
val_val_000394,/Users/Di/Documents/GitHub/My projects/Geodata_Archaeology_CV/datasets/dataset_yolo_bbox/images/val/val_000394.png,/Users/Di/Documents/GitHub/My projects/Geodata_Archaeology_CV/datasets/dataset_yolo_bbox/labels/val/val_000394.txt,val,Li,,0,,,,,,,,,,1.0,False,False,previews/val_val_000394.jpg,,,
val_val_000395,/Users/Di/Documents/GitHub/My projects/Geodata_Archaeology_CV/datasets/dataset_yolo_bbox/images/val/val_000395.png,/Users/Di/Documents/GitHub/My projects/Geodata_Archaeology_CV/datasets/dataset_yolo_bbox/labels/val/val_000395.txt,val,Li,,0,,,,,,,,,,1.0,False,False,previews/val_val_000395.jpg,,,
val_val_000396,/Users/Di/Documents/GitHub/My projects/Geodata_Archaeology_CV/datasets/dataset_yolo_bbox/images/val/val_000396.png,/Users/Di/Documents/GitHub/My projects/Geodata_Archaeology_CV/datasets/dataset_yolo_bbox/labels/val/val_000396.txt,val,Li,kurgany_povrezhdennye,1,226402.0,226402.0,226402.0,502.0,502.0,502.0,451.0,451.0,451.0,0.9352900981903076,True,False,previews/val_val_000396.jpg,,,
val_val_000397,/Users/Di/Documents/GitHub/My projects/Geodata_Archaeology_CV/datasets/dataset_yolo_bbox/images/val/val_000397.png,/Users/Di/Documents/GitHub/My projects/Geodata_Archaeology_CV/datasets/dataset_yolo_bbox/labels/val/val_000397.txt,val,Li,kurgany_povrezhdennye,1,53400.0,53400.0,53400.0,534.0,534.0,534.0,100.0,100.0,100.0,0.4098455905914306,True,True,previews/val_val_000397.jpg,,,
val_val_000398,/Users/Di/Documents/GitHub/My projects/Geodata_Archaeology_CV/datasets/dataset_yolo_bbox/images/val/val_000398.png,/Users/Di/Documents/GitHub/My projects/Geodata_Archaeology_CV/datasets/dataset_yolo_bbox/labels/val/val_000398.txt,val,Li,kurgany_povrezhdennye,1,52800.0,52800.0,52800.0,528.0,528.0,528.0,100.0,100.0,100.0,0.9586470127105712,False,True,previews/val_val_000398.jpg,,,
val_val_000399,/Users/Di/Documents/GitHub/My projects/Geodata_Archaeology_CV/datasets/dataset_yolo_bbox/images/val/val_000399.png,/Users/Di/Documents/GitHub/My projects/Geodata_Archaeology_CV/datasets/dataset_yolo_bbox/labels/val/val_000399.txt,val,Li,,0,,,,,,,,,,1.0,False,False,previews/val_val_000399.jpg,,,
val_val_000400,/Users/Di/Documents/GitHub/My projects/Geodata_Archaeology_CV/datasets/dataset_yolo_bbox/images/val/val_000400.png,/Users/Di/Documents/GitHub/My projects/Geodata_Archaeology_CV/datasets/dataset_yolo_bbox/labels/val/val_000400.txt,val,Li,,0,,,,,,,,,,1.0,False,False,previews/val_val_000400.jpg,,,
val_val_000401,/Users/Di/Documents/GitHub/My projects/Geodata_Archaeology_CV/datasets/dataset_yolo_bbox/images/val/val_000401.png,/Users/Di/Documents/GitHub/My projects/Geodata_Archaeology_CV/datasets/dataset_yolo_bbox/labels/val/val_000401.txt,val,Li,kurgany_povrezhdennye,1,66603.0,66603.0,66603.0,447.0,447.0,447.0,149.0,149.0,149.0,0.7190382480621338,True,True,previews/val_val_000401.jpg,,,
val_val_000402,/Users/Di/Documents/GitHub/My projects/Geodata_Archaeology_CV/datasets/dataset_yolo_bbox/images/val/val_000402.png,/Users/Di/Documents/GitHub/My projects/Geodata_Archaeology_CV/datasets/dataset_yolo_bbox/labels/val/val_000402.txt,val,Li,kurgany_povrezhdennye,3,58121.0,266352.0,448560.0,361.0,537.0,630.0,161.0,496.0,712.0,0.7938399314880371,True,True,previews/val_val_000402.jpg,,,
val_val_000403,/Users/Di/Documents/GitHub/My projects/Geodata_Archaeology_CV/datasets/dataset_yolo_bbox/images/val/val_000403.png,/Users/Di/Documents/GitHub/My projects/Geodata_Archaeology_CV/datasets/dataset_yolo_bbox/labels/val/val_000403.txt,val,Li,kurgany_povrezhdennye,2,58108.0,262590.0,467072.0,199.0,427.5,656.0,292.0,502.0,712.0,1.0,False,True,previews/val_val_000403.jpg,,,
val_val_000404,/Users/Di/Documents/GitHub/My projects/Geodata_Archaeology_CV/datasets/dataset_yolo_bbox/images/val/val_000404.png,/Users/Di/Documents/GitHub/My projects/Geodata_Archaeology_CV/datasets/dataset_yolo_bbox/labels/val/val_000404.txt,val,Li,kurgany_povrezhdennye,2,187456.0,226685.0,265914.0,464.0,666.5,869.0,306.0,355.0,404.0,1.0,False,True,previews/val_val_000404.jpg,,,
val_val_000405,/Users/Di/Documents/GitHub/My projects/Geodata_Archaeology_CV/datasets/dataset_yolo_bbox/images/val/val_000405.png,/Users/Di/Documents/GitHub/My projects/Geodata_Archaeology_CV/datasets/dataset_yolo_bbox/labels/val/val_000405.txt,val,Li,kurgany_povrezhdennye,2,58135.0,162474.5,266814.0,151.0,350.0,549.0,385.0,435.5,486.0,1.0,False,True,previews/val_val_000405.jpg,,,
val_val_000406,/Users/Di/Documents/GitHub/My projects/Geodata_Archaeology_CV/datasets/dataset_yolo_bbox/images/val/val_000406.png,/Users/Di/Documents/GitHub/My projects/Geodata_Archaeology_CV/datasets/dataset_yolo_bbox/labels/val/val_000406.txt,val,Li,kurgany_povrezhdennye,2,152036.0,179927.5,207819.0,398.0,467.5,537.0,382.0,384.5,387.0,0.5111231803894043,True,True,previews/val_val_000406.jpg,,,
val_val_000407,/Users/Di/Documents/GitHub/My projects/Geodata_Archaeology_CV/datasets/dataset_yolo_bbox/images/val/val_000407.png,/Users/Di/Documents/GitHub/My projects/Geodata_Archaeology_CV/datasets/dataset_yolo_bbox/labels/val/val_000407.txt,val,Li,kurgany_povrezhdennye,1,171380.0,171380.0,171380.0,205.0,205.0,205.0,836.0,836.0,836.0,0.6660764217376709,True,True,previews/val_val_000407.jpg,,,
val_val_000408,/Users/Di/Documents/GitHub/My projects/Geodata_Archaeology_CV/datasets/dataset_yolo_bbox/images/val/val_000408.png,/Users/Di/Documents/GitHub/My projects/Geodata_Archaeology_CV/datasets/dataset_yolo_bbox/labels/val/val_000408.txt,val,Li,kurgany_povrezhdennye,2,164720.0,541241.5,917763.0,464.0,711.5,959.0,355.0,656.0,957.0,0.7813854217529297,True,True,previews/val_val_000408.jpg,,,
val_val_000409,/Users/Di/Documents/GitHub/My projects/Geodata_Archaeology_CV/datasets/dataset_yolo_bbox/images/val/val_000409.png,/Users/Di/Documents/GitHub/My projects/Geodata_Archaeology_CV/datasets/dataset_yolo_bbox/labels/val/val_000409.txt,val,Li,kurgany_povrezhdennye,2,53605.0,160209.5,266814.0,151.0,350.0,549.0,355.0,420.5,486.0,0.8966927528381348,True,True,previews/val_val_000409.jpg,,,
val_val_000410,/Users/Di/Documents/GitHub/My projects/Geodata_Archaeology_CV/datasets/dataset_yolo_bbox/images/val/val_000410.png,/Users/Di/Documents/GitHub/My projects/Geodata_Archaeology_CV/datasets/dataset_yolo_bbox/labels/val/val_000410.txt,val,Li,,0,,,,,,,,,,0.8585109710693359,True,False,previews/val_val_000410.jpg,,,
val_val_000411,/Users/Di/Documents/GitHub/My projects/Geodata_Archaeology_CV/datasets/dataset_yolo_bbox/images/val/val_000411.png,/Users/Di/Documents/GitHub/My projects/Geodata_Archaeology_CV/datasets/dataset_yolo_bbox/labels/val/val_000411.txt,val,SpOr,kurgany_povrezhdennye,8,1935.0,2631.0,7644.0,45.0,54.5,91.0,42.0,49.5,84.0,1.0,True,False,previews/val_val_000411.jpg,,,
val_val_000412,/Users/Di/Documents/GitHub/My projects/Geodata_Archaeology_CV/datasets/dataset_yolo_bbox/images/val/val_000412.png,/Users/Di/Documents/GitHub/My projects/Geodata_Archaeology_CV/datasets/dataset_yolo_bbox/labels/val/val_000412.txt,val,SpOr,kurgany_povrezhdennye,3,1935.0,2184.0,4148.0,45.0,52.0,68.0,42.0,43.0,61.0,1.0,True,False,previews/val_val_000412.jpg,,,
train_train_000413,/Users/Di/Documents/GitHub/My projects/Geodata_Archaeology_CV/datasets/dataset_yolo_bbox/images/train/train_000413.png,/Users/Di/Documents/GitHub/My projects/Geodata_Archaeology_CV/datasets/dataset_yolo_bbox/labels/train/train_000413.txt,train,Li,kurgany_povrezhdennye,1,485448.0,485448.0,485448.0,716.0,716.0,716.0,678.0,678.0,678.0,0.7218565940856934,True,True,previews/train_train_000413.jpg,,,
train_train_000414,/Users/Di/Documents/GitHub/My projects/Geodata_Archaeology_CV/datasets/dataset_yolo_bbox/images/train/train_000414.png,/Users/Di/Documents/GitHub/My projects/Geodata_Archaeology_CV/datasets/dataset_yolo_bbox/labels/train/train_000414.txt,train,Li,kurgany_povrezhdennye,4,233970.0,461231.0,776127.0,330.0,734.5,957.0,548.0,701.0,811.0,0.9212157130241394,False,True,previews/train_train_000414.jpg,,,
train_train_000415,/Users/Di/Documents/GitHub/My projects/Geodata_Archaeology_CV/datasets/dataset_yolo_bbox/images/train/train_000415.png,/Users/Di/Documents/GitHub/My projects/Geodata_Archaeology_CV/datasets/dataset_yolo_bbox/labels/train/train_000415.txt,train,Li,kurgany_povrezhdennye,7,220800.0,561330.0,961252.0,480.0,716.0,851.0,460.0,753.0,1439.0,1.0,False,True,previews/train_train_000415.jpg,,,
train_train_000416,/Users/Di/Documents/GitHub/My projects/Geodata_Archaeology_CV/datasets/dataset_yolo_bbox/images/train/train_000416.png,/Users/Di/Documents/GitHub/My projects/Geodata_Archaeology_CV/datasets/dataset_yolo_bbox/labels/train/train_000416.txt,train,Li,kurgany_povrezhdennye,5,12798.0,576720.0,2232032.0,162.0,833.0,1492.0,79.0,720.0,1496.0,0.7234167456626892,False,True,previews/train_train_000416.jpg,,,
train_train_000417,/Users/Di/Documents/GitHub/My projects/Geodata_Archaeology_CV/datasets/dataset_yolo_bbox/images/train/train_000417.png,/Users/Di/Documents/GitHub/My projects/Geodata_Archaeology_CV/datasets/dataset_yolo_bbox/labels/train/train_000417.txt,train,Li,kurgany_povrezhdennye,3,135289.0,194370.0,361132.0,251.0,330.0,659.0,539.0,548.0,589.0,1.0,False,True,previews/train_train_000417.jpg,,,
train_train_000418,/Users/Di/Documents/GitHub/My projects/Geodata_Archaeology_CV/datasets/dataset_yolo_bbox/images/train/train_000418.png,/Users/Di/Documents/GitHub/My projects/Geodata_Archaeology_CV/datasets/dataset_yolo_bbox/labels/train/train_000418.txt,train,Li,kurgany_povrezhdennye,4,355880.0,586195.0,2870814.0,620.0,873.5,1758.0,574.0,666.5,1633.0,1.0,False,True,previews/train_train_000418.jpg,,,
train_train_000419,/Users/Di/Documents/GitHub/My projects/Geodata_Archaeology_CV/datasets/dataset_yolo_bbox/images/train/train_000419.png,/Users/Di/Documents/GitHub/My projects/Geodata_Archaeology_CV/datasets/dataset_yolo_bbox/labels/train/train_000419.txt,train,Li,kurgany_povrezhdennye,5,117260.0,671370.0,1082655.0,220.0,834.0,1473.0,533.0,805.0,1084.0,0.9982247352600098,False,True,previews/train_train_000419.jpg,,,
train_train_000420,/Users/Di/Documents/GitHub/My projects/Geodata_Archaeology_CV/datasets/dataset_yolo_bbox/images/train/train_000420.png,/Users/Di/Documents/GitHub/My projects/Geodata_Archaeology_CV/datasets/dataset_yolo_bbox/labels/train/train_000420.txt,train,Li,kurgany_povrezhdennye,3,389358.0,519248.0,671370.0,664.0,669.0,834.0,582.0,782.0,805.0,0.6641281247138977,True,True,previews/train_train_000420.jpg,,,
train_train_000421,/Users/Di/Documents/GitHub/My projects/Geodata_Archaeology_CV/datasets/dataset_yolo_bbox/images/train/train_000421.png,/Users/Di/Documents/GitHub/My projects/Geodata_Archaeology_CV/datasets/dataset_yolo_bbox/labels/train/train_000421.txt,train,Li,,0,,,,,,,,,,0.7973423004150391,False,False,previews/train_train_000421.jpg,,,
train_train_000422,/Users/Di/Documents/GitHub/My projects/Geodata_Archaeology_CV/datasets/dataset_yolo_bbox/images/train/train_000422.png,/Users/Di/Documents/GitHub/My projects/Geodata_Archaeology_CV/datasets/dataset_yolo_bbox/labels/train/train_000422.txt,train,Li,kurgany_povrezhdennye,2,680358.0,1017277.0,1354196.0,932.0,1145.0,1358.0,501.0,977.0,1453.0,1.0,False,True,previews/train_train_000422.jpg,,,
train_train_000423,/Users/Di/Documents/GitHub/My projects/Geodata_Archaeology_CV/datasets/dataset_yolo_bbox/images/train/train_000423.png,/Users/Di/Documents/GitHub/My projects/Geodata_Archaeology_CV/datasets/dataset_yolo_bbox/labels/train/train_000423.txt,train,Li,kurgany_povrezhdennye,2,65892.0,1162653.5,2259415.0,228.0,891.5,1555.0,289.0,871.0,1453.0,0.9365472197532654,False,True,previews/train_train_000423.jpg,,,
train_train_000424,/Users/Di/Documents/GitHub/My projects/Geodata_Archaeology_CV/datasets/dataset_yolo_bbox/images/train/train_000424.png,/Users/Di/Documents/GitHub/My projects/Geodata_Archaeology_CV/datasets/dataset_yolo_bbox/labels/train/train_000424.txt,train,Li,,0,,,,,,,,,,0.5280107855796814,True,False,previews/train_train_000424.jpg,,,
train_train_000425,/Users/Di/Documents/GitHub/My projects/Geodata_Archaeology_CV/datasets/dataset_yolo_bbox/images/train/train_000425.png,/Users/Di/Documents/GitHub/My projects/Geodata_Archaeology_CV/datasets/dataset_yolo_bbox/labels/train/train_000425.txt,train,Li,,0,,,,,,,,,,0.6008188724517822,True,False,previews/train_train_000425.jpg,,,
train_train_000426,/Users/Di/Documents/GitHub/My projects/Geodata_Archaeology_CV/datasets/dataset_yolo_bbox/images/train/train_000426.png,/Users/Di/Documents/GitHub/My projects/Geodata_Archaeology_CV/datasets/dataset_yolo_bbox/labels/train/train_000426.txt,train,Li,kurgany_povrezhdennye,1,1061130.0,1061130.0,1061130.0,1085.0,1085.0,1085.0,978.0,978.0,978.0,0.8205031752586365,True,False,previews/train_train_000426.jpg,,,
train_train_000427,/Users/Di/Documents/GitHub/My projects/Geodata_Archaeology_CV/datasets/dataset_yolo_bbox/images/train/train_000427.png,/Users/Di/Documents/GitHub/My projects/Geodata_Archaeology_CV/datasets/dataset_yolo_bbox/labels/train/train_000427.txt,train,Li,kurgany_povrezhdennye,2,306072.0,533976.0,761880.0,351.0,595.5,840.0,872.0,889.5,907.0,1.0,False,True,previews/train_train_000427.jpg,,,
train_train_000428,/Users/Di/Documents/GitHub/My projects/Geodata_Archaeology_CV/datasets/dataset_yolo_bbox/images/train/train_000428.png,/Users/Di/Documents/GitHub/My projects/Geodata_Archaeology_CV/datasets/dataset_yolo_bbox/labels/train/train_000428.txt,train,Li,,0,,,,,,,,,,0.5230270624160767,True,False,previews/train_train_000428.jpg,,,
train_train_000429,/Users/Di/Documents/GitHub/My projects/Geodata_Archaeology_CV/datasets/dataset_yolo_bbox/images/train/train_000429.png,/Users/Di/Documents/GitHub/My projects/Geodata_Archaeology_CV/datasets/dataset_yolo_bbox/labels/train/train_000429.txt,train,Li,,0,,,,,,,,,,0.7423102259635925,True,False,previews/train_train_000429.jpg,,,
train_train_000430,/Users/Di/Documents/GitHub/My projects/Geodata_Archaeology_CV/datasets/dataset_yolo_bbox/images/train/train_000430.png,/Users/Di/Documents/GitHub/My projects/Geodata_Archaeology_CV/datasets/dataset_yolo_bbox/labels/train/train_000430.txt,train,SpOr,kurgany_povrezhdennye,2,6789.0,7039.5,7290.0,73.0,81.5,90.0,81.0,87.0,93.0,1.0,True,False,previews/train_train_000430.jpg,,,
train_train_000431,/Users/Di/Documents/GitHub/My projects/Geodata_Archaeology_CV/datasets/dataset_yolo_bbox/images/train/train_000431.png,/Users/Di/Documents/GitHub/My projects/Geodata_Archaeology_CV/datasets/dataset_yolo_bbox/labels/train/train_000431.txt,train,Li,kurgany_povrezhdennye,4,444285.0,516784.0,2065865.0,376.0,874.5,1315.0,405.0,1072.0,1571.0,0.857643723487854,True,True,previews/train_train_000431.jpg,,,
train_train_000432,/Users/Di/Documents/GitHub/My projects/Geodata_Archaeology_CV/datasets/dataset_yolo_bbox/images/train/train_000432.png,/Users/Di/Documents/GitHub/My projects/Geodata_Archaeology_CV/datasets/dataset_yolo_bbox/labels/train/train_000432.txt,train,Li,kurgany_povrezhdennye,2,893899.0,1428987.0,1964075.0,569.0,912.0,1255.0,1565.0,1568.0,1571.0,0.8957899808883667,True,True,previews/train_train_000432.jpg,,,
train_train_000433,/Users/Di/Documents/GitHub/My projects/Geodata_Archaeology_CV/datasets/dataset_yolo_bbox/images/train/train_000433.png,/Users/Di/Documents/GitHub/My projects/Geodata_Archaeology_CV/datasets/dataset_yolo_bbox/labels/train/train_000433.txt,train,Li,kurgany_povrezhdennye,1,699060.0,699060.0,699060.0,764.0,764.0,764.0,915.0,915.0,915.0,0.5654036998748779,True,False,previews/train_train_000433.jpg,,,
train_train_000434,/Users/Di/Documents/GitHub/My projects/Geodata_Archaeology_CV/datasets/dataset_yolo_bbox/images/train/train_000434.png,/Users/Di/Documents/GitHub/My projects/Geodata_Archaeology_CV/datasets/dataset_yolo_bbox/labels/train/train_000434.txt,train,Li,kurgany_povrezhdennye,1,699060.0,699060.0,699060.0,764.0,764.0,764.0,915.0,915.0,915.0,0.545021653175354,True,False,previews/train_train_000434.jpg,,,
train_train_000435,/Users/Di/Documents/GitHub/My projects/Geodata_Archaeology_CV/datasets/dataset_yolo_bbox/images/train/train_000435.png,/Users/Di/Documents/GitHub/My projects/Geodata_Archaeology_CV/datasets/dataset_yolo_bbox/labels/train/train_000435.txt,train,Li,kurgany_povrezhdennye,3,102828.0,537248.0,1835708.0,652.0,779.0,1237.0,132.0,824.0,1484.0,0.8459302186965942,True,True,previews/train_train_000435.jpg,,,
train_train_000436,/Users/Di/Documents/GitHub/My projects/Geodata_Archaeology_CV/datasets/dataset_yolo_bbox/images/train/train_000436.png,/Users/Di/Documents/GitHub/My projects/Geodata_Archaeology_CV/datasets/dataset_yolo_bbox/labels/train/train_000436.txt,train,Li,kurgany_povrezhdennye,1,53856.0,53856.0,53856.0,408.0,408.0,408.0,132.0,132.0,132.0,1.0,False,True,previews/train_train_000436.jpg,,,
train_train_000437,/Users/Di/Documents/GitHub/My projects/Geodata_Archaeology_CV/datasets/dataset_yolo_bbox/images/train/train_000437.png,/Users/Di/Documents/GitHub/My projects/Geodata_Archaeology_CV/datasets/dataset_yolo_bbox/labels/train/train_000437.txt,train,Li,,0,,,,,,,,,,1.0,False,False,previews/train_train_000437.jpg,,,
train_train_000438,/Users/Di/Documents/GitHub/My projects/Geodata_Archaeology_CV/datasets/dataset_yolo_bbox/images/train/train_000438.png,/Users/Di/Documents/GitHub/My projects/Geodata_Archaeology_CV/datasets/dataset_yolo_bbox/labels/train/train_000438.txt,train,Li,,0,,,,,,,,,,1.0,False,False,previews/train_train_000438.jpg,,,
train_train_000439,/Users/Di/Documents/GitHub/My projects/Geodata_Archaeology_CV/datasets/dataset_yolo_bbox/images/train/train_000439.png,/Users/Di/Documents/GitHub/My projects/Geodata_Archaeology_CV/datasets/dataset_yolo_bbox/labels/train/train_000439.txt,train,Li,kurgany_povrezhdennye,1,699060.0,699060.0,699060.0,764.0,764.0,764.0,915.0,915.0,915.0,0.86166912317276,False,False,previews/train_train_000439.jpg,,,
train_train_000440,/Users/Di/Documents/GitHub/My projects/Geodata_Archaeology_CV/datasets/dataset_yolo_bbox/images/train/train_000440.png,/Users/Di/Documents/GitHub/My projects/Geodata_Archaeology_CV/datasets/dataset_yolo_bbox/labels/train/train_000440.txt,train,Li,kurgany_povrezhdennye,1,699060.0,699060.0,699060.0,764.0,764.0,764.0,915.0,915.0,915.0,0.8067360520362854,True,False,previews/train_train_000440.jpg,,,
train_train_000441,/Users/Di/Documents/GitHub/My projects/Geodata_Archaeology_CV/datasets/dataset_yolo_bbox/images/train/train_000441.png,/Users/Di/Documents/GitHub/My projects/Geodata_Archaeology_CV/datasets/dataset_yolo_bbox/labels/train/train_000441.txt,train,Li,kurgany_povrezhdennye,1,276172.0,276172.0,276172.0,226.0,226.0,226.0,1222.0,1222.0,1222.0,0.9667654037475586,False,True,previews/train_train_000441.jpg,,,
train_train_000442,/Users/Di/Documents/GitHub/My projects/Geodata_Archaeology_CV/datasets/dataset_yolo_bbox/images/train/train_000442.png,/Users/Di/Documents/GitHub/My projects/Geodata_Archaeology_CV/datasets/dataset_yolo_bbox/labels/train/train_000442.txt,train,Li,kurgany_povrezhdennye,1,2664948.0,2664948.0,2664948.0,1553.0,1553.0,1553.0,1716.0,1716.0,1716.0,1.0,False,False,previews/train_train_000442.jpg,,,
train_train_000443,/Users/Di/Documents/GitHub/My projects/Geodata_Archaeology_CV/datasets/dataset_yolo_bbox/images/train/train_000443.png,/Users/Di/Documents/GitHub/My projects/Geodata_Archaeology_CV/datasets/dataset_yolo_bbox/labels/train/train_000443.txt,train,Li,kurgany_povrezhdennye,1,276172.0,276172.0,276172.0,226.0,226.0,226.0,1222.0,1222.0,1222.0,0.7851782441139221,True,True,previews/train_train_000443.jpg,,,
train_train_000444,/Users/Di/Documents/GitHub/My projects/Geodata_Archaeology_CV/datasets/dataset_yolo_bbox/images/train/train_000444.png,/Users/Di/Documents/GitHub/My projects/Geodata_Archaeology_CV/datasets/dataset_yolo_bbox/labels/train/train_000444.txt,train,Li,kurgany_povrezhdennye,1,2664948.0,2664948.0,2664948.0,1553.0,1553.0,1553.0,1716.0,1716.0,1716.0,0.9895232319831848,True,False,previews/train_train_000444.jpg,,,
train_train_000445,/Users/Di/Documents/GitHub/My projects/Geodata_Archaeology_CV/datasets/dataset_yolo_bbox/images/train/train_000445.png,/Users/Di/Documents/GitHub/My projects/Geodata_Archaeology_CV/datasets/dataset_yolo_bbox/labels/train/train_000445.txt,train,Li,gorodishcha,1,515680.0,515680.0,515680.0,1465.0,1465.0,1465.0,352.0,352.0,352.0,0.9460971355438232,True,True,previews/train_train_000445.jpg,,,
train_train_000446,/Users/Di/Documents/GitHub/My projects/Geodata_Archaeology_CV/datasets/dataset_yolo_bbox/images/train/train_000446.png,/Users/Di/Documents/GitHub/My projects/Geodata_Archaeology_CV/datasets/dataset_yolo_bbox/labels/train/train_000446.txt,train,Li,gorodishcha,1,1127897.0,1127897.0,1127897.0,2047.0,2047.0,2047.0,551.0,551.0,551.0,0.8990280628204346,True,True,previews/train_train_000446.jpg,,,
train_train_000447,/Users/Di/Documents/GitHub/My projects/Geodata_Archaeology_CV/datasets/dataset_yolo_bbox/images/train/train_000447.png,/Users/Di/Documents/GitHub/My projects/Geodata_Archaeology_CV/datasets/dataset_yolo_bbox/labels/train/train_000447.txt,train,Li,gorodishcha,1,1052424.0,1052424.0,1052424.0,1692.0,1692.0,1692.0,622.0,622.0,622.0,0.7500226497650146,True,True,previews/train_train_000447.jpg,,,
train_train_000448,/Users/Di/Documents/GitHub/My projects/Geodata_Archaeology_CV/datasets/dataset_yolo_bbox/images/train/train_000448.png,/Users/Di/Documents/GitHub/My projects/Geodata_Archaeology_CV/datasets/dataset_yolo_bbox/labels/train/train_000448.txt,train,Li,gorodishcha,1,67236.0,67236.0,67236.0,156.0,156.0,156.0,431.0,431.0,431.0,0.5481283664703369,True,True,previews/train_train_000448.jpg,,,
train_train_000449,/Users/Di/Documents/GitHub/My projects/Geodata_Archaeology_CV/datasets/dataset_yolo_bbox/images/train/train_000449.png,/Users/Di/Documents/GitHub/My projects/Geodata_Archaeology_CV/datasets/dataset_yolo_bbox/labels/train/train_000449.txt,train,Li,gorodishcha,1,2769696.0,2769696.0,2769696.0,1467.0,1467.0,1467.0,1888.0,1888.0,1888.0,1.0,False,True,previews/train_train_000449.jpg,,,
train_train_000450,/Users/Di/Documents/GitHub/My projects/Geodata_Archaeology_CV/datasets/dataset_yolo_bbox/images/train/train_000450.png,/Users/Di/Documents/GitHub/My projects/Geodata_Archaeology_CV/datasets/dataset_yolo_bbox/labels/train/train_000450.txt,train,Li,gorodishcha,1,4190209.0,4190209.0,4190209.0,2047.0,2047.0,2047.0,2047.0,2047.0,2047.0,1.0,False,True,previews/train_train_000450.jpg,,,
train_train_000451,/Users/Di/Documents/GitHub/My projects/Geodata_Archaeology_CV/datasets/dataset_yolo_bbox/images/train/train_000451.png,/Users/Di/Documents/GitHub/My projects/Geodata_Archaeology_CV/datasets/dataset_yolo_bbox/labels/train/train_000451.txt,train,Li,gorodishcha,1,4190209.0,4190209.0,4190209.0,2047.0,2047.0,2047.0,2047.0,2047.0,2047.0,1.0,False,True,previews/train_train_000451.jpg,,,
train_train_000452,/Users/Di/Documents/GitHub/My projects/Geodata_Archaeology_CV/datasets/dataset_yolo_bbox/images/train/train_000452.png,/Users/Di/Documents/GitHub/My projects/Geodata_Archaeology_CV/datasets/dataset_yolo_bbox/labels/train/train_000452.txt,train,Li,gorodishcha,1,1014972.0,1014972.0,1014972.0,516.0,516.0,516.0,1967.0,1967.0,1967.0,1.0,False,True,previews/train_train_000452.jpg,,,
train_train_000453,/Users/Di/Documents/GitHub/My projects/Geodata_Archaeology_CV/datasets/dataset_yolo_bbox/images/train/train_000453.png,/Users/Di/Documents/GitHub/My projects/Geodata_Archaeology_CV/datasets/dataset_yolo_bbox/labels/train/train_000453.txt,train,Li,,0,,,,,,,,,,0.9897255897521972,False,False,previews/train_train_000453.jpg,,,
train_train_000454,/Users/Di/Documents/GitHub/My projects/Geodata_Archaeology_CV/datasets/dataset_yolo_bbox/images/train/train_000454.png,/Users/Di/Documents/GitHub/My projects/Geodata_Archaeology_CV/datasets/dataset_yolo_bbox/labels/train/train_000454.txt,train,Li,,0,,,,,,,,,,0.6229138374328613,True,False,previews/train_train_000454.jpg,,,
train_train_000455,/Users/Di/Documents/GitHub/My projects/Geodata_Archaeology_CV/datasets/dataset_yolo_bbox/images/train/train_000455.png,/Users/Di/Documents/GitHub/My projects/Geodata_Archaeology_CV/datasets/dataset_yolo_bbox/labels/train/train_000455.txt,train,Li,gorodishcha,1,1141950.0,1141950.0,1141950.0,993.0,993.0,993.0,1150.0,1150.0,1150.0,1.0,False,True,previews/train_train_000455.jpg,,,
train_train_000456,/Users/Di/Documents/GitHub/My projects/Geodata_Archaeology_CV/datasets/dataset_yolo_bbox/images/train/train_000456.png,/Users/Di/Documents/GitHub/My projects/Geodata_Archaeology_CV/datasets/dataset_yolo_bbox/labels/train/train_000456.txt,train,Li,gorodishcha,2,826616.0,1971075.0,3115534.0,812.0,1429.5,2047.0,1018.0,1270.0,1522.0,1.0,False,True,previews/train_train_000456.jpg,,,
train_train_000457,/Users/Di/Documents/GitHub/My projects/Geodata_Archaeology_CV/datasets/dataset_yolo_bbox/images/train/train_000457.png,/Users/Di/Documents/GitHub/My projects/Geodata_Archaeology_CV/datasets/dataset_yolo_bbox/labels/train/train_000457.txt,train,Li,gorodishcha,3,310042.0,838440.0,4190209.0,779.0,822.0,2047.0,398.0,1020.0,2047.0,1.0,False,True,previews/train_train_000457.jpg,,,
train_train_000458,/Users/Di/Documents/GitHub/My projects/Geodata_Archaeology_CV/datasets/dataset_yolo_bbox/images/train/train_000458.png,/Users/Di/Documents/GitHub/My projects/Geodata_Archaeology_CV/datasets/dataset_yolo_bbox/labels/train/train_000458.txt,train,Li,gorodishcha,1,2192337.0,2192337.0,2192337.0,1071.0,1071.0,1071.0,2047.0,2047.0,2047.0,1.0,False,True,previews/train_train_000458.jpg,,,
train_train_000459,/Users/Di/Documents/GitHub/My projects/Geodata_Archaeology_CV/datasets/dataset_yolo_bbox/images/train/train_000459.png,/Users/Di/Documents/GitHub/My projects/Geodata_Archaeology_CV/datasets/dataset_yolo_bbox/labels/train/train_000459.txt,train,Li,,0,,,,,,,,,,0.7631316184997559,True,False,previews/train_train_000459.jpg,,,
train_train_000460,/Users/Di/Documents/GitHub/My projects/Geodata_Archaeology_CV/datasets/dataset_yolo_bbox/images/train/train_000460.png,/Users/Di/Documents/GitHub/My projects/Geodata_Archaeology_CV/datasets/dataset_yolo_bbox/labels/train/train_000460.txt,train,Li,gorodishcha,1,447412.0,447412.0,447412.0,812.0,812.0,812.0,551.0,551.0,551.0,0.8300526142120361,False,True,previews/train_train_000460.jpg,,,
train_train_000461,/Users/Di/Documents/GitHub/My projects/Geodata_Archaeology_CV/datasets/dataset_yolo_bbox/images/train/train_000461.png,/Users/Di/Documents/GitHub/My projects/Geodata_Archaeology_CV/datasets/dataset_yolo_bbox/labels/train/train_000461.txt,train,Li,gorodishcha,3,416005.0,655080.0,1110488.0,755.0,795.0,1016.0,551.0,824.0,1093.0,0.9500703811645508,False,True,previews/train_train_000461.jpg,,,
train_train_000462,/Users/Di/Documents/GitHub/My projects/Geodata_Archaeology_CV/datasets/dataset_yolo_bbox/images/train/train_000462.png,/Users/Di/Documents/GitHub/My projects/Geodata_Archaeology_CV/datasets/dataset_yolo_bbox/labels/train/train_000462.txt,train,Li,gorodishcha,1,1202300.0,1202300.0,1202300.0,1100.0,1100.0,1100.0,1093.0,1093.0,1093.0,0.9999408721923828,False,True,previews/train_train_000462.jpg,,,
train_train_000463,/Users/Di/Documents/GitHub/My projects/Geodata_Archaeology_CV/datasets/dataset_yolo_bbox/images/train/train_000463.png,/Users/Di/Documents/GitHub/My projects/Geodata_Archaeology_CV/datasets/dataset_yolo_bbox/labels/train/train_000463.txt,train,Li,,0,,,,,,,,,,1.0,False,False,previews/train_train_000463.jpg,,,
train_train_000464,/Users/Di/Documents/GitHub/My projects/Geodata_Archaeology_CV/datasets/dataset_yolo_bbox/images/train/train_000464.png,/Users/Di/Documents/GitHub/My projects/Geodata_Archaeology_CV/datasets/dataset_yolo_bbox/labels/train/train_000464.txt,train,Li,gorodishcha,1,285606.0,285606.0,285606.0,774.0,774.0,774.0,369.0,369.0,369.0,0.7411854267120361,True,True,previews/train_train_000464.jpg,,,
train_train_000465,/Users/Di/Documents/GitHub/My projects/Geodata_Archaeology_CV/datasets/dataset_yolo_bbox/images/train/train_000465.png,/Users/Di/Documents/GitHub/My projects/Geodata_Archaeology_CV/datasets/dataset_yolo_bbox/labels/train/train_000465.txt,train,Li,gorodishcha,3,258669.0,513804.0,600225.0,564.0,701.0,795.0,369.0,755.0,911.0,0.8653290271759033,True,True,previews/train_train_000465.jpg,,,
train_train_000466,/Users/Di/Documents/GitHub/My projects/Geodata_Archaeology_CV/datasets/dataset_yolo_bbox/images/train/train_000466.png,/Users/Di/Documents/GitHub/My projects/Geodata_Archaeology_CV/datasets/dataset_yolo_bbox/labels/train/train_000466.txt,train,Li,gorodishcha,1,1002100.0,1002100.0,1002100.0,1100.0,1100.0,1100.0,911.0,911.0,911.0,0.9706838130950928,True,True,previews/train_train_000466.jpg,,,
train_train_000467,/Users/Di/Documents/GitHub/My projects/Geodata_Archaeology_CV/datasets/dataset_yolo_bbox/images/train/train_000467.png,/Users/Di/Documents/GitHub/My projects/Geodata_Archaeology_CV/datasets/dataset_yolo_bbox/labels/train/train_000467.txt,train,SpOr,gorodishcha,3,5040.0,9100.0,179078.0,70.0,100.0,458.0,72.0,91.0,391.0,0.9950443631570904,True,False,previews/train_train_000467.jpg,,,
train_train_000468,/Users/Di/Documents/GitHub/My projects/Geodata_Archaeology_CV/datasets/dataset_yolo_bbox/images/train/train_000468.png,/Users/Di/Documents/GitHub/My projects/Geodata_Archaeology_CV/datasets/dataset_yolo_bbox/labels/train/train_000468.txt,train,SpOr,gorodishcha,3,5040.0,9100.0,179078.0,70.0,100.0,458.0,72.0,91.0,391.0,0.9951386766503668,True,False,previews/train_train_000468.jpg,,,
train_train_000469,/Users/Di/Documents/GitHub/My projects/Geodata_Archaeology_CV/datasets/dataset_yolo_bbox/images/train/train_000469.png,/Users/Di/Documents/GitHub/My projects/Geodata_Archaeology_CV/datasets/dataset_yolo_bbox/labels/train/train_000469.txt,train,Or,gorodishcha,1,4231980.0,4231980.0,4231980.0,2766.0,2766.0,2766.0,1530.0,1530.0,1530.0,1.0,True,True,previews/train_train_000469.jpg,,,
train_train_000470,/Users/Di/Documents/GitHub/My projects/Geodata_Archaeology_CV/datasets/dataset_yolo_bbox/images/train/train_000470.png,/Users/Di/Documents/GitHub/My projects/Geodata_Archaeology_CV/datasets/dataset_yolo_bbox/labels/train/train_000470.txt,train,Or,gorodishcha,1,7104825.0,7104825.0,7104825.0,4095.0,4095.0,4095.0,1735.0,1735.0,1735.0,1.0,True,True,previews/train_train_000470.jpg,,,
train_train_000471,/Users/Di/Documents/GitHub/My projects/Geodata_Archaeology_CV/datasets/dataset_yolo_bbox/images/train/train_000471.png,/Users/Di/Documents/GitHub/My projects/Geodata_Archaeology_CV/datasets/dataset_yolo_bbox/labels/train/train_000471.txt,train,Or,gorodishcha,1,7055685.0,7055685.0,7055685.0,4095.0,4095.0,4095.0,1723.0,1723.0,1723.0,1.0,True,True,previews/train_train_000471.jpg,,,
train_train_000472,/Users/Di/Documents/GitHub/My projects/Geodata_Archaeology_CV/datasets/dataset_yolo_bbox/images/train/train_000472.png,/Users/Di/Documents/GitHub/My projects/Geodata_Archaeology_CV/datasets/dataset_yolo_bbox/labels/train/train_000472.txt,train,Or,gorodishcha,1,6568380.0,6568380.0,6568380.0,4095.0,4095.0,4095.0,1604.0,1604.0,1604.0,1.0,True,True,previews/train_train_000472.jpg,,,
train_train_000473,/Users/Di/Documents/GitHub/My projects/Geodata_Archaeology_CV/datasets/dataset_yolo_bbox/images/train/train_000473.png,/Users/Di/Documents/GitHub/My projects/Geodata_Archaeology_CV/datasets/dataset_yolo_bbox/labels/train/train_000473.txt,train,Or,gorodishcha,1,5962320.0,5962320.0,5962320.0,4095.0,4095.0,4095.0,1456.0,1456.0,1456.0,1.0,True,True,previews/train_train_000473.jpg,,,
train_train_000474,/Users/Di/Documents/GitHub/My projects/Geodata_Archaeology_CV/datasets/dataset_yolo_bbox/images/train/train_000474.png,/Users/Di/Documents/GitHub/My projects/Geodata_Archaeology_CV/datasets/dataset_yolo_bbox/labels/train/train_000474.txt,train,Or,gorodishcha,1,5548725.0,5548725.0,5548725.0,4095.0,4095.0,4095.0,1355.0,1355.0,1355.0,1.0,True,True,previews/train_train_000474.jpg,,,
train_train_000475,/Users/Di/Documents/GitHub/My projects/Geodata_Archaeology_CV/datasets/dataset_yolo_bbox/images/train/train_000475.png,/Users/Di/Documents/GitHub/My projects/Geodata_Archaeology_CV/datasets/dataset_yolo_bbox/labels/train/train_000475.txt,train,Or,gorodishcha,1,1425152.0,1425152.0,1425152.0,1172.0,1172.0,1172.0,1216.0,1216.0,1216.0,1.0,True,True,previews/train_train_000475.jpg,,,
train_train_000476,/Users/Di/Documents/GitHub/My projects/Geodata_Archaeology_CV/datasets/dataset_yolo_bbox/images/train/train_000476.png,/Users/Di/Documents/GitHub/My projects/Geodata_Archaeology_CV/datasets/dataset_yolo_bbox/labels/train/train_000476.txt,train,Or,gorodishcha,1,4233163.0,4233163.0,4233163.0,1507.0,1507.0,1507.0,2809.0,2809.0,2809.0,1.0,True,True,previews/train_train_000476.jpg,,,
train_train_000477,/Users/Di/Documents/GitHub/My projects/Geodata_Archaeology_CV/datasets/dataset_yolo_bbox/images/train/train_000477.png,/Users/Di/Documents/GitHub/My projects/Geodata_Archaeology_CV/datasets/dataset_yolo_bbox/labels/train/train_000477.txt,train,Or,gorodishcha,1,16769025.0,16769025.0,16769025.0,4095.0,4095.0,4095.0,4095.0,4095.0,4095.0,1.0,False,True,previews/train_train_000477.jpg,,,
train_train_000478,/Users/Di/Documents/GitHub/My projects/Geodata_Archaeology_CV/datasets/dataset_yolo_bbox/images/train/train_000478.png,/Users/Di/Documents/GitHub/My projects/Geodata_Archaeology_CV/datasets/dataset_yolo_bbox/labels/train/train_000478.txt,train,Or,gorodishcha,1,16769025.0,16769025.0,16769025.0,4095.0,4095.0,4095.0,4095.0,4095.0,4095.0,1.0,False,True,previews/train_train_000478.jpg,,,
train_train_000479,/Users/Di/Documents/GitHub/My projects/Geodata_Archaeology_CV/datasets/dataset_yolo_bbox/images/train/train_000479.png,/Users/Di/Documents/GitHub/My projects/Geodata_Archaeology_CV/datasets/dataset_yolo_bbox/labels/train/train_000479.txt,train,Or,gorodishcha,1,16769025.0,16769025.0,16769025.0,4095.0,4095.0,4095.0,4095.0,4095.0,4095.0,1.0,False,True,previews/train_train_000479.jpg,,,
train_train_000480,/Users/Di/Documents/GitHub/My projects/Geodata_Archaeology_CV/datasets/dataset_yolo_bbox/images/train/train_000480.png,/Users/Di/Documents/GitHub/My projects/Geodata_Archaeology_CV/datasets/dataset_yolo_bbox/labels/train/train_000480.txt,train,Or,gorodishcha,1,16769025.0,16769025.0,16769025.0,4095.0,4095.0,4095.0,4095.0,4095.0,4095.0,1.0,False,True,previews/train_train_000480.jpg,,,
train_train_000481,/Users/Di/Documents/GitHub/My projects/Geodata_Archaeology_CV/datasets/dataset_yolo_bbox/images/train/train_000481.png,/Users/Di/Documents/GitHub/My projects/Geodata_Archaeology_CV/datasets/dataset_yolo_bbox/labels/train/train_000481.txt,train,Or,gorodishcha,1,16769025.0,16769025.0,16769025.0,4095.0,4095.0,4095.0,4095.0,4095.0,4095.0,1.0,False,True,previews/train_train_000481.jpg,,,
train_train_000482,/Users/Di/Documents/GitHub/My projects/Geodata_Archaeology_CV/datasets/dataset_yolo_bbox/images/train/train_000482.png,/Users/Di/Documents/GitHub/My projects/Geodata_Archaeology_CV/datasets/dataset_yolo_bbox/labels/train/train_000482.txt,train,Or,gorodishcha,1,16769025.0,16769025.0,16769025.0,4095.0,4095.0,4095.0,4095.0,4095.0,4095.0,1.0,False,True,previews/train_train_000482.jpg,,,
train_train_000483,/Users/Di/Documents/GitHub/My projects/Geodata_Archaeology_CV/datasets/dataset_yolo_bbox/images/train/train_000483.png,/Users/Di/Documents/GitHub/My projects/Geodata_Archaeology_CV/datasets/dataset_yolo_bbox/labels/train/train_000483.txt,train,Or,gorodishcha,1,8308898.0,8308898.0,8308898.0,2042.0,2042.0,2042.0,4069.0,4069.0,4069.0,1.0,False,True,previews/train_train_000483.jpg,,,
train_train_000484,/Users/Di/Documents/GitHub/My projects/Geodata_Archaeology_CV/datasets/dataset_yolo_bbox/images/train/train_000484.png,/Users/Di/Documents/GitHub/My projects/Geodata_Archaeology_CV/datasets/dataset_yolo_bbox/labels/train/train_000484.txt,train,Or,gorodishcha,1,3971184.0,3971184.0,3971184.0,1484.0,1484.0,1484.0,2676.0,2676.0,2676.0,1.0,True,True,previews/train_train_000484.jpg,,,
train_train_000485,/Users/Di/Documents/GitHub/My projects/Geodata_Archaeology_CV/datasets/dataset_yolo_bbox/images/train/train_000485.png,/Users/Di/Documents/GitHub/My projects/Geodata_Archaeology_CV/datasets/dataset_yolo_bbox/labels/train/train_000485.txt,train,Or,gorodishcha,1,16769025.0,16769025.0,16769025.0,4095.0,4095.0,4095.0,4095.0,4095.0,4095.0,1.0,False,True,previews/train_train_000485.jpg,,,
train_train_000486,/Users/Di/Documents/GitHub/My projects/Geodata_Archaeology_CV/datasets/dataset_yolo_bbox/images/train/train_000486.png,/Users/Di/Documents/GitHub/My projects/Geodata_Archaeology_CV/datasets/dataset_yolo_bbox/labels/train/train_000486.txt,train,Or,gorodishcha,1,16769025.0,16769025.0,16769025.0,4095.0,4095.0,4095.0,4095.0,4095.0,4095.0,1.0,False,True,previews/train_train_000486.jpg,,,
train_train_000487,/Users/Di/Documents/GitHub/My projects/Geodata_Archaeology_CV/datasets/dataset_yolo_bbox/images/train/train_000487.png,/Users/Di/Documents/GitHub/My projects/Geodata_Archaeology_CV/datasets/dataset_yolo_bbox/labels/train/train_000487.txt,train,Or,gorodishcha,1,16769025.0,16769025.0,16769025.0,4095.0,4095.0,4095.0,4095.0,4095.0,4095.0,1.0,False,True,previews/train_train_000487.jpg,,,
train_train_000488,/Users/Di/Documents/GitHub/My projects/Geodata_Archaeology_CV/datasets/dataset_yolo_bbox/images/train/train_000488.png,/Users/Di/Documents/GitHub/My projects/Geodata_Archaeology_CV/datasets/dataset_yolo_bbox/labels/train/train_000488.txt,train,Or,gorodishcha,1,16769025.0,16769025.0,16769025.0,4095.0,4095.0,4095.0,4095.0,4095.0,4095.0,1.0,False,True,previews/train_train_000488.jpg,,,
train_train_000489,/Users/Di/Documents/GitHub/My projects/Geodata_Archaeology_CV/datasets/dataset_yolo_bbox/images/train/train_000489.png,/Users/Di/Documents/GitHub/My projects/Geodata_Archaeology_CV/datasets/dataset_yolo_bbox/labels/train/train_000489.txt,train,Or,gorodishcha,1,16769025.0,16769025.0,16769025.0,4095.0,4095.0,4095.0,4095.0,4095.0,4095.0,1.0,False,True,previews/train_train_000489.jpg,,,
train_train_000490,/Users/Di/Documents/GitHub/My projects/Geodata_Archaeology_CV/datasets/dataset_yolo_bbox/images/train/train_000490.png,/Users/Di/Documents/GitHub/My projects/Geodata_Archaeology_CV/datasets/dataset_yolo_bbox/labels/train/train_000490.txt,train,Or,gorodishcha,1,16769025.0,16769025.0,16769025.0,4095.0,4095.0,4095.0,4095.0,4095.0,4095.0,1.0,False,True,previews/train_train_000490.jpg,,,
train_train_000491,/Users/Di/Documents/GitHub/My projects/Geodata_Archaeology_CV/datasets/dataset_yolo_bbox/images/train/train_000491.png,/Users/Di/Documents/GitHub/My projects/Geodata_Archaeology_CV/datasets/dataset_yolo_bbox/labels/train/train_000491.txt,train,Or,gorodishcha,1,11425279.0,11425279.0,11425279.0,2801.0,2801.0,2801.0,4079.0,4079.0,4079.0,1.0,False,True,previews/train_train_000491.jpg,,,
train_train_000492,/Users/Di/Documents/GitHub/My projects/Geodata_Archaeology_CV/datasets/dataset_yolo_bbox/images/train/train_000492.png,/Users/Di/Documents/GitHub/My projects/Geodata_Archaeology_CV/datasets/dataset_yolo_bbox/labels/train/train_000492.txt,train,Or,,0,,,,,,,,,,1.0,False,False,previews/train_train_000492.jpg,,,
train_train_000493,/Users/Di/Documents/GitHub/My projects/Geodata_Archaeology_CV/datasets/dataset_yolo_bbox/images/train/train_000493.png,/Users/Di/Documents/GitHub/My projects/Geodata_Archaeology_CV/datasets/dataset_yolo_bbox/labels/train/train_000493.txt,train,Or,,0,,,,,,,,,,1.0,True,False,previews/train_train_000493.jpg,,,
train_train_000494,/Users/Di/Documents/GitHub/My projects/Geodata_Archaeology_CV/datasets/dataset_yolo_bbox/images/train/train_000494.png,/Users/Di/Documents/GitHub/My projects/Geodata_Archaeology_CV/datasets/dataset_yolo_bbox/labels/train/train_000494.txt,train,Or,gorodishcha,1,5749457.0,5749457.0,5749457.0,2641.0,2641.0,2641.0,2177.0,2177.0,2177.0,1.0,False,True,previews/train_train_000494.jpg,,,
train_train_000495,/Users/Di/Documents/GitHub/My projects/Geodata_Archaeology_CV/datasets/dataset_yolo_bbox/images/train/train_000495.png,/Users/Di/Documents/GitHub/My projects/Geodata_Archaeology_CV/datasets/dataset_yolo_bbox/labels/train/train_000495.txt,train,Or,gorodishcha,1,16769025.0,16769025.0,16769025.0,4095.0,4095.0,4095.0,4095.0,4095.0,4095.0,1.0,False,True,previews/train_train_000495.jpg,,,
train_train_000496,/Users/Di/Documents/GitHub/My projects/Geodata_Archaeology_CV/datasets/dataset_yolo_bbox/images/train/train_000496.png,/Users/Di/Documents/GitHub/My projects/Geodata_Archaeology_CV/datasets/dataset_yolo_bbox/labels/train/train_000496.txt,train,Or,gorodishcha,1,16769025.0,16769025.0,16769025.0,4095.0,4095.0,4095.0,4095.0,4095.0,4095.0,1.0,False,True,previews/train_train_000496.jpg,,,
train_train_000497,/Users/Di/Documents/GitHub/My projects/Geodata_Archaeology_CV/datasets/dataset_yolo_bbox/images/train/train_000497.png,/Users/Di/Documents/GitHub/My projects/Geodata_Archaeology_CV/datasets/dataset_yolo_bbox/labels/train/train_000497.txt,train,Or,gorodishcha,2,2066615.0,9417820.0,16769025.0,2077.0,3086.0,4095.0,995.0,2545.0,4095.0,1.0,False,True,previews/train_train_000497.jpg,,,
train_train_000498,/Users/Di/Documents/GitHub/My projects/Geodata_Archaeology_CV/datasets/dataset_yolo_bbox/images/train/train_000498.png,/Users/Di/Documents/GitHub/My projects/Geodata_Archaeology_CV/datasets/dataset_yolo_bbox/labels/train/train_000498.txt,train,Or,gorodishcha,2,2107344.0,9438184.5,16769025.0,2042.0,3068.5,4095.0,1032.0,2563.5,4095.0,1.0,False,True,previews/train_train_000498.jpg,,,
train_train_000499,/Users/Di/Documents/GitHub/My projects/Geodata_Archaeology_CV/datasets/dataset_yolo_bbox/images/train/train_000499.png,/Users/Di/Documents/GitHub/My projects/Geodata_Archaeology_CV/datasets/dataset_yolo_bbox/labels/train/train_000499.txt,train,Or,gorodishcha,1,16769025.0,16769025.0,16769025.0,4095.0,4095.0,4095.0,4095.0,4095.0,4095.0,1.0,False,True,previews/train_train_000499.jpg,,,
train_train_000500,/Users/Di/Documents/GitHub/My projects/Geodata_Archaeology_CV/datasets/dataset_yolo_bbox/images/train/train_000500.png,/Users/Di/Documents/GitHub/My projects/Geodata_Archaeology_CV/datasets/dataset_yolo_bbox/labels/train/train_000500.txt,train,Or,gorodishcha,1,16769025.0,16769025.0,16769025.0,4095.0,4095.0,4095.0,4095.0,4095.0,4095.0,1.0,False,True,previews/train_train_000500.jpg,,,
train_train_000501,/Users/Di/Documents/GitHub/My projects/Geodata_Archaeology_CV/datasets/dataset_yolo_bbox/images/train/train_000501.png,/Users/Di/Documents/GitHub/My projects/Geodata_Archaeology_CV/datasets/dataset_yolo_bbox/labels/train/train_000501.txt,train,Or,gorodishcha,1,2910820.0,2910820.0,2910820.0,1111.0,1111.0,1111.0,2620.0,2620.0,2620.0,1.0,False,True,previews/train_train_000501.jpg,,,
train_train_000502,/Users/Di/Documents/GitHub/My projects/Geodata_Archaeology_CV/datasets/dataset_yolo_bbox/images/train/train_000502.png,/Users/Di/Documents/GitHub/My projects/Geodata_Archaeology_CV/datasets/dataset_yolo_bbox/labels/train/train_000502.txt,train,Or,,0,,,,,,,,,,1.0,False,False,previews/train_train_000502.jpg,,,
train_train_000503,/Users/Di/Documents/GitHub/My projects/Geodata_Archaeology_CV/datasets/dataset_yolo_bbox/images/train/train_000503.png,/Users/Di/Documents/GitHub/My projects/Geodata_Archaeology_CV/datasets/dataset_yolo_bbox/labels/train/train_000503.txt,train,Or,,0,,,,,,,,,,1.0,True,False,previews/train_train_000503.jpg,,,
train_train_000504,/Users/Di/Documents/GitHub/My projects/Geodata_Archaeology_CV/datasets/dataset_yolo_bbox/images/train/train_000504.png,/Users/Di/Documents/GitHub/My projects/Geodata_Archaeology_CV/datasets/dataset_yolo_bbox/labels/train/train_000504.txt,train,Or,gorodishcha,1,2022410.0,2022410.0,2022410.0,1655.0,1655.0,1655.0,1222.0,1222.0,1222.0,1.0,False,True,previews/train_train_000504.jpg,,,
train_train_000505,/Users/Di/Documents/GitHub/My projects/Geodata_Archaeology_CV/datasets/dataset_yolo_bbox/images/train/train_000505.png,/Users/Di/Documents/GitHub/My projects/Geodata_Archaeology_CV/datasets/dataset_yolo_bbox/labels/train/train_000505.txt,train,Or,gorodishcha,2,3025197.0,5755018.5,8484840.0,1549.0,2822.0,4095.0,1953.0,2012.5,2072.0,1.0,False,True,previews/train_train_000505.jpg,,,
train_train_000506,/Users/Di/Documents/GitHub/My projects/Geodata_Archaeology_CV/datasets/dataset_yolo_bbox/images/train/train_000506.png,/Users/Di/Documents/GitHub/My projects/Geodata_Archaeology_CV/datasets/dataset_yolo_bbox/labels/train/train_000506.txt,train,Or,gorodishcha,2,4346388.0,10551564.0,16756740.0,2307.0,3201.0,4095.0,1884.0,2988.0,4092.0,1.0,False,True,previews/train_train_000506.jpg,,,
train_train_000507,/Users/Di/Documents/GitHub/My projects/Geodata_Archaeology_CV/datasets/dataset_yolo_bbox/images/train/train_000507.png,/Users/Di/Documents/GitHub/My projects/Geodata_Archaeology_CV/datasets/dataset_yolo_bbox/labels/train/train_000507.txt,train,Or,gorodishcha,3,3350700.0,3594732.0,8465600.0,1389.0,2080.0,2482.0,1350.0,2588.0,4070.0,1.0,False,True,previews/train_train_000507.jpg,,,
train_train_000508,/Users/Di/Documents/GitHub/My projects/Geodata_Archaeology_CV/datasets/dataset_yolo_bbox/images/train/train_000508.png,/Users/Di/Documents/GitHub/My projects/Geodata_Archaeology_CV/datasets/dataset_yolo_bbox/labels/train/train_000508.txt,train,Or,gorodishcha,2,2896002.0,9832513.5,16769025.0,2094.0,3094.5,4095.0,1383.0,2739.0,4095.0,1.0,False,True,previews/train_train_000508.jpg,,,
train_train_000509,/Users/Di/Documents/GitHub/My projects/Geodata_Archaeology_CV/datasets/dataset_yolo_bbox/images/train/train_000509.png,/Users/Di/Documents/GitHub/My projects/Geodata_Archaeology_CV/datasets/dataset_yolo_bbox/labels/train/train_000509.txt,train,Or,gorodishcha,1,16769025.0,16769025.0,16769025.0,4095.0,4095.0,4095.0,4095.0,4095.0,4095.0,1.0,False,True,previews/train_train_000509.jpg,,,
train_train_000510,/Users/Di/Documents/GitHub/My projects/Geodata_Archaeology_CV/datasets/dataset_yolo_bbox/images/train/train_000510.png,/Users/Di/Documents/GitHub/My projects/Geodata_Archaeology_CV/datasets/dataset_yolo_bbox/labels/train/train_000510.txt,train,Or,gorodishcha,1,7318800.0,7318800.0,7318800.0,1800.0,1800.0,1800.0,4066.0,4066.0,4066.0,1.0,False,True,previews/train_train_000510.jpg,,,
train_train_000511,/Users/Di/Documents/GitHub/My projects/Geodata_Archaeology_CV/datasets/dataset_yolo_bbox/images/train/train_000511.png,/Users/Di/Documents/GitHub/My projects/Geodata_Archaeology_CV/datasets/dataset_yolo_bbox/labels/train/train_000511.txt,train,Or,,0,,,,,,,,,,1.0,False,False,previews/train_train_000511.jpg,,,
train_train_000512,/Users/Di/Documents/GitHub/My projects/Geodata_Archaeology_CV/datasets/dataset_yolo_bbox/images/train/train_000512.png,/Users/Di/Documents/GitHub/My projects/Geodata_Archaeology_CV/datasets/dataset_yolo_bbox/labels/train/train_000512.txt,train,Or,gorodishcha,1,1748608.0,1748608.0,1748608.0,1438.0,1438.0,1438.0,1216.0,1216.0,1216.0,1.0,False,True,previews/train_train_000512.jpg,,,
train_train_000513,/Users/Di/Documents/GitHub/My projects/Geodata_Archaeology_CV/datasets/dataset_yolo_bbox/images/train/train_000513.png,/Users/Di/Documents/GitHub/My projects/Geodata_Archaeology_CV/datasets/dataset_yolo_bbox/labels/train/train_000513.txt,train,Or,gorodishcha,1,8402940.0,8402940.0,8402940.0,4095.0,4095.0,4095.0,2052.0,2052.0,2052.0,1.0,False,True,previews/train_train_000513.jpg,,,
train_train_000514,/Users/Di/Documents/GitHub/My projects/Geodata_Archaeology_CV/datasets/dataset_yolo_bbox/images/train/train_000514.png,/Users/Di/Documents/GitHub/My projects/Geodata_Archaeology_CV/datasets/dataset_yolo_bbox/labels/train/train_000514.txt,train,Or,gorodishcha,2,2996206.0,6841874.0,10687542.0,1514.0,2204.0,2894.0,1979.0,2836.0,3693.0,1.0,False,True,previews/train_train_000514.jpg,,,
train_train_000515,/Users/Di/Documents/GitHub/My projects/Geodata_Archaeology_CV/datasets/dataset_yolo_bbox/images/train/train_000515.png,/Users/Di/Documents/GitHub/My projects/Geodata_Archaeology_CV/datasets/dataset_yolo_bbox/labels/train/train_000515.txt,train,Or,gorodishcha,2,7105620.0,7441269.0,7776918.0,1748.0,1940.5,2133.0,3646.0,3855.5,4065.0,1.0,False,True,previews/train_train_000515.jpg,,,
train_train_000516,/Users/Di/Documents/GitHub/My projects/Geodata_Archaeology_CV/datasets/dataset_yolo_bbox/images/train/train_000516.png,/Users/Di/Documents/GitHub/My projects/Geodata_Archaeology_CV/datasets/dataset_yolo_bbox/labels/train/train_000516.txt,train,Or,gorodishcha,1,16769025.0,16769025.0,16769025.0,4095.0,4095.0,4095.0,4095.0,4095.0,4095.0,1.0,False,True,previews/train_train_000516.jpg,,,
train_train_000517,/Users/Di/Documents/GitHub/My projects/Geodata_Archaeology_CV/datasets/dataset_yolo_bbox/images/train/train_000517.png,/Users/Di/Documents/GitHub/My projects/Geodata_Archaeology_CV/datasets/dataset_yolo_bbox/labels/train/train_000517.txt,train,Or,gorodishcha,1,8660960.0,8660960.0,8660960.0,2128.0,2128.0,2128.0,4070.0,4070.0,4070.0,1.0,False,True,previews/train_train_000517.jpg,,,
train_train_000518,/Users/Di/Documents/GitHub/My projects/Geodata_Archaeology_CV/datasets/dataset_yolo_bbox/images/train/train_000518.png,/Users/Di/Documents/GitHub/My projects/Geodata_Archaeology_CV/datasets/dataset_yolo_bbox/labels/train/train_000518.txt,train,Or,,0,,,,,,,,,,1.0,False,False,previews/train_train_000518.jpg,,,
train_train_000519,/Users/Di/Documents/GitHub/My projects/Geodata_Archaeology_CV/datasets/dataset_yolo_bbox/images/train/train_000519.png,/Users/Di/Documents/GitHub/My projects/Geodata_Archaeology_CV/datasets/dataset_yolo_bbox/labels/train/train_000519.txt,train,Or,gorodishcha,1,1359634.0,1359634.0,1359634.0,2218.0,2218.0,2218.0,613.0,613.0,613.0,1.0,False,True,previews/train_train_000519.jpg,,,
train_train_000520,/Users/Di/Documents/GitHub/My projects/Geodata_Archaeology_CV/datasets/dataset_yolo_bbox/images/train/train_000520.png,/Users/Di/Documents/GitHub/My projects/Geodata_Archaeology_CV/datasets/dataset_yolo_bbox/labels/train/train_000520.txt,train,Or,gorodishcha,2,908232.0,2011869.5,3115507.0,1599.0,1654.0,1709.0,568.0,1195.5,1823.0,1.0,False,True,previews/train_train_000520.jpg,,,
train_train_000521,/Users/Di/Documents/GitHub/My projects/Geodata_Archaeology_CV/datasets/dataset_yolo_bbox/images/train/train_000521.png,/Users/Di/Documents/GitHub/My projects/Geodata_Archaeology_CV/datasets/dataset_yolo_bbox/labels/train/train_000521.txt,train,Or,gorodishcha,1,7608510.0,7608510.0,7608510.0,4095.0,4095.0,4095.0,1858.0,1858.0,1858.0,1.0,False,True,previews/train_train_000521.jpg,,,
train_train_000522,/Users/Di/Documents/GitHub/My projects/Geodata_Archaeology_CV/datasets/dataset_yolo_bbox/images/train/train_000522.png,/Users/Di/Documents/GitHub/My projects/Geodata_Archaeology_CV/datasets/dataset_yolo_bbox/labels/train/train_000522.txt,train,Or,gorodishcha,1,3098568.0,3098568.0,3098568.0,2134.0,2134.0,2134.0,1452.0,1452.0,1452.0,1.0,False,True,previews/train_train_000522.jpg,,,
train_train_000523,/Users/Di/Documents/GitHub/My projects/Geodata_Archaeology_CV/datasets/dataset_yolo_bbox/images/train/train_000523.png,/Users/Di/Documents/GitHub/My projects/Geodata_Archaeology_CV/datasets/dataset_yolo_bbox/labels/train/train_000523.txt,train,Or,,0,,,,,,,,,,1.0,False,False,previews/train_train_000523.jpg,,,
train_train_000524,/Users/Di/Documents/GitHub/My projects/Geodata_Archaeology_CV/datasets/dataset_yolo_bbox/images/train/train_000524.png,/Users/Di/Documents/GitHub/My projects/Geodata_Archaeology_CV/datasets/dataset_yolo_bbox/labels/train/train_000524.txt,train,Or,,0,,,,,,,,,,1.0,False,False,previews/train_train_000524.jpg,,,
train_train_000525,/Users/Di/Documents/GitHub/My projects/Geodata_Archaeology_CV/datasets/dataset_yolo_bbox/images/train/train_000525.png,/Users/Di/Documents/GitHub/My projects/Geodata_Archaeology_CV/datasets/dataset_yolo_bbox/labels/train/train_000525.txt,train,Or,,0,,,,,,,,,,1.0,False,False,previews/train_train_000525.jpg,,,
train_train_000526,/Users/Di/Documents/GitHub/My projects/Geodata_Archaeology_CV/datasets/dataset_yolo_bbox/images/train/train_000526.png,/Users/Di/Documents/GitHub/My projects/Geodata_Archaeology_CV/datasets/dataset_yolo_bbox/labels/train/train_000526.txt,train,Or,,0,,,,,,,,,,1.0,False,False,previews/train_train_000526.jpg,,,
train_train_000527,/Users/Di/Documents/GitHub/My projects/Geodata_Archaeology_CV/datasets/dataset_yolo_bbox/images/train/train_000527.png,/Users/Di/Documents/GitHub/My projects/Geodata_Archaeology_CV/datasets/dataset_yolo_bbox/labels/train/train_000527.txt,train,Or,,0,,,,,,,,,,1.0,False,False,previews/train_train_000527.jpg,,,
train_train_000528,/Users/Di/Documents/GitHub/My projects/Geodata_Archaeology_CV/datasets/dataset_yolo_bbox/images/train/train_000528.png,/Users/Di/Documents/GitHub/My projects/Geodata_Archaeology_CV/datasets/dataset_yolo_bbox/labels/train/train_000528.txt,train,Or,,0,,,,,,,,,,1.0,True,False,previews/train_train_000528.jpg,,,
train_train_000529,/Users/Di/Documents/GitHub/My projects/Geodata_Archaeology_CV/datasets/dataset_yolo_bbox/images/train/train_000529.png,/Users/Di/Documents/GitHub/My projects/Geodata_Archaeology_CV/datasets/dataset_yolo_bbox/labels/train/train_000529.txt,train,Or,,0,,,,,,,,,,1.0,True,False,previews/train_train_000529.jpg,,,
train_train_000530,/Users/Di/Documents/GitHub/My projects/Geodata_Archaeology_CV/datasets/dataset_yolo_bbox/images/train/train_000530.png,/Users/Di/Documents/GitHub/My projects/Geodata_Archaeology_CV/datasets/dataset_yolo_bbox/labels/train/train_000530.txt,train,Li,,0,,,,,,,,,,0.8604412078857422,False,False,previews/train_train_000530.jpg,,,
train_train_000531,/Users/Di/Documents/GitHub/My projects/Geodata_Archaeology_CV/datasets/dataset_yolo_bbox/images/train/train_000531.png,/Users/Di/Documents/GitHub/My projects/Geodata_Archaeology_CV/datasets/dataset_yolo_bbox/labels/train/train_000531.txt,train,Li,,0,,,,,,,,,,0.9999971389770508,False,False,previews/train_train_000531.jpg,,,
train_train_000532,/Users/Di/Documents/GitHub/My projects/Geodata_Archaeology_CV/datasets/dataset_yolo_bbox/images/train/train_000532.png,/Users/Di/Documents/GitHub/My projects/Geodata_Archaeology_CV/datasets/dataset_yolo_bbox/labels/train/train_000532.txt,train,Li,,0,,,,,,,,,,0.9113264083862304,False,False,previews/train_train_000532.jpg,,,
train_train_000533,/Users/Di/Documents/GitHub/My projects/Geodata_Archaeology_CV/datasets/dataset_yolo_bbox/images/train/train_000533.png,/Users/Di/Documents/GitHub/My projects/Geodata_Archaeology_CV/datasets/dataset_yolo_bbox/labels/train/train_000533.txt,train,Li,fortifikatsii,4,819.0,6521.5,16799.0,13.0,68.5,107.0,46.0,86.0,157.0,0.9997920989990234,False,True,previews/train_train_000533.jpg,,,
train_train_000534,/Users/Di/Documents/GitHub/My projects/Geodata_Archaeology_CV/datasets/dataset_yolo_bbox/images/train/train_000534.png,/Users/Di/Documents/GitHub/My projects/Geodata_Archaeology_CV/datasets/dataset_yolo_bbox/labels/train/train_000534.txt,train,Li,fortifikatsii,3,7957.0,12656.0,33712.0,73.0,113.0,196.0,109.0,112.0,172.0,0.9999895095825196,False,True,previews/train_train_000534.jpg,,,
train_train_000535,/Users/Di/Documents/GitHub/My projects/Geodata_Archaeology_CV/datasets/dataset_yolo_bbox/images/train/train_000535.png,/Users/Di/Documents/GitHub/My projects/Geodata_Archaeology_CV/datasets/dataset_yolo_bbox/labels/train/train_000535.txt,train,Li,kurgany_povrezhdennye,1,17920.0,17920.0,17920.0,128.0,128.0,128.0,140.0,140.0,140.0,0.9999990463256836,False,False,previews/train_train_000535.jpg,,,
train_train_000536,/Users/Di/Documents/GitHub/My projects/Geodata_Archaeology_CV/datasets/dataset_yolo_bbox/images/train/train_000536.png,/Users/Di/Documents/GitHub/My projects/Geodata_Archaeology_CV/datasets/dataset_yolo_bbox/labels/train/train_000536.txt,train,Li,,0,,,,,,,,,,1.0,False,False,previews/train_train_000536.jpg,,,
train_train_000537,/Users/Di/Documents/GitHub/My projects/Geodata_Archaeology_CV/datasets/dataset_yolo_bbox/images/train/train_000537.png,/Users/Di/Documents/GitHub/My projects/Geodata_Archaeology_CV/datasets/dataset_yolo_bbox/labels/train/train_000537.txt,train,Li,,0,,,,,,,,,,1.0,False,False,previews/train_train_000537.jpg,,,
train_train_000538,/Users/Di/Documents/GitHub/My projects/Geodata_Archaeology_CV/datasets/dataset_yolo_bbox/images/train/train_000538.png,/Users/Di/Documents/GitHub/My projects/Geodata_Archaeology_CV/datasets/dataset_yolo_bbox/labels/train/train_000538.txt,train,Li,,0,,,,,,,,,,0.6262283325195312,False,False,previews/train_train_000538.jpg,,,
train_train_000539,/Users/Di/Documents/GitHub/My projects/Geodata_Archaeology_CV/datasets/dataset_yolo_bbox/images/train/train_000539.png,/Users/Di/Documents/GitHub/My projects/Geodata_Archaeology_CV/datasets/dataset_yolo_bbox/labels/train/train_000539.txt,train,Li,fortifikatsii,3,2640.0,4270.0,5830.0,44.0,55.0,61.0,60.0,70.0,106.0,0.9999227523803712,False,True,previews/train_train_000539.jpg,,,
train_train_000540,/Users/Di/Documents/GitHub/My projects/Geodata_Archaeology_CV/datasets/dataset_yolo_bbox/images/train/train_000540.png,/Users/Di/Documents/GitHub/My projects/Geodata_Archaeology_CV/datasets/dataset_yolo_bbox/labels/train/train_000540.txt,train,Li,fortifikatsii,6,819.0,4006.0,42828.0,13.0,56.0,166.0,46.0,71.0,258.0,0.9995193481445312,False,True,previews/train_train_000540.jpg,,,
train_train_000541,/Users/Di/Documents/GitHub/My projects/Geodata_Archaeology_CV/datasets/dataset_yolo_bbox/images/train/train_000541.png,/Users/Di/Documents/GitHub/My projects/Geodata_Archaeology_CV/datasets/dataset_yolo_bbox/labels/train/train_000541.txt,train,Li,fortifikatsii,2,12656.0,24948.0,37240.0,113.0,154.5,196.0,112.0,151.0,190.0,0.9999885559082032,False,False,previews/train_train_000541.jpg,,,
train_train_000542,/Users/Di/Documents/GitHub/My projects/Geodata_Archaeology_CV/datasets/dataset_yolo_bbox/images/train/train_000542.png,/Users/Di/Documents/GitHub/My projects/Geodata_Archaeology_CV/datasets/dataset_yolo_bbox/labels/train/train_000542.txt,train,Li,kurgany_povrezhdennye,1,12928.0,12928.0,12928.0,128.0,128.0,128.0,101.0,101.0,101.0,0.9999990463256836,False,True,previews/train_train_000542.jpg,,,
train_train_000543,/Users/Di/Documents/GitHub/My projects/Geodata_Archaeology_CV/datasets/dataset_yolo_bbox/images/train/train_000543.png,/Users/Di/Documents/GitHub/My projects/Geodata_Archaeology_CV/datasets/dataset_yolo_bbox/labels/train/train_000543.txt,train,Li,,0,,,,,,,,,,1.0,False,False,previews/train_train_000543.jpg,,,
train_train_000544,/Users/Di/Documents/GitHub/My projects/Geodata_Archaeology_CV/datasets/dataset_yolo_bbox/images/train/train_000544.png,/Users/Di/Documents/GitHub/My projects/Geodata_Archaeology_CV/datasets/dataset_yolo_bbox/labels/train/train_000544.txt,train,Li,,0,,,,,,,,,,0.909977912902832,False,False,previews/train_train_000544.jpg,,,
train_train_000545,/Users/Di/Documents/GitHub/My projects/Geodata_Archaeology_CV/datasets/dataset_yolo_bbox/images/train/train_000545.png,/Users/Di/Documents/GitHub/My projects/Geodata_Archaeology_CV/datasets/dataset_yolo_bbox/labels/train/train_000545.txt,train,Li,,0,,,,,,,,,,0.3590383529663086,False,False,previews/train_train_000545.jpg,,,
train_train_000546,/Users/Di/Documents/GitHub/My projects/Geodata_Archaeology_CV/datasets/dataset_yolo_bbox/images/train/train_000546.png,/Users/Di/Documents/GitHub/My projects/Geodata_Archaeology_CV/datasets/dataset_yolo_bbox/labels/train/train_000546.txt,train,Li,fortifikatsii,2,5312.0,5653.0,5994.0,64.0,72.5,81.0,74.0,78.5,83.0,0.9999380111694336,False,False,previews/train_train_000546.jpg,,,
train_train_000547,/Users/Di/Documents/GitHub/My projects/Geodata_Archaeology_CV/datasets/dataset_yolo_bbox/images/train/train_000547.png,/Users/Di/Documents/GitHub/My projects/Geodata_Archaeology_CV/datasets/dataset_yolo_bbox/labels/train/train_000547.txt,train,Li,fortifikatsii; kurgany_povrezhdennye,5,2376.0,5312.0,13490.0,44.0,64.0,142.0,54.0,74.0,95.0,0.9999628067016602,False,True,previews/train_train_000547.jpg,,,
train_train_000548,/Users/Di/Documents/GitHub/My projects/Geodata_Archaeology_CV/datasets/dataset_yolo_bbox/images/train/train_000548.png,/Users/Di/Documents/GitHub/My projects/Geodata_Archaeology_CV/datasets/dataset_yolo_bbox/labels/train/train_000548.txt,train,Li,fortifikatsii; kurgany_povrezhdennye,2,2376.0,6840.5,11305.0,44.0,81.5,119.0,54.0,74.5,95.0,0.9999990463256836,False,True,previews/train_train_000548.jpg,,,
train_train_000549,/Users/Di/Documents/GitHub/My projects/Geodata_Archaeology_CV/datasets/dataset_yolo_bbox/images/train/train_000549.png,/Users/Di/Documents/GitHub/My projects/Geodata_Archaeology_CV/datasets/dataset_yolo_bbox/labels/train/train_000549.txt,train,Li,,0,,,,,,,,,,1.0,False,False,previews/train_train_000549.jpg,,,
train_train_000550,/Users/Di/Documents/GitHub/My projects/Geodata_Archaeology_CV/datasets/dataset_yolo_bbox/images/train/train_000550.png,/Users/Di/Documents/GitHub/My projects/Geodata_Archaeology_CV/datasets/dataset_yolo_bbox/labels/train/train_000550.txt,train,Li,,0,,,,,,,,,,0.9220352172851562,False,False,previews/train_train_000550.jpg,,,
train_train_000551,/Users/Di/Documents/GitHub/My projects/Geodata_Archaeology_CV/datasets/dataset_yolo_bbox/images/train/train_000551.png,/Users/Di/Documents/GitHub/My projects/Geodata_Archaeology_CV/datasets/dataset_yolo_bbox/labels/train/train_000551.txt,train,Li,fortifikatsii,2,2250.0,4122.0,5994.0,50.0,65.5,81.0,45.0,59.5,74.0,0.99981689453125,False,True,previews/train_train_000551.jpg,,,
train_train_000552,/Users/Di/Documents/GitHub/My projects/Geodata_Archaeology_CV/datasets/dataset_yolo_bbox/images/train/train_000552.png,/Users/Di/Documents/GitHub/My projects/Geodata_Archaeology_CV/datasets/dataset_yolo_bbox/labels/train/train_000552.txt,train,Li,fortifikatsii; kurgany_povrezhdennye,3,2250.0,5994.0,13490.0,50.0,81.0,142.0,45.0,74.0,95.0,0.9999885559082032,False,True,previews/train_train_000552.jpg,,,
train_train_000553,/Users/Di/Documents/GitHub/My projects/Geodata_Archaeology_CV/datasets/dataset_yolo_bbox/images/train/train_000553.png,/Users/Di/Documents/GitHub/My projects/Geodata_Archaeology_CV/datasets/dataset_yolo_bbox/labels/train/train_000553.txt,train,Li,kurgany_povrezhdennye,1,11305.0,11305.0,11305.0,119.0,119.0,119.0,95.0,95.0,95.0,0.9999990463256836,False,True,previews/train_train_000553.jpg,,,
train_train_000554,/Users/Di/Documents/GitHub/My projects/Geodata_Archaeology_CV/datasets/dataset_yolo_bbox/images/train/train_000554.png,/Users/Di/Documents/GitHub/My projects/Geodata_Archaeology_CV/datasets/dataset_yolo_bbox/labels/train/train_000554.txt,train,Li,,0,,,,,,,,,,1.0,False,False,previews/train_train_000554.jpg,,,
train_train_000555,/Users/Di/Documents/GitHub/My projects/Geodata_Archaeology_CV/datasets/dataset_yolo_bbox/images/train/train_000555.png,/Users/Di/Documents/GitHub/My projects/Geodata_Archaeology_CV/datasets/dataset_yolo_bbox/labels/train/train_000555.txt,train,Li,,0,,,,,,,,,,1.0,False,False,previews/train_train_000555.jpg,,,
train_train_000556,/Users/Di/Documents/GitHub/My projects/Geodata_Archaeology_CV/datasets/dataset_yolo_bbox/images/train/train_000556.png,/Users/Di/Documents/GitHub/My projects/Geodata_Archaeology_CV/datasets/dataset_yolo_bbox/labels/train/train_000556.txt,train,Li,,0,,,,,,,,,,0.87384033203125,False,False,previews/train_train_000556.jpg,,,
train_train_000557,/Users/Di/Documents/GitHub/My projects/Geodata_Archaeology_CV/datasets/dataset_yolo_bbox/images/train/train_000557.png,/Users/Di/Documents/GitHub/My projects/Geodata_Archaeology_CV/datasets/dataset_yolo_bbox/labels/train/train_000557.txt,train,Li,,0,,,,,,,,,,0.9272146224975586,False,False,previews/train_train_000557.jpg,,,
train_train_000558,/Users/Di/Documents/GitHub/My projects/Geodata_Archaeology_CV/datasets/dataset_yolo_bbox/images/train/train_000558.png,/Users/Di/Documents/GitHub/My projects/Geodata_Archaeology_CV/datasets/dataset_yolo_bbox/labels/train/train_000558.txt,train,Li,fortifikatsii,1,7920.0,7920.0,7920.0,90.0,90.0,90.0,88.0,88.0,88.0,0.9998273849487304,False,False,previews/train_train_000558.jpg,,,
train_train_000559,/Users/Di/Documents/GitHub/My projects/Geodata_Archaeology_CV/datasets/dataset_yolo_bbox/images/train/train_000559.png,/Users/Di/Documents/GitHub/My projects/Geodata_Archaeology_CV/datasets/dataset_yolo_bbox/labels/train/train_000559.txt,train,Li,,0,,,,,,,,,,1.0,False,False,previews/train_train_000559.jpg,,,
train_train_000560,/Users/Di/Documents/GitHub/My projects/Geodata_Archaeology_CV/datasets/dataset_yolo_bbox/images/train/train_000560.png,/Users/Di/Documents/GitHub/My projects/Geodata_Archaeology_CV/datasets/dataset_yolo_bbox/labels/train/train_000560.txt,train,Li,,0,,,,,,,,,,1.0,False,False,previews/train_train_000560.jpg,,,
train_train_000561,/Users/Di/Documents/GitHub/My projects/Geodata_Archaeology_CV/datasets/dataset_yolo_bbox/images/train/train_000561.png,/Users/Di/Documents/GitHub/My projects/Geodata_Archaeology_CV/datasets/dataset_yolo_bbox/labels/train/train_000561.txt,train,Li,,0,,,,,,,,,,1.0,False,False,previews/train_train_000561.jpg,,,
train_train_000562,/Users/Di/Documents/GitHub/My projects/Geodata_Archaeology_CV/datasets/dataset_yolo_bbox/images/train/train_000562.png,/Users/Di/Documents/GitHub/My projects/Geodata_Archaeology_CV/datasets/dataset_yolo_bbox/labels/train/train_000562.txt,train,Li,,0,,,,,,,,,,1.0,False,False,previews/train_train_000562.jpg,,,
train_train_000563,/Users/Di/Documents/GitHub/My projects/Geodata_Archaeology_CV/datasets/dataset_yolo_bbox/images/train/train_000563.png,/Users/Di/Documents/GitHub/My projects/Geodata_Archaeology_CV/datasets/dataset_yolo_bbox/labels/train/train_000563.txt,train,Li,,0,,,,,,,,,,1.0,False,False,previews/train_train_000563.jpg,,,
train_train_000564,/Users/Di/Documents/GitHub/My projects/Geodata_Archaeology_CV/datasets/dataset_yolo_bbox/images/train/train_000564.png,/Users/Di/Documents/GitHub/My projects/Geodata_Archaeology_CV/datasets/dataset_yolo_bbox/labels/train/train_000564.txt,train,Li,,0,,,,,,,,,,0.9208240509033204,False,False,previews/train_train_000564.jpg,,,
train_train_000565,/Users/Di/Documents/GitHub/My projects/Geodata_Archaeology_CV/datasets/dataset_yolo_bbox/images/train/train_000565.png,/Users/Di/Documents/GitHub/My projects/Geodata_Archaeology_CV/datasets/dataset_yolo_bbox/labels/train/train_000565.txt,train,Li,,0,,,,,,,,,,0.6955490112304688,False,False,previews/train_train_000565.jpg,,,
train_train_000566,/Users/Di/Documents/GitHub/My projects/Geodata_Archaeology_CV/datasets/dataset_yolo_bbox/images/train/train_000566.png,/Users/Di/Documents/GitHub/My projects/Geodata_Archaeology_CV/datasets/dataset_yolo_bbox/labels/train/train_000566.txt,train,Li,,0,,,,,,,,,,0.410466194152832,True,False,previews/train_train_000566.jpg,,,
train_train_000567,/Users/Di/Documents/GitHub/My projects/Geodata_Archaeology_CV/datasets/dataset_yolo_bbox/images/train/train_000567.png,/Users/Di/Documents/GitHub/My projects/Geodata_Archaeology_CV/datasets/dataset_yolo_bbox/labels/train/train_000567.txt,train,SpOr,kurgany_povrezhdennye,2,960.0,1040.0,1120.0,32.0,33.5,35.0,30.0,31.0,32.0,1.0,True,False,previews/train_train_000567.jpg,,,
train_train_000568,/Users/Di/Documents/GitHub/My projects/Geodata_Archaeology_CV/datasets/dataset_yolo_bbox/images/train/train_000568.png,/Users/Di/Documents/GitHub/My projects/Geodata_Archaeology_CV/datasets/dataset_yolo_bbox/labels/train/train_000568.txt,train,SpOr,kurgany_povrezhdennye,2,960.0,1040.0,1120.0,32.0,33.5,35.0,30.0,31.0,32.0,1.0,True,False,previews/train_train_000568.jpg,,,
train_train_000569,/Users/Di/Documents/GitHub/My projects/Geodata_Archaeology_CV/datasets/dataset_yolo_bbox/images/train/train_000569.png,/Users/Di/Documents/GitHub/My projects/Geodata_Archaeology_CV/datasets/dataset_yolo_bbox/labels/train/train_000569.txt,train,Li,gorodishcha,1,129741.0,129741.0,129741.0,177.0,177.0,177.0,733.0,733.0,733.0,0.999969244003296,False,True,previews/train_train_000569.jpg,,,
train_train_000570,/Users/Di/Documents/GitHub/My projects/Geodata_Archaeology_CV/datasets/dataset_yolo_bbox/images/train/train_000570.png,/Users/Di/Documents/GitHub/My projects/Geodata_Archaeology_CV/datasets/dataset_yolo_bbox/labels/train/train_000570.txt,train,Li,gorodishcha,1,635593.0,635593.0,635593.0,707.0,707.0,707.0,899.0,899.0,899.0,0.9999456405639648,False,False,previews/train_train_000570.jpg,,,
train_train_000571,/Users/Di/Documents/GitHub/My projects/Geodata_Archaeology_CV/datasets/dataset_yolo_bbox/images/train/train_000571.png,/Users/Di/Documents/GitHub/My projects/Geodata_Archaeology_CV/datasets/dataset_yolo_bbox/labels/train/train_000571.txt,train,Li,,0,,,,,,,,,,0.9999997615814208,False,False,previews/train_train_000571.jpg,,,
train_train_000572,/Users/Di/Documents/GitHub/My projects/Geodata_Archaeology_CV/datasets/dataset_yolo_bbox/images/train/train_000572.png,/Users/Di/Documents/GitHub/My projects/Geodata_Archaeology_CV/datasets/dataset_yolo_bbox/labels/train/train_000572.txt,train,Li,gorodishcha,1,41241.0,41241.0,41241.0,177.0,177.0,177.0,233.0,233.0,233.0,0.999964475631714,False,True,previews/train_train_000572.jpg,,,
train_train_000573,/Users/Di/Documents/GitHub/My projects/Geodata_Archaeology_CV/datasets/dataset_yolo_bbox/images/train/train_000573.png,/Users/Di/Documents/GitHub/My projects/Geodata_Archaeology_CV/datasets/dataset_yolo_bbox/labels/train/train_000573.txt,train,Li,gorodishcha,1,184527.0,184527.0,184527.0,707.0,707.0,707.0,261.0,261.0,261.0,0.9999599456787108,False,True,previews/train_train_000573.jpg,,,
train_train_000574,/Users/Di/Documents/GitHub/My projects/Geodata_Archaeology_CV/datasets/dataset_yolo_bbox/images/train/train_000574.png,/Users/Di/Documents/GitHub/My projects/Geodata_Archaeology_CV/datasets/dataset_yolo_bbox/labels/train/train_000574.txt,train,Li,,0,,,,,,,,,,0.9600517749786376,False,False,previews/train_train_000574.jpg,,,
train_train_000575,/Users/Di/Documents/GitHub/My projects/Geodata_Archaeology_CV/datasets/dataset_yolo_bbox/images/train/train_000575.png,/Users/Di/Documents/GitHub/My projects/Geodata_Archaeology_CV/datasets/dataset_yolo_bbox/labels/train/train_000575.txt,train,Li,,0,,,,,,,,,,0.7097475528717041,False,False,previews/train_train_000575.jpg,,,
train_train_000576,/Users/Di/Documents/GitHub/My projects/Geodata_Archaeology_CV/datasets/dataset_yolo_bbox/images/train/train_000576.png,/Users/Di/Documents/GitHub/My projects/Geodata_Archaeology_CV/datasets/dataset_yolo_bbox/labels/train/train_000576.txt,train,Li,,0,,,,,,,,,,0.4246418476104736,True,False,previews/train_train_000576.jpg,,,
train_train_000577,/Users/Di/Documents/GitHub/My projects/Geodata_Archaeology_CV/datasets/dataset_yolo_bbox/images/train/train_000577.png,/Users/Di/Documents/GitHub/My projects/Geodata_Archaeology_CV/datasets/dataset_yolo_bbox/labels/train/train_000577.txt,train,Li,,0,,,,,,,,,,0.9621593952178956,False,False,previews/train_train_000577.jpg,,,
train_train_000578,/Users/Di/Documents/GitHub/My projects/Geodata_Archaeology_CV/datasets/dataset_yolo_bbox/images/train/train_000578.png,/Users/Di/Documents/GitHub/My projects/Geodata_Archaeology_CV/datasets/dataset_yolo_bbox/labels/train/train_000578.txt,train,Li,,0,,,,,,,,,,0.9999914169311525,False,False,previews/train_train_000578.jpg,,,
train_train_000579,/Users/Di/Documents/GitHub/My projects/Geodata_Archaeology_CV/datasets/dataset_yolo_bbox/images/train/train_000579.png,/Users/Di/Documents/GitHub/My projects/Geodata_Archaeology_CV/datasets/dataset_yolo_bbox/labels/train/train_000579.txt,train,Li,kurgany_povrezhdennye,1,237654.0,237654.0,237654.0,489.0,489.0,489.0,486.0,486.0,486.0,0.999992847442627,False,False,previews/train_train_000579.jpg,,,
train_train_000580,/Users/Di/Documents/GitHub/My projects/Geodata_Archaeology_CV/datasets/dataset_yolo_bbox/images/train/train_000580.png,/Users/Di/Documents/GitHub/My projects/Geodata_Archaeology_CV/datasets/dataset_yolo_bbox/labels/train/train_000580.txt,train,Li,kurgany_povrezhdennye,1,128790.0,128790.0,128790.0,265.0,265.0,265.0,486.0,486.0,486.0,0.7557907104492188,True,True,previews/train_train_000580.jpg,,,
train_train_000581,/Users/Di/Documents/GitHub/My projects/Geodata_Archaeology_CV/datasets/dataset_yolo_bbox/images/train/train_000581.png,/Users/Di/Documents/GitHub/My projects/Geodata_Archaeology_CV/datasets/dataset_yolo_bbox/labels/train/train_000581.txt,train,Li,kurgany_tselye,1,155050.0,155050.0,155050.0,443.0,443.0,443.0,350.0,350.0,350.0,0.9999709129333496,False,False,previews/train_train_000581.jpg,,,
train_train_000582,/Users/Di/Documents/GitHub/My projects/Geodata_Archaeology_CV/datasets/dataset_yolo_bbox/images/train/train_000582.png,/Users/Di/Documents/GitHub/My projects/Geodata_Archaeology_CV/datasets/dataset_yolo_bbox/labels/train/train_000582.txt,train,Li,kurgany_tselye,1,31428.0,31428.0,31428.0,97.0,97.0,97.0,324.0,324.0,324.0,0.9999868869781494,False,True,previews/train_train_000582.jpg,,,
train_train_000583,/Users/Di/Documents/GitHub/My projects/Geodata_Archaeology_CV/datasets/dataset_yolo_bbox/images/train/train_000583.png,/Users/Di/Documents/GitHub/My projects/Geodata_Archaeology_CV/datasets/dataset_yolo_bbox/labels/train/train_000583.txt,train,Li,kurgany_povrezhdennye,1,18450.0,18450.0,18450.0,123.0,123.0,123.0,150.0,150.0,150.0,1.0,False,True,previews/train_train_000583.jpg,,,
train_train_000584,/Users/Di/Documents/GitHub/My projects/Geodata_Archaeology_CV/datasets/dataset_yolo_bbox/images/train/train_000584.png,/Users/Di/Documents/GitHub/My projects/Geodata_Archaeology_CV/datasets/dataset_yolo_bbox/labels/train/train_000584.txt,train,Li,kurgany_povrezhdennye; kurgany_tselye,2,35037.0,63543.5,92050.0,229.0,289.5,350.0,153.0,208.0,263.0,0.9999775886535645,False,True,previews/train_train_000584.jpg,,,
train_train_000585,/Users/Di/Documents/GitHub/My projects/Geodata_Archaeology_CV/datasets/dataset_yolo_bbox/images/train/train_000585.png,/Users/Di/Documents/GitHub/My projects/Geodata_Archaeology_CV/datasets/dataset_yolo_bbox/labels/train/train_000585.txt,train,Li,kurgany_tselye,1,172791.0,172791.0,172791.0,657.0,657.0,657.0,263.0,263.0,263.0,0.9999775886535645,False,True,previews/train_train_000585.jpg,,,
train_train_000586,/Users/Di/Documents/GitHub/My projects/Geodata_Archaeology_CV/datasets/dataset_yolo_bbox/images/train/train_000586.png,/Users/Di/Documents/GitHub/My projects/Geodata_Archaeology_CV/datasets/dataset_yolo_bbox/labels/train/train_000586.txt,train,Li,kurgany_tselye,1,107912.0,107912.0,107912.0,328.0,328.0,328.0,329.0,329.0,329.0,0.9999747276306152,False,False,previews/train_train_000586.jpg,,,
train_train_000587,/Users/Di/Documents/GitHub/My projects/Geodata_Archaeology_CV/datasets/dataset_yolo_bbox/images/train/train_000587.png,/Users/Di/Documents/GitHub/My projects/Geodata_Archaeology_CV/datasets/dataset_yolo_bbox/labels/train/train_000587.txt,train,Li,kurgany_povrezhdennye,1,47216.0,47216.0,47216.0,208.0,208.0,208.0,227.0,227.0,227.0,0.9421043395996094,False,False,previews/train_train_000587.jpg,,,
train_train_000588,/Users/Di/Documents/GitHub/My projects/Geodata_Archaeology_CV/datasets/dataset_yolo_bbox/images/train/train_000588.png,/Users/Di/Documents/GitHub/My projects/Geodata_Archaeology_CV/datasets/dataset_yolo_bbox/labels/train/train_000588.txt,train,Li,kurgany_povrezhdennye,1,47216.0,47216.0,47216.0,208.0,208.0,208.0,227.0,227.0,227.0,0.372110366821289,True,False,previews/train_train_000588.jpg,,,
train_train_000589,/Users/Di/Documents/GitHub/My projects/Geodata_Archaeology_CV/datasets/dataset_yolo_bbox/images/train/train_000589.png,/Users/Di/Documents/GitHub/My projects/Geodata_Archaeology_CV/datasets/dataset_yolo_bbox/labels/train/train_000589.txt,train,Li,kurgany_povrezhdennye,1,29151.0,29151.0,29151.0,123.0,123.0,123.0,237.0,237.0,237.0,1.0,False,True,previews/train_train_000589.jpg,,,
train_train_000590,/Users/Di/Documents/GitHub/My projects/Geodata_Archaeology_CV/datasets/dataset_yolo_bbox/images/train/train_000590.png,/Users/Di/Documents/GitHub/My projects/Geodata_Archaeology_CV/datasets/dataset_yolo_bbox/labels/train/train_000590.txt,train,Li,kurgany_povrezhdennye; kurgany_tselye,2,54960.0,152469.0,249978.0,229.0,297.5,366.0,240.0,461.5,683.0,0.9999818801879884,False,True,previews/train_train_000590.jpg,,,
train_train_000591,/Users/Di/Documents/GitHub/My projects/Geodata_Archaeology_CV/datasets/dataset_yolo_bbox/images/train/train_000591.png,/Users/Di/Documents/GitHub/My projects/Geodata_Archaeology_CV/datasets/dataset_yolo_bbox/labels/train/train_000591.txt,train,Li,kurgany_tselye,1,469904.0,469904.0,469904.0,688.0,688.0,688.0,683.0,683.0,683.0,0.9999639987945556,False,False,previews/train_train_000591.jpg,,,
train_train_000592,/Users/Di/Documents/GitHub/My projects/Geodata_Archaeology_CV/datasets/dataset_yolo_bbox/images/train/train_000592.png,/Users/Di/Documents/GitHub/My projects/Geodata_Archaeology_CV/datasets/dataset_yolo_bbox/labels/train/train_000592.txt,train,Li,kurgany_povrezhdennye,1,19392.0,19392.0,19392.0,192.0,192.0,192.0,101.0,101.0,101.0,0.6280970573425293,False,True,previews/train_train_000592.jpg,,,
train_train_000593,/Users/Di/Documents/GitHub/My projects/Geodata_Archaeology_CV/datasets/dataset_yolo_bbox/images/train/train_000593.png,/Users/Di/Documents/GitHub/My projects/Geodata_Archaeology_CV/datasets/dataset_yolo_bbox/labels/train/train_000593.txt,train,Li,,0,,,,,,,,,,0.5483810901641846,False,False,previews/train_train_000593.jpg,,,
train_train_000594,/Users/Di/Documents/GitHub/My projects/Geodata_Archaeology_CV/datasets/dataset_yolo_bbox/images/train/train_000594.png,/Users/Di/Documents/GitHub/My projects/Geodata_Archaeology_CV/datasets/dataset_yolo_bbox/labels/train/train_000594.txt,train,Li,,0,,,,,,,,,,0.8800995349884033,False,False,previews/train_train_000594.jpg,,,
train_train_000595,/Users/Di/Documents/GitHub/My projects/Geodata_Archaeology_CV/datasets/dataset_yolo_bbox/images/train/train_000595.png,/Users/Di/Documents/GitHub/My projects/Geodata_Archaeology_CV/datasets/dataset_yolo_bbox/labels/train/train_000595.txt,train,Li,,0,,,,,,,,,,0.9999191761016846,False,False,previews/train_train_000595.jpg,,,
train_train_000596,/Users/Di/Documents/GitHub/My projects/Geodata_Archaeology_CV/datasets/dataset_yolo_bbox/images/train/train_000596.png,/Users/Di/Documents/GitHub/My projects/Geodata_Archaeology_CV/datasets/dataset_yolo_bbox/labels/train/train_000596.txt,train,Li,,0,,,,,,,,,,0.932502508163452,False,False,previews/train_train_000596.jpg,,,
train_train_000597,/Users/Di/Documents/GitHub/My projects/Geodata_Archaeology_CV/datasets/dataset_yolo_bbox/images/train/train_000597.png,/Users/Di/Documents/GitHub/My projects/Geodata_Archaeology_CV/datasets/dataset_yolo_bbox/labels/train/train_000597.txt,train,SpOr,gorodishcha; kurgany_tselye,5,528.0,2116.0,15308.0,24.0,46.0,89.0,22.0,46.0,172.0,0.9213506494625138,True,False,previews/train_train_000597.jpg,,,
train_train_000598,/Users/Di/Documents/GitHub/My projects/Geodata_Archaeology_CV/datasets/dataset_yolo_bbox/images/train/train_000598.png,/Users/Di/Documents/GitHub/My projects/Geodata_Archaeology_CV/datasets/dataset_yolo_bbox/labels/train/train_000598.txt,train,SpOr,kurgany_tselye,4,528.0,1263.0,5751.0,21.0,34.0,71.0,22.0,35.5,81.0,0.9214669325385888,True,False,previews/train_train_000598.jpg,,,
train_train_000599,/Users/Di/Documents/GitHub/My projects/Geodata_Archaeology_CV/datasets/dataset_yolo_bbox/images/train/train_000599.png,/Users/Di/Documents/GitHub/My projects/Geodata_Archaeology_CV/datasets/dataset_yolo_bbox/labels/train/train_000599.txt,train,Li,,0,,,,,,,,,,0.6122951507568359,True,False,previews/train_train_000599.jpg,,,
train_train_000600,/Users/Di/Documents/GitHub/My projects/Geodata_Archaeology_CV/datasets/dataset_yolo_bbox/images/train/train_000600.png,/Users/Di/Documents/GitHub/My projects/Geodata_Archaeology_CV/datasets/dataset_yolo_bbox/labels/train/train_000600.txt,train,Li,fortifikatsii,1,54936.0,54936.0,54936.0,327.0,327.0,327.0,168.0,168.0,168.0,0.9837970733642578,True,False,previews/train_train_000600.jpg,,,
train_train_000601,/Users/Di/Documents/GitHub/My projects/Geodata_Archaeology_CV/datasets/dataset_yolo_bbox/images/train/train_000601.png,/Users/Di/Documents/GitHub/My projects/Geodata_Archaeology_CV/datasets/dataset_yolo_bbox/labels/train/train_000601.txt,train,Li,,0,,,,,,,,,,0.8972625732421875,True,False,previews/train_train_000601.jpg,,,
train_train_000602,/Users/Di/Documents/GitHub/My projects/Geodata_Archaeology_CV/datasets/dataset_yolo_bbox/images/train/train_000602.png,/Users/Di/Documents/GitHub/My projects/Geodata_Archaeology_CV/datasets/dataset_yolo_bbox/labels/train/train_000602.txt,train,Li,fortifikatsii,1,23870.0,23870.0,23870.0,155.0,155.0,155.0,154.0,154.0,154.0,0.9999632835388184,False,True,previews/train_train_000602.jpg,,,
train_train_000603,/Users/Di/Documents/GitHub/My projects/Geodata_Archaeology_CV/datasets/dataset_yolo_bbox/images/train/train_000603.png,/Users/Di/Documents/GitHub/My projects/Geodata_Archaeology_CV/datasets/dataset_yolo_bbox/labels/train/train_000603.txt,train,Li,fortifikatsii,6,7552.0,13362.0,120080.0,59.0,116.0,760.0,102.0,143.0,221.0,0.999990463256836,False,True,previews/train_train_000603.jpg,,,
train_train_000604,/Users/Di/Documents/GitHub/My projects/Geodata_Archaeology_CV/datasets/dataset_yolo_bbox/images/train/train_000604.png,/Users/Di/Documents/GitHub/My projects/Geodata_Archaeology_CV/datasets/dataset_yolo_bbox/labels/train/train_000604.txt,train,Li,fortifikatsii,7,731.0,38214.0,98124.0,43.0,198.0,629.0,17.0,139.0,240.0,0.9999890327453612,False,True,previews/train_train_000604.jpg,,,
train_train_000605,/Users/Di/Documents/GitHub/My projects/Geodata_Archaeology_CV/datasets/dataset_yolo_bbox/images/train/train_000605.png,/Users/Di/Documents/GitHub/My projects/Geodata_Archaeology_CV/datasets/dataset_yolo_bbox/labels/train/train_000605.txt,train,Li,fortifikatsii,6,731.0,55353.0,193110.0,43.0,368.5,942.0,17.0,160.0,300.0,0.999980926513672,False,True,previews/train_train_000605.jpg,,,
train_train_000606,/Users/Di/Documents/GitHub/My projects/Geodata_Archaeology_CV/datasets/dataset_yolo_bbox/images/train/train_000606.png,/Users/Di/Documents/GitHub/My projects/Geodata_Archaeology_CV/datasets/dataset_yolo_bbox/labels/train/train_000606.txt,train,Li,fortifikatsii,3,819.0,11270.0,38203.0,63.0,98.0,253.0,13.0,115.0,151.0,0.5203268527984619,False,True,previews/train_train_000606.jpg,,,
train_train_000607,/Users/Di/Documents/GitHub/My projects/Geodata_Archaeology_CV/datasets/dataset_yolo_bbox/images/train/train_000607.png,/Users/Di/Documents/GitHub/My projects/Geodata_Archaeology_CV/datasets/dataset_yolo_bbox/labels/train/train_000607.txt,train,Li,fortifikatsii,1,58080.0,58080.0,58080.0,240.0,240.0,240.0,242.0,242.0,242.0,0.9999852180480956,False,False,previews/train_train_000607.jpg,,,
train_train_000608,/Users/Di/Documents/GitHub/My projects/Geodata_Archaeology_CV/datasets/dataset_yolo_bbox/images/train/train_000608.png,/Users/Di/Documents/GitHub/My projects/Geodata_Archaeology_CV/datasets/dataset_yolo_bbox/labels/train/train_000608.txt,train,Li,fortifikatsii,5,1170.0,58080.0,120080.0,65.0,240.0,760.0,18.0,158.0,304.0,0.9999656677246094,False,True,previews/train_train_000608.jpg,,,
train_train_000609,/Users/Di/Documents/GitHub/My projects/Geodata_Archaeology_CV/datasets/dataset_yolo_bbox/images/train/train_000609.png,/Users/Di/Documents/GitHub/My projects/Geodata_Archaeology_CV/datasets/dataset_yolo_bbox/labels/train/train_000609.txt,train,Li,fortifikatsii,11,1170.0,24311.0,98124.0,38.0,194.0,629.0,18.0,123.0,189.0,0.9999785423278807,False,True,previews/train_train_000609.jpg,,,
train_train_000610,/Users/Di/Documents/GitHub/My projects/Geodata_Archaeology_CV/datasets/dataset_yolo_bbox/images/train/train_000610.png,/Users/Di/Documents/GitHub/My projects/Geodata_Archaeology_CV/datasets/dataset_yolo_bbox/labels/train/train_000610.txt,train,Li,fortifikatsii,16,288.0,22425.5,282480.0,9.0,159.5,942.0,32.0,146.5,321.0,0.9999880790710448,False,True,previews/train_train_000610.jpg,,,
train_train_000611,/Users/Di/Documents/GitHub/My projects/Geodata_Archaeology_CV/datasets/dataset_yolo_bbox/images/train/train_000611.png,/Users/Di/Documents/GitHub/My projects/Geodata_Archaeology_CV/datasets/dataset_yolo_bbox/labels/train/train_000611.txt,train,Li,fortifikatsii,13,9570.0,26712.0,179292.0,87.0,160.0,602.0,110.0,151.0,402.0,0.6696512699127197,False,True,previews/train_train_000611.jpg,,,
train_train_000612,/Users/Di/Documents/GitHub/My projects/Geodata_Archaeology_CV/datasets/dataset_yolo_bbox/images/train/train_000612.png,/Users/Di/Documents/GitHub/My projects/Geodata_Archaeology_CV/datasets/dataset_yolo_bbox/labels/train/train_000612.txt,train,Li,fortifikatsii,1,21411.0,21411.0,21411.0,183.0,183.0,183.0,117.0,117.0,117.0,0.999985694885254,False,True,previews/train_train_000612.jpg,,,
train_train_000613,/Users/Di/Documents/GitHub/My projects/Geodata_Archaeology_CV/datasets/dataset_yolo_bbox/images/train/train_000613.png,/Users/Di/Documents/GitHub/My projects/Geodata_Archaeology_CV/datasets/dataset_yolo_bbox/labels/train/train_000613.txt,train,Li,fortifikatsii,3,16500.0,18135.0,39375.0,132.0,155.0,225.0,117.0,125.0,175.0,0.999976634979248,False,True,previews/train_train_000613.jpg,,,
train_train_000614,/Users/Di/Documents/GitHub/My projects/Geodata_Archaeology_CV/datasets/dataset_yolo_bbox/images/train/train_000614.png,/Users/Di/Documents/GitHub/My projects/Geodata_Archaeology_CV/datasets/dataset_yolo_bbox/labels/train/train_000614.txt,train,Li,fortifikatsii,5,4590.0,13098.0,109744.0,67.0,111.0,361.0,45.0,118.0,304.0,0.999967098236084,False,True,previews/train_train_000614.jpg,,,
train_train_000615,/Users/Di/Documents/GitHub/My projects/Geodata_Archaeology_CV/datasets/dataset_yolo_bbox/images/train/train_000615.png,/Users/Di/Documents/GitHub/My projects/Geodata_Archaeology_CV/datasets/dataset_yolo_bbox/labels/train/train_000615.txt,train,Li,fortifikatsii,11,2394.0,13098.0,32595.0,38.0,117.0,194.0,45.0,118.0,205.0,0.9999780654907228,False,True,previews/train_train_000615.jpg,,,
train_train_000616,/Users/Di/Documents/GitHub/My projects/Geodata_Archaeology_CV/datasets/dataset_yolo_bbox/images/train/train_000616.png,/Users/Di/Documents/GitHub/My projects/Geodata_Archaeology_CV/datasets/dataset_yolo_bbox/labels/train/train_000616.txt,train,Li,fortifikatsii,7,6776.0,23188.0,108810.0,44.0,143.0,270.0,142.0,187.0,403.0,0.999969720840454,False,True,previews/train_train_000616.jpg,,,
train_train_000617,/Users/Di/Documents/GitHub/My projects/Geodata_Archaeology_CV/datasets/dataset_yolo_bbox/images/train/train_000617.png,/Users/Di/Documents/GitHub/My projects/Geodata_Archaeology_CV/datasets/dataset_yolo_bbox/labels/train/train_000617.txt,train,Li,fortifikatsii,6,21746.0,26220.0,147626.0,131.0,192.0,446.0,122.0,155.5,331.0,0.8191964626312256,False,True,previews/train_train_000617.jpg,,,
train_train_000618,/Users/Di/Documents/GitHub/My projects/Geodata_Archaeology_CV/datasets/dataset_yolo_bbox/images/train/train_000618.png,/Users/Di/Documents/GitHub/My projects/Geodata_Archaeology_CV/datasets/dataset_yolo_bbox/labels/train/train_000618.txt,train,Li,kurgany_povrezhdennye,1,102820.0,102820.0,102820.0,265.0,265.0,265.0,388.0,388.0,388.0,0.9999957084655762,False,True,previews/train_train_000618.jpg,,,
train_train_000619,/Users/Di/Documents/GitHub/My projects/Geodata_Archaeology_CV/datasets/dataset_yolo_bbox/images/train/train_000619.png,/Users/Di/Documents/GitHub/My projects/Geodata_Archaeology_CV/datasets/dataset_yolo_bbox/labels/train/train_000619.txt,train,Li,fortifikatsii; kurgany_povrezhdennye; kurgany_tselye,3,28520.0,48608.0,220410.0,184.0,217.0,558.0,155.0,224.0,395.0,0.9999871253967284,False,False,previews/train_train_000619.jpg,,,
train_train_000620,/Users/Di/Documents/GitHub/My projects/Geodata_Archaeology_CV/datasets/dataset_yolo_bbox/images/train/train_000620.png,/Users/Di/Documents/GitHub/My projects/Geodata_Archaeology_CV/datasets/dataset_yolo_bbox/labels/train/train_000620.txt,train,Li,fortifikatsii,4,8372.0,20262.5,24750.0,92.0,141.0,155.0,91.0,140.0,165.0,0.9999713897705078,False,True,previews/train_train_000620.jpg,,,
train_train_000621,/Users/Di/Documents/GitHub/My projects/Geodata_Archaeology_CV/datasets/dataset_yolo_bbox/images/train/train_000621.png,/Users/Di/Documents/GitHub/My projects/Geodata_Archaeology_CV/datasets/dataset_yolo_bbox/labels/train/train_000621.txt,train,Li,fortifikatsii,9,728.0,11514.0,154507.0,52.0,114.0,367.0,14.0,101.0,421.0,0.9999659061431884,False,True,previews/train_train_000621.jpg,,,
train_train_000622,/Users/Di/Documents/GitHub/My projects/Geodata_Archaeology_CV/datasets/dataset_yolo_bbox/images/train/train_000622.png,/Users/Di/Documents/GitHub/My projects/Geodata_Archaeology_CV/datasets/dataset_yolo_bbox/labels/train/train_000622.txt,train,Li,fortifikatsii,10,5440.0,20662.0,154507.0,68.0,139.5,367.0,80.0,149.0,421.0,0.9999773502349854,False,True,previews/train_train_000622.jpg,,,
train_train_000623,/Users/Di/Documents/GitHub/My projects/Geodata_Archaeology_CV/datasets/dataset_yolo_bbox/images/train/train_000623.png,/Users/Di/Documents/GitHub/My projects/Geodata_Archaeology_CV/datasets/dataset_yolo_bbox/labels/train/train_000623.txt,train,Li,fortifikatsii,1,80104.0,80104.0,80104.0,248.0,248.0,248.0,323.0,323.0,323.0,0.99910569190979,False,True,previews/train_train_000623.jpg,,,
train_train_000624,/Users/Di/Documents/GitHub/My projects/Geodata_Archaeology_CV/datasets/dataset_yolo_bbox/images/train/train_000624.png,/Users/Di/Documents/GitHub/My projects/Geodata_Archaeology_CV/datasets/dataset_yolo_bbox/labels/train/train_000624.txt,train,Li,fortifikatsii,2,21216.0,24520.5,27825.0,156.0,165.5,175.0,136.0,147.5,159.0,0.95693039894104,False,False,previews/train_train_000624.jpg,,,
train_train_000625,/Users/Di/Documents/GitHub/My projects/Geodata_Archaeology_CV/datasets/dataset_yolo_bbox/images/train/train_000625.png,/Users/Di/Documents/GitHub/My projects/Geodata_Archaeology_CV/datasets/dataset_yolo_bbox/labels/train/train_000625.txt,train,Li,kurgany_povrezhdennye,1,27120.0,27120.0,27120.0,226.0,226.0,226.0,120.0,120.0,120.0,0.9997279644012452,False,True,previews/train_train_000625.jpg,,,
train_train_000626,/Users/Di/Documents/GitHub/My projects/Geodata_Archaeology_CV/datasets/dataset_yolo_bbox/images/train/train_000626.png,/Users/Di/Documents/GitHub/My projects/Geodata_Archaeology_CV/datasets/dataset_yolo_bbox/labels/train/train_000626.txt,train,Li,kurgany_povrezhdennye; kurgany_tselye,4,16113.0,43852.0,62248.0,131.0,199.0,502.0,123.0,170.0,224.0,0.9999983310699464,False,True,previews/train_train_000626.jpg,,,
train_train_000627,/Users/Di/Documents/GitHub/My projects/Geodata_Archaeology_CV/datasets/dataset_yolo_bbox/images/train/train_000627.png,/Users/Di/Documents/GitHub/My projects/Geodata_Archaeology_CV/datasets/dataset_yolo_bbox/labels/train/train_000627.txt,train,Li,fortifikatsii; kurgany_povrezhdennye; kurgany_tselye,3,2698.0,16113.0,18144.0,71.0,84.0,131.0,38.0,123.0,216.0,0.999997854232788,False,True,previews/train_train_000627.jpg,,,
train_train_000628,/Users/Di/Documents/GitHub/My projects/Geodata_Archaeology_CV/datasets/dataset_yolo_bbox/images/train/train_000628.png,/Users/Di/Documents/GitHub/My projects/Geodata_Archaeology_CV/datasets/dataset_yolo_bbox/labels/train/train_000628.txt,train,Li,fortifikatsii,4,2698.0,9167.5,30690.0,71.0,114.5,186.0,27.0,81.5,165.0,0.9999945163726808,False,True,previews/train_train_000628.jpg,,,
train_train_000629,/Users/Di/Documents/GitHub/My projects/Geodata_Archaeology_CV/datasets/dataset_yolo_bbox/images/train/train_000629.png,/Users/Di/Documents/GitHub/My projects/Geodata_Archaeology_CV/datasets/dataset_yolo_bbox/labels/train/train_000629.txt,train,Li,fortifikatsii,7,2835.0,24206.0,39179.0,105.0,145.0,193.0,27.0,165.0,210.0,0.9999785423278807,False,True,previews/train_train_000629.jpg,,,
train_train_000630,/Users/Di/Documents/GitHub/My projects/Geodata_Archaeology_CV/datasets/dataset_yolo_bbox/images/train/train_000630.png,/Users/Di/Documents/GitHub/My projects/Geodata_Archaeology_CV/datasets/dataset_yolo_bbox/labels/train/train_000630.txt,train,Li,,0,,,,,,,,,,0.3679563999176025,False,False,previews/train_train_000630.jpg,,,
train_train_000631,/Users/Di/Documents/GitHub/My projects/Geodata_Archaeology_CV/datasets/dataset_yolo_bbox/images/train/train_000631.png,/Users/Di/Documents/GitHub/My projects/Geodata_Archaeology_CV/datasets/dataset_yolo_bbox/labels/train/train_000631.txt,train,Li,fortifikatsii,2,21460.0,30319.5,39179.0,145.0,169.0,193.0,148.0,175.5,203.0,0.9999840259552002,False,False,previews/train_train_000631.jpg,,,
train_train_000632,/Users/Di/Documents/GitHub/My projects/Geodata_Archaeology_CV/datasets/dataset_yolo_bbox/images/train/train_000632.png,/Users/Di/Documents/GitHub/My projects/Geodata_Archaeology_CV/datasets/dataset_yolo_bbox/labels/train/train_000632.txt,train,Li,,0,,,,,,,,,,0.9999520778656006,False,False,previews/train_train_000632.jpg,,,
train_train_000633,/Users/Di/Documents/GitHub/My projects/Geodata_Archaeology_CV/datasets/dataset_yolo_bbox/images/train/train_000633.png,/Users/Di/Documents/GitHub/My projects/Geodata_Archaeology_CV/datasets/dataset_yolo_bbox/labels/train/train_000633.txt,train,Li,fortifikatsii,4,16650.0,25366.5,40602.0,149.0,193.0,201.0,90.0,142.5,202.0,0.9999406337738036,False,True,previews/train_train_000633.jpg,,,
train_train_000634,/Users/Di/Documents/GitHub/My projects/Geodata_Archaeology_CV/datasets/dataset_yolo_bbox/images/train/train_000634.png,/Users/Di/Documents/GitHub/My projects/Geodata_Archaeology_CV/datasets/dataset_yolo_bbox/labels/train/train_000634.txt,train,Li,fortifikatsii,3,16128.0,31959.0,40602.0,128.0,201.0,201.0,126.0,159.0,202.0,0.5173583030700684,False,True,previews/train_train_000634.jpg,,,
train_train_000635,/Users/Di/Documents/GitHub/My projects/Geodata_Archaeology_CV/datasets/dataset_yolo_bbox/images/train/train_000635.png,/Users/Di/Documents/GitHub/My projects/Geodata_Archaeology_CV/datasets/dataset_yolo_bbox/labels/train/train_000635.txt,train,Li,fortifikatsii,3,5616.0,7296.0,9405.0,76.0,99.0,108.0,52.0,95.0,96.0,0.8020908832550049,False,True,previews/train_train_000635.jpg,,,
train_train_000636,/Users/Di/Documents/GitHub/My projects/Geodata_Archaeology_CV/datasets/dataset_yolo_bbox/images/train/train_000636.png,/Users/Di/Documents/GitHub/My projects/Geodata_Archaeology_CV/datasets/dataset_yolo_bbox/labels/train/train_000636.txt,train,Li,fortifikatsii; kurgany_povrezhdennye; kurgany_tselye,5,5616.0,9405.0,62464.0,76.0,108.0,256.0,52.0,96.0,244.0,0.9999885559082032,False,True,previews/train_train_000636.jpg,,,
train_train_000637,/Users/Di/Documents/GitHub/My projects/Geodata_Archaeology_CV/datasets/dataset_yolo_bbox/images/train/train_000637.png,/Users/Di/Documents/GitHub/My projects/Geodata_Archaeology_CV/datasets/dataset_yolo_bbox/labels/train/train_000637.txt,train,Li,fortifikatsii; kurgany_povrezhdennye; kurgany_tselye,4,13680.0,35677.5,62464.0,90.0,186.0,256.0,118.0,191.5,244.0,0.9999940395355223,False,False,previews/train_train_000637.jpg,,,
train_train_000638,/Users/Di/Documents/GitHub/My projects/Geodata_Archaeology_CV/datasets/dataset_yolo_bbox/images/train/train_000638.png,/Users/Di/Documents/GitHub/My projects/Geodata_Archaeology_CV/datasets/dataset_yolo_bbox/labels/train/train_000638.txt,train,Li,fortifikatsii,9,7268.0,46168.0,129311.0,62.0,232.0,343.0,79.0,194.0,377.0,0.9999780654907228,False,True,previews/train_train_000638.jpg,,,
train_train_000639,/Users/Di/Documents/GitHub/My projects/Geodata_Archaeology_CV/datasets/dataset_yolo_bbox/images/train/train_000639.png,/Users/Di/Documents/GitHub/My projects/Geodata_Archaeology_CV/datasets/dataset_yolo_bbox/labels/train/train_000639.txt,train,Li,fortifikatsii,28,5200.0,36112.0,158400.0,65.0,200.0,815.0,80.0,185.0,377.0,0.999936819076538,False,True,previews/train_train_000639.jpg,,,
train_train_000640,/Users/Di/Documents/GitHub/My projects/Geodata_Archaeology_CV/datasets/dataset_yolo_bbox/images/train/train_000640.png,/Users/Di/Documents/GitHub/My projects/Geodata_Archaeology_CV/datasets/dataset_yolo_bbox/labels/train/train_000640.txt,train,Li,fortifikatsii,14,896.0,31151.5,117972.0,14.0,181.5,339.0,54.0,165.0,348.0,0.6667876243591309,False,True,previews/train_train_000640.jpg,,,
train_train_000641,/Users/Di/Documents/GitHub/My projects/Geodata_Archaeology_CV/datasets/dataset_yolo_bbox/images/train/train_000641.png,/Users/Di/Documents/GitHub/My projects/Geodata_Archaeology_CV/datasets/dataset_yolo_bbox/labels/train/train_000641.txt,train,Li,fortifikatsii,3,7296.0,9405.0,16698.0,76.0,99.0,121.0,95.0,96.0,138.0,0.6611604690551758,False,False,previews/train_train_000641.jpg,,,
train_train_000642,/Users/Di/Documents/GitHub/My projects/Geodata_Archaeology_CV/datasets/dataset_yolo_bbox/images/train/train_000642.png,/Users/Di/Documents/GitHub/My projects/Geodata_Archaeology_CV/datasets/dataset_yolo_bbox/labels/train/train_000642.txt,train,Li,fortifikatsii; kurgany_tselye,6,7296.0,11486.5,21525.0,76.0,113.0,175.0,82.0,101.0,138.0,0.9999890327453612,False,True,previews/train_train_000642.jpg,,,
train_train_000643,/Users/Di/Documents/GitHub/My projects/Geodata_Archaeology_CV/datasets/dataset_yolo_bbox/images/train/train_000643.png,/Users/Di/Documents/GitHub/My projects/Geodata_Archaeology_CV/datasets/dataset_yolo_bbox/labels/train/train_000643.txt,train,Li,fortifikatsii; kurgany_povrezhdennye; kurgany_tselye,5,1024.0,17554.0,29397.0,16.0,134.0,239.0,64.0,123.0,136.0,0.999995231628418,False,True,previews/train_train_000643.jpg,,,
train_train_000644,/Users/Di/Documents/GitHub/My projects/Geodata_Archaeology_CV/datasets/dataset_yolo_bbox/images/train/train_000644.png,/Users/Di/Documents/GitHub/My projects/Geodata_Archaeology_CV/datasets/dataset_yolo_bbox/labels/train/train_000644.txt,train,Li,,0,,,,,,,,,,0.9999990463256836,False,False,previews/train_train_000644.jpg,,,
train_train_000645,/Users/Di/Documents/GitHub/My projects/Geodata_Archaeology_CV/datasets/dataset_yolo_bbox/images/train/train_000645.png,/Users/Di/Documents/GitHub/My projects/Geodata_Archaeology_CV/datasets/dataset_yolo_bbox/labels/train/train_000645.txt,train,Li,fortifikatsii,1,760.0,760.0,760.0,40.0,40.0,40.0,19.0,19.0,19.0,0.9999988079071044,False,True,previews/train_train_000645.jpg,,,
train_train_000646,/Users/Di/Documents/GitHub/My projects/Geodata_Archaeology_CV/datasets/dataset_yolo_bbox/images/train/train_000646.png,/Users/Di/Documents/GitHub/My projects/Geodata_Archaeology_CV/datasets/dataset_yolo_bbox/labels/train/train_000646.txt,train,Li,fortifikatsii,4,760.0,5161.0,21331.0,40.0,76.0,257.0,17.0,51.0,90.0,0.9999983310699464,False,True,previews/train_train_000646.jpg,,,
train_train_000647,/Users/Di/Documents/GitHub/My projects/Geodata_Archaeology_CV/datasets/dataset_yolo_bbox/images/train/train_000647.png,/Users/Di/Documents/GitHub/My projects/Geodata_Archaeology_CV/datasets/dataset_yolo_bbox/labels/train/train_000647.txt,train,Li,fortifikatsii,1,1296.0,1296.0,1296.0,24.0,24.0,24.0,54.0,54.0,54.0,0.816148042678833,False,True,previews/train_train_000647.jpg,,,
train_train_000648,/Users/Di/Documents/GitHub/My projects/Geodata_Archaeology_CV/datasets/dataset_yolo_bbox/images/train/train_000648.png,/Users/Di/Documents/GitHub/My projects/Geodata_Archaeology_CV/datasets/dataset_yolo_bbox/labels/train/train_000648.txt,train,Li,,0,,,,,,,,,,0.5201661586761475,False,False,previews/train_train_000648.jpg,,,
train_train_000649,/Users/Di/Documents/GitHub/My projects/Geodata_Archaeology_CV/datasets/dataset_yolo_bbox/images/train/train_000649.png,/Users/Di/Documents/GitHub/My projects/Geodata_Archaeology_CV/datasets/dataset_yolo_bbox/labels/train/train_000649.txt,train,Li,,0,,,,,,,,,,0.99999737739563,False,False,previews/train_train_000649.jpg,,,
train_train_000650,/Users/Di/Documents/GitHub/My projects/Geodata_Archaeology_CV/datasets/dataset_yolo_bbox/images/train/train_000650.png,/Users/Di/Documents/GitHub/My projects/Geodata_Archaeology_CV/datasets/dataset_yolo_bbox/labels/train/train_000650.txt,train,Li,fortifikatsii,1,1165042.0,1165042.0,1165042.0,1426.0,1426.0,1426.0,817.0,817.0,817.0,0.9998750686645508,False,True,previews/train_train_000650.jpg,,,
train_train_000651,/Users/Di/Documents/GitHub/My projects/Geodata_Archaeology_CV/datasets/dataset_yolo_bbox/images/train/train_000651.png,/Users/Di/Documents/GitHub/My projects/Geodata_Archaeology_CV/datasets/dataset_yolo_bbox/labels/train/train_000651.txt,train,Li,fortifikatsii; kurgany_povrezhdennye,2,14280.0,638639.5,1262999.0,140.0,1093.5,2047.0,102.0,359.5,617.0,0.9999969005584716,False,True,previews/train_train_000651.jpg,,,
train_train_000652,/Users/Di/Documents/GitHub/My projects/Geodata_Archaeology_CV/datasets/dataset_yolo_bbox/images/train/train_000652.png,/Users/Di/Documents/GitHub/My projects/Geodata_Archaeology_CV/datasets/dataset_yolo_bbox/labels/train/train_000652.txt,train,Li,fortifikatsii; kurgany_povrezhdennye,2,7425.0,699547.5,1391670.0,75.0,1024.5,1974.0,99.0,402.0,705.0,0.9999990463256836,False,True,previews/train_train_000652.jpg,,,
train_train_000653,/Users/Di/Documents/GitHub/My projects/Geodata_Archaeology_CV/datasets/dataset_yolo_bbox/images/train/train_000653.png,/Users/Di/Documents/GitHub/My projects/Geodata_Archaeology_CV/datasets/dataset_yolo_bbox/labels/train/train_000653.txt,train,Li,fortifikatsii,1,66576.0,66576.0,66576.0,438.0,438.0,438.0,152.0,152.0,152.0,0.9548192024230956,False,True,previews/train_train_000653.jpg,,,
train_train_000654,/Users/Di/Documents/GitHub/My projects/Geodata_Archaeology_CV/datasets/dataset_yolo_bbox/images/train/train_000654.png,/Users/Di/Documents/GitHub/My projects/Geodata_Archaeology_CV/datasets/dataset_yolo_bbox/labels/train/train_000654.txt,train,Li,fortifikatsii,1,220704.0,220704.0,220704.0,484.0,484.0,484.0,456.0,456.0,456.0,0.9999918937683104,False,True,previews/train_train_000654.jpg,,,
train_train_000655,/Users/Di/Documents/GitHub/My projects/Geodata_Archaeology_CV/datasets/dataset_yolo_bbox/images/train/train_000655.png,/Users/Di/Documents/GitHub/My projects/Geodata_Archaeology_CV/datasets/dataset_yolo_bbox/labels/train/train_000655.txt,train,Li,fortifikatsii,1,1780170.0,1780170.0,1780170.0,1715.0,1715.0,1715.0,1038.0,1038.0,1038.0,0.9998507499694824,False,True,previews/train_train_000655.jpg,,,
train_train_000656,/Users/Di/Documents/GitHub/My projects/Geodata_Archaeology_CV/datasets/dataset_yolo_bbox/images/train/train_000656.png,/Users/Di/Documents/GitHub/My projects/Geodata_Archaeology_CV/datasets/dataset_yolo_bbox/labels/train/train_000656.txt,train,Li,fortifikatsii; kurgany_povrezhdennye,4,15960.0,27663.5,80496.0,140.0,177.5,468.0,114.0,157.0,175.0,0.999997854232788,False,True,previews/train_train_000656.jpg,,,
train_train_000657,/Users/Di/Documents/GitHub/My projects/Geodata_Archaeology_CV/datasets/dataset_yolo_bbox/images/train/train_000657.png,/Users/Di/Documents/GitHub/My projects/Geodata_Archaeology_CV/datasets/dataset_yolo_bbox/labels/train/train_000657.txt,train,Li,fortifikatsii; kurgany_povrezhdennye,4,8325.0,18028.5,1464924.0,62.0,112.0,2004.0,111.0,168.0,731.0,0.9999959468841552,False,True,previews/train_train_000657.jpg,,,
train_train_000658,/Users/Di/Documents/GitHub/My projects/Geodata_Archaeology_CV/datasets/dataset_yolo_bbox/images/train/train_000658.png,/Users/Di/Documents/GitHub/My projects/Geodata_Archaeology_CV/datasets/dataset_yolo_bbox/labels/train/train_000658.txt,train,Li,fortifikatsii; kurgany_povrezhdennye,3,32040.0,730060.0,1439423.0,180.0,692.0,1829.0,178.0,787.0,1055.0,0.9999921321868896,False,True,previews/train_train_000658.jpg,,,
train_train_000659,/Users/Di/Documents/GitHub/My projects/Geodata_Archaeology_CV/datasets/dataset_yolo_bbox/images/train/train_000659.png,/Users/Di/Documents/GitHub/My projects/Geodata_Archaeology_CV/datasets/dataset_yolo_bbox/labels/train/train_000659.txt,train,Li,fortifikatsii,2,144921.0,398983.0,653045.0,469.0,544.0,619.0,309.0,682.0,1055.0,0.4509809017181396,True,True,previews/train_train_000659.jpg,,,
train_train_000660,/Users/Di/Documents/GitHub/My projects/Geodata_Archaeology_CV/datasets/dataset_yolo_bbox/images/train/train_000660.png,/Users/Di/Documents/GitHub/My projects/Geodata_Archaeology_CV/datasets/dataset_yolo_bbox/labels/train/train_000660.txt,train,Li,,0,,,,,,,,,,0.9702401161193848,False,False,previews/train_train_000660.jpg,,,
train_train_000661,/Users/Di/Documents/GitHub/My projects/Geodata_Archaeology_CV/datasets/dataset_yolo_bbox/images/train/train_000661.png,/Users/Di/Documents/GitHub/My projects/Geodata_Archaeology_CV/datasets/dataset_yolo_bbox/labels/train/train_000661.txt,train,Li,kurgany_povrezhdennye; kurgany_tselye,18,8736.0,19005.5,50578.0,96.0,144.5,246.0,91.0,125.0,242.0,0.9999935626983644,False,True,previews/train_train_000661.jpg,,,
train_train_000662,/Users/Di/Documents/GitHub/My projects/Geodata_Archaeology_CV/datasets/dataset_yolo_bbox/images/train/train_000662.png,/Users/Di/Documents/GitHub/My projects/Geodata_Archaeology_CV/datasets/dataset_yolo_bbox/labels/train/train_000662.txt,train,Li,fortifikatsii; kurgany_povrezhdennye; kurgany_tselye,19,1767.0,13653.0,36863.0,19.0,117.0,198.0,93.0,123.0,214.0,0.9999966621398926,False,True,previews/train_train_000662.jpg,,,
train_train_000663,/Users/Di/Documents/GitHub/My projects/Geodata_Archaeology_CV/datasets/dataset_yolo_bbox/images/train/train_000663.png,/Users/Di/Documents/GitHub/My projects/Geodata_Archaeology_CV/datasets/dataset_yolo_bbox/labels/train/train_000663.txt,train,Li,fortifikatsii; kurgany_povrezhdennye; kurgany_tselye,14,9982.0,17335.5,49704.0,62.0,129.0,218.0,96.0,131.0,228.0,0.9999947547912598,False,True,previews/train_train_000663.jpg,,,
train_train_000664,/Users/Di/Documents/GitHub/My projects/Geodata_Archaeology_CV/datasets/dataset_yolo_bbox/images/train/train_000664.png,/Users/Di/Documents/GitHub/My projects/Geodata_Archaeology_CV/datasets/dataset_yolo_bbox/labels/train/train_000664.txt,train,Li,fortifikatsii; kurgany_povrezhdennye,2,32040.0,421326.0,810612.0,180.0,288.0,396.0,178.0,1112.5,2047.0,0.9999790191650392,False,True,previews/train_train_000664.jpg,,,
train_train_000665,/Users/Di/Documents/GitHub/My projects/Geodata_Archaeology_CV/datasets/dataset_yolo_bbox/images/train/train_000665.png,/Users/Di/Documents/GitHub/My projects/Geodata_Archaeology_CV/datasets/dataset_yolo_bbox/labels/train/train_000665.txt,train,Li,fortifikatsii,1,612053.0,612053.0,612053.0,299.0,299.0,299.0,2047.0,2047.0,2047.0,0.6003849506378174,True,True,previews/train_train_000665.jpg,,,
train_train_000666,/Users/Di/Documents/GitHub/My projects/Geodata_Archaeology_CV/datasets/dataset_yolo_bbox/images/train/train_000666.png,/Users/Di/Documents/GitHub/My projects/Geodata_Archaeology_CV/datasets/dataset_yolo_bbox/labels/train/train_000666.txt,train,Li,fortifikatsii,2,2314.0,3796.0,5278.0,26.0,58.5,91.0,58.0,73.5,89.0,0.999990463256836,False,True,previews/train_train_000666.jpg,,,
train_train_000667,/Users/Di/Documents/GitHub/My projects/Geodata_Archaeology_CV/datasets/dataset_yolo_bbox/images/train/train_000667.png,/Users/Di/Documents/GitHub/My projects/Geodata_Archaeology_CV/datasets/dataset_yolo_bbox/labels/train/train_000667.txt,train,Li,fortifikatsii,12,3270.0,12180.0,26010.0,52.0,108.5,170.0,30.0,115.0,153.0,0.9999525547027588,False,True,previews/train_train_000667.jpg,,,
train_train_000668,/Users/Di/Documents/GitHub/My projects/Geodata_Archaeology_CV/datasets/dataset_yolo_bbox/images/train/train_000668.png,/Users/Di/Documents/GitHub/My projects/Geodata_Archaeology_CV/datasets/dataset_yolo_bbox/labels/train/train_000668.txt,train,Li,fortifikatsii; kurgany_povrezhdennye; kurgany_tselye,19,567.0,17856.0,50561.0,81.0,144.0,217.0,7.0,124.0,233.0,0.9999752044677734,False,True,previews/train_train_000668.jpg,,,
train_train_000669,/Users/Di/Documents/GitHub/My projects/Geodata_Archaeology_CV/datasets/dataset_yolo_bbox/images/train/train_000669.png,/Users/Di/Documents/GitHub/My projects/Geodata_Archaeology_CV/datasets/dataset_yolo_bbox/labels/train/train_000669.txt,train,Li,fortifikatsii; kurgany_povrezhdennye; kurgany_tselye,6,567.0,1408.5,12880.0,19.0,74.5,92.0,7.0,54.0,140.0,0.9999990463256836,False,True,previews/train_train_000669.jpg,,,
train_train_000670,/Users/Di/Documents/GitHub/My projects/Geodata_Archaeology_CV/datasets/dataset_yolo_bbox/images/train/train_000670.png,/Users/Di/Documents/GitHub/My projects/Geodata_Archaeology_CV/datasets/dataset_yolo_bbox/labels/train/train_000670.txt,train,Li,fortifikatsii; kurgany_povrezhdennye,4,882.0,4135.0,8700.0,70.0,81.5,98.0,9.0,55.0,100.0,0.9999828338623048,False,True,previews/train_train_000670.jpg,,,
train_train_000671,/Users/Di/Documents/GitHub/My projects/Geodata_Archaeology_CV/datasets/dataset_yolo_bbox/images/train/train_000671.png,/Users/Di/Documents/GitHub/My projects/Geodata_Archaeology_CV/datasets/dataset_yolo_bbox/labels/train/train_000671.txt,train,Li,fortifikatsii,2,550620.0,569054.5,587489.0,287.0,476.0,665.0,828.0,1437.5,2047.0,0.9996378421783448,False,True,previews/train_train_000671.jpg,,,
train_train_000672,/Users/Di/Documents/GitHub/My projects/Geodata_Archaeology_CV/datasets/dataset_yolo_bbox/images/train/train_000672.png,/Users/Di/Documents/GitHub/My projects/Geodata_Archaeology_CV/datasets/dataset_yolo_bbox/labels/train/train_000672.txt,train,Li,fortifikatsii,2,341849.0,1047587.5,1753326.0,167.0,700.0,1233.0,1422.0,1734.5,2047.0,0.7488758563995361,True,True,previews/train_train_000672.jpg,,,
train_train_000673,/Users/Di/Documents/GitHub/My projects/Geodata_Archaeology_CV/datasets/dataset_yolo_bbox/images/train/train_000673.png,/Users/Di/Documents/GitHub/My projects/Geodata_Archaeology_CV/datasets/dataset_yolo_bbox/labels/train/train_000673.txt,train,Li,fortifikatsii,6,2314.0,11519.5,40565.0,26.0,98.5,427.0,89.0,97.0,133.0,0.9999699592590332,False,True,previews/train_train_000673.jpg,,,
train_train_000674,/Users/Di/Documents/GitHub/My projects/Geodata_Archaeology_CV/datasets/dataset_yolo_bbox/images/train/train_000674.png,/Users/Di/Documents/GitHub/My projects/Geodata_Archaeology_CV/datasets/dataset_yolo_bbox/labels/train/train_000674.txt,train,Li,fortifikatsii,31,3366.0,14364.0,494676.0,34.0,116.0,1963.0,64.0,124.0,252.0,0.9998860359191896,False,True,previews/train_train_000674.jpg,,,
train_train_000675,/Users/Di/Documents/GitHub/My projects/Geodata_Archaeology_CV/datasets/dataset_yolo_bbox/images/train/train_000675.png,/Users/Di/Documents/GitHub/My projects/Geodata_Archaeology_CV/datasets/dataset_yolo_bbox/labels/train/train_000675.txt,train,Li,fortifikatsii,18,5900.0,16390.0,829035.0,59.0,139.0,2047.0,83.0,125.0,405.0,0.9999332427978516,False,True,previews/train_train_000675.jpg,,,
train_train_000676,/Users/Di/Documents/GitHub/My projects/Geodata_Archaeology_CV/datasets/dataset_yolo_bbox/images/train/train_000676.png,/Users/Di/Documents/GitHub/My projects/Geodata_Archaeology_CV/datasets/dataset_yolo_bbox/labels/train/train_000676.txt,train,Li,fortifikatsii,2,10100.0,894471.5,1778843.0,101.0,1074.0,2047.0,100.0,484.5,869.0,0.9997735023498536,False,True,previews/train_train_000676.jpg,,,
train_train_000677,/Users/Di/Documents/GitHub/My projects/Geodata_Archaeology_CV/datasets/dataset_yolo_bbox/images/train/train_000677.png,/Users/Di/Documents/GitHub/My projects/Geodata_Archaeology_CV/datasets/dataset_yolo_bbox/labels/train/train_000677.txt,train,Li,fortifikatsii,2,99216.0,208554.0,317892.0,624.0,985.5,1347.0,159.0,197.5,236.0,0.9999268054962158,False,True,previews/train_train_000677.jpg,,,
train_train_000678,/Users/Di/Documents/GitHub/My projects/Geodata_Archaeology_CV/datasets/dataset_yolo_bbox/images/train/train_000678.png,/Users/Di/Documents/GitHub/My projects/Geodata_Archaeology_CV/datasets/dataset_yolo_bbox/labels/train/train_000678.txt,train,Li,fortifikatsii,2,144585.0,1190684.0,2236783.0,255.0,1147.0,2039.0,567.0,832.0,1097.0,0.9995412826538086,False,True,previews/train_train_000678.jpg,,,
train_train_000679,/Users/Di/Documents/GitHub/My projects/Geodata_Archaeology_CV/datasets/dataset_yolo_bbox/images/train/train_000679.png,/Users/Di/Documents/GitHub/My projects/Geodata_Archaeology_CV/datasets/dataset_yolo_bbox/labels/train/train_000679.txt,train,Li,fortifikatsii,2,70470.0,326865.5,583261.0,135.0,407.0,679.0,522.0,690.5,859.0,0.897397518157959,True,True,previews/train_train_000679.jpg,,,
train_train_000680,/Users/Di/Documents/GitHub/My projects/Geodata_Archaeology_CV/datasets/dataset_yolo_bbox/images/train/train_000680.png,/Users/Di/Documents/GitHub/My projects/Geodata_Archaeology_CV/datasets/dataset_yolo_bbox/labels/train/train_000680.txt,train,Li,fortifikatsii,1,1117844.0,1117844.0,1117844.0,962.0,962.0,962.0,1162.0,1162.0,1162.0,0.5652172565460205,False,True,previews/train_train_000680.jpg,,,
train_train_000681,/Users/Di/Documents/GitHub/My projects/Geodata_Archaeology_CV/datasets/dataset_yolo_bbox/images/train/train_000681.png,/Users/Di/Documents/GitHub/My projects/Geodata_Archaeology_CV/datasets/dataset_yolo_bbox/labels/train/train_000681.txt,train,Li,fortifikatsii,1,1932368.0,1932368.0,1932368.0,2047.0,2047.0,2047.0,944.0,944.0,944.0,0.9999384880065918,False,True,previews/train_train_000681.jpg,,,
train_train_000682,/Users/Di/Documents/GitHub/My projects/Geodata_Archaeology_CV/datasets/dataset_yolo_bbox/images/train/train_000682.png,/Users/Di/Documents/GitHub/My projects/Geodata_Archaeology_CV/datasets/dataset_yolo_bbox/labels/train/train_000682.txt,train,Li,fortifikatsii,2,4284.0,462717.0,921150.0,102.0,1074.5,2047.0,42.0,246.0,450.0,0.9999399185180664,False,True,previews/train_train_000682.jpg,,,
train_train_000683,/Users/Di/Documents/GitHub/My projects/Geodata_Archaeology_CV/datasets/dataset_yolo_bbox/images/train/train_000683.png,/Users/Di/Documents/GitHub/My projects/Geodata_Archaeology_CV/datasets/dataset_yolo_bbox/labels/train/train_000683.txt,train,Li,fortifikatsii; kurgany_povrezhdennye,5,5304.0,22946.0,829035.0,126.0,149.0,2047.0,39.0,154.0,405.0,0.999945878982544,False,True,previews/train_train_000683.jpg,,,
train_train_000684,/Users/Di/Documents/GitHub/My projects/Geodata_Archaeology_CV/datasets/dataset_yolo_bbox/images/train/train_000684.png,/Users/Di/Documents/GitHub/My projects/Geodata_Archaeology_CV/datasets/dataset_yolo_bbox/labels/train/train_000684.txt,train,Li,fortifikatsii,1,292740.0,292740.0,292740.0,820.0,820.0,820.0,357.0,357.0,357.0,0.9999105930328368,False,True,previews/train_train_000684.jpg,,,
train_train_000685,/Users/Di/Documents/GitHub/My projects/Geodata_Archaeology_CV/datasets/dataset_yolo_bbox/images/train/train_000685.png,/Users/Di/Documents/GitHub/My projects/Geodata_Archaeology_CV/datasets/dataset_yolo_bbox/labels/train/train_000685.txt,train,Li,fortifikatsii,3,6106.0,20320.0,24633.0,71.0,160.0,161.0,86.0,127.0,153.0,0.9123086929321288,False,False,previews/train_train_000685.jpg,,,
train_train_000686,/Users/Di/Documents/GitHub/My projects/Geodata_Archaeology_CV/datasets/dataset_yolo_bbox/images/train/train_000686.png,/Users/Di/Documents/GitHub/My projects/Geodata_Archaeology_CV/datasets/dataset_yolo_bbox/labels/train/train_000686.txt,train,Li,fortifikatsii,3,132.0,6106.0,24633.0,6.0,71.0,161.0,22.0,86.0,153.0,0.6924455165863037,False,True,previews/train_train_000686.jpg,,,
train_train_000687,/Users/Di/Documents/GitHub/My projects/Geodata_Archaeology_CV/datasets/dataset_yolo_bbox/images/train/train_000687.png,/Users/Di/Documents/GitHub/My projects/Geodata_Archaeology_CV/datasets/dataset_yolo_bbox/labels/train/train_000687.txt,train,Li,fortifikatsii,1,910035.0,910035.0,910035.0,945.0,945.0,945.0,963.0,963.0,963.0,0.4540908336639404,True,True,previews/train_train_000687.jpg,,,
train_train_000688,/Users/Di/Documents/GitHub/My projects/Geodata_Archaeology_CV/datasets/dataset_yolo_bbox/images/train/train_000688.png,/Users/Di/Documents/GitHub/My projects/Geodata_Archaeology_CV/datasets/dataset_yolo_bbox/labels/train/train_000688.txt,train,Li,fortifikatsii,1,159562.0,159562.0,159562.0,494.0,494.0,494.0,323.0,323.0,323.0,0.9475748538970948,True,True,previews/train_train_000688.jpg,,,
train_train_000689,/Users/Di/Documents/GitHub/My projects/Geodata_Archaeology_CV/datasets/dataset_yolo_bbox/images/train/train_000689.png,/Users/Di/Documents/GitHub/My projects/Geodata_Archaeology_CV/datasets/dataset_yolo_bbox/labels/train/train_000689.txt,train,Li,kurgany_povrezhdennye,1,48616.0,48616.0,48616.0,236.0,236.0,236.0,206.0,206.0,206.0,0.7293820381164551,True,False,previews/train_train_000689.jpg,,,
train_train_000690,/Users/Di/Documents/GitHub/My projects/Geodata_Archaeology_CV/datasets/dataset_yolo_bbox/images/train/train_000690.png,/Users/Di/Documents/GitHub/My projects/Geodata_Archaeology_CV/datasets/dataset_yolo_bbox/labels/train/train_000690.txt,train,Li,kurgany_povrezhdennye; kurgany_tselye,229,200.0,30609.0,213248.0,7.0,178.0,476.0,4.0,176.0,458.0,0.7013862133026123,True,True,previews/train_train_000690.jpg,,,
train_train_000691,/Users/Di/Documents/GitHub/My projects/Geodata_Archaeology_CV/datasets/dataset_yolo_bbox/images/train/train_000691.png,/Users/Di/Documents/GitHub/My projects/Geodata_Archaeology_CV/datasets/dataset_yolo_bbox/labels/train/train_000691.txt,train,Li,kurgany_povrezhdennye; kurgany_tselye,122,264.0,41511.5,155600.0,40.0,201.0,405.0,3.0,205.5,432.0,0.6165407299995422,True,True,previews/train_train_000691.jpg,,,
train_train_000692,/Users/Di/Documents/GitHub/My projects/Geodata_Archaeology_CV/datasets/dataset_yolo_bbox/images/train/train_000692.png,/Users/Di/Documents/GitHub/My projects/Geodata_Archaeology_CV/datasets/dataset_yolo_bbox/labels/train/train_000692.txt,train,Li,kurgany_povrezhdennye,84,264.0,38593.0,147825.0,34.0,198.0,405.0,3.0,207.5,400.0,0.5070840716362,True,True,previews/train_train_000692.jpg,,,
train_train_000693,/Users/Di/Documents/GitHub/My projects/Geodata_Archaeology_CV/datasets/dataset_yolo_bbox/images/train/train_000693.png,/Users/Di/Documents/GitHub/My projects/Geodata_Archaeology_CV/datasets/dataset_yolo_bbox/labels/train/train_000693.txt,train,Li,kurgany_povrezhdennye; kurgany_tselye,182,364.0,37627.5,290512.0,6.0,194.5,542.0,9.0,196.0,536.0,0.6961480379104614,True,True,previews/train_train_000693.jpg,,,
train_train_000694,/Users/Di/Documents/GitHub/My projects/Geodata_Archaeology_CV/datasets/dataset_yolo_bbox/images/train/train_000694.png,/Users/Di/Documents/GitHub/My projects/Geodata_Archaeology_CV/datasets/dataset_yolo_bbox/labels/train/train_000694.txt,train,Li,kurgany_povrezhdennye; kurgany_tselye,160,364.0,39412.0,126873.0,45.0,200.5,378.0,7.0,201.5,381.0,0.7541286945343018,False,True,previews/train_train_000694.jpg,,,
train_train_000695,/Users/Di/Documents/GitHub/My projects/Geodata_Archaeology_CV/datasets/dataset_yolo_bbox/images/train/train_000695.png,/Users/Di/Documents/GitHub/My projects/Geodata_Archaeology_CV/datasets/dataset_yolo_bbox/labels/train/train_000695.txt,train,Li,kurgany_povrezhdennye; kurgany_tselye,119,2121.0,39044.0,126873.0,21.0,200.0,378.0,25.0,210.0,381.0,0.6472231149673462,True,True,previews/train_train_000695.jpg,,,
train_train_000696,/Users/Di/Documents/GitHub/My projects/Geodata_Archaeology_CV/datasets/dataset_yolo_bbox/images/train/train_000696.png,/Users/Di/Documents/GitHub/My projects/Geodata_Archaeology_CV/datasets/dataset_yolo_bbox/labels/train/train_000696.txt,train,Li,kurgany_povrezhdennye,101,215.0,33855.0,290512.0,6.0,190.0,542.0,5.0,189.0,536.0,0.5340608358383179,True,True,previews/train_train_000696.jpg,,,
train_train_000697,/Users/Di/Documents/GitHub/My projects/Geodata_Archaeology_CV/datasets/dataset_yolo_bbox/images/train/train_000697.png,/Users/Di/Documents/GitHub/My projects/Geodata_Archaeology_CV/datasets/dataset_yolo_bbox/labels/train/train_000697.txt,train,Li,kurgany_povrezhdennye; kurgany_tselye,113,7155.0,38208.0,124740.0,45.0,200.0,378.0,55.0,196.0,378.0,0.5264729857444763,True,True,previews/train_train_000697.jpg,,,
train_train_000698,/Users/Di/Documents/GitHub/My projects/Geodata_Archaeology_CV/datasets/dataset_yolo_bbox/images/train/train_000698.png,/Users/Di/Documents/GitHub/My projects/Geodata_Archaeology_CV/datasets/dataset_yolo_bbox/labels/train/train_000698.txt,train,Li,kurgany_povrezhdennye; kurgany_tselye,86,2121.0,38806.0,124740.0,21.0,200.5,378.0,55.0,198.0,353.0,0.4338743090629577,True,True,previews/train_train_000698.jpg,,,
train_train_000699,/Users/Di/Documents/GitHub/My projects/Geodata_Archaeology_CV/datasets/dataset_yolo_bbox/images/train/train_000699.png,/Users/Di/Documents/GitHub/My projects/Geodata_Archaeology_CV/datasets/dataset_yolo_bbox/labels/train/train_000699.txt,train,Ae,kurgany_povrezhdennye; kurgany_tselye,104,140.0,29944.5,132030.0,7.0,161.5,375.0,4.0,190.0,437.0,0.9254941940307616,True,True,previews/train_train_000699.jpg,,,
train_train_000700,/Users/Di/Documents/GitHub/My projects/Geodata_Archaeology_CV/datasets/dataset_yolo_bbox/images/train/train_000700.png,/Users/Di/Documents/GitHub/My projects/Geodata_Archaeology_CV/datasets/dataset_yolo_bbox/labels/train/train_000700.txt,train,Ae,kurgany_povrezhdennye; kurgany_tselye,134,252.0,29059.5,183051.0,7.0,160.0,467.0,6.0,188.0,473.0,0.9502897262573242,True,True,previews/train_train_000700.jpg,,,
train_train_000701,/Users/Di/Documents/GitHub/My projects/Geodata_Archaeology_CV/datasets/dataset_yolo_bbox/images/train/train_000701.png,/Users/Di/Documents/GitHub/My projects/Geodata_Archaeology_CV/datasets/dataset_yolo_bbox/labels/train/train_000701.txt,train,Ae,kurgany_povrezhdennye; kurgany_tselye,72,152.0,29059.5,141840.0,4.0,159.0,360.0,6.0,190.5,467.0,0.9182820320129396,True,True,previews/train_train_000701.jpg,,,
train_train_000702,/Users/Di/Documents/GitHub/My projects/Geodata_Archaeology_CV/datasets/dataset_yolo_bbox/images/train/train_000702.png,/Users/Di/Documents/GitHub/My projects/Geodata_Archaeology_CV/datasets/dataset_yolo_bbox/labels/train/train_000702.txt,train,Ae,kurgany_povrezhdennye; kurgany_tselye,207,297.0,33800.0,216750.0,9.0,168.0,410.0,13.0,203.0,578.0,1.0,True,True,previews/train_train_000702.jpg,,,
train_train_000703,/Users/Di/Documents/GitHub/My projects/Geodata_Archaeology_CV/datasets/dataset_yolo_bbox/images/train/train_000703.png,/Users/Di/Documents/GitHub/My projects/Geodata_Archaeology_CV/datasets/dataset_yolo_bbox/labels/train/train_000703.txt,train,Ae,kurgany_povrezhdennye; kurgany_tselye,340,252.0,33036.0,276862.0,7.0,166.0,479.0,10.0,200.5,578.0,1.0,False,True,previews/train_train_000703.jpg,,,
train_train_000704,/Users/Di/Documents/GitHub/My projects/Geodata_Archaeology_CV/datasets/dataset_yolo_bbox/images/train/train_000704.png,/Users/Di/Documents/GitHub/My projects/Geodata_Archaeology_CV/datasets/dataset_yolo_bbox/labels/train/train_000704.txt,train,Ae,kurgany_povrezhdennye; kurgany_tselye,210,152.0,31658.0,180438.0,4.0,160.0,366.0,10.0,199.5,531.0,0.9615159034729004,True,True,previews/train_train_000704.jpg,,,
train_train_000705,/Users/Di/Documents/GitHub/My projects/Geodata_Archaeology_CV/datasets/dataset_yolo_bbox/images/train/train_000705.png,/Users/Di/Documents/GitHub/My projects/Geodata_Archaeology_CV/datasets/dataset_yolo_bbox/labels/train/train_000705.txt,train,Ae,kurgany_povrezhdennye; kurgany_tselye,68,1485.0,26460.0,124124.0,15.0,149.5,351.0,40.0,189.0,383.0,0.930394172668457,True,True,previews/train_train_000705.jpg,,,
train_train_000706,/Users/Di/Documents/GitHub/My projects/Geodata_Archaeology_CV/datasets/dataset_yolo_bbox/images/train/train_000706.png,/Users/Di/Documents/GitHub/My projects/Geodata_Archaeology_CV/datasets/dataset_yolo_bbox/labels/train/train_000706.txt,train,Ae,kurgany_povrezhdennye; kurgany_tselye,168,730.0,26351.0,124124.0,71.0,154.0,351.0,10.0,177.0,383.0,0.979158878326416,True,True,previews/train_train_000706.jpg,,,
train_train_000707,/Users/Di/Documents/GitHub/My projects/Geodata_Archaeology_CV/datasets/dataset_yolo_bbox/images/train/train_000707.png,/Users/Di/Documents/GitHub/My projects/Geodata_Archaeology_CV/datasets/dataset_yolo_bbox/labels/train/train_000707.txt,train,Ae,kurgany_povrezhdennye; kurgany_tselye,112,728.0,24667.0,92496.0,8.0,147.5,282.0,10.0,170.0,352.0,0.9266064167022704,True,True,previews/train_train_000707.jpg,,,
train_train_000708,/Users/Di/Documents/GitHub/My projects/Geodata_Archaeology_CV/datasets/dataset_yolo_bbox/images/train/train_000708.png,/Users/Di/Documents/GitHub/My projects/Geodata_Archaeology_CV/datasets/dataset_yolo_bbox/labels/train/train_000708.txt,train,Li,kurgany_povrezhdennye; kurgany_tselye,6,361.0,543.5,1332.0,18.0,21.0,36.0,19.0,26.5,37.0,0.6770448684692383,True,False,previews/train_train_000708.jpg,,,
train_train_000709,/Users/Di/Documents/GitHub/My projects/Geodata_Archaeology_CV/datasets/dataset_yolo_bbox/images/train/train_000709.png,/Users/Di/Documents/GitHub/My projects/Geodata_Archaeology_CV/datasets/dataset_yolo_bbox/labels/train/train_000709.txt,train,Li,kurgany_tselye,2,361.0,459.5,558.0,18.0,18.5,19.0,19.0,25.0,31.0,0.8838510513305664,False,False,previews/train_train_000709.jpg,,,
train_train_000710,/Users/Di/Documents/GitHub/My projects/Geodata_Archaeology_CV/datasets/dataset_yolo_bbox/images/train/train_000710.png,/Users/Di/Documents/GitHub/My projects/Geodata_Archaeology_CV/datasets/dataset_yolo_bbox/labels/train/train_000710.txt,train,Li,kurgany_povrezhdennye; kurgany_tselye,6,361.0,543.5,1332.0,18.0,21.0,36.0,19.0,26.5,37.0,0.9991569519042968,False,False,previews/train_train_000710.jpg,,,
train_train_000711,/Users/Di/Documents/GitHub/My projects/Geodata_Archaeology_CV/datasets/dataset_yolo_bbox/images/train/train_000711.png,/Users/Di/Documents/GitHub/My projects/Geodata_Archaeology_CV/datasets/dataset_yolo_bbox/labels/train/train_000711.txt,train,Li,kurgany_tselye,1,374.0,374.0,374.0,11.0,11.0,11.0,34.0,34.0,34.0,0.4364805221557617,False,True,previews/train_train_000711.jpg,,,
train_train_000712,/Users/Di/Documents/GitHub/My projects/Geodata_Archaeology_CV/datasets/dataset_yolo_bbox/images/train/train_000712.png,/Users/Di/Documents/GitHub/My projects/Geodata_Archaeology_CV/datasets/dataset_yolo_bbox/labels/train/train_000712.txt,train,Li,,0,,,,,,,,,,0.9999618530273438,False,False,previews/train_train_000712.jpg,,,
train_train_000713,/Users/Di/Documents/GitHub/My projects/Geodata_Archaeology_CV/datasets/dataset_yolo_bbox/images/train/train_000713.png,/Users/Di/Documents/GitHub/My projects/Geodata_Archaeology_CV/datasets/dataset_yolo_bbox/labels/train/train_000713.txt,train,Li,,0,,,,,,,,,,1.0,False,False,previews/train_train_000713.jpg,,,
train_train_000714,/Users/Di/Documents/GitHub/My projects/Geodata_Archaeology_CV/datasets/dataset_yolo_bbox/images/train/train_000714.png,/Users/Di/Documents/GitHub/My projects/Geodata_Archaeology_CV/datasets/dataset_yolo_bbox/labels/train/train_000714.txt,train,Li,,0,,,,,,,,,,0.6456680297851562,False,False,previews/train_train_000714.jpg,,,
train_train_000715,/Users/Di/Documents/GitHub/My projects/Geodata_Archaeology_CV/datasets/dataset_yolo_bbox/images/train/train_000715.png,/Users/Di/Documents/GitHub/My projects/Geodata_Archaeology_CV/datasets/dataset_yolo_bbox/labels/train/train_000715.txt,train,Li,,0,,,,,,,,,,0.7642526626586914,False,False,previews/train_train_000715.jpg,,,
train_train_000716,/Users/Di/Documents/GitHub/My projects/Geodata_Archaeology_CV/datasets/dataset_yolo_bbox/images/train/train_000716.png,/Users/Di/Documents/GitHub/My projects/Geodata_Archaeology_CV/datasets/dataset_yolo_bbox/labels/train/train_000716.txt,train,Li,,0,,,,,,,,,,1.0,False,False,previews/train_train_000716.jpg,,,
train_train_000717,/Users/Di/Documents/GitHub/My projects/Geodata_Archaeology_CV/datasets/dataset_yolo_bbox/images/train/train_000717.png,/Users/Di/Documents/GitHub/My projects/Geodata_Archaeology_CV/datasets/dataset_yolo_bbox/labels/train/train_000717.txt,train,Li,,0,,,,,,,,,,0.8281850814819336,True,False,previews/train_train_000717.jpg,,,
train_train_000718,/Users/Di/Documents/GitHub/My projects/Geodata_Archaeology_CV/datasets/dataset_yolo_bbox/images/train/train_000718.png,/Users/Di/Documents/GitHub/My projects/Geodata_Archaeology_CV/datasets/dataset_yolo_bbox/labels/train/train_000718.txt,train,Li,,0,,,,,,,,,,0.9999980926513672,False,False,previews/train_train_000718.jpg,,,
train_train_000719,/Users/Di/Documents/GitHub/My projects/Geodata_Archaeology_CV/datasets/dataset_yolo_bbox/images/train/train_000719.png,/Users/Di/Documents/GitHub/My projects/Geodata_Archaeology_CV/datasets/dataset_yolo_bbox/labels/train/train_000719.txt,train,Li,kurgany_tselye,1,1896.0,1896.0,1896.0,24.0,24.0,24.0,79.0,79.0,79.0,0.7859935760498047,False,True,previews/train_train_000719.jpg,,,
train_train_000720,/Users/Di/Documents/GitHub/My projects/Geodata_Archaeology_CV/datasets/dataset_yolo_bbox/images/train/train_000720.png,/Users/Di/Documents/GitHub/My projects/Geodata_Archaeology_CV/datasets/dataset_yolo_bbox/labels/train/train_000720.txt,train,Li,kurgany_tselye,5,129.0,2871.0,14859.0,13.0,94.0,127.0,3.0,85.0,117.0,1.0,False,True,previews/train_train_000720.jpg,,,
train_train_000721,/Users/Di/Documents/GitHub/My projects/Geodata_Archaeology_CV/datasets/dataset_yolo_bbox/images/train/train_000721.png,/Users/Di/Documents/GitHub/My projects/Geodata_Archaeology_CV/datasets/dataset_yolo_bbox/labels/train/train_000721.txt,train,Li,kurgany_tselye,10,4408.0,13113.5,24402.0,72.0,124.5,166.0,29.0,116.5,151.0,1.0,False,True,previews/train_train_000721.jpg,,,
train_train_000722,/Users/Di/Documents/GitHub/My projects/Geodata_Archaeology_CV/datasets/dataset_yolo_bbox/images/train/train_000722.png,/Users/Di/Documents/GitHub/My projects/Geodata_Archaeology_CV/datasets/dataset_yolo_bbox/labels/train/train_000722.txt,train,Li,kurgany_tselye,6,4360.0,13050.0,21442.0,40.0,112.5,142.0,75.0,116.0,151.0,1.0,False,True,previews/train_train_000722.jpg,,,
train_train_000723,/Users/Di/Documents/GitHub/My projects/Geodata_Archaeology_CV/datasets/dataset_yolo_bbox/images/train/train_000723.png,/Users/Di/Documents/GitHub/My projects/Geodata_Archaeology_CV/datasets/dataset_yolo_bbox/labels/train/train_000723.txt,train,Li,kurgany_tselye,1,18886.0,18886.0,18886.0,142.0,142.0,142.0,133.0,133.0,133.0,0.9999914169311525,False,False,previews/train_train_000723.jpg,,,
train_train_000724,/Users/Di/Documents/GitHub/My projects/Geodata_Archaeology_CV/datasets/dataset_yolo_bbox/images/train/train_000724.png,/Users/Di/Documents/GitHub/My projects/Geodata_Archaeology_CV/datasets/dataset_yolo_bbox/labels/train/train_000724.txt,train,Li,,0,,,,,,,,,,0.999974250793457,False,False,previews/train_train_000724.jpg,,,
train_train_000725,/Users/Di/Documents/GitHub/My projects/Geodata_Archaeology_CV/datasets/dataset_yolo_bbox/images/train/train_000725.png,/Users/Di/Documents/GitHub/My projects/Geodata_Archaeology_CV/datasets/dataset_yolo_bbox/labels/train/train_000725.txt,train,Li,,0,,,,,,,,,,0.999985694885254,False,False,previews/train_train_000725.jpg,,,
train_train_000726,/Users/Di/Documents/GitHub/My projects/Geodata_Archaeology_CV/datasets/dataset_yolo_bbox/images/train/train_000726.png,/Users/Di/Documents/GitHub/My projects/Geodata_Archaeology_CV/datasets/dataset_yolo_bbox/labels/train/train_000726.txt,train,Li,kurgany_tselye,2,1896.0,2796.0,3696.0,24.0,34.0,44.0,79.0,81.5,84.0,0.999455451965332,False,True,previews/train_train_000726.jpg,,,
train_train_000727,/Users/Di/Documents/GitHub/My projects/Geodata_Archaeology_CV/datasets/dataset_yolo_bbox/images/train/train_000727.png,/Users/Di/Documents/GitHub/My projects/Geodata_Archaeology_CV/datasets/dataset_yolo_bbox/labels/train/train_000727.txt,train,Li,kurgany_povrezhdennye; kurgany_tselye,4,1855.0,9408.0,9800.0,53.0,97.0,102.0,35.0,96.0,98.0,1.0,False,False,previews/train_train_000727.jpg,,,
train_train_000728,/Users/Di/Documents/GitHub/My projects/Geodata_Archaeology_CV/datasets/dataset_yolo_bbox/images/train/train_000728.png,/Users/Di/Documents/GitHub/My projects/Geodata_Archaeology_CV/datasets/dataset_yolo_bbox/labels/train/train_000728.txt,train,Li,kurgany_tselye,5,3744.0,9828.0,17289.0,72.0,126.0,153.0,52.0,93.0,113.0,1.0,False,True,previews/train_train_000728.jpg,,,
train_train_000729,/Users/Di/Documents/GitHub/My projects/Geodata_Archaeology_CV/datasets/dataset_yolo_bbox/images/train/train_000729.png,/Users/Di/Documents/GitHub/My projects/Geodata_Archaeology_CV/datasets/dataset_yolo_bbox/labels/train/train_000729.txt,train,Li,kurgany_tselye,3,5925.0,11076.0,15762.0,79.0,142.0,142.0,75.0,78.0,111.0,1.0,False,True,previews/train_train_000729.jpg,,,
train_train_000730,/Users/Di/Documents/GitHub/My projects/Geodata_Archaeology_CV/datasets/dataset_yolo_bbox/images/train/train_000730.png,/Users/Di/Documents/GitHub/My projects/Geodata_Archaeology_CV/datasets/dataset_yolo_bbox/labels/train/train_000730.txt,train,Li,kurgany_tselye,2,12412.0,14087.0,15762.0,107.0,124.5,142.0,111.0,113.5,116.0,1.0,False,True,previews/train_train_000730.jpg,,,
train_train_000731,/Users/Di/Documents/GitHub/My projects/Geodata_Archaeology_CV/datasets/dataset_yolo_bbox/images/train/train_000731.png,/Users/Di/Documents/GitHub/My projects/Geodata_Archaeology_CV/datasets/dataset_yolo_bbox/labels/train/train_000731.txt,train,Li,,0,,,,,,,,,,0.9999923706054688,False,False,previews/train_train_000731.jpg,,,
train_train_000732,/Users/Di/Documents/GitHub/My projects/Geodata_Archaeology_CV/datasets/dataset_yolo_bbox/images/train/train_000732.png,/Users/Di/Documents/GitHub/My projects/Geodata_Archaeology_CV/datasets/dataset_yolo_bbox/labels/train/train_000732.txt,train,Li,,0,,,,,,,,,,0.5105667114257812,True,False,previews/train_train_000732.jpg,,,
train_train_000733,/Users/Di/Documents/GitHub/My projects/Geodata_Archaeology_CV/datasets/dataset_yolo_bbox/images/train/train_000733.png,/Users/Di/Documents/GitHub/My projects/Geodata_Archaeology_CV/datasets/dataset_yolo_bbox/labels/train/train_000733.txt,train,Li,kurgany_tselye,1,10388.0,10388.0,10388.0,98.0,98.0,98.0,106.0,106.0,106.0,0.7857522964477539,False,False,previews/train_train_000733.jpg,,,
train_train_000734,/Users/Di/Documents/GitHub/My projects/Geodata_Archaeology_CV/datasets/dataset_yolo_bbox/images/train/train_000734.png,/Users/Di/Documents/GitHub/My projects/Geodata_Archaeology_CV/datasets/dataset_yolo_bbox/labels/train/train_000734.txt,train,Li,,0,,,,,,,,,,0.9132232666015624,True,False,previews/train_train_000734.jpg,,,
train_train_000735,/Users/Di/Documents/GitHub/My projects/Geodata_Archaeology_CV/datasets/dataset_yolo_bbox/images/train/train_000735.png,/Users/Di/Documents/GitHub/My projects/Geodata_Archaeology_CV/datasets/dataset_yolo_bbox/labels/train/train_000735.txt,train,Li,kurgany_tselye,1,10388.0,10388.0,10388.0,98.0,98.0,98.0,106.0,106.0,106.0,0.6783304214477539,True,False,previews/train_train_000735.jpg,,,
train_train_000736,/Users/Di/Documents/GitHub/My projects/Geodata_Archaeology_CV/datasets/dataset_yolo_bbox/images/train/train_000736.png,/Users/Di/Documents/GitHub/My projects/Geodata_Archaeology_CV/datasets/dataset_yolo_bbox/labels/train/train_000736.txt,train,SpOr,kurgany_tselye,9,2200.0,4270.0,9191.0,44.0,61.0,91.0,50.0,70.0,101.0,1.0,True,False,previews/train_train_000736.jpg,,,
train_train_000737,/Users/Di/Documents/GitHub/My projects/Geodata_Archaeology_CV/datasets/dataset_yolo_bbox/images/train/train_000737.png,/Users/Di/Documents/GitHub/My projects/Geodata_Archaeology_CV/datasets/dataset_yolo_bbox/labels/train/train_000737.txt,train,Li,,0,,,,,,,,,,0.9599103927612304,True,False,previews/train_train_000737.jpg,,,
train_train_000738,/Users/Di/Documents/GitHub/My projects/Geodata_Archaeology_CV/datasets/dataset_yolo_bbox/images/train/train_000738.png,/Users/Di/Documents/GitHub/My projects/Geodata_Archaeology_CV/datasets/dataset_yolo_bbox/labels/train/train_000738.txt,train,Li,,0,,,,,,,,,,0.9297618865966796,True,False,previews/train_train_000738.jpg,,,
train_train_000739,/Users/Di/Documents/GitHub/My projects/Geodata_Archaeology_CV/datasets/dataset_yolo_bbox/images/train/train_000739.png,/Users/Di/Documents/GitHub/My projects/Geodata_Archaeology_CV/datasets/dataset_yolo_bbox/labels/train/train_000739.txt,train,Li,,0,,,,,,,,,,0.5050983428955078,True,False,previews/train_train_000739.jpg,,,
train_train_000740,/Users/Di/Documents/GitHub/My projects/Geodata_Archaeology_CV/datasets/dataset_yolo_bbox/images/train/train_000740.png,/Users/Di/Documents/GitHub/My projects/Geodata_Archaeology_CV/datasets/dataset_yolo_bbox/labels/train/train_000740.txt,train,Li,,0,,,,,,,,,,0.9452962875366212,False,False,previews/train_train_000740.jpg,,,
train_train_000741,/Users/Di/Documents/GitHub/My projects/Geodata_Archaeology_CV/datasets/dataset_yolo_bbox/images/train/train_000741.png,/Users/Di/Documents/GitHub/My projects/Geodata_Archaeology_CV/datasets/dataset_yolo_bbox/labels/train/train_000741.txt,train,Li,,0,,,,,,,,,,1.0,False,False,previews/train_train_000741.jpg,,,
train_train_000742,/Users/Di/Documents/GitHub/My projects/Geodata_Archaeology_CV/datasets/dataset_yolo_bbox/images/train/train_000742.png,/Users/Di/Documents/GitHub/My projects/Geodata_Archaeology_CV/datasets/dataset_yolo_bbox/labels/train/train_000742.txt,train,Li,,0,,,,,,,,,,1.0,False,False,previews/train_train_000742.jpg,,,
train_train_000743,/Users/Di/Documents/GitHub/My projects/Geodata_Archaeology_CV/datasets/dataset_yolo_bbox/images/train/train_000743.png,/Users/Di/Documents/GitHub/My projects/Geodata_Archaeology_CV/datasets/dataset_yolo_bbox/labels/train/train_000743.txt,train,Li,,0,,,,,,,,,,0.9113941192626952,False,False,previews/train_train_000743.jpg,,,
train_train_000744,/Users/Di/Documents/GitHub/My projects/Geodata_Archaeology_CV/datasets/dataset_yolo_bbox/images/train/train_000744.png,/Users/Di/Documents/GitHub/My projects/Geodata_Archaeology_CV/datasets/dataset_yolo_bbox/labels/train/train_000744.txt,train,Li,,0,,,,,,,,,,1.0,False,False,previews/train_train_000744.jpg,,,
train_train_000745,/Users/Di/Documents/GitHub/My projects/Geodata_Archaeology_CV/datasets/dataset_yolo_bbox/images/train/train_000745.png,/Users/Di/Documents/GitHub/My projects/Geodata_Archaeology_CV/datasets/dataset_yolo_bbox/labels/train/train_000745.txt,train,Li,,0,,,,,,,,,,0.9999990463256836,False,False,previews/train_train_000745.jpg,,,
train_train_000746,/Users/Di/Documents/GitHub/My projects/Geodata_Archaeology_CV/datasets/dataset_yolo_bbox/images/train/train_000746.png,/Users/Di/Documents/GitHub/My projects/Geodata_Archaeology_CV/datasets/dataset_yolo_bbox/labels/train/train_000746.txt,train,Li,,0,,,,,,,,,,1.0,False,False,previews/train_train_000746.jpg,,,
train_train_000747,/Users/Di/Documents/GitHub/My projects/Geodata_Archaeology_CV/datasets/dataset_yolo_bbox/images/train/train_000747.png,/Users/Di/Documents/GitHub/My projects/Geodata_Archaeology_CV/datasets/dataset_yolo_bbox/labels/train/train_000747.txt,train,Li,,0,,,,,,,,,,1.0,False,False,previews/train_train_000747.jpg,,,
train_train_000748,/Users/Di/Documents/GitHub/My projects/Geodata_Archaeology_CV/datasets/dataset_yolo_bbox/images/train/train_000748.png,/Users/Di/Documents/GitHub/My projects/Geodata_Archaeology_CV/datasets/dataset_yolo_bbox/labels/train/train_000748.txt,train,Li,,0,,,,,,,,,,1.0,False,False,previews/train_train_000748.jpg,,,
train_train_000749,/Users/Di/Documents/GitHub/My projects/Geodata_Archaeology_CV/datasets/dataset_yolo_bbox/images/train/train_000749.png,/Users/Di/Documents/GitHub/My projects/Geodata_Archaeology_CV/datasets/dataset_yolo_bbox/labels/train/train_000749.txt,train,Li,,0,,,,,,,,,,1.0,False,False,previews/train_train_000749.jpg,,,
train_train_000750,/Users/Di/Documents/GitHub/My projects/Geodata_Archaeology_CV/datasets/dataset_yolo_bbox/images/train/train_000750.png,/Users/Di/Documents/GitHub/My projects/Geodata_Archaeology_CV/datasets/dataset_yolo_bbox/labels/train/train_000750.txt,train,Li,,0,,,,,,,,,,0.9999933242797852,False,False,previews/train_train_000750.jpg,,,
train_train_000751,/Users/Di/Documents/GitHub/My projects/Geodata_Archaeology_CV/datasets/dataset_yolo_bbox/images/train/train_000751.png,/Users/Di/Documents/GitHub/My projects/Geodata_Archaeology_CV/datasets/dataset_yolo_bbox/labels/train/train_000751.txt,train,Li,,0,,,,,,,,,,1.0,False,False,previews/train_train_000751.jpg,,,
train_train_000752,/Users/Di/Documents/GitHub/My projects/Geodata_Archaeology_CV/datasets/dataset_yolo_bbox/images/train/train_000752.png,/Users/Di/Documents/GitHub/My projects/Geodata_Archaeology_CV/datasets/dataset_yolo_bbox/labels/train/train_000752.txt,train,Li,,0,,,,,,,,,,0.999990463256836,False,False,previews/train_train_000752.jpg,,,
train_train_000753,/Users/Di/Documents/GitHub/My projects/Geodata_Archaeology_CV/datasets/dataset_yolo_bbox/images/train/train_000753.png,/Users/Di/Documents/GitHub/My projects/Geodata_Archaeology_CV/datasets/dataset_yolo_bbox/labels/train/train_000753.txt,train,Li,,0,,,,,,,,,,1.0,False,False,previews/train_train_000753.jpg,,,
train_train_000754,/Users/Di/Documents/GitHub/My projects/Geodata_Archaeology_CV/datasets/dataset_yolo_bbox/images/train/train_000754.png,/Users/Di/Documents/GitHub/My projects/Geodata_Archaeology_CV/datasets/dataset_yolo_bbox/labels/train/train_000754.txt,train,Li,,0,,,,,,,,,,0.9999980926513672,False,False,previews/train_train_000754.jpg,,,
train_train_000755,/Users/Di/Documents/GitHub/My projects/Geodata_Archaeology_CV/datasets/dataset_yolo_bbox/images/train/train_000755.png,/Users/Di/Documents/GitHub/My projects/Geodata_Archaeology_CV/datasets/dataset_yolo_bbox/labels/train/train_000755.txt,train,Li,,0,,,,,,,,,,0.9999990463256836,False,False,previews/train_train_000755.jpg,,,
train_train_000756,/Users/Di/Documents/GitHub/My projects/Geodata_Archaeology_CV/datasets/dataset_yolo_bbox/images/train/train_000756.png,/Users/Di/Documents/GitHub/My projects/Geodata_Archaeology_CV/datasets/dataset_yolo_bbox/labels/train/train_000756.txt,train,Li,,0,,,,,,,,,,1.0,False,False,previews/train_train_000756.jpg,,,
train_train_000757,/Users/Di/Documents/GitHub/My projects/Geodata_Archaeology_CV/datasets/dataset_yolo_bbox/images/train/train_000757.png,/Users/Di/Documents/GitHub/My projects/Geodata_Archaeology_CV/datasets/dataset_yolo_bbox/labels/train/train_000757.txt,train,Li,,0,,,,,,,,,,0.999995231628418,False,False,previews/train_train_000757.jpg,,,
train_train_000758,/Users/Di/Documents/GitHub/My projects/Geodata_Archaeology_CV/datasets/dataset_yolo_bbox/images/train/train_000758.png,/Users/Di/Documents/GitHub/My projects/Geodata_Archaeology_CV/datasets/dataset_yolo_bbox/labels/train/train_000758.txt,train,Li,,0,,,,,,,,,,0.9999637603759766,False,False,previews/train_train_000758.jpg,,,
train_train_000759,/Users/Di/Documents/GitHub/My projects/Geodata_Archaeology_CV/datasets/dataset_yolo_bbox/images/train/train_000759.png,/Users/Di/Documents/GitHub/My projects/Geodata_Archaeology_CV/datasets/dataset_yolo_bbox/labels/train/train_000759.txt,train,Li,,0,,,,,,,,,,1.0,False,False,previews/train_train_000759.jpg,,,
train_train_000760,/Users/Di/Documents/GitHub/My projects/Geodata_Archaeology_CV/datasets/dataset_yolo_bbox/images/train/train_000760.png,/Users/Di/Documents/GitHub/My projects/Geodata_Archaeology_CV/datasets/dataset_yolo_bbox/labels/train/train_000760.txt,train,Li,,0,,,,,,,,,,0.9999637603759766,False,False,previews/train_train_000760.jpg,,,
train_train_000761,/Users/Di/Documents/GitHub/My projects/Geodata_Archaeology_CV/datasets/dataset_yolo_bbox/images/train/train_000761.png,/Users/Di/Documents/GitHub/My projects/Geodata_Archaeology_CV/datasets/dataset_yolo_bbox/labels/train/train_000761.txt,train,Li,,0,,,,,,,,,,0.7299137115478516,True,False,previews/train_train_000761.jpg,,,
train_train_000762,/Users/Di/Documents/GitHub/My projects/Geodata_Archaeology_CV/datasets/dataset_yolo_bbox/images/train/train_000762.png,/Users/Di/Documents/GitHub/My projects/Geodata_Archaeology_CV/datasets/dataset_yolo_bbox/labels/train/train_000762.txt,train,Li,,0,,,,,,,,,,1.0,False,False,previews/train_train_000762.jpg,,,
train_train_000763,/Users/Di/Documents/GitHub/My projects/Geodata_Archaeology_CV/datasets/dataset_yolo_bbox/images/train/train_000763.png,/Users/Di/Documents/GitHub/My projects/Geodata_Archaeology_CV/datasets/dataset_yolo_bbox/labels/train/train_000763.txt,train,Li,,0,,,,,,,,,,0.999990463256836,False,False,previews/train_train_000763.jpg,,,
train_train_000764,/Users/Di/Documents/GitHub/My projects/Geodata_Archaeology_CV/datasets/dataset_yolo_bbox/images/train/train_000764.png,/Users/Di/Documents/GitHub/My projects/Geodata_Archaeology_CV/datasets/dataset_yolo_bbox/labels/train/train_000764.txt,train,Li,,0,,,,,,,,,,1.0,False,False,previews/train_train_000764.jpg,,,
train_train_000765,/Users/Di/Documents/GitHub/My projects/Geodata_Archaeology_CV/datasets/dataset_yolo_bbox/images/train/train_000765.png,/Users/Di/Documents/GitHub/My projects/Geodata_Archaeology_CV/datasets/dataset_yolo_bbox/labels/train/train_000765.txt,train,Li,,0,,,,,,,,,,0.9999990463256836,False,False,previews/train_train_000765.jpg,,,
train_train_000766,/Users/Di/Documents/GitHub/My projects/Geodata_Archaeology_CV/datasets/dataset_yolo_bbox/images/train/train_000766.png,/Users/Di/Documents/GitHub/My projects/Geodata_Archaeology_CV/datasets/dataset_yolo_bbox/labels/train/train_000766.txt,train,Li,,0,,,,,,,,,,0.9999990463256836,False,False,previews/train_train_000766.jpg,,,
train_train_000767,/Users/Di/Documents/GitHub/My projects/Geodata_Archaeology_CV/datasets/dataset_yolo_bbox/images/train/train_000767.png,/Users/Di/Documents/GitHub/My projects/Geodata_Archaeology_CV/datasets/dataset_yolo_bbox/labels/train/train_000767.txt,train,Li,,0,,,,,,,,,,1.0,False,False,previews/train_train_000767.jpg,,,
train_train_000768,/Users/Di/Documents/GitHub/My projects/Geodata_Archaeology_CV/datasets/dataset_yolo_bbox/images/train/train_000768.png,/Users/Di/Documents/GitHub/My projects/Geodata_Archaeology_CV/datasets/dataset_yolo_bbox/labels/train/train_000768.txt,train,Li,,0,,,,,,,,,,1.0,False,False,previews/train_train_000768.jpg,,,
train_train_000769,/Users/Di/Documents/GitHub/My projects/Geodata_Archaeology_CV/datasets/dataset_yolo_bbox/images/train/train_000769.png,/Users/Di/Documents/GitHub/My projects/Geodata_Archaeology_CV/datasets/dataset_yolo_bbox/labels/train/train_000769.txt,train,Li,,0,,,,,,,,,,0.999964714050293,False,False,previews/train_train_000769.jpg,,,
train_train_000770,/Users/Di/Documents/GitHub/My projects/Geodata_Archaeology_CV/datasets/dataset_yolo_bbox/images/train/train_000770.png,/Users/Di/Documents/GitHub/My projects/Geodata_Archaeology_CV/datasets/dataset_yolo_bbox/labels/train/train_000770.txt,train,Li,,0,,,,,,,,,,0.9999866485595704,False,False,previews/train_train_000770.jpg,,,
train_train_000771,/Users/Di/Documents/GitHub/My projects/Geodata_Archaeology_CV/datasets/dataset_yolo_bbox/images/train/train_000771.png,/Users/Di/Documents/GitHub/My projects/Geodata_Archaeology_CV/datasets/dataset_yolo_bbox/labels/train/train_000771.txt,train,Li,,0,,,,,,,,,,0.9999933242797852,False,False,previews/train_train_000771.jpg,,,
train_train_000772,/Users/Di/Documents/GitHub/My projects/Geodata_Archaeology_CV/datasets/dataset_yolo_bbox/images/train/train_000772.png,/Users/Di/Documents/GitHub/My projects/Geodata_Archaeology_CV/datasets/dataset_yolo_bbox/labels/train/train_000772.txt,train,Li,,0,,,,,,,,,,0.9999971389770508,False,False,previews/train_train_000772.jpg,,,
train_train_000773,/Users/Di/Documents/GitHub/My projects/Geodata_Archaeology_CV/datasets/dataset_yolo_bbox/images/train/train_000773.png,/Users/Di/Documents/GitHub/My projects/Geodata_Archaeology_CV/datasets/dataset_yolo_bbox/labels/train/train_000773.txt,train,Li,,0,,,,,,,,,,0.9811878204345704,False,False,previews/train_train_000773.jpg,,,
train_train_000774,/Users/Di/Documents/GitHub/My projects/Geodata_Archaeology_CV/datasets/dataset_yolo_bbox/images/train/train_000774.png,/Users/Di/Documents/GitHub/My projects/Geodata_Archaeology_CV/datasets/dataset_yolo_bbox/labels/train/train_000774.txt,train,Li,,0,,,,,,,,,,0.9994258880615234,False,False,previews/train_train_000774.jpg,,,
train_train_000775,/Users/Di/Documents/GitHub/My projects/Geodata_Archaeology_CV/datasets/dataset_yolo_bbox/images/train/train_000775.png,/Users/Di/Documents/GitHub/My projects/Geodata_Archaeology_CV/datasets/dataset_yolo_bbox/labels/train/train_000775.txt,train,Li,,0,,,,,,,,,,0.9985198974609376,False,False,previews/train_train_000775.jpg,,,
train_train_000776,/Users/Di/Documents/GitHub/My projects/Geodata_Archaeology_CV/datasets/dataset_yolo_bbox/images/train/train_000776.png,/Users/Di/Documents/GitHub/My projects/Geodata_Archaeology_CV/datasets/dataset_yolo_bbox/labels/train/train_000776.txt,train,Li,,0,,,,,,,,,,0.999821662902832,False,False,previews/train_train_000776.jpg,,,
train_train_000777,/Users/Di/Documents/GitHub/My projects/Geodata_Archaeology_CV/datasets/dataset_yolo_bbox/images/train/train_000777.png,/Users/Di/Documents/GitHub/My projects/Geodata_Archaeology_CV/datasets/dataset_yolo_bbox/labels/train/train_000777.txt,train,Li,,0,,,,,,,,,,0.999974250793457,False,False,previews/train_train_000777.jpg,,,
train_train_000778,/Users/Di/Documents/GitHub/My projects/Geodata_Archaeology_CV/datasets/dataset_yolo_bbox/images/train/train_000778.png,/Users/Di/Documents/GitHub/My projects/Geodata_Archaeology_CV/datasets/dataset_yolo_bbox/labels/train/train_000778.txt,train,Li,,0,,,,,,,,,,0.9999961853027344,False,False,previews/train_train_000778.jpg,,,
train_train_000779,/Users/Di/Documents/GitHub/My projects/Geodata_Archaeology_CV/datasets/dataset_yolo_bbox/images/train/train_000779.png,/Users/Di/Documents/GitHub/My projects/Geodata_Archaeology_CV/datasets/dataset_yolo_bbox/labels/train/train_000779.txt,train,Li,,0,,,,,,,,,,1.0,False,False,previews/train_train_000779.jpg,,,
train_train_000780,/Users/Di/Documents/GitHub/My projects/Geodata_Archaeology_CV/datasets/dataset_yolo_bbox/images/train/train_000780.png,/Users/Di/Documents/GitHub/My projects/Geodata_Archaeology_CV/datasets/dataset_yolo_bbox/labels/train/train_000780.txt,train,Li,,0,,,,,,,,,,0.9318313598632812,False,False,previews/train_train_000780.jpg,,,
train_train_000781,/Users/Di/Documents/GitHub/My projects/Geodata_Archaeology_CV/datasets/dataset_yolo_bbox/images/train/train_000781.png,/Users/Di/Documents/GitHub/My projects/Geodata_Archaeology_CV/datasets/dataset_yolo_bbox/labels/train/train_000781.txt,train,Li,,0,,,,,,,,,,0.4885005950927734,False,False,previews/train_train_000781.jpg,,,
train_train_000782,/Users/Di/Documents/GitHub/My projects/Geodata_Archaeology_CV/datasets/dataset_yolo_bbox/images/train/train_000782.png,/Users/Di/Documents/GitHub/My projects/Geodata_Archaeology_CV/datasets/dataset_yolo_bbox/labels/train/train_000782.txt,train,Li,,0,,,,,,,,,,0.9998092651367188,False,False,previews/train_train_000782.jpg,,,
train_train_000783,/Users/Di/Documents/GitHub/My projects/Geodata_Archaeology_CV/datasets/dataset_yolo_bbox/images/train/train_000783.png,/Users/Di/Documents/GitHub/My projects/Geodata_Archaeology_CV/datasets/dataset_yolo_bbox/labels/train/train_000783.txt,train,Li,,0,,,,,,,,,,0.999985694885254,False,False,previews/train_train_000783.jpg,,,
train_train_000784,/Users/Di/Documents/GitHub/My projects/Geodata_Archaeology_CV/datasets/dataset_yolo_bbox/images/train/train_000784.png,/Users/Di/Documents/GitHub/My projects/Geodata_Archaeology_CV/datasets/dataset_yolo_bbox/labels/train/train_000784.txt,train,Li,,0,,,,,,,,,,1.0,False,False,previews/train_train_000784.jpg,,,
train_train_000785,/Users/Di/Documents/GitHub/My projects/Geodata_Archaeology_CV/datasets/dataset_yolo_bbox/images/train/train_000785.png,/Users/Di/Documents/GitHub/My projects/Geodata_Archaeology_CV/datasets/dataset_yolo_bbox/labels/train/train_000785.txt,train,Li,,0,,,,,,,,,,0.9999847412109376,False,False,previews/train_train_000785.jpg,,,
train_train_000786,/Users/Di/Documents/GitHub/My projects/Geodata_Archaeology_CV/datasets/dataset_yolo_bbox/images/train/train_000786.png,/Users/Di/Documents/GitHub/My projects/Geodata_Archaeology_CV/datasets/dataset_yolo_bbox/labels/train/train_000786.txt,train,Li,,0,,,,,,,,,,0.9999284744262696,False,False,previews/train_train_000786.jpg,,,
train_train_000787,/Users/Di/Documents/GitHub/My projects/Geodata_Archaeology_CV/datasets/dataset_yolo_bbox/images/train/train_000787.png,/Users/Di/Documents/GitHub/My projects/Geodata_Archaeology_CV/datasets/dataset_yolo_bbox/labels/train/train_000787.txt,train,Li,,0,,,,,,,,,,1.0,False,False,previews/train_train_000787.jpg,,,
train_train_000788,/Users/Di/Documents/GitHub/My projects/Geodata_Archaeology_CV/datasets/dataset_yolo_bbox/images/train/train_000788.png,/Users/Di/Documents/GitHub/My projects/Geodata_Archaeology_CV/datasets/dataset_yolo_bbox/labels/train/train_000788.txt,train,Li,,0,,,,,,,,,,0.999995231628418,False,False,previews/train_train_000788.jpg,,,
train_train_000789,/Users/Di/Documents/GitHub/My projects/Geodata_Archaeology_CV/datasets/dataset_yolo_bbox/images/train/train_000789.png,/Users/Di/Documents/GitHub/My projects/Geodata_Archaeology_CV/datasets/dataset_yolo_bbox/labels/train/train_000789.txt,train,Li,,0,,,,,,,,,,0.9999961853027344,False,False,previews/train_train_000789.jpg,,,
train_train_000790,/Users/Di/Documents/GitHub/My projects/Geodata_Archaeology_CV/datasets/dataset_yolo_bbox/images/train/train_000790.png,/Users/Di/Documents/GitHub/My projects/Geodata_Archaeology_CV/datasets/dataset_yolo_bbox/labels/train/train_000790.txt,train,Li,,0,,,,,,,,,,1.0,False,False,previews/train_train_000790.jpg,,,
train_train_000791,/Users/Di/Documents/GitHub/My projects/Geodata_Archaeology_CV/datasets/dataset_yolo_bbox/images/train/train_000791.png,/Users/Di/Documents/GitHub/My projects/Geodata_Archaeology_CV/datasets/dataset_yolo_bbox/labels/train/train_000791.txt,train,Li,,0,,,,,,,,,,0.999995231628418,False,False,previews/train_train_000791.jpg,,,
train_train_000792,/Users/Di/Documents/GitHub/My projects/Geodata_Archaeology_CV/datasets/dataset_yolo_bbox/images/train/train_000792.png,/Users/Di/Documents/GitHub/My projects/Geodata_Archaeology_CV/datasets/dataset_yolo_bbox/labels/train/train_000792.txt,train,Li,,0,,,,,,,,,,0.9998302459716796,False,False,previews/train_train_000792.jpg,,,
train_train_000793,/Users/Di/Documents/GitHub/My projects/Geodata_Archaeology_CV/datasets/dataset_yolo_bbox/images/train/train_000793.png,/Users/Di/Documents/GitHub/My projects/Geodata_Archaeology_CV/datasets/dataset_yolo_bbox/labels/train/train_000793.txt,train,Li,,0,,,,,,,,,,0.9999732971191406,False,False,previews/train_train_000793.jpg,,,
train_train_000794,/Users/Di/Documents/GitHub/My projects/Geodata_Archaeology_CV/datasets/dataset_yolo_bbox/images/train/train_000794.png,/Users/Di/Documents/GitHub/My projects/Geodata_Archaeology_CV/datasets/dataset_yolo_bbox/labels/train/train_000794.txt,train,Li,,0,,,,,,,,,,0.9999790191650392,False,False,previews/train_train_000794.jpg,,,
train_train_000795,/Users/Di/Documents/GitHub/My projects/Geodata_Archaeology_CV/datasets/dataset_yolo_bbox/images/train/train_000795.png,/Users/Di/Documents/GitHub/My projects/Geodata_Archaeology_CV/datasets/dataset_yolo_bbox/labels/train/train_000795.txt,train,Li,,0,,,,,,,,,,1.0,False,False,previews/train_train_000795.jpg,,,
train_train_000796,/Users/Di/Documents/GitHub/My projects/Geodata_Archaeology_CV/datasets/dataset_yolo_bbox/images/train/train_000796.png,/Users/Di/Documents/GitHub/My projects/Geodata_Archaeology_CV/datasets/dataset_yolo_bbox/labels/train/train_000796.txt,train,Li,,0,,,,,,,,,,0.9999971389770508,False,False,previews/train_train_000796.jpg,,,
train_train_000797,/Users/Di/Documents/GitHub/My projects/Geodata_Archaeology_CV/datasets/dataset_yolo_bbox/images/train/train_000797.png,/Users/Di/Documents/GitHub/My projects/Geodata_Archaeology_CV/datasets/dataset_yolo_bbox/labels/train/train_000797.txt,train,Li,,0,,,,,,,,,,1.0,False,False,previews/train_train_000797.jpg,,,
train_train_000798,/Users/Di/Documents/GitHub/My projects/Geodata_Archaeology_CV/datasets/dataset_yolo_bbox/images/train/train_000798.png,/Users/Di/Documents/GitHub/My projects/Geodata_Archaeology_CV/datasets/dataset_yolo_bbox/labels/train/train_000798.txt,train,Li,,0,,,,,,,,,,0.9999189376831056,False,False,previews/train_train_000798.jpg,,,
train_train_000799,/Users/Di/Documents/GitHub/My projects/Geodata_Archaeology_CV/datasets/dataset_yolo_bbox/images/train/train_000799.png,/Users/Di/Documents/GitHub/My projects/Geodata_Archaeology_CV/datasets/dataset_yolo_bbox/labels/train/train_000799.txt,train,Li,,0,,,,,,,,,,0.9999780654907228,False,False,previews/train_train_000799.jpg,,,
train_train_000800,/Users/Di/Documents/GitHub/My projects/Geodata_Archaeology_CV/datasets/dataset_yolo_bbox/images/train/train_000800.png,/Users/Di/Documents/GitHub/My projects/Geodata_Archaeology_CV/datasets/dataset_yolo_bbox/labels/train/train_000800.txt,train,Li,,0,,,,,,,,,,0.9999599456787108,False,False,previews/train_train_000800.jpg,,,
train_train_000801,/Users/Di/Documents/GitHub/My projects/Geodata_Archaeology_CV/datasets/dataset_yolo_bbox/images/train/train_000801.png,/Users/Di/Documents/GitHub/My projects/Geodata_Archaeology_CV/datasets/dataset_yolo_bbox/labels/train/train_000801.txt,train,Li,,0,,,,,,,,,,0.9999828338623048,False,False,previews/train_train_000801.jpg,,,
train_train_000802,/Users/Di/Documents/GitHub/My projects/Geodata_Archaeology_CV/datasets/dataset_yolo_bbox/images/train/train_000802.png,/Users/Di/Documents/GitHub/My projects/Geodata_Archaeology_CV/datasets/dataset_yolo_bbox/labels/train/train_000802.txt,train,Li,,0,,,,,,,,,,0.999985694885254,False,False,previews/train_train_000802.jpg,,,
train_train_000803,/Users/Di/Documents/GitHub/My projects/Geodata_Archaeology_CV/datasets/dataset_yolo_bbox/images/train/train_000803.png,/Users/Di/Documents/GitHub/My projects/Geodata_Archaeology_CV/datasets/dataset_yolo_bbox/labels/train/train_000803.txt,train,Li,,0,,,,,,,,,,1.0,False,False,previews/train_train_000803.jpg,,,
train_train_000804,/Users/Di/Documents/GitHub/My projects/Geodata_Archaeology_CV/datasets/dataset_yolo_bbox/images/train/train_000804.png,/Users/Di/Documents/GitHub/My projects/Geodata_Archaeology_CV/datasets/dataset_yolo_bbox/labels/train/train_000804.txt,train,Li,,0,,,,,,,,,,0.9909791946411132,False,False,previews/train_train_000804.jpg,,,
train_train_000805,/Users/Di/Documents/GitHub/My projects/Geodata_Archaeology_CV/datasets/dataset_yolo_bbox/images/train/train_000805.png,/Users/Di/Documents/GitHub/My projects/Geodata_Archaeology_CV/datasets/dataset_yolo_bbox/labels/train/train_000805.txt,train,Li,,0,,,,,,,,,,0.3999061584472656,False,False,previews/train_train_000805.jpg,,,
train_train_000806,/Users/Di/Documents/GitHub/My projects/Geodata_Archaeology_CV/datasets/dataset_yolo_bbox/images/train/train_000806.png,/Users/Di/Documents/GitHub/My projects/Geodata_Archaeology_CV/datasets/dataset_yolo_bbox/labels/train/train_000806.txt,train,Li,,0,,,,,,,,,,0.6666154861450195,False,False,previews/train_train_000806.jpg,,,
train_train_000807,/Users/Di/Documents/GitHub/My projects/Geodata_Archaeology_CV/datasets/dataset_yolo_bbox/images/train/train_000807.png,/Users/Di/Documents/GitHub/My projects/Geodata_Archaeology_CV/datasets/dataset_yolo_bbox/labels/train/train_000807.txt,train,Li,,0,,,,,,,,,,1.0,False,False,previews/train_train_000807.jpg,,,
train_train_000808,/Users/Di/Documents/GitHub/My projects/Geodata_Archaeology_CV/datasets/dataset_yolo_bbox/images/train/train_000808.png,/Users/Di/Documents/GitHub/My projects/Geodata_Archaeology_CV/datasets/dataset_yolo_bbox/labels/train/train_000808.txt,train,Li,,0,,,,,,,,,,0.9999980926513672,False,False,previews/train_train_000808.jpg,,,
train_train_000809,/Users/Di/Documents/GitHub/My projects/Geodata_Archaeology_CV/datasets/dataset_yolo_bbox/images/train/train_000809.png,/Users/Di/Documents/GitHub/My projects/Geodata_Archaeology_CV/datasets/dataset_yolo_bbox/labels/train/train_000809.txt,train,Li,,0,,,,,,,,,,0.9998788833618164,False,False,previews/train_train_000809.jpg,,,
train_train_000810,/Users/Di/Documents/GitHub/My projects/Geodata_Archaeology_CV/datasets/dataset_yolo_bbox/images/train/train_000810.png,/Users/Di/Documents/GitHub/My projects/Geodata_Archaeology_CV/datasets/dataset_yolo_bbox/labels/train/train_000810.txt,train,Li,,0,,,,,,,,,,0.9798669815063475,False,False,previews/train_train_000810.jpg,,,
train_train_000811,/Users/Di/Documents/GitHub/My projects/Geodata_Archaeology_CV/datasets/dataset_yolo_bbox/images/train/train_000811.png,/Users/Di/Documents/GitHub/My projects/Geodata_Archaeology_CV/datasets/dataset_yolo_bbox/labels/train/train_000811.txt,train,Li,,0,,,,,,,,,,1.0,False,False,previews/train_train_000811.jpg,,,
train_train_000812,/Users/Di/Documents/GitHub/My projects/Geodata_Archaeology_CV/datasets/dataset_yolo_bbox/images/train/train_000812.png,/Users/Di/Documents/GitHub/My projects/Geodata_Archaeology_CV/datasets/dataset_yolo_bbox/labels/train/train_000812.txt,train,Li,,0,,,,,,,,,,0.9999990463256836,False,False,previews/train_train_000812.jpg,,,
train_train_000813,/Users/Di/Documents/GitHub/My projects/Geodata_Archaeology_CV/datasets/dataset_yolo_bbox/images/train/train_000813.png,/Users/Di/Documents/GitHub/My projects/Geodata_Archaeology_CV/datasets/dataset_yolo_bbox/labels/train/train_000813.txt,train,Li,,0,,,,,,,,,,1.0,False,False,previews/train_train_000813.jpg,,,
train_train_000814,/Users/Di/Documents/GitHub/My projects/Geodata_Archaeology_CV/datasets/dataset_yolo_bbox/images/train/train_000814.png,/Users/Di/Documents/GitHub/My projects/Geodata_Archaeology_CV/datasets/dataset_yolo_bbox/labels/train/train_000814.txt,train,Li,,0,,,,,,,,,,1.0,False,False,previews/train_train_000814.jpg,,,
train_train_000815,/Users/Di/Documents/GitHub/My projects/Geodata_Archaeology_CV/datasets/dataset_yolo_bbox/images/train/train_000815.png,/Users/Di/Documents/GitHub/My projects/Geodata_Archaeology_CV/datasets/dataset_yolo_bbox/labels/train/train_000815.txt,train,Li,,0,,,,,,,,,,0.9999942779541016,False,False,previews/train_train_000815.jpg,,,
train_train_000816,/Users/Di/Documents/GitHub/My projects/Geodata_Archaeology_CV/datasets/dataset_yolo_bbox/images/train/train_000816.png,/Users/Di/Documents/GitHub/My projects/Geodata_Archaeology_CV/datasets/dataset_yolo_bbox/labels/train/train_000816.txt,train,Li,,0,,,,,,,,,,0.999974250793457,False,False,previews/train_train_000816.jpg,,,
train_train_000817,/Users/Di/Documents/GitHub/My projects/Geodata_Archaeology_CV/datasets/dataset_yolo_bbox/images/train/train_000817.png,/Users/Di/Documents/GitHub/My projects/Geodata_Archaeology_CV/datasets/dataset_yolo_bbox/labels/train/train_000817.txt,train,Li,,0,,,,,,,,,,0.9767007827758788,False,False,previews/train_train_000817.jpg,,,
train_train_000818,/Users/Di/Documents/GitHub/My projects/Geodata_Archaeology_CV/datasets/dataset_yolo_bbox/images/train/train_000818.png,/Users/Di/Documents/GitHub/My projects/Geodata_Archaeology_CV/datasets/dataset_yolo_bbox/labels/train/train_000818.txt,train,Li,,0,,,,,,,,,,0.999985694885254,False,False,previews/train_train_000818.jpg,,,
train_train_000819,/Users/Di/Documents/GitHub/My projects/Geodata_Archaeology_CV/datasets/dataset_yolo_bbox/images/train/train_000819.png,/Users/Di/Documents/GitHub/My projects/Geodata_Archaeology_CV/datasets/dataset_yolo_bbox/labels/train/train_000819.txt,train,Li,,0,,,,,,,,,,1.0,False,False,previews/train_train_000819.jpg,,,
train_train_000820,/Users/Di/Documents/GitHub/My projects/Geodata_Archaeology_CV/datasets/dataset_yolo_bbox/images/train/train_000820.png,/Users/Di/Documents/GitHub/My projects/Geodata_Archaeology_CV/datasets/dataset_yolo_bbox/labels/train/train_000820.txt,train,Li,,0,,,,,,,,,,1.0,False,False,previews/train_train_000820.jpg,,,
train_train_000821,/Users/Di/Documents/GitHub/My projects/Geodata_Archaeology_CV/datasets/dataset_yolo_bbox/images/train/train_000821.png,/Users/Di/Documents/GitHub/My projects/Geodata_Archaeology_CV/datasets/dataset_yolo_bbox/labels/train/train_000821.txt,train,Li,,0,,,,,,,,,,0.9999933242797852,False,False,previews/train_train_000821.jpg,,,
train_train_000822,/Users/Di/Documents/GitHub/My projects/Geodata_Archaeology_CV/datasets/dataset_yolo_bbox/images/train/train_000822.png,/Users/Di/Documents/GitHub/My projects/Geodata_Archaeology_CV/datasets/dataset_yolo_bbox/labels/train/train_000822.txt,train,Li,,0,,,,,,,,,,0.9999961853027344,False,False,previews/train_train_000822.jpg,,,
train_train_000823,/Users/Di/Documents/GitHub/My projects/Geodata_Archaeology_CV/datasets/dataset_yolo_bbox/images/train/train_000823.png,/Users/Di/Documents/GitHub/My projects/Geodata_Archaeology_CV/datasets/dataset_yolo_bbox/labels/train/train_000823.txt,train,Li,,0,,,,,,,,,,0.9999980926513672,False,False,previews/train_train_000823.jpg,,,
train_train_000824,/Users/Di/Documents/GitHub/My projects/Geodata_Archaeology_CV/datasets/dataset_yolo_bbox/images/train/train_000824.png,/Users/Di/Documents/GitHub/My projects/Geodata_Archaeology_CV/datasets/dataset_yolo_bbox/labels/train/train_000824.txt,train,Li,kurgany_tselye,4,609.0,989.0,1056.0,29.0,31.0,33.0,21.0,30.5,35.0,0.9999113082885742,False,False,previews/train_train_000824.jpg,,,
train_train_000825,/Users/Di/Documents/GitHub/My projects/Geodata_Archaeology_CV/datasets/dataset_yolo_bbox/images/train/train_000825.png,/Users/Di/Documents/GitHub/My projects/Geodata_Archaeology_CV/datasets/dataset_yolo_bbox/labels/train/train_000825.txt,train,Li,kurgany_tselye,1,1050.0,1050.0,1050.0,30.0,30.0,30.0,35.0,35.0,35.0,0.9999761581420898,False,False,previews/train_train_000825.jpg,,,
train_train_000826,/Users/Di/Documents/GitHub/My projects/Geodata_Archaeology_CV/datasets/dataset_yolo_bbox/images/train/train_000826.png,/Users/Di/Documents/GitHub/My projects/Geodata_Archaeology_CV/datasets/dataset_yolo_bbox/labels/train/train_000826.txt,train,Li,,0,,,,,,,,,,0.9999608993530272,False,False,previews/train_train_000826.jpg,,,
train_train_000827,/Users/Di/Documents/GitHub/My projects/Geodata_Archaeology_CV/datasets/dataset_yolo_bbox/images/train/train_000827.png,/Users/Di/Documents/GitHub/My projects/Geodata_Archaeology_CV/datasets/dataset_yolo_bbox/labels/train/train_000827.txt,train,Li,,0,,,,,,,,,,0.9998302459716796,False,False,previews/train_train_000827.jpg,,,
train_train_000828,/Users/Di/Documents/GitHub/My projects/Geodata_Archaeology_CV/datasets/dataset_yolo_bbox/images/train/train_000828.png,/Users/Di/Documents/GitHub/My projects/Geodata_Archaeology_CV/datasets/dataset_yolo_bbox/labels/train/train_000828.txt,train,Li,,0,,,,,,,,,,1.0,False,False,previews/train_train_000828.jpg,,,
train_train_000829,/Users/Di/Documents/GitHub/My projects/Geodata_Archaeology_CV/datasets/dataset_yolo_bbox/images/train/train_000829.png,/Users/Di/Documents/GitHub/My projects/Geodata_Archaeology_CV/datasets/dataset_yolo_bbox/labels/train/train_000829.txt,train,Li,,0,,,,,,,,,,0.9998950958251952,False,False,previews/train_train_000829.jpg,,,
train_train_000830,/Users/Di/Documents/GitHub/My projects/Geodata_Archaeology_CV/datasets/dataset_yolo_bbox/images/train/train_000830.png,/Users/Di/Documents/GitHub/My projects/Geodata_Archaeology_CV/datasets/dataset_yolo_bbox/labels/train/train_000830.txt,train,Li,,0,,,,,,,,,,0.4827756881713867,False,False,previews/train_train_000830.jpg,,,
train_train_000831,/Users/Di/Documents/GitHub/My projects/Geodata_Archaeology_CV/datasets/dataset_yolo_bbox/images/train/train_000831.png,/Users/Di/Documents/GitHub/My projects/Geodata_Archaeology_CV/datasets/dataset_yolo_bbox/labels/train/train_000831.txt,train,Li,gorodishcha,1,143934.0,143934.0,143934.0,447.0,447.0,447.0,322.0,322.0,322.0,0.9996337890625,False,False,previews/train_train_000831.jpg,,,
train_train_000832,/Users/Di/Documents/GitHub/My projects/Geodata_Archaeology_CV/datasets/dataset_yolo_bbox/images/train/train_000832.png,/Users/Di/Documents/GitHub/My projects/Geodata_Archaeology_CV/datasets/dataset_yolo_bbox/labels/train/train_000832.txt,train,Li,gorodishcha,1,15549.0,15549.0,15549.0,73.0,73.0,73.0,213.0,213.0,213.0,0.9998931884765624,False,True,previews/train_train_000832.jpg,,,
train_train_000833,/Users/Di/Documents/GitHub/My projects/Geodata_Archaeology_CV/datasets/dataset_yolo_bbox/images/train/train_000833.png,/Users/Di/Documents/GitHub/My projects/Geodata_Archaeology_CV/datasets/dataset_yolo_bbox/labels/train/train_000833.txt,train,Li,,0,,,,,,,,,,1.0,False,False,previews/train_train_000833.jpg,,,
train_train_000834,/Users/Di/Documents/GitHub/My projects/Geodata_Archaeology_CV/datasets/dataset_yolo_bbox/images/train/train_000834.png,/Users/Di/Documents/GitHub/My projects/Geodata_Archaeology_CV/datasets/dataset_yolo_bbox/labels/train/train_000834.txt,train,Li,,0,,,,,,,,,,0.9999961853027344,False,False,previews/train_train_000834.jpg,,,
train_train_000835,/Users/Di/Documents/GitHub/My projects/Geodata_Archaeology_CV/datasets/dataset_yolo_bbox/images/train/train_000835.png,/Users/Di/Documents/GitHub/My projects/Geodata_Archaeology_CV/datasets/dataset_yolo_bbox/labels/train/train_000835.txt,train,Li,,0,,,,,,,,,,0.999903678894043,False,False,previews/train_train_000835.jpg,,,
train_train_000836,/Users/Di/Documents/GitHub/My projects/Geodata_Archaeology_CV/datasets/dataset_yolo_bbox/images/train/train_000836.png,/Users/Di/Documents/GitHub/My projects/Geodata_Archaeology_CV/datasets/dataset_yolo_bbox/labels/train/train_000836.txt,train,Li,kurgany_tselye,2,930.0,2845.0,4760.0,31.0,50.5,70.0,30.0,49.0,68.0,0.9999790191650392,False,False,previews/train_train_000836.jpg,,,
train_train_000837,/Users/Di/Documents/GitHub/My projects/Geodata_Archaeology_CV/datasets/dataset_yolo_bbox/images/train/train_000837.png,/Users/Di/Documents/GitHub/My projects/Geodata_Archaeology_CV/datasets/dataset_yolo_bbox/labels/train/train_000837.txt,train,Li,,0,,,,,,,,,,0.9999885559082032,False,False,previews/train_train_000837.jpg,,,
train_train_000838,/Users/Di/Documents/GitHub/My projects/Geodata_Archaeology_CV/datasets/dataset_yolo_bbox/images/train/train_000838.png,/Users/Di/Documents/GitHub/My projects/Geodata_Archaeology_CV/datasets/dataset_yolo_bbox/labels/train/train_000838.txt,train,Li,,0,,,,,,,,,,1.0,False,False,previews/train_train_000838.jpg,,,
train_train_000839,/Users/Di/Documents/GitHub/My projects/Geodata_Archaeology_CV/datasets/dataset_yolo_bbox/images/train/train_000839.png,/Users/Di/Documents/GitHub/My projects/Geodata_Archaeology_CV/datasets/dataset_yolo_bbox/labels/train/train_000839.txt,train,Li,,0,,,,,,,,,,1.0,False,False,previews/train_train_000839.jpg,,,
train_train_000840,/Users/Di/Documents/GitHub/My projects/Geodata_Archaeology_CV/datasets/dataset_yolo_bbox/images/train/train_000840.png,/Users/Di/Documents/GitHub/My projects/Geodata_Archaeology_CV/datasets/dataset_yolo_bbox/labels/train/train_000840.txt,train,Li,,0,,,,,,,,,,0.4780731201171875,False,False,previews/train_train_000840.jpg,,,
train_train_000841,/Users/Di/Documents/GitHub/My projects/Geodata_Archaeology_CV/datasets/dataset_yolo_bbox/images/train/train_000841.png,/Users/Di/Documents/GitHub/My projects/Geodata_Archaeology_CV/datasets/dataset_yolo_bbox/labels/train/train_000841.txt,train,Li,,0,,,,,,,,,,1.0,False,False,previews/train_train_000841.jpg,,,
train_train_000842,/Users/Di/Documents/GitHub/My projects/Geodata_Archaeology_CV/datasets/dataset_yolo_bbox/images/train/train_000842.png,/Users/Di/Documents/GitHub/My projects/Geodata_Archaeology_CV/datasets/dataset_yolo_bbox/labels/train/train_000842.txt,train,Li,,0,,,,,,,,,,1.0,False,False,previews/train_train_000842.jpg,,,
train_train_000843,/Users/Di/Documents/GitHub/My projects/Geodata_Archaeology_CV/datasets/dataset_yolo_bbox/images/train/train_000843.png,/Users/Di/Documents/GitHub/My projects/Geodata_Archaeology_CV/datasets/dataset_yolo_bbox/labels/train/train_000843.txt,train,Li,,0,,,,,,,,,,1.0,False,False,previews/train_train_000843.jpg,,,
train_train_000844,/Users/Di/Documents/GitHub/My projects/Geodata_Archaeology_CV/datasets/dataset_yolo_bbox/images/train/train_000844.png,/Users/Di/Documents/GitHub/My projects/Geodata_Archaeology_CV/datasets/dataset_yolo_bbox/labels/train/train_000844.txt,train,Li,,0,,,,,,,,,,1.0,False,False,previews/train_train_000844.jpg,,,
train_train_000845,/Users/Di/Documents/GitHub/My projects/Geodata_Archaeology_CV/datasets/dataset_yolo_bbox/images/train/train_000845.png,/Users/Di/Documents/GitHub/My projects/Geodata_Archaeology_CV/datasets/dataset_yolo_bbox/labels/train/train_000845.txt,train,Li,,0,,,,,,,,,,0.7976913452148438,False,False,previews/train_train_000845.jpg,,,
train_train_000846,/Users/Di/Documents/GitHub/My projects/Geodata_Archaeology_CV/datasets/dataset_yolo_bbox/images/train/train_000846.png,/Users/Di/Documents/GitHub/My projects/Geodata_Archaeology_CV/datasets/dataset_yolo_bbox/labels/train/train_000846.txt,train,Li,,0,,,,,,,,,,1.0,False,False,previews/train_train_000846.jpg,,,
train_train_000847,/Users/Di/Documents/GitHub/My projects/Geodata_Archaeology_CV/datasets/dataset_yolo_bbox/images/train/train_000847.png,/Users/Di/Documents/GitHub/My projects/Geodata_Archaeology_CV/datasets/dataset_yolo_bbox/labels/train/train_000847.txt,train,Li,,0,,,,,,,,,,0.9998674392700196,False,False,previews/train_train_000847.jpg,,,
train_train_000848,/Users/Di/Documents/GitHub/My projects/Geodata_Archaeology_CV/datasets/dataset_yolo_bbox/images/train/train_000848.png,/Users/Di/Documents/GitHub/My projects/Geodata_Archaeology_CV/datasets/dataset_yolo_bbox/labels/train/train_000848.txt,train,Li,,0,,,,,,,,,,1.0,False,False,previews/train_train_000848.jpg,,,
train_train_000849,/Users/Di/Documents/GitHub/My projects/Geodata_Archaeology_CV/datasets/dataset_yolo_bbox/images/train/train_000849.png,/Users/Di/Documents/GitHub/My projects/Geodata_Archaeology_CV/datasets/dataset_yolo_bbox/labels/train/train_000849.txt,train,Li,,0,,,,,,,,,,0.9998464584350586,False,False,previews/train_train_000849.jpg,,,
train_train_000850,/Users/Di/Documents/GitHub/My projects/Geodata_Archaeology_CV/datasets/dataset_yolo_bbox/images/train/train_000850.png,/Users/Di/Documents/GitHub/My projects/Geodata_Archaeology_CV/datasets/dataset_yolo_bbox/labels/train/train_000850.txt,train,Li,,0,,,,,,,,,,0.9999723434448242,False,False,previews/train_train_000850.jpg,,,
train_train_000851,/Users/Di/Documents/GitHub/My projects/Geodata_Archaeology_CV/datasets/dataset_yolo_bbox/images/train/train_000851.png,/Users/Di/Documents/GitHub/My projects/Geodata_Archaeology_CV/datasets/dataset_yolo_bbox/labels/train/train_000851.txt,train,Li,,0,,,,,,,,,,0.9500455856323242,False,False,previews/train_train_000851.jpg,,,
train_train_000852,/Users/Di/Documents/GitHub/My projects/Geodata_Archaeology_CV/datasets/dataset_yolo_bbox/images/train/train_000852.png,/Users/Di/Documents/GitHub/My projects/Geodata_Archaeology_CV/datasets/dataset_yolo_bbox/labels/train/train_000852.txt,train,Li,,0,,,,,,,,,,0.9999990463256836,False,False,previews/train_train_000852.jpg,,,
train_train_000853,/Users/Di/Documents/GitHub/My projects/Geodata_Archaeology_CV/datasets/dataset_yolo_bbox/images/train/train_000853.png,/Users/Di/Documents/GitHub/My projects/Geodata_Archaeology_CV/datasets/dataset_yolo_bbox/labels/train/train_000853.txt,train,Li,,0,,,,,,,,,,1.0,False,False,previews/train_train_000853.jpg,,,
train_train_000854,/Users/Di/Documents/GitHub/My projects/Geodata_Archaeology_CV/datasets/dataset_yolo_bbox/images/train/train_000854.png,/Users/Di/Documents/GitHub/My projects/Geodata_Archaeology_CV/datasets/dataset_yolo_bbox/labels/train/train_000854.txt,train,Li,,0,,,,,,,,,,1.0,False,False,previews/train_train_000854.jpg,,,
train_train_000855,/Users/Di/Documents/GitHub/My projects/Geodata_Archaeology_CV/datasets/dataset_yolo_bbox/images/train/train_000855.png,/Users/Di/Documents/GitHub/My projects/Geodata_Archaeology_CV/datasets/dataset_yolo_bbox/labels/train/train_000855.txt,train,Li,,0,,,,,,,,,,0.9745044708251952,True,False,previews/train_train_000855.jpg,,,
train_train_000856,/Users/Di/Documents/GitHub/My projects/Geodata_Archaeology_CV/datasets/dataset_yolo_bbox/images/train/train_000856.png,/Users/Di/Documents/GitHub/My projects/Geodata_Archaeology_CV/datasets/dataset_yolo_bbox/labels/train/train_000856.txt,train,Li,,0,,,,,,,,,,0.7709465026855469,True,False,previews/train_train_000856.jpg,,,
train_train_000857,/Users/Di/Documents/GitHub/My projects/Geodata_Archaeology_CV/datasets/dataset_yolo_bbox/images/train/train_000857.png,/Users/Di/Documents/GitHub/My projects/Geodata_Archaeology_CV/datasets/dataset_yolo_bbox/labels/train/train_000857.txt,train,Ae,,0,,,,,,,,,,1.0,True,False,previews/train_train_000857.jpg,,,
train_train_000858,/Users/Di/Documents/GitHub/My projects/Geodata_Archaeology_CV/datasets/dataset_yolo_bbox/images/train/train_000858.png,/Users/Di/Documents/GitHub/My projects/Geodata_Archaeology_CV/datasets/dataset_yolo_bbox/labels/train/train_000858.txt,train,Ae,gorodishcha,1,20414.0,20414.0,20414.0,173.0,173.0,173.0,118.0,118.0,118.0,1.0,False,False,previews/train_train_000858.jpg,,,
train_train_000859,/Users/Di/Documents/GitHub/My projects/Geodata_Archaeology_CV/datasets/dataset_yolo_bbox/images/train/train_000859.png,/Users/Di/Documents/GitHub/My projects/Geodata_Archaeology_CV/datasets/dataset_yolo_bbox/labels/train/train_000859.txt,train,Ae,gorodishcha,1,1720.0,1720.0,1720.0,20.0,20.0,20.0,86.0,86.0,86.0,1.0,False,True,previews/train_train_000859.jpg,,,
train_train_000860,/Users/Di/Documents/GitHub/My projects/Geodata_Archaeology_CV/datasets/dataset_yolo_bbox/images/train/train_000860.png,/Users/Di/Documents/GitHub/My projects/Geodata_Archaeology_CV/datasets/dataset_yolo_bbox/labels/train/train_000860.txt,train,Ae,,0,,,,,,,,,,1.0,True,False,previews/train_train_000860.jpg,,,
train_train_000861,/Users/Di/Documents/GitHub/My projects/Geodata_Archaeology_CV/datasets/dataset_yolo_bbox/images/train/train_000861.png,/Users/Di/Documents/GitHub/My projects/Geodata_Archaeology_CV/datasets/dataset_yolo_bbox/labels/train/train_000861.txt,train,Ae,gorodishcha,1,20414.0,20414.0,20414.0,173.0,173.0,173.0,118.0,118.0,118.0,1.0,False,False,previews/train_train_000861.jpg,,,
train_train_000862,/Users/Di/Documents/GitHub/My projects/Geodata_Archaeology_CV/datasets/dataset_yolo_bbox/images/train/train_000862.png,/Users/Di/Documents/GitHub/My projects/Geodata_Archaeology_CV/datasets/dataset_yolo_bbox/labels/train/train_000862.txt,train,Ae,gorodishcha,1,1720.0,1720.0,1720.0,20.0,20.0,20.0,86.0,86.0,86.0,1.0,False,True,previews/train_train_000862.jpg,,,
train_train_000863,/Users/Di/Documents/GitHub/My projects/Geodata_Archaeology_CV/datasets/dataset_yolo_bbox/images/train/train_000863.png,/Users/Di/Documents/GitHub/My projects/Geodata_Archaeology_CV/datasets/dataset_yolo_bbox/labels/train/train_000863.txt,train,Ae,,0,,,,,,,,,,1.0,True,False,previews/train_train_000863.jpg,,,
train_train_000864,/Users/Di/Documents/GitHub/My projects/Geodata_Archaeology_CV/datasets/dataset_yolo_bbox/images/train/train_000864.png,/Users/Di/Documents/GitHub/My projects/Geodata_Archaeology_CV/datasets/dataset_yolo_bbox/labels/train/train_000864.txt,train,Ae,,0,,,,,,,,,,1.0,False,False,previews/train_train_000864.jpg,,,
train_train_000865,/Users/Di/Documents/GitHub/My projects/Geodata_Archaeology_CV/datasets/dataset_yolo_bbox/images/train/train_000865.png,/Users/Di/Documents/GitHub/My projects/Geodata_Archaeology_CV/datasets/dataset_yolo_bbox/labels/train/train_000865.txt,train,Ae,,0,,,,,,,,,,1.0,False,False,previews/train_train_000865.jpg,,,
train_train_000866,/Users/Di/Documents/GitHub/My projects/Geodata_Archaeology_CV/datasets/dataset_yolo_bbox/images/train/train_000866.png,/Users/Di/Documents/GitHub/My projects/Geodata_Archaeology_CV/datasets/dataset_yolo_bbox/labels/train/train_000866.txt,train,Ae,,0,,,,,,,,,,1.0,True,False,previews/train_train_000866.jpg,,,
train_train_000867,/Users/Di/Documents/GitHub/My projects/Geodata_Archaeology_CV/datasets/dataset_yolo_bbox/images/train/train_000867.png,/Users/Di/Documents/GitHub/My projects/Geodata_Archaeology_CV/datasets/dataset_yolo_bbox/labels/train/train_000867.txt,train,Ae,,0,,,,,,,,,,1.0,True,False,previews/train_train_000867.jpg,,,
train_train_000868,/Users/Di/Documents/GitHub/My projects/Geodata_Archaeology_CV/datasets/dataset_yolo_bbox/images/train/train_000868.png,/Users/Di/Documents/GitHub/My projects/Geodata_Archaeology_CV/datasets/dataset_yolo_bbox/labels/train/train_000868.txt,train,Ae,,0,,,,,,,,,,1.0,True,False,previews/train_train_000868.jpg,,,
val_val_000869,/Users/Di/Documents/GitHub/My projects/Geodata_Archaeology_CV/datasets/dataset_yolo_bbox/images/val/val_000869.png,/Users/Di/Documents/GitHub/My projects/Geodata_Archaeology_CV/datasets/dataset_yolo_bbox/labels/val/val_000869.txt,val,Li,kurgany_povrezhdennye,1,9828.0,9828.0,9828.0,39.0,39.0,39.0,252.0,252.0,252.0,0.6809957368462508,True,True,previews/val_val_000869.jpg,,,
val_val_000870,/Users/Di/Documents/GitHub/My projects/Geodata_Archaeology_CV/datasets/dataset_yolo_bbox/images/val/val_000870.png,/Users/Di/Documents/GitHub/My projects/Geodata_Archaeology_CV/datasets/dataset_yolo_bbox/labels/val/val_000870.txt,val,Li,kurgany_povrezhdennye,4,191250.0,290302.0,527383.0,436.0,542.0,779.0,425.0,530.5,677.0,0.9242428717706364,True,False,previews/val_val_000870.jpg,,,
train_train_000871,/Users/Di/Documents/GitHub/My projects/Geodata_Archaeology_CV/datasets/dataset_yolo_bbox/images/train/train_000871.png,/Users/Di/Documents/GitHub/My projects/Geodata_Archaeology_CV/datasets/dataset_yolo_bbox/labels/train/train_000871.txt,train,Li,kurgany_povrezhdennye,1,96404.0,96404.0,96404.0,308.0,308.0,308.0,313.0,313.0,313.0,0.975472927093506,True,False,previews/train_train_000871.jpg,,,
train_train_000872,/Users/Di/Documents/GitHub/My projects/Geodata_Archaeology_CV/datasets/dataset_yolo_bbox/images/train/train_000872.png,/Users/Di/Documents/GitHub/My projects/Geodata_Archaeology_CV/datasets/dataset_yolo_bbox/labels/train/train_000872.txt,train,Li,,0,,,,,,,,,,0.7917168140411377,True,False,previews/train_train_000872.jpg,,,
train_train_000873,/Users/Di/Documents/GitHub/My projects/Geodata_Archaeology_CV/datasets/dataset_yolo_bbox/images/train/train_000873.png,/Users/Di/Documents/GitHub/My projects/Geodata_Archaeology_CV/datasets/dataset_yolo_bbox/labels/train/train_000873.txt,train,Li,kurgany_povrezhdennye,1,339340.0,339340.0,339340.0,722.0,722.0,722.0,470.0,470.0,470.0,0.97123384475708,True,True,previews/train_train_000873.jpg,,,
train_train_000874,/Users/Di/Documents/GitHub/My projects/Geodata_Archaeology_CV/datasets/dataset_yolo_bbox/images/train/train_000874.png,/Users/Di/Documents/GitHub/My projects/Geodata_Archaeology_CV/datasets/dataset_yolo_bbox/labels/train/train_000874.txt,train,Li,kurgany_povrezhdennye,1,110230.0,110230.0,110230.0,302.0,302.0,302.0,365.0,365.0,365.0,0.9963996410369872,False,False,previews/train_train_000874.jpg,,,
train_train_000875,/Users/Di/Documents/GitHub/My projects/Geodata_Archaeology_CV/datasets/dataset_yolo_bbox/images/train/train_000875.png,/Users/Di/Documents/GitHub/My projects/Geodata_Archaeology_CV/datasets/dataset_yolo_bbox/labels/train/train_000875.txt,train,Li,kurgany_povrezhdennye,1,110230.0,110230.0,110230.0,302.0,302.0,302.0,365.0,365.0,365.0,0.9878075122833252,True,False,previews/train_train_000875.jpg,,,
train_train_000876,/Users/Di/Documents/GitHub/My projects/Geodata_Archaeology_CV/datasets/dataset_yolo_bbox/images/train/train_000876.png,/Users/Di/Documents/GitHub/My projects/Geodata_Archaeology_CV/datasets/dataset_yolo_bbox/labels/train/train_000876.txt,train,Li,kurgany_povrezhdennye,2,41583.0,292716.5,543850.0,83.0,406.5,730.0,501.0,623.0,745.0,0.9769284725189208,True,True,previews/train_train_000876.jpg,,,
train_train_000877,/Users/Di/Documents/GitHub/My projects/Geodata_Archaeology_CV/datasets/dataset_yolo_bbox/images/train/train_000877.png,/Users/Di/Documents/GitHub/My projects/Geodata_Archaeology_CV/datasets/dataset_yolo_bbox/labels/train/train_000877.txt,train,Li,kurgany_povrezhdennye,2,463565.0,542758.5,621952.0,667.0,785.5,904.0,688.0,691.5,695.0,0.99996018409729,False,False,previews/train_train_000877.jpg,,,
train_train_000878,/Users/Di/Documents/GitHub/My projects/Geodata_Archaeology_CV/datasets/dataset_yolo_bbox/images/train/train_000878.png,/Users/Di/Documents/GitHub/My projects/Geodata_Archaeology_CV/datasets/dataset_yolo_bbox/labels/train/train_000878.txt,train,Li,kurgany_povrezhdennye,2,75802.0,138792.0,201782.0,302.0,399.5,497.0,251.0,328.5,406.0,0.8961360454559326,False,True,previews/train_train_000878.jpg,,,
train_train_000879,/Users/Di/Documents/GitHub/My projects/Geodata_Archaeology_CV/datasets/dataset_yolo_bbox/images/train/train_000879.png,/Users/Di/Documents/GitHub/My projects/Geodata_Archaeology_CV/datasets/dataset_yolo_bbox/labels/train/train_000879.txt,train,Li,kurgany_povrezhdennye,2,75802.0,113319.5,150837.0,302.0,356.5,411.0,251.0,309.0,367.0,0.8827345371246338,True,True,previews/train_train_000879.jpg,,,
train_train_000880,/Users/Di/Documents/GitHub/My projects/Geodata_Archaeology_CV/datasets/dataset_yolo_bbox/images/train/train_000880.png,/Users/Di/Documents/GitHub/My projects/Geodata_Archaeology_CV/datasets/dataset_yolo_bbox/labels/train/train_000880.txt,train,Li,kurgany_povrezhdennye,2,41583.0,117173.5,192764.0,83.0,378.5,674.0,286.0,393.5,501.0,0.9195995330810548,True,True,previews/train_train_000880.jpg,,,
train_train_000881,/Users/Di/Documents/GitHub/My projects/Geodata_Archaeology_CV/datasets/dataset_yolo_bbox/images/train/train_000881.png,/Users/Di/Documents/GitHub/My projects/Geodata_Archaeology_CV/datasets/dataset_yolo_bbox/labels/train/train_000881.txt,train,Li,kurgany_povrezhdennye,2,463565.0,542758.5,621952.0,667.0,785.5,904.0,688.0,691.5,695.0,0.9461255073547364,True,False,previews/train_train_000881.jpg,,,
train_train_000882,/Users/Di/Documents/GitHub/My projects/Geodata_Archaeology_CV/datasets/dataset_yolo_bbox/images/train/train_000882.png,/Users/Di/Documents/GitHub/My projects/Geodata_Archaeology_CV/datasets/dataset_yolo_bbox/labels/train/train_000882.txt,train,Li,kurgany_povrezhdennye,1,201782.0,201782.0,201782.0,497.0,497.0,497.0,406.0,406.0,406.0,0.6734175682067871,True,True,previews/train_train_000882.jpg,,,
train_train_000883,/Users/Di/Documents/GitHub/My projects/Geodata_Archaeology_CV/datasets/dataset_yolo_bbox/images/train/train_000883.png,/Users/Di/Documents/GitHub/My projects/Geodata_Archaeology_CV/datasets/dataset_yolo_bbox/labels/train/train_000883.txt,train,Li,kurgany_povrezhdennye,1,150837.0,150837.0,150837.0,411.0,411.0,411.0,367.0,367.0,367.0,0.6547620296478271,True,True,previews/train_train_000883.jpg,,,
train_train_000884,/Users/Di/Documents/GitHub/My projects/Geodata_Archaeology_CV/datasets/dataset_yolo_bbox/images/train/train_000884.png,/Users/Di/Documents/GitHub/My projects/Geodata_Archaeology_CV/datasets/dataset_yolo_bbox/labels/train/train_000884.txt,train,SpOr,kurgany_povrezhdennye; kurgany_tselye,2,3658.0,3733.0,3808.0,56.0,57.5,59.0,62.0,65.0,68.0,1.0,True,False,previews/train_train_000884.jpg,,,
train_train_000885,/Users/Di/Documents/GitHub/My projects/Geodata_Archaeology_CV/datasets/dataset_yolo_bbox/images/train/train_000885.png,/Users/Di/Documents/GitHub/My projects/Geodata_Archaeology_CV/datasets/dataset_yolo_bbox/labels/train/train_000885.txt,train,SpOr,kurgany_povrezhdennye; kurgany_tselye,2,3658.0,3733.0,3808.0,56.0,57.5,59.0,62.0,65.0,68.0,1.0,True,False,previews/train_train_000885.jpg,,,
train_train_000886,/Users/Di/Documents/GitHub/My projects/Geodata_Archaeology_CV/datasets/dataset_yolo_bbox/images/train/train_000886.png,/Users/Di/Documents/GitHub/My projects/Geodata_Archaeology_CV/datasets/dataset_yolo_bbox/labels/train/train_000886.txt,train,Li,kurgany_tselye,1,3080.0,3080.0,3080.0,56.0,56.0,56.0,55.0,55.0,55.0,0.9756196172985449,True,False,previews/train_train_000886.jpg,,,
train_train_000887,/Users/Di/Documents/GitHub/My projects/Geodata_Archaeology_CV/datasets/dataset_yolo_bbox/images/train/train_000887.png,/Users/Di/Documents/GitHub/My projects/Geodata_Archaeology_CV/datasets/dataset_yolo_bbox/labels/train/train_000887.txt,train,Ae,kurgany_tselye,1,6958.0,6958.0,6958.0,98.0,98.0,98.0,71.0,71.0,71.0,1.0,True,True,previews/train_train_000887.jpg,,,
train_train_000888,/Users/Di/Documents/GitHub/My projects/Geodata_Archaeology_CV/datasets/dataset_yolo_bbox/images/train/train_000888.png,/Users/Di/Documents/GitHub/My projects/Geodata_Archaeology_CV/datasets/dataset_yolo_bbox/labels/train/train_000888.txt,train,Ae,,0,,,,,,,,,,1.0,False,False,previews/train_train_000888.jpg,,,
train_train_000889,/Users/Di/Documents/GitHub/My projects/Geodata_Archaeology_CV/datasets/dataset_yolo_bbox/images/train/train_000889.png,/Users/Di/Documents/GitHub/My projects/Geodata_Archaeology_CV/datasets/dataset_yolo_bbox/labels/train/train_000889.txt,train,Ae,,0,,,,,,,,,,1.0,False,False,previews/train_train_000889.jpg,,,
train_train_000890,/Users/Di/Documents/GitHub/My projects/Geodata_Archaeology_CV/datasets/dataset_yolo_bbox/images/train/train_000890.png,/Users/Di/Documents/GitHub/My projects/Geodata_Archaeology_CV/datasets/dataset_yolo_bbox/labels/train/train_000890.txt,train,Ae,kurgany_tselye,1,100724.0,100724.0,100724.0,338.0,338.0,338.0,298.0,298.0,298.0,1.0,False,False,previews/train_train_000890.jpg,,,
train_train_000891,/Users/Di/Documents/GitHub/My projects/Geodata_Archaeology_CV/datasets/dataset_yolo_bbox/images/train/train_000891.png,/Users/Di/Documents/GitHub/My projects/Geodata_Archaeology_CV/datasets/dataset_yolo_bbox/labels/train/train_000891.txt,train,Ae,kurgany_povrezhdennye; kurgany_tselye,4,7448.0,18662.0,91203.0,98.0,160.0,303.0,76.0,119.0,301.0,1.0,False,True,previews/train_train_000891.jpg,,,
train_train_000892,/Users/Di/Documents/GitHub/My projects/Geodata_Archaeology_CV/datasets/dataset_yolo_bbox/images/train/train_000892.png,/Users/Di/Documents/GitHub/My projects/Geodata_Archaeology_CV/datasets/dataset_yolo_bbox/labels/train/train_000892.txt,train,Ae,kurgany_tselye,4,2116.0,13107.0,91203.0,46.0,112.5,303.0,46.0,104.0,301.0,1.0,False,False,previews/train_train_000892.jpg,,,
train_train_000893,/Users/Di/Documents/GitHub/My projects/Geodata_Archaeology_CV/datasets/dataset_yolo_bbox/images/train/train_000893.png,/Users/Di/Documents/GitHub/My projects/Geodata_Archaeology_CV/datasets/dataset_yolo_bbox/labels/train/train_000893.txt,train,Ae,kurgany_tselye,1,1242.0,1242.0,1242.0,27.0,27.0,27.0,46.0,46.0,46.0,1.0,False,True,previews/train_train_000893.jpg,,,
train_train_000894,/Users/Di/Documents/GitHub/My projects/Geodata_Archaeology_CV/datasets/dataset_yolo_bbox/images/train/train_000894.png,/Users/Di/Documents/GitHub/My projects/Geodata_Archaeology_CV/datasets/dataset_yolo_bbox/labels/train/train_000894.txt,train,Ae,,0,,,,,,,,,,1.0,True,False,previews/train_train_000894.jpg,,,
train_train_000895,/Users/Di/Documents/GitHub/My projects/Geodata_Archaeology_CV/datasets/dataset_yolo_bbox/images/train/train_000895.png,/Users/Di/Documents/GitHub/My projects/Geodata_Archaeology_CV/datasets/dataset_yolo_bbox/labels/train/train_000895.txt,train,Ae,,0,,,,,,,,,,1.0,True,False,previews/train_train_000895.jpg,,,
train_train_000896,/Users/Di/Documents/GitHub/My projects/Geodata_Archaeology_CV/datasets/dataset_yolo_bbox/images/train/train_000896.png,/Users/Di/Documents/GitHub/My projects/Geodata_Archaeology_CV/datasets/dataset_yolo_bbox/labels/train/train_000896.txt,train,Ae,kurgany_tselye,1,333960.0,333960.0,333960.0,440.0,440.0,440.0,759.0,759.0,759.0,1.0,False,True,previews/train_train_000896.jpg,,,
train_train_000897,/Users/Di/Documents/GitHub/My projects/Geodata_Archaeology_CV/datasets/dataset_yolo_bbox/images/train/train_000897.png,/Users/Di/Documents/GitHub/My projects/Geodata_Archaeology_CV/datasets/dataset_yolo_bbox/labels/train/train_000897.txt,train,Ae,kurgany_povrezhdennye; kurgany_tselye,2,14280.0,282201.5,550123.0,170.0,445.5,721.0,84.0,423.5,763.0,1.0,False,True,previews/train_train_000897.jpg,,,
train_train_000898,/Users/Di/Documents/GitHub/My projects/Geodata_Archaeology_CV/datasets/dataset_yolo_bbox/images/train/train_000898.png,/Users/Di/Documents/GitHub/My projects/Geodata_Archaeology_CV/datasets/dataset_yolo_bbox/labels/train/train_000898.txt,train,Ae,kurgany_povrezhdennye,1,82510.0,82510.0,82510.0,446.0,446.0,446.0,185.0,185.0,185.0,1.0,False,True,previews/train_train_000898.jpg,,,
train_train_000899,/Users/Di/Documents/GitHub/My projects/Geodata_Archaeology_CV/datasets/dataset_yolo_bbox/images/train/train_000899.png,/Users/Di/Documents/GitHub/My projects/Geodata_Archaeology_CV/datasets/dataset_yolo_bbox/labels/train/train_000899.txt,train,Ae,,0,,,,,,,,,,1.0,False,False,previews/train_train_000899.jpg,,,
train_train_000900,/Users/Di/Documents/GitHub/My projects/Geodata_Archaeology_CV/datasets/dataset_yolo_bbox/images/train/train_000900.png,/Users/Di/Documents/GitHub/My projects/Geodata_Archaeology_CV/datasets/dataset_yolo_bbox/labels/train/train_000900.txt,train,Ae,kurgany_povrezhdennye,1,99468.0,99468.0,99468.0,324.0,324.0,324.0,307.0,307.0,307.0,1.0,False,False,previews/train_train_000900.jpg,,,
train_train_000901,/Users/Di/Documents/GitHub/My projects/Geodata_Archaeology_CV/datasets/dataset_yolo_bbox/images/train/train_000901.png,/Users/Di/Documents/GitHub/My projects/Geodata_Archaeology_CV/datasets/dataset_yolo_bbox/labels/train/train_000901.txt,train,Ae,kurgany_povrezhdennye,2,31304.0,54794.5,78285.0,182.0,218.5,255.0,172.0,239.5,307.0,1.0,False,True,previews/train_train_000901.jpg,,,
train_train_000902,/Users/Di/Documents/GitHub/My projects/Geodata_Archaeology_CV/datasets/dataset_yolo_bbox/images/train/train_000902.png,/Users/Di/Documents/GitHub/My projects/Geodata_Archaeology_CV/datasets/dataset_yolo_bbox/labels/train/train_000902.txt,train,Ae,kurgany_povrezhdennye; kurgany_tselye,3,27632.0,32680.0,91203.0,172.0,176.0,303.0,157.0,190.0,301.0,1.0,False,False,previews/train_train_000902.jpg,,,
train_train_000903,/Users/Di/Documents/GitHub/My projects/Geodata_Archaeology_CV/datasets/dataset_yolo_bbox/images/train/train_000903.png,/Users/Di/Documents/GitHub/My projects/Geodata_Archaeology_CV/datasets/dataset_yolo_bbox/labels/train/train_000903.txt,train,Ae,kurgany_tselye,1,91203.0,91203.0,91203.0,303.0,303.0,303.0,301.0,301.0,301.0,1.0,False,False,previews/train_train_000903.jpg,,,
train_train_000904,/Users/Di/Documents/GitHub/My projects/Geodata_Archaeology_CV/datasets/dataset_yolo_bbox/images/train/train_000904.png,/Users/Di/Documents/GitHub/My projects/Geodata_Archaeology_CV/datasets/dataset_yolo_bbox/labels/train/train_000904.txt,train,Ae,,0,,,,,,,,,,1.0,False,False,previews/train_train_000904.jpg,,,
train_train_000905,/Users/Di/Documents/GitHub/My projects/Geodata_Archaeology_CV/datasets/dataset_yolo_bbox/images/train/train_000905.png,/Users/Di/Documents/GitHub/My projects/Geodata_Archaeology_CV/datasets/dataset_yolo_bbox/labels/train/train_000905.txt,train,Ae,kurgany_tselye,1,82944.0,82944.0,82944.0,432.0,432.0,432.0,192.0,192.0,192.0,1.0,False,True,previews/train_train_000905.jpg,,,
train_train_000906,/Users/Di/Documents/GitHub/My projects/Geodata_Archaeology_CV/datasets/dataset_yolo_bbox/images/train/train_000906.png,/Users/Di/Documents/GitHub/My projects/Geodata_Archaeology_CV/datasets/dataset_yolo_bbox/labels/train/train_000906.txt,train,Ae,kurgany_povrezhdennye; kurgany_tselye,3,36863.0,108480.0,267150.0,191.0,565.0,650.0,192.0,193.0,411.0,1.0,False,True,previews/train_train_000906.jpg,,,
train_train_000907,/Users/Di/Documents/GitHub/My projects/Geodata_Archaeology_CV/datasets/dataset_yolo_bbox/images/train/train_000907.png,/Users/Di/Documents/GitHub/My projects/Geodata_Archaeology_CV/datasets/dataset_yolo_bbox/labels/train/train_000907.txt,train,Ae,kurgany_povrezhdennye; kurgany_tselye,5,17056.0,139730.0,158646.0,104.0,386.0,484.0,109.0,292.0,411.0,1.0,False,True,previews/train_train_000907.jpg,,,
train_train_000908,/Users/Di/Documents/GitHub/My projects/Geodata_Archaeology_CV/datasets/dataset_yolo_bbox/images/train/train_000908.png,/Users/Di/Documents/GitHub/My projects/Geodata_Archaeology_CV/datasets/dataset_yolo_bbox/labels/train/train_000908.txt,train,Ae,kurgany_povrezhdennye; kurgany_tselye,3,42048.0,96565.0,106446.0,219.0,339.0,445.0,192.0,217.0,314.0,1.0,False,True,previews/train_train_000908.jpg,,,
train_train_000909,/Users/Di/Documents/GitHub/My projects/Geodata_Archaeology_CV/datasets/dataset_yolo_bbox/images/train/train_000909.png,/Users/Di/Documents/GitHub/My projects/Geodata_Archaeology_CV/datasets/dataset_yolo_bbox/labels/train/train_000909.txt,train,Ae,kurgany_povrezhdennye,1,94284.0,94284.0,94284.0,324.0,324.0,324.0,291.0,291.0,291.0,1.0,False,True,previews/train_train_000909.jpg,,,
train_train_000910,/Users/Di/Documents/GitHub/My projects/Geodata_Archaeology_CV/datasets/dataset_yolo_bbox/images/train/train_000910.png,/Users/Di/Documents/GitHub/My projects/Geodata_Archaeology_CV/datasets/dataset_yolo_bbox/labels/train/train_000910.txt,train,Ae,kurgany_povrezhdennye,1,74205.0,74205.0,74205.0,255.0,255.0,255.0,291.0,291.0,291.0,1.0,False,True,previews/train_train_000910.jpg,,,
train_train_000911,/Users/Di/Documents/GitHub/My projects/Geodata_Archaeology_CV/datasets/dataset_yolo_bbox/images/train/train_000911.png,/Users/Di/Documents/GitHub/My projects/Geodata_Archaeology_CV/datasets/dataset_yolo_bbox/labels/train/train_000911.txt,train,Ae,kurgany_povrezhdennye,2,8976.0,17772.0,26568.0,48.0,106.0,164.0,162.0,174.5,187.0,1.0,False,True,previews/train_train_000911.jpg,,,
train_train_000912,/Users/Di/Documents/GitHub/My projects/Geodata_Archaeology_CV/datasets/dataset_yolo_bbox/images/train/train_000912.png,/Users/Di/Documents/GitHub/My projects/Geodata_Archaeology_CV/datasets/dataset_yolo_bbox/labels/train/train_000912.txt,train,Ae,kurgany_povrezhdennye,1,88725.0,88725.0,88725.0,325.0,325.0,325.0,273.0,273.0,273.0,1.0,False,False,previews/train_train_000912.jpg,,,
train_train_000913,/Users/Di/Documents/GitHub/My projects/Geodata_Archaeology_CV/datasets/dataset_yolo_bbox/images/train/train_000913.png,/Users/Di/Documents/GitHub/My projects/Geodata_Archaeology_CV/datasets/dataset_yolo_bbox/labels/train/train_000913.txt,train,Ae,fortifikatsii,1,78310.0,78310.0,78310.0,382.0,382.0,382.0,205.0,205.0,205.0,1.0,False,True,previews/train_train_000913.jpg,,,
train_train_000914,/Users/Di/Documents/GitHub/My projects/Geodata_Archaeology_CV/datasets/dataset_yolo_bbox/images/train/train_000914.png,/Users/Di/Documents/GitHub/My projects/Geodata_Archaeology_CV/datasets/dataset_yolo_bbox/labels/train/train_000914.txt,train,Ae,fortifikatsii,1,124614.0,124614.0,124614.0,483.0,483.0,483.0,258.0,258.0,258.0,1.0,False,True,previews/train_train_000914.jpg,,,
train_train_000915,/Users/Di/Documents/GitHub/My projects/Geodata_Archaeology_CV/datasets/dataset_yolo_bbox/images/train/train_000915.png,/Users/Di/Documents/GitHub/My projects/Geodata_Archaeology_CV/datasets/dataset_yolo_bbox/labels/train/train_000915.txt,train,Ae,fortifikatsii,1,95370.0,95370.0,95370.0,374.0,374.0,374.0,255.0,255.0,255.0,1.0,True,True,previews/train_train_000915.jpg,,,
train_train_000916,/Users/Di/Documents/GitHub/My projects/Geodata_Archaeology_CV/datasets/dataset_yolo_bbox/images/train/train_000916.png,/Users/Di/Documents/GitHub/My projects/Geodata_Archaeology_CV/datasets/dataset_yolo_bbox/labels/train/train_000916.txt,train,Ae,,0,,,,,,,,,,1.0,True,False,previews/train_train_000916.jpg,,,
train_train_000917,/Users/Di/Documents/GitHub/My projects/Geodata_Archaeology_CV/datasets/dataset_yolo_bbox/images/train/train_000917.png,/Users/Di/Documents/GitHub/My projects/Geodata_Archaeology_CV/datasets/dataset_yolo_bbox/labels/train/train_000917.txt,train,Ae,kurgany_povrezhdennye,1,505263.0,505263.0,505263.0,671.0,671.0,671.0,753.0,753.0,753.0,1.0,False,False,previews/train_train_000917.jpg,,,
train_train_000918,/Users/Di/Documents/GitHub/My projects/Geodata_Archaeology_CV/datasets/dataset_yolo_bbox/images/train/train_000918.png,/Users/Di/Documents/GitHub/My projects/Geodata_Archaeology_CV/datasets/dataset_yolo_bbox/labels/train/train_000918.txt,train,Ae,kurgany_povrezhdennye; kurgany_tselye,4,36079.0,160918.5,267150.0,157.0,490.5,684.0,109.0,375.0,573.0,1.0,False,True,previews/train_train_000918.jpg,,,
train_train_000919,/Users/Di/Documents/GitHub/My projects/Geodata_Archaeology_CV/datasets/dataset_yolo_bbox/images/train/train_000919.png,/Users/Di/Documents/GitHub/My projects/Geodata_Archaeology_CV/datasets/dataset_yolo_bbox/labels/train/train_000919.txt,train,Ae,kurgany_povrezhdennye; kurgany_tselye,7,17056.0,44690.0,203116.0,91.0,379.0,412.0,104.0,262.0,493.0,1.0,False,True,previews/train_train_000919.jpg,,,
train_train_000920,/Users/Di/Documents/GitHub/My projects/Geodata_Archaeology_CV/datasets/dataset_yolo_bbox/images/train/train_000920.png,/Users/Di/Documents/GitHub/My projects/Geodata_Archaeology_CV/datasets/dataset_yolo_bbox/labels/train/train_000920.txt,train,Ae,kurgany_povrezhdennye; kurgany_tselye,5,28912.0,48564.0,213469.0,219.0,278.0,445.0,104.0,213.0,493.0,1.0,False,True,previews/train_train_000920.jpg,,,
train_train_000921,/Users/Di/Documents/GitHub/My projects/Geodata_Archaeology_CV/datasets/dataset_yolo_bbox/images/train/train_000921.png,/Users/Di/Documents/GitHub/My projects/Geodata_Archaeology_CV/datasets/dataset_yolo_bbox/labels/train/train_000921.txt,train,Ae,kurgany_povrezhdennye,1,48564.0,48564.0,48564.0,228.0,228.0,228.0,213.0,213.0,213.0,1.0,False,False,previews/train_train_000921.jpg,,,
train_train_000922,/Users/Di/Documents/GitHub/My projects/Geodata_Archaeology_CV/datasets/dataset_yolo_bbox/images/train/train_000922.png,/Users/Di/Documents/GitHub/My projects/Geodata_Archaeology_CV/datasets/dataset_yolo_bbox/labels/train/train_000922.txt,train,Ae,kurgany_povrezhdennye,2,38409.0,44353.5,50298.0,177.0,213.0,249.0,202.0,209.5,217.0,1.0,False,False,previews/train_train_000922.jpg,,,
train_train_000923,/Users/Di/Documents/GitHub/My projects/Geodata_Archaeology_CV/datasets/dataset_yolo_bbox/images/train/train_000923.png,/Users/Di/Documents/GitHub/My projects/Geodata_Archaeology_CV/datasets/dataset_yolo_bbox/labels/train/train_000923.txt,train,Ae,kurgany_povrezhdennye,1,38409.0,38409.0,38409.0,177.0,177.0,177.0,217.0,217.0,217.0,1.0,False,False,previews/train_train_000923.jpg,,,
train_train_000924,/Users/Di/Documents/GitHub/My projects/Geodata_Archaeology_CV/datasets/dataset_yolo_bbox/images/train/train_000924.png,/Users/Di/Documents/GitHub/My projects/Geodata_Archaeology_CV/datasets/dataset_yolo_bbox/labels/train/train_000924.txt,train,Ae,fortifikatsii,1,144573.0,144573.0,144573.0,337.0,337.0,337.0,429.0,429.0,429.0,1.0,False,True,previews/train_train_000924.jpg,,,
train_train_000925,/Users/Di/Documents/GitHub/My projects/Geodata_Archaeology_CV/datasets/dataset_yolo_bbox/images/train/train_000925.png,/Users/Di/Documents/GitHub/My projects/Geodata_Archaeology_CV/datasets/dataset_yolo_bbox/labels/train/train_000925.txt,train,Ae,fortifikatsii,1,3260893.0,3260893.0,3260893.0,1873.0,1873.0,1873.0,1741.0,1741.0,1741.0,1.0,False,True,previews/train_train_000925.jpg,,,
train_train_000926,/Users/Di/Documents/GitHub/My projects/Geodata_Archaeology_CV/datasets/dataset_yolo_bbox/images/train/train_000926.png,/Users/Di/Documents/GitHub/My projects/Geodata_Archaeology_CV/datasets/dataset_yolo_bbox/labels/train/train_000926.txt,train,Ae,fortifikatsii,1,244800.0,244800.0,244800.0,612.0,612.0,612.0,400.0,400.0,400.0,1.0,False,True,previews/train_train_000926.jpg,,,
train_train_000927,/Users/Di/Documents/GitHub/My projects/Geodata_Archaeology_CV/datasets/dataset_yolo_bbox/images/train/train_000927.png,/Users/Di/Documents/GitHub/My projects/Geodata_Archaeology_CV/datasets/dataset_yolo_bbox/labels/train/train_000927.txt,train,Ae,fortifikatsii,1,95370.0,95370.0,95370.0,374.0,374.0,374.0,255.0,255.0,255.0,1.0,True,True,previews/train_train_000927.jpg,,,
train_train_000928,/Users/Di/Documents/GitHub/My projects/Geodata_Archaeology_CV/datasets/dataset_yolo_bbox/images/train/train_000928.png,/Users/Di/Documents/GitHub/My projects/Geodata_Archaeology_CV/datasets/dataset_yolo_bbox/labels/train/train_000928.txt,train,Ae,,0,,,,,,,,,,1.0,False,False,previews/train_train_000928.jpg,,,
train_train_000929,/Users/Di/Documents/GitHub/My projects/Geodata_Archaeology_CV/datasets/dataset_yolo_bbox/images/train/train_000929.png,/Users/Di/Documents/GitHub/My projects/Geodata_Archaeology_CV/datasets/dataset_yolo_bbox/labels/train/train_000929.txt,train,Ae,kurgany_povrezhdennye,2,153360.0,287880.0,422400.0,568.0,604.0,640.0,270.0,465.0,660.0,1.0,False,True,previews/train_train_000929.jpg,,,
train_train_000930,/Users/Di/Documents/GitHub/My projects/Geodata_Archaeology_CV/datasets/dataset_yolo_bbox/images/train/train_000930.png,/Users/Di/Documents/GitHub/My projects/Geodata_Archaeology_CV/datasets/dataset_yolo_bbox/labels/train/train_000930.txt,train,Ae,kurgany_povrezhdennye; kurgany_tselye,4,4860.0,692073.0,1575784.0,54.0,877.0,1479.0,90.0,600.5,1481.0,1.0,False,True,previews/train_train_000930.jpg,,,
train_train_000931,/Users/Di/Documents/GitHub/My projects/Geodata_Archaeology_CV/datasets/dataset_yolo_bbox/images/train/train_000931.png,/Users/Di/Documents/GitHub/My projects/Geodata_Archaeology_CV/datasets/dataset_yolo_bbox/labels/train/train_000931.txt,train,Ae,kurgany_povrezhdennye; kurgany_tselye,3,23842.0,127751.0,1432127.0,91.0,403.0,967.0,262.0,317.0,1481.0,1.0,False,True,previews/train_train_000931.jpg,,,
train_train_000932,/Users/Di/Documents/GitHub/My projects/Geodata_Archaeology_CV/datasets/dataset_yolo_bbox/images/train/train_000932.png,/Users/Di/Documents/GitHub/My projects/Geodata_Archaeology_CV/datasets/dataset_yolo_bbox/labels/train/train_000932.txt,train,Ae,kurgany_povrezhdennye; kurgany_tselye,2,20370.0,53065.0,85760.0,291.0,305.5,320.0,70.0,169.0,268.0,1.0,False,True,previews/train_train_000932.jpg,,,
train_train_000933,/Users/Di/Documents/GitHub/My projects/Geodata_Archaeology_CV/datasets/dataset_yolo_bbox/images/train/train_000933.png,/Users/Di/Documents/GitHub/My projects/Geodata_Archaeology_CV/datasets/dataset_yolo_bbox/labels/train/train_000933.txt,train,Ae,kurgany_tselye,2,11232.0,79431.0,147630.0,52.0,211.0,370.0,216.0,307.5,399.0,1.0,False,True,previews/train_train_000933.jpg,,,
train_train_000934,/Users/Di/Documents/GitHub/My projects/Geodata_Archaeology_CV/datasets/dataset_yolo_bbox/images/train/train_000934.png,/Users/Di/Documents/GitHub/My projects/Geodata_Archaeology_CV/datasets/dataset_yolo_bbox/labels/train/train_000934.txt,train,Ae,fortifikatsii,1,542640.0,542640.0,542640.0,1020.0,1020.0,1020.0,532.0,532.0,532.0,1.0,False,True,previews/train_train_000934.jpg,,,
train_train_000935,/Users/Di/Documents/GitHub/My projects/Geodata_Archaeology_CV/datasets/dataset_yolo_bbox/images/train/train_000935.png,/Users/Di/Documents/GitHub/My projects/Geodata_Archaeology_CV/datasets/dataset_yolo_bbox/labels/train/train_000935.txt,train,Ae,fortifikatsii,2,27192.0,310856.0,594520.0,206.0,771.0,1336.0,132.0,288.5,445.0,1.0,False,True,previews/train_train_000935.jpg,,,
train_train_000936,/Users/Di/Documents/GitHub/My projects/Geodata_Archaeology_CV/datasets/dataset_yolo_bbox/images/train/train_000936.png,/Users/Di/Documents/GitHub/My projects/Geodata_Archaeology_CV/datasets/dataset_yolo_bbox/labels/train/train_000936.txt,train,Ae,fortifikatsii,1,2263982.0,2263982.0,2263982.0,2047.0,2047.0,2047.0,1106.0,1106.0,1106.0,1.0,False,True,previews/train_train_000936.jpg,,,
train_train_000937,/Users/Di/Documents/GitHub/My projects/Geodata_Archaeology_CV/datasets/dataset_yolo_bbox/images/train/train_000937.png,/Users/Di/Documents/GitHub/My projects/Geodata_Archaeology_CV/datasets/dataset_yolo_bbox/labels/train/train_000937.txt,train,Ae,fortifikatsii,1,477862.0,477862.0,477862.0,638.0,638.0,638.0,749.0,749.0,749.0,1.0,False,True,previews/train_train_000937.jpg,,,
train_train_000938,/Users/Di/Documents/GitHub/My projects/Geodata_Archaeology_CV/datasets/dataset_yolo_bbox/images/train/train_000938.png,/Users/Di/Documents/GitHub/My projects/Geodata_Archaeology_CV/datasets/dataset_yolo_bbox/labels/train/train_000938.txt,train,Ae,,0,,,,,,,,,,1.0,True,False,previews/train_train_000938.jpg,,,
train_train_000939,/Users/Di/Documents/GitHub/My projects/Geodata_Archaeology_CV/datasets/dataset_yolo_bbox/images/train/train_000939.png,/Users/Di/Documents/GitHub/My projects/Geodata_Archaeology_CV/datasets/dataset_yolo_bbox/labels/train/train_000939.txt,train,Ae,kurgany_povrezhdennye,1,68056.0,68056.0,68056.0,188.0,188.0,188.0,362.0,362.0,362.0,1.0,False,True,previews/train_train_000939.jpg,,,
train_train_000940,/Users/Di/Documents/GitHub/My projects/Geodata_Archaeology_CV/datasets/dataset_yolo_bbox/images/train/train_000940.png,/Users/Di/Documents/GitHub/My projects/Geodata_Archaeology_CV/datasets/dataset_yolo_bbox/labels/train/train_000940.txt,train,Ae,kurgany_povrezhdennye; kurgany_tselye,3,14602.0,435600.0,634240.0,298.0,640.0,720.0,49.0,605.0,991.0,1.0,False,True,previews/train_train_000940.jpg,,,
train_train_000941,/Users/Di/Documents/GitHub/My projects/Geodata_Archaeology_CV/datasets/dataset_yolo_bbox/images/train/train_000941.png,/Users/Di/Documents/GitHub/My projects/Geodata_Archaeology_CV/datasets/dataset_yolo_bbox/labels/train/train_000941.txt,train,Ae,kurgany_povrezhdennye; kurgany_tselye,6,4930.0,135747.0,1465689.0,58.0,467.0,1479.0,85.0,331.5,991.0,1.0,False,True,previews/train_train_000941.jpg,,,
train_train_000942,/Users/Di/Documents/GitHub/My projects/Geodata_Archaeology_CV/datasets/dataset_yolo_bbox/images/train/train_000942.png,/Users/Di/Documents/GitHub/My projects/Geodata_Archaeology_CV/datasets/dataset_yolo_bbox/labels/train/train_000942.txt,train,Ae,kurgany_povrezhdennye; kurgany_tselye,7,924.0,145254.0,399056.0,11.0,488.0,816.0,84.0,317.0,784.0,1.0,False,True,previews/train_train_000942.jpg,,,
train_train_000943,/Users/Di/Documents/GitHub/My projects/Geodata_Archaeology_CV/datasets/dataset_yolo_bbox/images/train/train_000943.png,/Users/Di/Documents/GitHub/My projects/Geodata_Archaeology_CV/datasets/dataset_yolo_bbox/labels/train/train_000943.txt,train,Ae,fortifikatsii; kurgany_povrezhdennye; kurgany_tselye,6,85760.0,167386.5,297330.0,305.0,343.5,561.0,268.0,417.5,741.0,1.0,False,True,previews/train_train_000943.jpg,,,
train_train_000944,/Users/Di/Documents/GitHub/My projects/Geodata_Archaeology_CV/datasets/dataset_yolo_bbox/images/train/train_000944.png,/Users/Di/Documents/GitHub/My projects/Geodata_Archaeology_CV/datasets/dataset_yolo_bbox/labels/train/train_000944.txt,train,Ae,fortifikatsii; kurgany_tselye,2,11232.0,1300759.5,2590287.0,52.0,946.5,1841.0,216.0,811.5,1407.0,1.0,False,True,previews/train_train_000944.jpg,,,
train_train_000945,/Users/Di/Documents/GitHub/My projects/Geodata_Archaeology_CV/datasets/dataset_yolo_bbox/images/train/train_000945.png,/Users/Di/Documents/GitHub/My projects/Geodata_Archaeology_CV/datasets/dataset_yolo_bbox/labels/train/train_000945.txt,train,Ae,fortifikatsii; kurgany_povrezhdennye,4,6460.0,72648.0,1930432.0,85.0,255.0,1736.0,76.0,266.0,1112.0,1.0,False,True,previews/train_train_000945.jpg,,,
train_train_000946,/Users/Di/Documents/GitHub/My projects/Geodata_Archaeology_CV/datasets/dataset_yolo_bbox/images/train/train_000946.png,/Users/Di/Documents/GitHub/My projects/Geodata_Archaeology_CV/datasets/dataset_yolo_bbox/labels/train/train_000946.txt,train,Ae,fortifikatsii; kurgany_povrezhdennye,3,6460.0,22200.0,36400.0,85.0,182.0,200.0,76.0,111.0,200.0,1.0,False,True,previews/train_train_000946.jpg,,,
train_train_000947,/Users/Di/Documents/GitHub/My projects/Geodata_Archaeology_CV/datasets/dataset_yolo_bbox/images/train/train_000947.png,/Users/Di/Documents/GitHub/My projects/Geodata_Archaeology_CV/datasets/dataset_yolo_bbox/labels/train/train_000947.txt,train,Ae,,0,,,,,,,,,,1.0,False,False,previews/train_train_000947.jpg,,,
train_train_000948,/Users/Di/Documents/GitHub/My projects/Geodata_Archaeology_CV/datasets/dataset_yolo_bbox/images/train/train_000948.png,/Users/Di/Documents/GitHub/My projects/Geodata_Archaeology_CV/datasets/dataset_yolo_bbox/labels/train/train_000948.txt,train,Ae,kurgany_povrezhdennye,1,43566.0,43566.0,43566.0,318.0,318.0,318.0,137.0,137.0,137.0,1.0,True,True,previews/train_train_000948.jpg,,,
train_train_000949,/Users/Di/Documents/GitHub/My projects/Geodata_Archaeology_CV/datasets/dataset_yolo_bbox/images/train/train_000949.png,/Users/Di/Documents/GitHub/My projects/Geodata_Archaeology_CV/datasets/dataset_yolo_bbox/labels/train/train_000949.txt,train,Ae,kurgany_povrezhdennye,3,45895.0,71628.0,317925.0,188.0,335.0,471.0,137.0,381.0,675.0,1.0,False,True,previews/train_train_000949.jpg,,,
train_train_000950,/Users/Di/Documents/GitHub/My projects/Geodata_Archaeology_CV/datasets/dataset_yolo_bbox/images/train/train_000950.png,/Users/Di/Documents/GitHub/My projects/Geodata_Archaeology_CV/datasets/dataset_yolo_bbox/labels/train/train_000950.txt,train,Ae,kurgany_povrezhdennye; kurgany_tselye,5,10374.0,380010.0,1404064.0,273.0,625.0,986.0,38.0,530.0,1424.0,1.0,False,True,previews/train_train_000950.jpg,,,
train_train_000951,/Users/Di/Documents/GitHub/My projects/Geodata_Archaeology_CV/datasets/dataset_yolo_bbox/images/train/train_000951.png,/Users/Di/Documents/GitHub/My projects/Geodata_Archaeology_CV/datasets/dataset_yolo_bbox/labels/train/train_000951.txt,train,Ae,kurgany_povrezhdennye; kurgany_tselye,4,15624.0,645422.5,1814946.0,62.0,759.5,1376.0,97.0,580.5,1641.0,1.0,False,True,previews/train_train_000951.jpg,,,
train_train_000952,/Users/Di/Documents/GitHub/My projects/Geodata_Archaeology_CV/datasets/dataset_yolo_bbox/images/train/train_000952.png,/Users/Di/Documents/GitHub/My projects/Geodata_Archaeology_CV/datasets/dataset_yolo_bbox/labels/train/train_000952.txt,train,Ae,fortifikatsii; kurgany_povrezhdennye; kurgany_tselye,3,51983.0,269325.0,639400.0,227.0,567.0,695.0,229.0,475.0,920.0,1.0,False,True,previews/train_train_000952.jpg,,,
train_train_000953,/Users/Di/Documents/GitHub/My projects/Geodata_Archaeology_CV/datasets/dataset_yolo_bbox/images/train/train_000953.png,/Users/Di/Documents/GitHub/My projects/Geodata_Archaeology_CV/datasets/dataset_yolo_bbox/labels/train/train_000953.txt,train,Ae,fortifikatsii; kurgany_povrezhdennye,3,24480.0,57624.0,3245683.0,153.0,294.0,1763.0,160.0,196.0,1841.0,1.0,False,True,previews/train_train_000953.jpg,,,
train_train_000954,/Users/Di/Documents/GitHub/My projects/Geodata_Archaeology_CV/datasets/dataset_yolo_bbox/images/train/train_000954.png,/Users/Di/Documents/GitHub/My projects/Geodata_Archaeology_CV/datasets/dataset_yolo_bbox/labels/train/train_000954.txt,train,Ae,fortifikatsii; kurgany_povrezhdennye,4,5208.0,53516.5,787583.0,56.0,218.5,919.0,93.0,229.5,857.0,1.0,False,True,previews/train_train_000954.jpg,,,
train_train_000955,/Users/Di/Documents/GitHub/My projects/Geodata_Archaeology_CV/datasets/dataset_yolo_bbox/images/train/train_000955.png,/Users/Di/Documents/GitHub/My projects/Geodata_Archaeology_CV/datasets/dataset_yolo_bbox/labels/train/train_000955.txt,train,Ae,fortifikatsii; kurgany_povrezhdennye,3,6460.0,7134.0,36400.0,85.0,87.0,182.0,76.0,82.0,200.0,1.0,False,False,previews/train_train_000955.jpg,,,
train_train_000956,/Users/Di/Documents/GitHub/My projects/Geodata_Archaeology_CV/datasets/dataset_yolo_bbox/images/train/train_000956.png,/Users/Di/Documents/GitHub/My projects/Geodata_Archaeology_CV/datasets/dataset_yolo_bbox/labels/train/train_000956.txt,train,Ae,fortifikatsii; kurgany_povrezhdennye; kurgany_tselye,6,4944.0,9489.0,71065.0,48.0,86.0,305.0,76.0,122.0,233.0,1.0,False,False,previews/train_train_000956.jpg,,,
train_train_000957,/Users/Di/Documents/GitHub/My projects/Geodata_Archaeology_CV/datasets/dataset_yolo_bbox/images/train/train_000957.png,/Users/Di/Documents/GitHub/My projects/Geodata_Archaeology_CV/datasets/dataset_yolo_bbox/labels/train/train_000957.txt,train,Ae,,0,,,,,,,,,,1.0,False,False,previews/train_train_000957.jpg,,,
train_train_000958,/Users/Di/Documents/GitHub/My projects/Geodata_Archaeology_CV/datasets/dataset_yolo_bbox/images/train/train_000958.png,/Users/Di/Documents/GitHub/My projects/Geodata_Archaeology_CV/datasets/dataset_yolo_bbox/labels/train/train_000958.txt,train,Ae,,0,,,,,,,,,,1.0,False,False,previews/train_train_000958.jpg,,,
train_train_000959,/Users/Di/Documents/GitHub/My projects/Geodata_Archaeology_CV/datasets/dataset_yolo_bbox/images/train/train_000959.png,/Users/Di/Documents/GitHub/My projects/Geodata_Archaeology_CV/datasets/dataset_yolo_bbox/labels/train/train_000959.txt,train,Ae,kurgany_povrezhdennye,1,204864.0,204864.0,204864.0,388.0,388.0,388.0,528.0,528.0,528.0,1.0,True,True,previews/train_train_000959.jpg,,,
train_train_000960,/Users/Di/Documents/GitHub/My projects/Geodata_Archaeology_CV/datasets/dataset_yolo_bbox/images/train/train_000960.png,/Users/Di/Documents/GitHub/My projects/Geodata_Archaeology_CV/datasets/dataset_yolo_bbox/labels/train/train_000960.txt,train,Ae,kurgany_povrezhdennye,3,135356.0,255552.0,645480.0,484.0,494.0,990.0,274.0,528.0,652.0,1.0,False,True,previews/train_train_000960.jpg,,,
train_train_000961,/Users/Di/Documents/GitHub/My projects/Geodata_Archaeology_CV/datasets/dataset_yolo_bbox/images/train/train_000961.png,/Users/Di/Documents/GitHub/My projects/Geodata_Archaeology_CV/datasets/dataset_yolo_bbox/labels/train/train_000961.txt,train,Ae,kurgany_povrezhdennye; kurgany_tselye,3,124670.0,172598.0,493000.0,422.0,455.0,986.0,274.0,409.0,500.0,1.0,False,True,previews/train_train_000961.jpg,,,
train_train_000962,/Users/Di/Documents/GitHub/My projects/Geodata_Archaeology_CV/datasets/dataset_yolo_bbox/images/train/train_000962.png,/Users/Di/Documents/GitHub/My projects/Geodata_Archaeology_CV/datasets/dataset_yolo_bbox/labels/train/train_000962.txt,train,Ae,kurgany_povrezhdennye; kurgany_tselye,3,946.0,287000.0,2497068.0,11.0,574.0,1468.0,86.0,500.0,1701.0,1.0,False,True,previews/train_train_000962.jpg,,,
train_train_000963,/Users/Di/Documents/GitHub/My projects/Geodata_Archaeology_CV/datasets/dataset_yolo_bbox/images/train/train_000963.png,/Users/Di/Documents/GitHub/My projects/Geodata_Archaeology_CV/datasets/dataset_yolo_bbox/labels/train/train_000963.txt,train,Ae,fortifikatsii; kurgany_povrezhdennye,3,1827.0,753480.0,1028376.0,63.0,690.0,1242.0,29.0,828.0,1092.0,1.0,False,True,previews/train_train_000963.jpg,,,
train_train_000964,/Users/Di/Documents/GitHub/My projects/Geodata_Archaeology_CV/datasets/dataset_yolo_bbox/images/train/train_000964.png,/Users/Di/Documents/GitHub/My projects/Geodata_Archaeology_CV/datasets/dataset_yolo_bbox/labels/train/train_000964.txt,train,Ae,fortifikatsii; kurgany_povrezhdennye; kurgany_tselye,9,725.0,18193.0,777012.0,25.0,140.0,887.0,29.0,113.0,876.0,1.0,False,True,previews/train_train_000964.jpg,,,
train_train_000965,/Users/Di/Documents/GitHub/My projects/Geodata_Archaeology_CV/datasets/dataset_yolo_bbox/images/train/train_000965.png,/Users/Di/Documents/GitHub/My projects/Geodata_Archaeology_CV/datasets/dataset_yolo_bbox/labels/train/train_000965.txt,train,Ae,fortifikatsii; kurgany_povrezhdennye; kurgany_tselye,4,5208.0,15985.0,80352.0,56.0,112.5,288.0,93.0,142.5,279.0,1.0,False,True,previews/train_train_000965.jpg,,,
train_train_000966,/Users/Di/Documents/GitHub/My projects/Geodata_Archaeology_CV/datasets/dataset_yolo_bbox/images/train/train_000966.png,/Users/Di/Documents/GitHub/My projects/Geodata_Archaeology_CV/datasets/dataset_yolo_bbox/labels/train/train_000966.txt,train,Ae,fortifikatsii,1,6432.0,6432.0,6432.0,67.0,67.0,67.0,96.0,96.0,96.0,1.0,False,False,previews/train_train_000966.jpg,,,
train_train_000967,/Users/Di/Documents/GitHub/My projects/Geodata_Archaeology_CV/datasets/dataset_yolo_bbox/images/train/train_000967.png,/Users/Di/Documents/GitHub/My projects/Geodata_Archaeology_CV/datasets/dataset_yolo_bbox/labels/train/train_000967.txt,train,Ae,kurgany_tselye,4,10192.0,14890.0,17931.0,92.0,120.5,139.0,91.0,131.0,136.0,1.0,False,False,previews/train_train_000967.jpg,,,
train_train_000968,/Users/Di/Documents/GitHub/My projects/Geodata_Archaeology_CV/datasets/dataset_yolo_bbox/images/train/train_000968.png,/Users/Di/Documents/GitHub/My projects/Geodata_Archaeology_CV/datasets/dataset_yolo_bbox/labels/train/train_000968.txt,train,Ae,kurgany_tselye,3,9384.0,12103.0,16383.0,69.0,91.0,127.0,129.0,133.0,136.0,1.0,False,True,previews/train_train_000968.jpg,,,
train_train_000969,/Users/Di/Documents/GitHub/My projects/Geodata_Archaeology_CV/datasets/dataset_yolo_bbox/images/train/train_000969.png,/Users/Di/Documents/GitHub/My projects/Geodata_Archaeology_CV/datasets/dataset_yolo_bbox/labels/train/train_000969.txt,train,Ae,kurgany_povrezhdennye,1,60066.0,60066.0,60066.0,94.0,94.0,94.0,639.0,639.0,639.0,1.0,True,True,previews/train_train_000969.jpg,,,
train_train_000970,/Users/Di/Documents/GitHub/My projects/Geodata_Archaeology_CV/datasets/dataset_yolo_bbox/images/train/train_000970.png,/Users/Di/Documents/GitHub/My projects/Geodata_Archaeology_CV/datasets/dataset_yolo_bbox/labels/train/train_000970.txt,train,Ae,kurgany_povrezhdennye; kurgany_tselye,3,144761.0,205692.0,453472.0,281.0,361.0,592.0,401.0,732.0,766.0,1.0,False,False,previews/train_train_000970.jpg,,,
train_train_000971,/Users/Di/Documents/GitHub/My projects/Geodata_Archaeology_CV/datasets/dataset_yolo_bbox/images/train/train_000971.png,/Users/Di/Documents/GitHub/My projects/Geodata_Archaeology_CV/datasets/dataset_yolo_bbox/labels/train/train_000971.txt,train,Ae,kurgany_povrezhdennye,1,348530.0,348530.0,348530.0,455.0,455.0,455.0,766.0,766.0,766.0,1.0,False,True,previews/train_train_000971.jpg,,,
train_train_000972,/Users/Di/Documents/GitHub/My projects/Geodata_Archaeology_CV/datasets/dataset_yolo_bbox/images/train/train_000972.png,/Users/Di/Documents/GitHub/My projects/Geodata_Archaeology_CV/datasets/dataset_yolo_bbox/labels/train/train_000972.txt,train,Ae,kurgany_povrezhdennye,1,95865.0,95865.0,95865.0,581.0,581.0,581.0,165.0,165.0,165.0,1.0,False,True,previews/train_train_000972.jpg,,,
train_train_000973,/Users/Di/Documents/GitHub/My projects/Geodata_Archaeology_CV/datasets/dataset_yolo_bbox/images/train/train_000973.png,/Users/Di/Documents/GitHub/My projects/Geodata_Archaeology_CV/datasets/dataset_yolo_bbox/labels/train/train_000973.txt,train,Ae,fortifikatsii,1,1827.0,1827.0,1827.0,63.0,63.0,63.0,29.0,29.0,29.0,1.0,False,False,previews/train_train_000973.jpg,,,
train_train_000974,/Users/Di/Documents/GitHub/My projects/Geodata_Archaeology_CV/datasets/dataset_yolo_bbox/images/train/train_000974.png,/Users/Di/Documents/GitHub/My projects/Geodata_Archaeology_CV/datasets/dataset_yolo_bbox/labels/train/train_000974.txt,train,Ae,fortifikatsii; kurgany_povrezhdennye; kurgany_tselye,3,5609.0,18688.0,20300.0,79.0,140.0,146.0,71.0,128.0,145.0,1.0,False,False,previews/train_train_000974.jpg,,,
train_train_000975,/Users/Di/Documents/GitHub/My projects/Geodata_Archaeology_CV/datasets/dataset_yolo_bbox/images/train/train_000975.png,/Users/Di/Documents/GitHub/My projects/Geodata_Archaeology_CV/datasets/dataset_yolo_bbox/labels/train/train_000975.txt,train,Ae,kurgany_tselye,1,13630.0,13630.0,13630.0,94.0,94.0,94.0,145.0,145.0,145.0,1.0,False,True,previews/train_train_000975.jpg,,,
train_train_000976,/Users/Di/Documents/GitHub/My projects/Geodata_Archaeology_CV/datasets/dataset_yolo_bbox/images/train/train_000976.png,/Users/Di/Documents/GitHub/My projects/Geodata_Archaeology_CV/datasets/dataset_yolo_bbox/labels/train/train_000976.txt,train,Ae,,0,,,,,,,,,,1.0,False,False,previews/train_train_000976.jpg,,,
train_train_000977,/Users/Di/Documents/GitHub/My projects/Geodata_Archaeology_CV/datasets/dataset_yolo_bbox/images/train/train_000977.png,/Users/Di/Documents/GitHub/My projects/Geodata_Archaeology_CV/datasets/dataset_yolo_bbox/labels/train/train_000977.txt,train,Ae,,0,,,,,,,,,,1.0,False,False,previews/train_train_000977.jpg,,,
train_train_000978,/Users/Di/Documents/GitHub/My projects/Geodata_Archaeology_CV/datasets/dataset_yolo_bbox/images/train/train_000978.png,/Users/Di/Documents/GitHub/My projects/Geodata_Archaeology_CV/datasets/dataset_yolo_bbox/labels/train/train_000978.txt,train,Ae,,0,,,,,,,,,,1.0,True,False,previews/train_train_000978.jpg,,,
train_train_000979,/Users/Di/Documents/GitHub/My projects/Geodata_Archaeology_CV/datasets/dataset_yolo_bbox/images/train/train_000979.png,/Users/Di/Documents/GitHub/My projects/Geodata_Archaeology_CV/datasets/dataset_yolo_bbox/labels/train/train_000979.txt,train,Ae,kurgany_tselye,1,56165.0,56165.0,56165.0,235.0,235.0,235.0,239.0,239.0,239.0,1.0,False,False,previews/train_train_000979.jpg,,,
train_train_000980,/Users/Di/Documents/GitHub/My projects/Geodata_Archaeology_CV/datasets/dataset_yolo_bbox/images/train/train_000980.png,/Users/Di/Documents/GitHub/My projects/Geodata_Archaeology_CV/datasets/dataset_yolo_bbox/labels/train/train_000980.txt,train,Ae,,0,,,,,,,,,,1.0,False,False,previews/train_train_000980.jpg,,,
train_train_000981,/Users/Di/Documents/GitHub/My projects/Geodata_Archaeology_CV/datasets/dataset_yolo_bbox/images/train/train_000981.png,/Users/Di/Documents/GitHub/My projects/Geodata_Archaeology_CV/datasets/dataset_yolo_bbox/labels/train/train_000981.txt,train,Ae,,0,,,,,,,,,,1.0,False,False,previews/train_train_000981.jpg,,,
train_train_000982,/Users/Di/Documents/GitHub/My projects/Geodata_Archaeology_CV/datasets/dataset_yolo_bbox/images/train/train_000982.png,/Users/Di/Documents/GitHub/My projects/Geodata_Archaeology_CV/datasets/dataset_yolo_bbox/labels/train/train_000982.txt,train,SpOr,kurgany_povrezhdennye,21,960.0,4408.0,17480.0,32.0,71.0,142.0,30.0,61.0,152.0,1.0,True,True,previews/train_train_000982.jpg,,,
train_train_000983,/Users/Di/Documents/GitHub/My projects/Geodata_Archaeology_CV/datasets/dataset_yolo_bbox/images/train/train_000983.png,/Users/Di/Documents/GitHub/My projects/Geodata_Archaeology_CV/datasets/dataset_yolo_bbox/labels/train/train_000983.txt,train,SpOr,kurgany_povrezhdennye; kurgany_tselye,18,720.0,3541.0,17480.0,29.0,57.5,140.0,24.0,58.5,152.0,1.0,True,True,previews/train_train_000983.jpg,,,
train_train_000984,/Users/Di/Documents/GitHub/My projects/Geodata_Archaeology_CV/datasets/dataset_yolo_bbox/images/train/train_000984.png,/Users/Di/Documents/GitHub/My projects/Geodata_Archaeology_CV/datasets/dataset_yolo_bbox/labels/train/train_000984.txt,train,Li,kurgany_povrezhdennye,2,2508.0,5574.0,8640.0,44.0,70.0,96.0,57.0,73.5,90.0,0.9794707334580416,True,False,previews/train_train_000984.jpg,,,
val_val_000985,/Users/Di/Documents/GitHub/My projects/Geodata_Archaeology_CV/datasets/dataset_yolo_bbox/images/val/val_000985.png,/Users/Di/Documents/GitHub/My projects/Geodata_Archaeology_CV/datasets/dataset_yolo_bbox/labels/val/val_000985.txt,val,Li,kurgany_povrezhdennye,2,209192.0,652115.5,1095039.0,662.0,945.5,1229.0,316.0,603.5,891.0,0.9974360662453184,True,False,previews/val_val_000985.jpg,,,
val_val_000986,/Users/Di/Documents/GitHub/My projects/Geodata_Archaeology_CV/datasets/dataset_yolo_bbox/images/val/val_000986.png,/Users/Di/Documents/GitHub/My projects/Geodata_Archaeology_CV/datasets/dataset_yolo_bbox/labels/val/val_000986.txt,val,Li,kurgany_povrezhdennye,2,209192.0,652115.5,1095039.0,662.0,945.5,1229.0,316.0,603.5,891.0,0.9980602859706617,True,False,previews/val_val_000986.jpg,,,
train_train_000987,/Users/Di/Documents/GitHub/My projects/Geodata_Archaeology_CV/datasets/dataset_yolo_bbox/images/train/train_000987.png,/Users/Di/Documents/GitHub/My projects/Geodata_Archaeology_CV/datasets/dataset_yolo_bbox/labels/train/train_000987.txt,train,Li,kurgany_povrezhdennye,2,714951.0,956532.0,1198113.0,1017.0,1128.0,1239.0,703.0,835.0,967.0,0.9984582854576644,True,True,previews/train_train_000987.jpg,,,
train_train_000988,/Users/Di/Documents/GitHub/My projects/Geodata_Archaeology_CV/datasets/dataset_yolo_bbox/images/train/train_000988.png,/Users/Di/Documents/GitHub/My projects/Geodata_Archaeology_CV/datasets/dataset_yolo_bbox/labels/train/train_000988.txt,train,Li,kurgany_povrezhdennye,2,297243.0,849276.0,1401309.0,981.0,1110.0,1239.0,303.0,717.0,1131.0,0.946727023724754,True,True,previews/train_train_000988.jpg,,,
val_val_000989,/Users/Di/Documents/GitHub/My projects/Geodata_Archaeology_CV/datasets/dataset_yolo_bbox/images/val/val_000989.png,/Users/Di/Documents/GitHub/My projects/Geodata_Archaeology_CV/datasets/dataset_yolo_bbox/labels/val/val_000989.txt,val,Li,kurgany_povrezhdennye,1,1404.0,1404.0,1404.0,39.0,39.0,39.0,36.0,36.0,36.0,0.9990234375,True,False,previews/val_val_000989.jpg,,,
val_val_000990,/Users/Di/Documents/GitHub/My projects/Geodata_Archaeology_CV/datasets/dataset_yolo_bbox/images/val/val_000990.png,/Users/Di/Documents/GitHub/My projects/Geodata_Archaeology_CV/datasets/dataset_yolo_bbox/labels/val/val_000990.txt,val,Li,kurgany_povrezhdennye,2,7047.0,7172.5,7298.0,81.0,85.0,89.0,82.0,84.5,87.0,0.9980478286743164,True,False,previews/val_val_000990.jpg,,,
val_val_000991,/Users/Di/Documents/GitHub/My projects/Geodata_Archaeology_CV/datasets/dataset_yolo_bbox/images/val/val_000991.png,/Users/Di/Documents/GitHub/My projects/Geodata_Archaeology_CV/datasets/dataset_yolo_bbox/labels/val/val_000991.txt,val,Li,kurgany_povrezhdennye,2,22878.0,34013.5,45149.0,186.0,242.5,299.0,123.0,137.0,151.0,0.9990234375,True,False,previews/val_val_000991.jpg,,,
val_val_000992,/Users/Di/Documents/GitHub/My projects/Geodata_Archaeology_CV/datasets/dataset_yolo_bbox/images/val/val_000992.png,/Users/Di/Documents/GitHub/My projects/Geodata_Archaeology_CV/datasets/dataset_yolo_bbox/labels/val/val_000992.txt,val,Li,kurgany_povrezhdennye,2,1404.0,6975.0,12546.0,39.0,70.5,102.0,36.0,79.5,123.0,1.0,False,True,previews/val_val_000992.jpg,,,
val_val_000993,/Users/Di/Documents/GitHub/My projects/Geodata_Archaeology_CV/datasets/dataset_yolo_bbox/images/val/val_000993.png,/Users/Di/Documents/GitHub/My projects/Geodata_Archaeology_CV/datasets/dataset_yolo_bbox/labels/val/val_000993.txt,val,Li,kurgany_povrezhdennye,2,5103.0,5355.0,5607.0,81.0,85.0,89.0,63.0,63.0,63.0,0.9990234375,True,True,previews/val_val_000993.jpg,,,
val_val_000994,/Users/Di/Documents/GitHub/My projects/Geodata_Archaeology_CV/datasets/dataset_yolo_bbox/images/val/val_000994.png,/Users/Di/Documents/GitHub/My projects/Geodata_Archaeology_CV/datasets/dataset_yolo_bbox/labels/val/val_000994.txt,val,Li,,0,,,,,,,,,,0.9980478286743164,True,False,previews/val_val_000994.jpg,,,
val_val_000995,/Users/Di/Documents/GitHub/My projects/Geodata_Archaeology_CV/datasets/dataset_yolo_bbox/images/val/val_000995.png,/Users/Di/Documents/GitHub/My projects/Geodata_Archaeology_CV/datasets/dataset_yolo_bbox/labels/val/val_000995.txt,val,Li,kurgany_povrezhdennye,2,1591.0,2745.5,3900.0,37.0,51.0,65.0,43.0,51.5,60.0,0.9990234375,True,False,previews/val_val_000995.jpg,,,
val_val_000996,/Users/Di/Documents/GitHub/My projects/Geodata_Archaeology_CV/datasets/dataset_yolo_bbox/images/val/val_000996.png,/Users/Di/Documents/GitHub/My projects/Geodata_Archaeology_CV/datasets/dataset_yolo_bbox/labels/val/val_000996.txt,val,Li,kurgany_povrezhdennye,1,3900.0,3900.0,3900.0,65.0,65.0,65.0,60.0,60.0,60.0,0.9980478286743164,True,False,previews/val_val_000996.jpg,,,
val_val_000997,/Users/Di/Documents/GitHub/My projects/Geodata_Archaeology_CV/datasets/dataset_yolo_bbox/images/val/val_000997.png,/Users/Di/Documents/GitHub/My projects/Geodata_Archaeology_CV/datasets/dataset_yolo_bbox/labels/val/val_000997.txt,val,SpOr,kurgany_povrezhdennye,7,340.0,1225.0,10440.0,20.0,35.0,116.0,17.0,35.0,90.0,0.923512729342418,True,False,previews/val_val_000997.jpg,,,
train_train_000998,/Users/Di/Documents/GitHub/My projects/Geodata_Archaeology_CV/datasets/dataset_yolo_bbox/images/train/train_000998.png,/Users/Di/Documents/GitHub/My projects/Geodata_Archaeology_CV/datasets/dataset_yolo_bbox/labels/train/train_000998.txt,train,Ae,,0,,,,,,,,,,1.0,True,False,previews/train_train_000998.jpg,,,
train_train_000999,/Users/Di/Documents/GitHub/My projects/Geodata_Archaeology_CV/datasets/dataset_yolo_bbox/images/train/train_000999.png,/Users/Di/Documents/GitHub/My projects/Geodata_Archaeology_CV/datasets/dataset_yolo_bbox/labels/train/train_000999.txt,train,Ae,,0,,,,,,,,,,1.0,True,False,previews/train_train_000999.jpg,,,
train_train_001000,/Users/Di/Documents/GitHub/My projects/Geodata_Archaeology_CV/datasets/dataset_yolo_bbox/images/train/train_001000.png,/Users/Di/Documents/GitHub/My projects/Geodata_Archaeology_CV/datasets/dataset_yolo_bbox/labels/train/train_001000.txt,train,Ae,,0,,,,,,,,,,1.0,True,False,previews/train_train_001000.jpg,,,
train_train_001001,/Users/Di/Documents/GitHub/My projects/Geodata_Archaeology_CV/datasets/dataset_yolo_bbox/images/train/train_001001.png,/Users/Di/Documents/GitHub/My projects/Geodata_Archaeology_CV/datasets/dataset_yolo_bbox/labels/train/train_001001.txt,train,Ae,kurgany_tselye,1,2784.0,2784.0,2784.0,58.0,58.0,58.0,48.0,48.0,48.0,1.0,False,False,previews/train_train_001001.jpg,,,
train_train_001002,/Users/Di/Documents/GitHub/My projects/Geodata_Archaeology_CV/datasets/dataset_yolo_bbox/images/train/train_001002.png,/Users/Di/Documents/GitHub/My projects/Geodata_Archaeology_CV/datasets/dataset_yolo_bbox/labels/train/train_001002.txt,train,Ae,,0,,,,,,,,,,1.0,True,False,previews/train_train_001002.jpg,,,
train_train_001003,/Users/Di/Documents/GitHub/My projects/Geodata_Archaeology_CV/datasets/dataset_yolo_bbox/images/train/train_001003.png,/Users/Di/Documents/GitHub/My projects/Geodata_Archaeology_CV/datasets/dataset_yolo_bbox/labels/train/train_001003.txt,train,Ae,kurgany_tselye,1,7920.0,7920.0,7920.0,90.0,90.0,90.0,88.0,88.0,88.0,1.0,False,False,previews/train_train_001003.jpg,,,
train_train_001004,/Users/Di/Documents/GitHub/My projects/Geodata_Archaeology_CV/datasets/dataset_yolo_bbox/images/train/train_001004.png,/Users/Di/Documents/GitHub/My projects/Geodata_Archaeology_CV/datasets/dataset_yolo_bbox/labels/train/train_001004.txt,train,Ae,,0,,,,,,,,,,1.0,True,False,previews/train_train_001004.jpg,,,
train_train_001005,/Users/Di/Documents/GitHub/My projects/Geodata_Archaeology_CV/datasets/dataset_yolo_bbox/images/train/train_001005.png,/Users/Di/Documents/GitHub/My projects/Geodata_Archaeology_CV/datasets/dataset_yolo_bbox/labels/train/train_001005.txt,train,Ae,kurgany_tselye,1,7920.0,7920.0,7920.0,90.0,90.0,90.0,88.0,88.0,88.0,1.0,True,False,previews/train_train_001005.jpg,,,
train_train_001006,/Users/Di/Documents/GitHub/My projects/Geodata_Archaeology_CV/datasets/dataset_yolo_bbox/images/train/train_001006.png,/Users/Di/Documents/GitHub/My projects/Geodata_Archaeology_CV/datasets/dataset_yolo_bbox/labels/train/train_001006.txt,train,Ae,,0,,,,,,,,,,1.0,True,False,previews/train_train_001006.jpg,,,
train_train_001007,/Users/Di/Documents/GitHub/My projects/Geodata_Archaeology_CV/datasets/dataset_yolo_bbox/images/train/train_001007.png,/Users/Di/Documents/GitHub/My projects/Geodata_Archaeology_CV/datasets/dataset_yolo_bbox/labels/train/train_001007.txt,train,Ae,,0,,,,,,,,,,1.0,True,False,previews/train_train_001007.jpg,,,
train_train_001008,/Users/Di/Documents/GitHub/My projects/Geodata_Archaeology_CV/datasets/dataset_yolo_bbox/images/train/train_001008.png,/Users/Di/Documents/GitHub/My projects/Geodata_Archaeology_CV/datasets/dataset_yolo_bbox/labels/train/train_001008.txt,train,Ae,,0,,,,,,,,,,1.0,True,False,previews/train_train_001008.jpg,,,
train_train_001009,/Users/Di/Documents/GitHub/My projects/Geodata_Archaeology_CV/datasets/dataset_yolo_bbox/images/train/train_001009.png,/Users/Di/Documents/GitHub/My projects/Geodata_Archaeology_CV/datasets/dataset_yolo_bbox/labels/train/train_001009.txt,train,Ae,,0,,,,,,,,,,1.0,True,False,previews/train_train_001009.jpg,,,
train_train_001010,/Users/Di/Documents/GitHub/My projects/Geodata_Archaeology_CV/datasets/dataset_yolo_bbox/images/train/train_001010.png,/Users/Di/Documents/GitHub/My projects/Geodata_Archaeology_CV/datasets/dataset_yolo_bbox/labels/train/train_001010.txt,train,Ae,,0,,,,,,,,,,1.0,False,False,previews/train_train_001010.jpg,,,
train_train_001011,/Users/Di/Documents/GitHub/My projects/Geodata_Archaeology_CV/datasets/dataset_yolo_bbox/images/train/train_001011.png,/Users/Di/Documents/GitHub/My projects/Geodata_Archaeology_CV/datasets/dataset_yolo_bbox/labels/train/train_001011.txt,train,Ae,,0,,,,,,,,,,1.0,False,False,previews/train_train_001011.jpg,,,
train_train_001012,/Users/Di/Documents/GitHub/My projects/Geodata_Archaeology_CV/datasets/dataset_yolo_bbox/images/train/train_001012.png,/Users/Di/Documents/GitHub/My projects/Geodata_Archaeology_CV/datasets/dataset_yolo_bbox/labels/train/train_001012.txt,train,Ae,,0,,,,,,,,,,1.0,False,False,previews/train_train_001012.jpg,,,
train_train_001013,/Users/Di/Documents/GitHub/My projects/Geodata_Archaeology_CV/datasets/dataset_yolo_bbox/images/train/train_001013.png,/Users/Di/Documents/GitHub/My projects/Geodata_Archaeology_CV/datasets/dataset_yolo_bbox/labels/train/train_001013.txt,train,Ae,,0,,,,,,,,,,1.0,False,False,previews/train_train_001013.jpg,,,
train_train_001014,/Users/Di/Documents/GitHub/My projects/Geodata_Archaeology_CV/datasets/dataset_yolo_bbox/images/train/train_001014.png,/Users/Di/Documents/GitHub/My projects/Geodata_Archaeology_CV/datasets/dataset_yolo_bbox/labels/train/train_001014.txt,train,Ae,,0,,,,,,,,,,1.0,False,False,previews/train_train_001014.jpg,,,
train_train_001015,/Users/Di/Documents/GitHub/My projects/Geodata_Archaeology_CV/datasets/dataset_yolo_bbox/images/train/train_001015.png,/Users/Di/Documents/GitHub/My projects/Geodata_Archaeology_CV/datasets/dataset_yolo_bbox/labels/train/train_001015.txt,train,Ae,,0,,,,,,,,,,1.0,False,False,previews/train_train_001015.jpg,,,
train_train_001016,/Users/Di/Documents/GitHub/My projects/Geodata_Archaeology_CV/datasets/dataset_yolo_bbox/images/train/train_001016.png,/Users/Di/Documents/GitHub/My projects/Geodata_Archaeology_CV/datasets/dataset_yolo_bbox/labels/train/train_001016.txt,train,Ae,,0,,,,,,,,,,1.0,False,False,previews/train_train_001016.jpg,,,
train_train_001017,/Users/Di/Documents/GitHub/My projects/Geodata_Archaeology_CV/datasets/dataset_yolo_bbox/images/train/train_001017.png,/Users/Di/Documents/GitHub/My projects/Geodata_Archaeology_CV/datasets/dataset_yolo_bbox/labels/train/train_001017.txt,train,Ae,,0,,,,,,,,,,1.0,False,False,previews/train_train_001017.jpg,,,
train_train_001018,/Users/Di/Documents/GitHub/My projects/Geodata_Archaeology_CV/datasets/dataset_yolo_bbox/images/train/train_001018.png,/Users/Di/Documents/GitHub/My projects/Geodata_Archaeology_CV/datasets/dataset_yolo_bbox/labels/train/train_001018.txt,train,Ae,kurgany_povrezhdennye,1,16060.0,16060.0,16060.0,146.0,146.0,146.0,110.0,110.0,110.0,1.0,False,True,previews/train_train_001018.jpg,,,
train_train_001019,/Users/Di/Documents/GitHub/My projects/Geodata_Archaeology_CV/datasets/dataset_yolo_bbox/images/train/train_001019.png,/Users/Di/Documents/GitHub/My projects/Geodata_Archaeology_CV/datasets/dataset_yolo_bbox/labels/train/train_001019.txt,train,Ae,kurgany_povrezhdennye,1,22990.0,22990.0,22990.0,209.0,209.0,209.0,110.0,110.0,110.0,1.0,False,True,previews/train_train_001019.jpg,,,
train_train_001020,/Users/Di/Documents/GitHub/My projects/Geodata_Archaeology_CV/datasets/dataset_yolo_bbox/images/train/train_001020.png,/Users/Di/Documents/GitHub/My projects/Geodata_Archaeology_CV/datasets/dataset_yolo_bbox/labels/train/train_001020.txt,train,Ae,,0,,,,,,,,,,1.0,False,False,previews/train_train_001020.jpg,,,
train_train_001021,/Users/Di/Documents/GitHub/My projects/Geodata_Archaeology_CV/datasets/dataset_yolo_bbox/images/train/train_001021.png,/Users/Di/Documents/GitHub/My projects/Geodata_Archaeology_CV/datasets/dataset_yolo_bbox/labels/train/train_001021.txt,train,Ae,,0,,,,,,,,,,1.0,False,False,previews/train_train_001021.jpg,,,
train_train_001022,/Users/Di/Documents/GitHub/My projects/Geodata_Archaeology_CV/datasets/dataset_yolo_bbox/images/train/train_001022.png,/Users/Di/Documents/GitHub/My projects/Geodata_Archaeology_CV/datasets/dataset_yolo_bbox/labels/train/train_001022.txt,train,Ae,,0,,,,,,,,,,1.0,False,False,previews/train_train_001022.jpg,,,
train_train_001023,/Users/Di/Documents/GitHub/My projects/Geodata_Archaeology_CV/datasets/dataset_yolo_bbox/images/train/train_001023.png,/Users/Di/Documents/GitHub/My projects/Geodata_Archaeology_CV/datasets/dataset_yolo_bbox/labels/train/train_001023.txt,train,Ae,kurgany_povrezhdennye,1,38664.0,38664.0,38664.0,179.0,179.0,179.0,216.0,216.0,216.0,1.0,False,True,previews/train_train_001023.jpg,,,
train_train_001024,/Users/Di/Documents/GitHub/My projects/Geodata_Archaeology_CV/datasets/dataset_yolo_bbox/images/train/train_001024.png,/Users/Di/Documents/GitHub/My projects/Geodata_Archaeology_CV/datasets/dataset_yolo_bbox/labels/train/train_001024.txt,train,Ae,kurgany_povrezhdennye,1,52272.0,52272.0,52272.0,242.0,242.0,242.0,216.0,216.0,216.0,1.0,False,False,previews/train_train_001024.jpg,,,
train_train_001025,/Users/Di/Documents/GitHub/My projects/Geodata_Archaeology_CV/datasets/dataset_yolo_bbox/images/train/train_001025.png,/Users/Di/Documents/GitHub/My projects/Geodata_Archaeology_CV/datasets/dataset_yolo_bbox/labels/train/train_001025.txt,train,Ae,,0,,,,,,,,,,1.0,False,False,previews/train_train_001025.jpg,,,
train_train_001026,/Users/Di/Documents/GitHub/My projects/Geodata_Archaeology_CV/datasets/dataset_yolo_bbox/images/train/train_001026.png,/Users/Di/Documents/GitHub/My projects/Geodata_Archaeology_CV/datasets/dataset_yolo_bbox/labels/train/train_001026.txt,train,Ae,,0,,,,,,,,,,1.0,False,False,previews/train_train_001026.jpg,,,
train_train_001027,/Users/Di/Documents/GitHub/My projects/Geodata_Archaeology_CV/datasets/dataset_yolo_bbox/images/train/train_001027.png,/Users/Di/Documents/GitHub/My projects/Geodata_Archaeology_CV/datasets/dataset_yolo_bbox/labels/train/train_001027.txt,train,Ae,,0,,,,,,,,,,1.0,True,False,previews/train_train_001027.jpg,,,
train_train_001028,/Users/Di/Documents/GitHub/My projects/Geodata_Archaeology_CV/datasets/dataset_yolo_bbox/images/train/train_001028.png,/Users/Di/Documents/GitHub/My projects/Geodata_Archaeology_CV/datasets/dataset_yolo_bbox/labels/train/train_001028.txt,train,Ae,,0,,,,,,,,,,1.0,False,False,previews/train_train_001028.jpg,,,
train_train_001029,/Users/Di/Documents/GitHub/My projects/Geodata_Archaeology_CV/datasets/dataset_yolo_bbox/images/train/train_001029.png,/Users/Di/Documents/GitHub/My projects/Geodata_Archaeology_CV/datasets/dataset_yolo_bbox/labels/train/train_001029.txt,train,Ae,kurgany_povrezhdennye; kurgany_tselye,2,11325.0,18658.5,25992.0,75.0,123.0,171.0,151.0,151.5,152.0,1.0,False,True,previews/train_train_001029.jpg,,,
train_train_001030,/Users/Di/Documents/GitHub/My projects/Geodata_Archaeology_CV/datasets/dataset_yolo_bbox/images/train/train_001030.png,/Users/Di/Documents/GitHub/My projects/Geodata_Archaeology_CV/datasets/dataset_yolo_bbox/labels/train/train_001030.txt,train,Ae,kurgany_povrezhdennye; kurgany_tselye,3,7888.0,15704.0,25992.0,104.0,136.0,171.0,58.0,151.0,152.0,1.0,False,True,previews/train_train_001030.jpg,,,
train_train_001031,/Users/Di/Documents/GitHub/My projects/Geodata_Archaeology_CV/datasets/dataset_yolo_bbox/images/train/train_001031.png,/Users/Di/Documents/GitHub/My projects/Geodata_Archaeology_CV/datasets/dataset_yolo_bbox/labels/train/train_001031.txt,train,Ae,kurgany_tselye,1,10324.0,10324.0,10324.0,178.0,178.0,178.0,58.0,58.0,58.0,1.0,False,True,previews/train_train_001031.jpg,,,
train_train_001032,/Users/Di/Documents/GitHub/My projects/Geodata_Archaeology_CV/datasets/dataset_yolo_bbox/images/train/train_001032.png,/Users/Di/Documents/GitHub/My projects/Geodata_Archaeology_CV/datasets/dataset_yolo_bbox/labels/train/train_001032.txt,train,Ae,,0,,,,,,,,,,1.0,False,False,previews/train_train_001032.jpg,,,
train_train_001033,/Users/Di/Documents/GitHub/My projects/Geodata_Archaeology_CV/datasets/dataset_yolo_bbox/images/train/train_001033.png,/Users/Di/Documents/GitHub/My projects/Geodata_Archaeology_CV/datasets/dataset_yolo_bbox/labels/train/train_001033.txt,train,Ae,,0,,,,,,,,,,1.0,False,False,previews/train_train_001033.jpg,,,
train_train_001034,/Users/Di/Documents/GitHub/My projects/Geodata_Archaeology_CV/datasets/dataset_yolo_bbox/images/train/train_001034.png,/Users/Di/Documents/GitHub/My projects/Geodata_Archaeology_CV/datasets/dataset_yolo_bbox/labels/train/train_001034.txt,train,Ae,,0,,,,,,,,,,1.0,False,False,previews/train_train_001034.jpg,,,
train_train_001035,/Users/Di/Documents/GitHub/My projects/Geodata_Archaeology_CV/datasets/dataset_yolo_bbox/images/train/train_001035.png,/Users/Di/Documents/GitHub/My projects/Geodata_Archaeology_CV/datasets/dataset_yolo_bbox/labels/train/train_001035.txt,train,Ae,,0,,,,,,,,,,1.0,False,False,previews/train_train_001035.jpg,,,
train_train_001036,/Users/Di/Documents/GitHub/My projects/Geodata_Archaeology_CV/datasets/dataset_yolo_bbox/images/train/train_001036.png,/Users/Di/Documents/GitHub/My projects/Geodata_Archaeology_CV/datasets/dataset_yolo_bbox/labels/train/train_001036.txt,train,Ae,,0,,,,,,,,,,1.0,False,False,previews/train_train_001036.jpg,,,
train_train_001037,/Users/Di/Documents/GitHub/My projects/Geodata_Archaeology_CV/datasets/dataset_yolo_bbox/images/train/train_001037.png,/Users/Di/Documents/GitHub/My projects/Geodata_Archaeology_CV/datasets/dataset_yolo_bbox/labels/train/train_001037.txt,train,Ae,kurgany_tselye,1,5475.0,5475.0,5475.0,75.0,75.0,75.0,73.0,73.0,73.0,1.0,False,True,previews/train_train_001037.jpg,,,
train_train_001038,/Users/Di/Documents/GitHub/My projects/Geodata_Archaeology_CV/datasets/dataset_yolo_bbox/images/train/train_001038.png,/Users/Di/Documents/GitHub/My projects/Geodata_Archaeology_CV/datasets/dataset_yolo_bbox/labels/train/train_001038.txt,train,Ae,kurgany_tselye,2,7519.0,17320.5,27122.0,103.0,122.5,142.0,73.0,132.0,191.0,1.0,False,True,previews/train_train_001038.jpg,,,
train_train_001039,/Users/Di/Documents/GitHub/My projects/Geodata_Archaeology_CV/datasets/dataset_yolo_bbox/images/train/train_001039.png,/Users/Di/Documents/GitHub/My projects/Geodata_Archaeology_CV/datasets/dataset_yolo_bbox/labels/train/train_001039.txt,train,Ae,kurgany_tselye,1,38021.0,38021.0,38021.0,197.0,197.0,197.0,193.0,193.0,193.0,1.0,False,False,previews/train_train_001039.jpg,,,
train_train_001040,/Users/Di/Documents/GitHub/My projects/Geodata_Archaeology_CV/datasets/dataset_yolo_bbox/images/train/train_001040.png,/Users/Di/Documents/GitHub/My projects/Geodata_Archaeology_CV/datasets/dataset_yolo_bbox/labels/train/train_001040.txt,train,Ae,kurgany_tselye,1,25620.0,25620.0,25620.0,183.0,183.0,183.0,140.0,140.0,140.0,1.0,False,False,previews/train_train_001040.jpg,,,
train_train_001041,/Users/Di/Documents/GitHub/My projects/Geodata_Archaeology_CV/datasets/dataset_yolo_bbox/images/train/train_001041.png,/Users/Di/Documents/GitHub/My projects/Geodata_Archaeology_CV/datasets/dataset_yolo_bbox/labels/train/train_001041.txt,train,Ae,kurgany_tselye,1,25620.0,25620.0,25620.0,183.0,183.0,183.0,140.0,140.0,140.0,1.0,False,False,previews/train_train_001041.jpg,,,
train_train_001042,/Users/Di/Documents/GitHub/My projects/Geodata_Archaeology_CV/datasets/dataset_yolo_bbox/images/train/train_001042.png,/Users/Di/Documents/GitHub/My projects/Geodata_Archaeology_CV/datasets/dataset_yolo_bbox/labels/train/train_001042.txt,train,Ae,,0,,,,,,,,,,1.0,False,False,previews/train_train_001042.jpg,,,
train_train_001043,/Users/Di/Documents/GitHub/My projects/Geodata_Archaeology_CV/datasets/dataset_yolo_bbox/images/train/train_001043.png,/Users/Di/Documents/GitHub/My projects/Geodata_Archaeology_CV/datasets/dataset_yolo_bbox/labels/train/train_001043.txt,train,Ae,,0,,,,,,,,,,1.0,False,False,previews/train_train_001043.jpg,,,
train_train_001044,/Users/Di/Documents/GitHub/My projects/Geodata_Archaeology_CV/datasets/dataset_yolo_bbox/images/train/train_001044.png,/Users/Di/Documents/GitHub/My projects/Geodata_Archaeology_CV/datasets/dataset_yolo_bbox/labels/train/train_001044.txt,train,Ae,,0,,,,,,,,,,1.0,False,False,previews/train_train_001044.jpg,,,
train_train_001045,/Users/Di/Documents/GitHub/My projects/Geodata_Archaeology_CV/datasets/dataset_yolo_bbox/images/train/train_001045.png,/Users/Di/Documents/GitHub/My projects/Geodata_Archaeology_CV/datasets/dataset_yolo_bbox/labels/train/train_001045.txt,train,Ae,,0,,,,,,,,,,1.0,True,False,previews/train_train_001045.jpg,,,
train_train_001046,/Users/Di/Documents/GitHub/My projects/Geodata_Archaeology_CV/datasets/dataset_yolo_bbox/images/train/train_001046.png,/Users/Di/Documents/GitHub/My projects/Geodata_Archaeology_CV/datasets/dataset_yolo_bbox/labels/train/train_001046.txt,train,Ae,,0,,,,,,,,,,1.0,False,False,previews/train_train_001046.jpg,,,
train_train_001047,/Users/Di/Documents/GitHub/My projects/Geodata_Archaeology_CV/datasets/dataset_yolo_bbox/images/train/train_001047.png,/Users/Di/Documents/GitHub/My projects/Geodata_Archaeology_CV/datasets/dataset_yolo_bbox/labels/train/train_001047.txt,train,Ae,,0,,,,,,,,,,1.0,False,False,previews/train_train_001047.jpg,,,
train_train_001048,/Users/Di/Documents/GitHub/My projects/Geodata_Archaeology_CV/datasets/dataset_yolo_bbox/images/train/train_001048.png,/Users/Di/Documents/GitHub/My projects/Geodata_Archaeology_CV/datasets/dataset_yolo_bbox/labels/train/train_001048.txt,train,Ae,,0,,,,,,,,,,1.0,False,False,previews/train_train_001048.jpg,,,
train_train_001049,/Users/Di/Documents/GitHub/My projects/Geodata_Archaeology_CV/datasets/dataset_yolo_bbox/images/train/train_001049.png,/Users/Di/Documents/GitHub/My projects/Geodata_Archaeology_CV/datasets/dataset_yolo_bbox/labels/train/train_001049.txt,train,Ae,,0,,,,,,,,,,1.0,False,False,previews/train_train_001049.jpg,,,
train_train_001050,/Users/Di/Documents/GitHub/My projects/Geodata_Archaeology_CV/datasets/dataset_yolo_bbox/images/train/train_001050.png,/Users/Di/Documents/GitHub/My projects/Geodata_Archaeology_CV/datasets/dataset_yolo_bbox/labels/train/train_001050.txt,train,Ae,,0,,,,,,,,,,1.0,False,False,previews/train_train_001050.jpg,,,
train_train_001051,/Users/Di/Documents/GitHub/My projects/Geodata_Archaeology_CV/datasets/dataset_yolo_bbox/images/train/train_001051.png,/Users/Di/Documents/GitHub/My projects/Geodata_Archaeology_CV/datasets/dataset_yolo_bbox/labels/train/train_001051.txt,train,Ae,,0,,,,,,,,,,1.0,False,False,previews/train_train_001051.jpg,,,
train_train_001052,/Users/Di/Documents/GitHub/My projects/Geodata_Archaeology_CV/datasets/dataset_yolo_bbox/images/train/train_001052.png,/Users/Di/Documents/GitHub/My projects/Geodata_Archaeology_CV/datasets/dataset_yolo_bbox/labels/train/train_001052.txt,train,Ae,kurgany_povrezhdennye,1,8769.0,8769.0,8769.0,111.0,111.0,111.0,79.0,79.0,79.0,1.0,False,True,previews/train_train_001052.jpg,,,
train_train_001053,/Users/Di/Documents/GitHub/My projects/Geodata_Archaeology_CV/datasets/dataset_yolo_bbox/images/train/train_001053.png,/Users/Di/Documents/GitHub/My projects/Geodata_Archaeology_CV/datasets/dataset_yolo_bbox/labels/train/train_001053.txt,train,Ae,kurgany_povrezhdennye,1,31310.0,31310.0,31310.0,310.0,310.0,310.0,101.0,101.0,101.0,1.0,False,True,previews/train_train_001053.jpg,,,
train_train_001054,/Users/Di/Documents/GitHub/My projects/Geodata_Archaeology_CV/datasets/dataset_yolo_bbox/images/train/train_001054.png,/Users/Di/Documents/GitHub/My projects/Geodata_Archaeology_CV/datasets/dataset_yolo_bbox/labels/train/train_001054.txt,train,Ae,,0,,,,,,,,,,1.0,False,False,previews/train_train_001054.jpg,,,
train_train_001055,/Users/Di/Documents/GitHub/My projects/Geodata_Archaeology_CV/datasets/dataset_yolo_bbox/images/train/train_001055.png,/Users/Di/Documents/GitHub/My projects/Geodata_Archaeology_CV/datasets/dataset_yolo_bbox/labels/train/train_001055.txt,train,Ae,kurgany_povrezhdennye,1,3072.0,3072.0,3072.0,32.0,32.0,32.0,96.0,96.0,96.0,1.0,False,True,previews/train_train_001055.jpg,,,
train_train_001056,/Users/Di/Documents/GitHub/My projects/Geodata_Archaeology_CV/datasets/dataset_yolo_bbox/images/train/train_001056.png,/Users/Di/Documents/GitHub/My projects/Geodata_Archaeology_CV/datasets/dataset_yolo_bbox/labels/train/train_001056.txt,train,Ae,kurgany_povrezhdennye,1,33274.0,33274.0,33274.0,254.0,254.0,254.0,131.0,131.0,131.0,1.0,False,False,previews/train_train_001056.jpg,,,
train_train_001057,/Users/Di/Documents/GitHub/My projects/Geodata_Archaeology_CV/datasets/dataset_yolo_bbox/images/train/train_001057.png,/Users/Di/Documents/GitHub/My projects/Geodata_Archaeology_CV/datasets/dataset_yolo_bbox/labels/train/train_001057.txt,train,Ae,,0,,,,,,,,,,1.0,False,False,previews/train_train_001057.jpg,,,
train_train_001058,/Users/Di/Documents/GitHub/My projects/Geodata_Archaeology_CV/datasets/dataset_yolo_bbox/images/train/train_001058.png,/Users/Di/Documents/GitHub/My projects/Geodata_Archaeology_CV/datasets/dataset_yolo_bbox/labels/train/train_001058.txt,train,Ae,,0,,,,,,,,,,1.0,False,False,previews/train_train_001058.jpg,,,
train_train_001059,/Users/Di/Documents/GitHub/My projects/Geodata_Archaeology_CV/datasets/dataset_yolo_bbox/images/train/train_001059.png,/Users/Di/Documents/GitHub/My projects/Geodata_Archaeology_CV/datasets/dataset_yolo_bbox/labels/train/train_001059.txt,train,Ae,,0,,,,,,,,,,1.0,False,False,previews/train_train_001059.jpg,,,
train_train_001060,/Users/Di/Documents/GitHub/My projects/Geodata_Archaeology_CV/datasets/dataset_yolo_bbox/images/train/train_001060.png,/Users/Di/Documents/GitHub/My projects/Geodata_Archaeology_CV/datasets/dataset_yolo_bbox/labels/train/train_001060.txt,train,Ae,,0,,,,,,,,,,1.0,True,False,previews/train_train_001060.jpg,,,
train_train_001061,/Users/Di/Documents/GitHub/My projects/Geodata_Archaeology_CV/datasets/dataset_yolo_bbox/images/train/train_001061.png,/Users/Di/Documents/GitHub/My projects/Geodata_Archaeology_CV/datasets/dataset_yolo_bbox/labels/train/train_001061.txt,train,Ae,,0,,,,,,,,,,1.0,True,False,previews/train_train_001061.jpg,,,
train_train_001062,/Users/Di/Documents/GitHub/My projects/Geodata_Archaeology_CV/datasets/dataset_yolo_bbox/images/train/train_001062.png,/Users/Di/Documents/GitHub/My projects/Geodata_Archaeology_CV/datasets/dataset_yolo_bbox/labels/train/train_001062.txt,train,Ae,kurgany_povrezhdennye,1,20091.0,20091.0,20091.0,111.0,111.0,111.0,181.0,181.0,181.0,1.0,False,True,previews/train_train_001062.jpg,,,
train_train_001063,/Users/Di/Documents/GitHub/My projects/Geodata_Archaeology_CV/datasets/dataset_yolo_bbox/images/train/train_001063.png,/Users/Di/Documents/GitHub/My projects/Geodata_Archaeology_CV/datasets/dataset_yolo_bbox/labels/train/train_001063.txt,train,Ae,kurgany_povrezhdennye,3,11844.0,32683.0,80290.0,141.0,203.0,310.0,84.0,161.0,259.0,1.0,False,True,previews/train_train_001063.jpg,,,
train_train_001064,/Users/Di/Documents/GitHub/My projects/Geodata_Archaeology_CV/datasets/dataset_yolo_bbox/images/train/train_001064.png,/Users/Di/Documents/GitHub/My projects/Geodata_Archaeology_CV/datasets/dataset_yolo_bbox/labels/train/train_001064.txt,train,Ae,kurgany_povrezhdennye,1,6636.0,6636.0,6636.0,42.0,42.0,42.0,158.0,158.0,158.0,1.0,False,True,previews/train_train_001064.jpg,,,
train_train_001065,/Users/Di/Documents/GitHub/My projects/Geodata_Archaeology_CV/datasets/dataset_yolo_bbox/images/train/train_001065.png,/Users/Di/Documents/GitHub/My projects/Geodata_Archaeology_CV/datasets/dataset_yolo_bbox/labels/train/train_001065.txt,train,Ae,kurgany_povrezhdennye,1,35465.0,35465.0,35465.0,205.0,205.0,205.0,173.0,173.0,173.0,1.0,False,True,previews/train_train_001065.jpg,,,
train_train_001066,/Users/Di/Documents/GitHub/My projects/Geodata_Archaeology_CV/datasets/dataset_yolo_bbox/images/train/train_001066.png,/Users/Di/Documents/GitHub/My projects/Geodata_Archaeology_CV/datasets/dataset_yolo_bbox/labels/train/train_001066.txt,train,Ae,,0,,,,,,,,,,1.0,False,False,previews/train_train_001066.jpg,,,
train_train_001067,/Users/Di/Documents/GitHub/My projects/Geodata_Archaeology_CV/datasets/dataset_yolo_bbox/images/train/train_001067.png,/Users/Di/Documents/GitHub/My projects/Geodata_Archaeology_CV/datasets/dataset_yolo_bbox/labels/train/train_001067.txt,train,Ae,,0,,,,,,,,,,1.0,False,False,previews/train_train_001067.jpg,,,
train_train_001068,/Users/Di/Documents/GitHub/My projects/Geodata_Archaeology_CV/datasets/dataset_yolo_bbox/images/train/train_001068.png,/Users/Di/Documents/GitHub/My projects/Geodata_Archaeology_CV/datasets/dataset_yolo_bbox/labels/train/train_001068.txt,train,Ae,,0,,,,,,,,,,1.0,False,False,previews/train_train_001068.jpg,,,
train_train_001069,/Users/Di/Documents/GitHub/My projects/Geodata_Archaeology_CV/datasets/dataset_yolo_bbox/images/train/train_001069.png,/Users/Di/Documents/GitHub/My projects/Geodata_Archaeology_CV/datasets/dataset_yolo_bbox/labels/train/train_001069.txt,train,Ae,,0,,,,,,,,,,1.0,False,False,previews/train_train_001069.jpg,,,
train_train_001070,/Users/Di/Documents/GitHub/My projects/Geodata_Archaeology_CV/datasets/dataset_yolo_bbox/images/train/train_001070.png,/Users/Di/Documents/GitHub/My projects/Geodata_Archaeology_CV/datasets/dataset_yolo_bbox/labels/train/train_001070.txt,train,Ae,,0,,,,,,,,,,1.0,False,False,previews/train_train_001070.jpg,,,
train_train_001071,/Users/Di/Documents/GitHub/My projects/Geodata_Archaeology_CV/datasets/dataset_yolo_bbox/images/train/train_001071.png,/Users/Di/Documents/GitHub/My projects/Geodata_Archaeology_CV/datasets/dataset_yolo_bbox/labels/train/train_001071.txt,train,Ae,kurgany_povrezhdennye,1,28036.0,28036.0,28036.0,172.0,172.0,172.0,163.0,163.0,163.0,1.0,False,False,previews/train_train_001071.jpg,,,
train_train_001072,/Users/Di/Documents/GitHub/My projects/Geodata_Archaeology_CV/datasets/dataset_yolo_bbox/images/train/train_001072.png,/Users/Di/Documents/GitHub/My projects/Geodata_Archaeology_CV/datasets/dataset_yolo_bbox/labels/train/train_001072.txt,train,Ae,kurgany_povrezhdennye,5,742.0,37961.0,53966.0,14.0,178.0,223.0,53.0,187.0,242.0,1.0,False,True,previews/train_train_001072.jpg,,,
train_train_001073,/Users/Di/Documents/GitHub/My projects/Geodata_Archaeology_CV/datasets/dataset_yolo_bbox/images/train/train_001073.png,/Users/Di/Documents/GitHub/My projects/Geodata_Archaeology_CV/datasets/dataset_yolo_bbox/labels/train/train_001073.txt,train,Ae,kurgany_povrezhdennye,2,7224.0,9219.0,11214.0,42.0,84.0,126.0,89.0,130.5,172.0,1.0,False,True,previews/train_train_001073.jpg,,,
train_train_001074,/Users/Di/Documents/GitHub/My projects/Geodata_Archaeology_CV/datasets/dataset_yolo_bbox/images/train/train_001074.png,/Users/Di/Documents/GitHub/My projects/Geodata_Archaeology_CV/datasets/dataset_yolo_bbox/labels/train/train_001074.txt,train,Ae,kurgany_povrezhdennye,1,39565.0,39565.0,39565.0,205.0,205.0,205.0,193.0,193.0,193.0,1.0,False,False,previews/train_train_001074.jpg,,,
train_train_001075,/Users/Di/Documents/GitHub/My projects/Geodata_Archaeology_CV/datasets/dataset_yolo_bbox/images/train/train_001075.png,/Users/Di/Documents/GitHub/My projects/Geodata_Archaeology_CV/datasets/dataset_yolo_bbox/labels/train/train_001075.txt,train,Ae,,0,,,,,,,,,,1.0,False,False,previews/train_train_001075.jpg,,,
train_train_001076,/Users/Di/Documents/GitHub/My projects/Geodata_Archaeology_CV/datasets/dataset_yolo_bbox/images/train/train_001076.png,/Users/Di/Documents/GitHub/My projects/Geodata_Archaeology_CV/datasets/dataset_yolo_bbox/labels/train/train_001076.txt,train,Ae,,0,,,,,,,,,,1.0,False,False,previews/train_train_001076.jpg,,,
train_train_001077,/Users/Di/Documents/GitHub/My projects/Geodata_Archaeology_CV/datasets/dataset_yolo_bbox/images/train/train_001077.png,/Users/Di/Documents/GitHub/My projects/Geodata_Archaeology_CV/datasets/dataset_yolo_bbox/labels/train/train_001077.txt,train,Ae,,0,,,,,,,,,,1.0,False,False,previews/train_train_001077.jpg,,,
train_train_001078,/Users/Di/Documents/GitHub/My projects/Geodata_Archaeology_CV/datasets/dataset_yolo_bbox/images/train/train_001078.png,/Users/Di/Documents/GitHub/My projects/Geodata_Archaeology_CV/datasets/dataset_yolo_bbox/labels/train/train_001078.txt,train,Ae,,0,,,,,,,,,,1.0,False,False,previews/train_train_001078.jpg,,,
train_train_001079,/Users/Di/Documents/GitHub/My projects/Geodata_Archaeology_CV/datasets/dataset_yolo_bbox/images/train/train_001079.png,/Users/Di/Documents/GitHub/My projects/Geodata_Archaeology_CV/datasets/dataset_yolo_bbox/labels/train/train_001079.txt,train,Ae,,0,,,,,,,,,,1.0,False,False,previews/train_train_001079.jpg,,,
train_train_001080,/Users/Di/Documents/GitHub/My projects/Geodata_Archaeology_CV/datasets/dataset_yolo_bbox/images/train/train_001080.png,/Users/Di/Documents/GitHub/My projects/Geodata_Archaeology_CV/datasets/dataset_yolo_bbox/labels/train/train_001080.txt,train,Ae,kurgany_povrezhdennye,1,18760.0,18760.0,18760.0,140.0,140.0,140.0,134.0,134.0,134.0,1.0,False,False,previews/train_train_001080.jpg,,,
train_train_001081,/Users/Di/Documents/GitHub/My projects/Geodata_Archaeology_CV/datasets/dataset_yolo_bbox/images/train/train_001081.png,/Users/Di/Documents/GitHub/My projects/Geodata_Archaeology_CV/datasets/dataset_yolo_bbox/labels/train/train_001081.txt,train,Ae,kurgany_povrezhdennye,1,1036.0,1036.0,1036.0,14.0,14.0,14.0,74.0,74.0,74.0,1.0,False,True,previews/train_train_001081.jpg,,,
train_train_001082,/Users/Di/Documents/GitHub/My projects/Geodata_Archaeology_CV/datasets/dataset_yolo_bbox/images/train/train_001082.png,/Users/Di/Documents/GitHub/My projects/Geodata_Archaeology_CV/datasets/dataset_yolo_bbox/labels/train/train_001082.txt,train,Ae,kurgany_povrezhdennye,1,17388.0,17388.0,17388.0,126.0,126.0,126.0,138.0,138.0,138.0,1.0,False,False,previews/train_train_001082.jpg,,,
train_train_001083,/Users/Di/Documents/GitHub/My projects/Geodata_Archaeology_CV/datasets/dataset_yolo_bbox/images/train/train_001083.png,/Users/Di/Documents/GitHub/My projects/Geodata_Archaeology_CV/datasets/dataset_yolo_bbox/labels/train/train_001083.txt,train,Ae,gorodishcha,1,8000.0,8000.0,8000.0,160.0,160.0,160.0,50.0,50.0,50.0,1.0,False,True,previews/train_train_001083.jpg,,,
train_train_001084,/Users/Di/Documents/GitHub/My projects/Geodata_Archaeology_CV/datasets/dataset_yolo_bbox/images/train/train_001084.png,/Users/Di/Documents/GitHub/My projects/Geodata_Archaeology_CV/datasets/dataset_yolo_bbox/labels/train/train_001084.txt,train,Ae,gorodishcha,1,9050.0,9050.0,9050.0,181.0,181.0,181.0,50.0,50.0,50.0,1.0,False,True,previews/train_train_001084.jpg,,,
train_train_001085,/Users/Di/Documents/GitHub/My projects/Geodata_Archaeology_CV/datasets/dataset_yolo_bbox/images/train/train_001085.png,/Users/Di/Documents/GitHub/My projects/Geodata_Archaeology_CV/datasets/dataset_yolo_bbox/labels/train/train_001085.txt,train,Ae,,0,,,,,,,,,,1.0,False,False,previews/train_train_001085.jpg,,,
train_train_001086,/Users/Di/Documents/GitHub/My projects/Geodata_Archaeology_CV/datasets/dataset_yolo_bbox/images/train/train_001086.png,/Users/Di/Documents/GitHub/My projects/Geodata_Archaeology_CV/datasets/dataset_yolo_bbox/labels/train/train_001086.txt,train,Ae,,0,,,,,,,,,,1.0,False,False,previews/train_train_001086.jpg,,,
train_train_001087,/Users/Di/Documents/GitHub/My projects/Geodata_Archaeology_CV/datasets/dataset_yolo_bbox/images/train/train_001087.png,/Users/Di/Documents/GitHub/My projects/Geodata_Archaeology_CV/datasets/dataset_yolo_bbox/labels/train/train_001087.txt,train,Ae,,0,,,,,,,,,,1.0,False,False,previews/train_train_001087.jpg,,,
train_train_001088,/Users/Di/Documents/GitHub/My projects/Geodata_Archaeology_CV/datasets/dataset_yolo_bbox/images/train/train_001088.png,/Users/Di/Documents/GitHub/My projects/Geodata_Archaeology_CV/datasets/dataset_yolo_bbox/labels/train/train_001088.txt,train,Ae,,0,,,,,,,,,,1.0,True,False,previews/train_train_001088.jpg,,,
train_train_001089,/Users/Di/Documents/GitHub/My projects/Geodata_Archaeology_CV/datasets/dataset_yolo_bbox/images/train/train_001089.png,/Users/Di/Documents/GitHub/My projects/Geodata_Archaeology_CV/datasets/dataset_yolo_bbox/labels/train/train_001089.txt,train,Ae,,0,,,,,,,,,,1.0,False,False,previews/train_train_001089.jpg,,,
train_train_001090,/Users/Di/Documents/GitHub/My projects/Geodata_Archaeology_CV/datasets/dataset_yolo_bbox/images/train/train_001090.png,/Users/Di/Documents/GitHub/My projects/Geodata_Archaeology_CV/datasets/dataset_yolo_bbox/labels/train/train_001090.txt,train,Ae,,0,,,,,,,,,,1.0,False,False,previews/train_train_001090.jpg,,,
train_train_001091,/Users/Di/Documents/GitHub/My projects/Geodata_Archaeology_CV/datasets/dataset_yolo_bbox/images/train/train_001091.png,/Users/Di/Documents/GitHub/My projects/Geodata_Archaeology_CV/datasets/dataset_yolo_bbox/labels/train/train_001091.txt,train,Ae,,0,,,,,,,,,,1.0,False,False,previews/train_train_001091.jpg,,,
train_train_001092,/Users/Di/Documents/GitHub/My projects/Geodata_Archaeology_CV/datasets/dataset_yolo_bbox/images/train/train_001092.png,/Users/Di/Documents/GitHub/My projects/Geodata_Archaeology_CV/datasets/dataset_yolo_bbox/labels/train/train_001092.txt,train,Ae,gorodishcha,1,155030.0,155030.0,155030.0,419.0,419.0,419.0,370.0,370.0,370.0,1.0,False,True,previews/train_train_001092.jpg,,,
train_train_001093,/Users/Di/Documents/GitHub/My projects/Geodata_Archaeology_CV/datasets/dataset_yolo_bbox/images/train/train_001093.png,/Users/Di/Documents/GitHub/My projects/Geodata_Archaeology_CV/datasets/dataset_yolo_bbox/labels/train/train_001093.txt,train,Ae,gorodishcha,1,836814.0,836814.0,836814.0,1023.0,1023.0,1023.0,818.0,818.0,818.0,1.0,False,True,previews/train_train_001093.jpg,,,
train_train_001094,/Users/Di/Documents/GitHub/My projects/Geodata_Archaeology_CV/datasets/dataset_yolo_bbox/images/train/train_001094.png,/Users/Di/Documents/GitHub/My projects/Geodata_Archaeology_CV/datasets/dataset_yolo_bbox/labels/train/train_001094.txt,train,Ae,gorodishcha,1,101150.0,101150.0,101150.0,289.0,289.0,289.0,350.0,350.0,350.0,1.0,False,True,previews/train_train_001094.jpg,,,
train_train_001095,/Users/Di/Documents/GitHub/My projects/Geodata_Archaeology_CV/datasets/dataset_yolo_bbox/images/train/train_001095.png,/Users/Di/Documents/GitHub/My projects/Geodata_Archaeology_CV/datasets/dataset_yolo_bbox/labels/train/train_001095.txt,train,Ae,kurgany_tselye,1,13312.0,13312.0,13312.0,128.0,128.0,128.0,104.0,104.0,104.0,1.0,False,False,previews/train_train_001095.jpg,,,
train_train_001096,/Users/Di/Documents/GitHub/My projects/Geodata_Archaeology_CV/datasets/dataset_yolo_bbox/images/train/train_001096.png,/Users/Di/Documents/GitHub/My projects/Geodata_Archaeology_CV/datasets/dataset_yolo_bbox/labels/train/train_001096.txt,train,Ae,kurgany_tselye,1,13312.0,13312.0,13312.0,128.0,128.0,128.0,104.0,104.0,104.0,1.0,False,False,previews/train_train_001096.jpg,,,
train_train_001097,/Users/Di/Documents/GitHub/My projects/Geodata_Archaeology_CV/datasets/dataset_yolo_bbox/images/train/train_001097.png,/Users/Di/Documents/GitHub/My projects/Geodata_Archaeology_CV/datasets/dataset_yolo_bbox/labels/train/train_001097.txt,train,Ae,,0,,,,,,,,,,1.0,False,False,previews/train_train_001097.jpg,,,
train_train_001098,/Users/Di/Documents/GitHub/My projects/Geodata_Archaeology_CV/datasets/dataset_yolo_bbox/images/train/train_001098.png,/Users/Di/Documents/GitHub/My projects/Geodata_Archaeology_CV/datasets/dataset_yolo_bbox/labels/train/train_001098.txt,train,Ae,,0,,,,,,,,,,1.0,False,False,previews/train_train_001098.jpg,,,
train_train_001099,/Users/Di/Documents/GitHub/My projects/Geodata_Archaeology_CV/datasets/dataset_yolo_bbox/images/train/train_001099.png,/Users/Di/Documents/GitHub/My projects/Geodata_Archaeology_CV/datasets/dataset_yolo_bbox/labels/train/train_001099.txt,train,Ae,,0,,,,,,,,,,1.0,False,False,previews/train_train_001099.jpg,,,
train_train_001100,/Users/Di/Documents/GitHub/My projects/Geodata_Archaeology_CV/datasets/dataset_yolo_bbox/images/train/train_001100.png,/Users/Di/Documents/GitHub/My projects/Geodata_Archaeology_CV/datasets/dataset_yolo_bbox/labels/train/train_001100.txt,train,Ae,,0,,,,,,,,,,1.0,True,False,previews/train_train_001100.jpg,,,
train_train_001101,/Users/Di/Documents/GitHub/My projects/Geodata_Archaeology_CV/datasets/dataset_yolo_bbox/images/train/train_001101.png,/Users/Di/Documents/GitHub/My projects/Geodata_Archaeology_CV/datasets/dataset_yolo_bbox/labels/train/train_001101.txt,train,Ae,,0,,,,,,,,,,1.0,False,False,previews/train_train_001101.jpg,,,
train_train_001102,/Users/Di/Documents/GitHub/My projects/Geodata_Archaeology_CV/datasets/dataset_yolo_bbox/images/train/train_001102.png,/Users/Di/Documents/GitHub/My projects/Geodata_Archaeology_CV/datasets/dataset_yolo_bbox/labels/train/train_001102.txt,train,Ae,gorodishcha,1,201062.0,201062.0,201062.0,458.0,458.0,458.0,439.0,439.0,439.0,1.0,False,True,previews/train_train_001102.jpg,,,
train_train_001103,/Users/Di/Documents/GitHub/My projects/Geodata_Archaeology_CV/datasets/dataset_yolo_bbox/images/train/train_001103.png,/Users/Di/Documents/GitHub/My projects/Geodata_Archaeology_CV/datasets/dataset_yolo_bbox/labels/train/train_001103.txt,train,Ae,gorodishcha,1,834768.0,834768.0,834768.0,1023.0,1023.0,1023.0,816.0,816.0,816.0,1.0,False,True,previews/train_train_001103.jpg,,,
train_train_001104,/Users/Di/Documents/GitHub/My projects/Geodata_Archaeology_CV/datasets/dataset_yolo_bbox/images/train/train_001104.png,/Users/Di/Documents/GitHub/My projects/Geodata_Archaeology_CV/datasets/dataset_yolo_bbox/labels/train/train_001104.txt,train,Ae,gorodishcha,1,234320.0,234320.0,234320.0,464.0,464.0,464.0,505.0,505.0,505.0,1.0,False,True,previews/train_train_001104.jpg,,,
train_train_001105,/Users/Di/Documents/GitHub/My projects/Geodata_Archaeology_CV/datasets/dataset_yolo_bbox/images/train/train_001105.png,/Users/Di/Documents/GitHub/My projects/Geodata_Archaeology_CV/datasets/dataset_yolo_bbox/labels/train/train_001105.txt,train,Ae,kurgany_tselye,1,13184.0,13184.0,13184.0,128.0,128.0,128.0,103.0,103.0,103.0,1.0,False,True,previews/train_train_001105.jpg,,,
train_train_001106,/Users/Di/Documents/GitHub/My projects/Geodata_Archaeology_CV/datasets/dataset_yolo_bbox/images/train/train_001106.png,/Users/Di/Documents/GitHub/My projects/Geodata_Archaeology_CV/datasets/dataset_yolo_bbox/labels/train/train_001106.txt,train,Ae,kurgany_tselye,1,13184.0,13184.0,13184.0,128.0,128.0,128.0,103.0,103.0,103.0,1.0,False,True,previews/train_train_001106.jpg,,,
train_train_001107,/Users/Di/Documents/GitHub/My projects/Geodata_Archaeology_CV/datasets/dataset_yolo_bbox/images/train/train_001107.png,/Users/Di/Documents/GitHub/My projects/Geodata_Archaeology_CV/datasets/dataset_yolo_bbox/labels/train/train_001107.txt,train,Ae,,0,,,,,,,,,,1.0,True,False,previews/train_train_001107.jpg,,,
train_train_001108,/Users/Di/Documents/GitHub/My projects/Geodata_Archaeology_CV/datasets/dataset_yolo_bbox/images/train/train_001108.png,/Users/Di/Documents/GitHub/My projects/Geodata_Archaeology_CV/datasets/dataset_yolo_bbox/labels/train/train_001108.txt,train,Ae,,0,,,,,,,,,,1.0,False,False,previews/train_train_001108.jpg,,,
train_train_001109,/Users/Di/Documents/GitHub/My projects/Geodata_Archaeology_CV/datasets/dataset_yolo_bbox/images/train/train_001109.png,/Users/Di/Documents/GitHub/My projects/Geodata_Archaeology_CV/datasets/dataset_yolo_bbox/labels/train/train_001109.txt,train,Ae,gorodishcha,1,15936.0,15936.0,15936.0,332.0,332.0,332.0,48.0,48.0,48.0,1.0,False,True,previews/train_train_001109.jpg,,,
train_train_001110,/Users/Di/Documents/GitHub/My projects/Geodata_Archaeology_CV/datasets/dataset_yolo_bbox/images/train/train_001110.png,/Users/Di/Documents/GitHub/My projects/Geodata_Archaeology_CV/datasets/dataset_yolo_bbox/labels/train/train_001110.txt,train,Ae,gorodishcha,1,18720.0,18720.0,18720.0,390.0,390.0,390.0,48.0,48.0,48.0,1.0,False,True,previews/train_train_001110.jpg,,,
train_train_001111,/Users/Di/Documents/GitHub/My projects/Geodata_Archaeology_CV/datasets/dataset_yolo_bbox/images/train/train_001111.png,/Users/Di/Documents/GitHub/My projects/Geodata_Archaeology_CV/datasets/dataset_yolo_bbox/labels/train/train_001111.txt,train,Ae,,0,,,,,,,,,,1.0,False,False,previews/train_train_001111.jpg,,,
train_train_001112,/Users/Di/Documents/GitHub/My projects/Geodata_Archaeology_CV/datasets/dataset_yolo_bbox/images/train/train_001112.png,/Users/Di/Documents/GitHub/My projects/Geodata_Archaeology_CV/datasets/dataset_yolo_bbox/labels/train/train_001112.txt,train,Ae,,0,,,,,,,,,,1.0,False,False,previews/train_train_001112.jpg,,,
train_train_001113,/Users/Di/Documents/GitHub/My projects/Geodata_Archaeology_CV/datasets/dataset_yolo_bbox/images/train/train_001113.png,/Users/Di/Documents/GitHub/My projects/Geodata_Archaeology_CV/datasets/dataset_yolo_bbox/labels/train/train_001113.txt,train,Ae,,0,,,,,,,,,,1.0,False,False,previews/train_train_001113.jpg,,,
train_train_001114,/Users/Di/Documents/GitHub/My projects/Geodata_Archaeology_CV/datasets/dataset_yolo_bbox/images/train/train_001114.png,/Users/Di/Documents/GitHub/My projects/Geodata_Archaeology_CV/datasets/dataset_yolo_bbox/labels/train/train_001114.txt,train,Ae,,0,,,,,,,,,,1.0,True,False,previews/train_train_001114.jpg,,,
train_train_001115,/Users/Di/Documents/GitHub/My projects/Geodata_Archaeology_CV/datasets/dataset_yolo_bbox/images/train/train_001115.png,/Users/Di/Documents/GitHub/My projects/Geodata_Archaeology_CV/datasets/dataset_yolo_bbox/labels/train/train_001115.txt,train,Ae,,0,,,,,,,,,,1.0,False,False,previews/train_train_001115.jpg,,,
train_train_001116,/Users/Di/Documents/GitHub/My projects/Geodata_Archaeology_CV/datasets/dataset_yolo_bbox/images/train/train_001116.png,/Users/Di/Documents/GitHub/My projects/Geodata_Archaeology_CV/datasets/dataset_yolo_bbox/labels/train/train_001116.txt,train,Ae,,0,,,,,,,,,,1.0,False,False,previews/train_train_001116.jpg,,,
train_train_001117,/Users/Di/Documents/GitHub/My projects/Geodata_Archaeology_CV/datasets/dataset_yolo_bbox/images/train/train_001117.png,/Users/Di/Documents/GitHub/My projects/Geodata_Archaeology_CV/datasets/dataset_yolo_bbox/labels/train/train_001117.txt,train,Ae,,0,,,,,,,,,,1.0,False,False,previews/train_train_001117.jpg,,,
train_train_001118,/Users/Di/Documents/GitHub/My projects/Geodata_Archaeology_CV/datasets/dataset_yolo_bbox/images/train/train_001118.png,/Users/Di/Documents/GitHub/My projects/Geodata_Archaeology_CV/datasets/dataset_yolo_bbox/labels/train/train_001118.txt,train,Ae,,0,,,,,,,,,,1.0,False,False,previews/train_train_001118.jpg,,,
train_train_001119,/Users/Di/Documents/GitHub/My projects/Geodata_Archaeology_CV/datasets/dataset_yolo_bbox/images/train/train_001119.png,/Users/Di/Documents/GitHub/My projects/Geodata_Archaeology_CV/datasets/dataset_yolo_bbox/labels/train/train_001119.txt,train,Ae,,0,,,,,,,,,,1.0,False,False,previews/train_train_001119.jpg,,,
train_train_001120,/Users/Di/Documents/GitHub/My projects/Geodata_Archaeology_CV/datasets/dataset_yolo_bbox/images/train/train_001120.png,/Users/Di/Documents/GitHub/My projects/Geodata_Archaeology_CV/datasets/dataset_yolo_bbox/labels/train/train_001120.txt,train,Ae,,0,,,,,,,,,,1.0,False,False,previews/train_train_001120.jpg,,,
train_train_001121,/Users/Di/Documents/GitHub/My projects/Geodata_Archaeology_CV/datasets/dataset_yolo_bbox/images/train/train_001121.png,/Users/Di/Documents/GitHub/My projects/Geodata_Archaeology_CV/datasets/dataset_yolo_bbox/labels/train/train_001121.txt,train,Ae,,0,,,,,,,,,,1.0,False,False,previews/train_train_001121.jpg,,,
train_train_001122,/Users/Di/Documents/GitHub/My projects/Geodata_Archaeology_CV/datasets/dataset_yolo_bbox/images/train/train_001122.png,/Users/Di/Documents/GitHub/My projects/Geodata_Archaeology_CV/datasets/dataset_yolo_bbox/labels/train/train_001122.txt,train,Ae,,0,,,,,,,,,,1.0,False,False,previews/train_train_001122.jpg,,,
train_train_001123,/Users/Di/Documents/GitHub/My projects/Geodata_Archaeology_CV/datasets/dataset_yolo_bbox/images/train/train_001123.png,/Users/Di/Documents/GitHub/My projects/Geodata_Archaeology_CV/datasets/dataset_yolo_bbox/labels/train/train_001123.txt,train,Ae,,0,,,,,,,,,,1.0,False,False,previews/train_train_001123.jpg,,,
train_train_001124,/Users/Di/Documents/GitHub/My projects/Geodata_Archaeology_CV/datasets/dataset_yolo_bbox/images/train/train_001124.png,/Users/Di/Documents/GitHub/My projects/Geodata_Archaeology_CV/datasets/dataset_yolo_bbox/labels/train/train_001124.txt,train,Ae,,0,,,,,,,,,,1.0,False,False,previews/train_train_001124.jpg,,,
train_train_001125,/Users/Di/Documents/GitHub/My projects/Geodata_Archaeology_CV/datasets/dataset_yolo_bbox/images/train/train_001125.png,/Users/Di/Documents/GitHub/My projects/Geodata_Archaeology_CV/datasets/dataset_yolo_bbox/labels/train/train_001125.txt,train,Ae,,0,,,,,,,,,,1.0,False,False,previews/train_train_001125.jpg,,,
train_train_001126,/Users/Di/Documents/GitHub/My projects/Geodata_Archaeology_CV/datasets/dataset_yolo_bbox/images/train/train_001126.png,/Users/Di/Documents/GitHub/My projects/Geodata_Archaeology_CV/datasets/dataset_yolo_bbox/labels/train/train_001126.txt,train,Ae,,0,,,,,,,,,,1.0,False,False,previews/train_train_001126.jpg,,,
train_train_001127,/Users/Di/Documents/GitHub/My projects/Geodata_Archaeology_CV/datasets/dataset_yolo_bbox/images/train/train_001127.png,/Users/Di/Documents/GitHub/My projects/Geodata_Archaeology_CV/datasets/dataset_yolo_bbox/labels/train/train_001127.txt,train,Ae,,0,,,,,,,,,,1.0,False,False,previews/train_train_001127.jpg,,,
train_train_001128,/Users/Di/Documents/GitHub/My projects/Geodata_Archaeology_CV/datasets/dataset_yolo_bbox/images/train/train_001128.png,/Users/Di/Documents/GitHub/My projects/Geodata_Archaeology_CV/datasets/dataset_yolo_bbox/labels/train/train_001128.txt,train,Ae,,0,,,,,,,,,,1.0,False,False,previews/train_train_001128.jpg,,,
train_train_001129,/Users/Di/Documents/GitHub/My projects/Geodata_Archaeology_CV/datasets/dataset_yolo_bbox/images/train/train_001129.png,/Users/Di/Documents/GitHub/My projects/Geodata_Archaeology_CV/datasets/dataset_yolo_bbox/labels/train/train_001129.txt,train,Ae,,0,,,,,,,,,,1.0,False,False,previews/train_train_001129.jpg,,,
train_train_001130,/Users/Di/Documents/GitHub/My projects/Geodata_Archaeology_CV/datasets/dataset_yolo_bbox/images/train/train_001130.png,/Users/Di/Documents/GitHub/My projects/Geodata_Archaeology_CV/datasets/dataset_yolo_bbox/labels/train/train_001130.txt,train,Ae,,0,,,,,,,,,,1.0,True,False,previews/train_train_001130.jpg,,,
train_train_001131,/Users/Di/Documents/GitHub/My projects/Geodata_Archaeology_CV/datasets/dataset_yolo_bbox/images/train/train_001131.png,/Users/Di/Documents/GitHub/My projects/Geodata_Archaeology_CV/datasets/dataset_yolo_bbox/labels/train/train_001131.txt,train,Ae,,0,,,,,,,,,,1.0,False,False,previews/train_train_001131.jpg,,,
train_train_001132,/Users/Di/Documents/GitHub/My projects/Geodata_Archaeology_CV/datasets/dataset_yolo_bbox/images/train/train_001132.png,/Users/Di/Documents/GitHub/My projects/Geodata_Archaeology_CV/datasets/dataset_yolo_bbox/labels/train/train_001132.txt,train,Ae,,0,,,,,,,,,,1.0,False,False,previews/train_train_001132.jpg,,,
train_train_001133,/Users/Di/Documents/GitHub/My projects/Geodata_Archaeology_CV/datasets/dataset_yolo_bbox/images/train/train_001133.png,/Users/Di/Documents/GitHub/My projects/Geodata_Archaeology_CV/datasets/dataset_yolo_bbox/labels/train/train_001133.txt,train,Ae,,0,,,,,,,,,,1.0,False,False,previews/train_train_001133.jpg,,,
train_train_001134,/Users/Di/Documents/GitHub/My projects/Geodata_Archaeology_CV/datasets/dataset_yolo_bbox/images/train/train_001134.png,/Users/Di/Documents/GitHub/My projects/Geodata_Archaeology_CV/datasets/dataset_yolo_bbox/labels/train/train_001134.txt,train,Ae,,0,,,,,,,,,,1.0,False,False,previews/train_train_001134.jpg,,,
train_train_001135,/Users/Di/Documents/GitHub/My projects/Geodata_Archaeology_CV/datasets/dataset_yolo_bbox/images/train/train_001135.png,/Users/Di/Documents/GitHub/My projects/Geodata_Archaeology_CV/datasets/dataset_yolo_bbox/labels/train/train_001135.txt,train,Ae,,0,,,,,,,,,,1.0,False,False,previews/train_train_001135.jpg,,,
train_train_001136,/Users/Di/Documents/GitHub/My projects/Geodata_Archaeology_CV/datasets/dataset_yolo_bbox/images/train/train_001136.png,/Users/Di/Documents/GitHub/My projects/Geodata_Archaeology_CV/datasets/dataset_yolo_bbox/labels/train/train_001136.txt,train,Ae,,0,,,,,,,,,,1.0,True,False,previews/train_train_001136.jpg,,,
train_train_001137,/Users/Di/Documents/GitHub/My projects/Geodata_Archaeology_CV/datasets/dataset_yolo_bbox/images/train/train_001137.png,/Users/Di/Documents/GitHub/My projects/Geodata_Archaeology_CV/datasets/dataset_yolo_bbox/labels/train/train_001137.txt,train,Ae,,0,,,,,,,,,,1.0,False,False,previews/train_train_001137.jpg,,,
train_train_001138,/Users/Di/Documents/GitHub/My projects/Geodata_Archaeology_CV/datasets/dataset_yolo_bbox/images/train/train_001138.png,/Users/Di/Documents/GitHub/My projects/Geodata_Archaeology_CV/datasets/dataset_yolo_bbox/labels/train/train_001138.txt,train,Ae,,0,,,,,,,,,,1.0,False,False,previews/train_train_001138.jpg,,,
train_train_001139,/Users/Di/Documents/GitHub/My projects/Geodata_Archaeology_CV/datasets/dataset_yolo_bbox/images/train/train_001139.png,/Users/Di/Documents/GitHub/My projects/Geodata_Archaeology_CV/datasets/dataset_yolo_bbox/labels/train/train_001139.txt,train,Ae,,0,,,,,,,,,,1.0,False,False,previews/train_train_001139.jpg,,,
train_train_001140,/Users/Di/Documents/GitHub/My projects/Geodata_Archaeology_CV/datasets/dataset_yolo_bbox/images/train/train_001140.png,/Users/Di/Documents/GitHub/My projects/Geodata_Archaeology_CV/datasets/dataset_yolo_bbox/labels/train/train_001140.txt,train,Ae,,0,,,,,,,,,,1.0,False,False,previews/train_train_001140.jpg,,,
train_train_001141,/Users/Di/Documents/GitHub/My projects/Geodata_Archaeology_CV/datasets/dataset_yolo_bbox/images/train/train_001141.png,/Users/Di/Documents/GitHub/My projects/Geodata_Archaeology_CV/datasets/dataset_yolo_bbox/labels/train/train_001141.txt,train,Ae,,0,,,,,,,,,,1.0,False,False,previews/train_train_001141.jpg,,,
train_train_001142,/Users/Di/Documents/GitHub/My projects/Geodata_Archaeology_CV/datasets/dataset_yolo_bbox/images/train/train_001142.png,/Users/Di/Documents/GitHub/My projects/Geodata_Archaeology_CV/datasets/dataset_yolo_bbox/labels/train/train_001142.txt,train,Ae,,0,,,,,,,,,,1.0,True,False,previews/train_train_001142.jpg,,,
train_train_001143,/Users/Di/Documents/GitHub/My projects/Geodata_Archaeology_CV/datasets/dataset_yolo_bbox/images/train/train_001143.png,/Users/Di/Documents/GitHub/My projects/Geodata_Archaeology_CV/datasets/dataset_yolo_bbox/labels/train/train_001143.txt,train,Ae,,0,,,,,,,,,,1.0,True,False,previews/train_train_001143.jpg,,,
train_train_001144,/Users/Di/Documents/GitHub/My projects/Geodata_Archaeology_CV/datasets/dataset_yolo_bbox/images/train/train_001144.png,/Users/Di/Documents/GitHub/My projects/Geodata_Archaeology_CV/datasets/dataset_yolo_bbox/labels/train/train_001144.txt,train,Ae,,0,,,,,,,,,,1.0,True,False,previews/train_train_001144.jpg,,,
train_train_001145,/Users/Di/Documents/GitHub/My projects/Geodata_Archaeology_CV/datasets/dataset_yolo_bbox/images/train/train_001145.png,/Users/Di/Documents/GitHub/My projects/Geodata_Archaeology_CV/datasets/dataset_yolo_bbox/labels/train/train_001145.txt,train,Ae,,0,,,,,,,,,,1.0,True,False,previews/train_train_001145.jpg,,,
train_train_001146,/Users/Di/Documents/GitHub/My projects/Geodata_Archaeology_CV/datasets/dataset_yolo_bbox/images/train/train_001146.png,/Users/Di/Documents/GitHub/My projects/Geodata_Archaeology_CV/datasets/dataset_yolo_bbox/labels/train/train_001146.txt,train,Ae,,0,,,,,,,,,,1.0,True,False,previews/train_train_001146.jpg,,,
train_train_001147,/Users/Di/Documents/GitHub/My projects/Geodata_Archaeology_CV/datasets/dataset_yolo_bbox/images/train/train_001147.png,/Users/Di/Documents/GitHub/My projects/Geodata_Archaeology_CV/datasets/dataset_yolo_bbox/labels/train/train_001147.txt,train,SpOr,gorodishcha; kurgany_povrezhdennye,8,806.0,2970.0,137858.0,26.0,55.0,458.0,31.0,51.5,301.0,1.0,True,False,previews/train_train_001147.jpg,,,
train_train_001148,/Users/Di/Documents/GitHub/My projects/Geodata_Archaeology_CV/datasets/dataset_yolo_bbox/images/train/train_001148.png,/Users/Di/Documents/GitHub/My projects/Geodata_Archaeology_CV/datasets/dataset_yolo_bbox/labels/train/train_001148.txt,train,SpOr,gorodishcha; kurgany_povrezhdennye,3,480.0,2916.0,137858.0,15.0,54.0,458.0,32.0,54.0,301.0,1.0,True,True,previews/train_train_001148.jpg,,,
train_train_001149,/Users/Di/Documents/GitHub/My projects/Geodata_Archaeology_CV/datasets/dataset_yolo_bbox/images/train/train_001149.png,/Users/Di/Documents/GitHub/My projects/Geodata_Archaeology_CV/datasets/dataset_yolo_bbox/labels/train/train_001149.txt,train,Ae,fortifikatsii,1,7526.0,7526.0,7526.0,106.0,106.0,106.0,71.0,71.0,71.0,1.0,True,True,previews/train_train_001149.jpg,,,
train_train_001150,/Users/Di/Documents/GitHub/My projects/Geodata_Archaeology_CV/datasets/dataset_yolo_bbox/images/train/train_001150.png,/Users/Di/Documents/GitHub/My projects/Geodata_Archaeology_CV/datasets/dataset_yolo_bbox/labels/train/train_001150.txt,train,Ae,fortifikatsii,1,7526.0,7526.0,7526.0,106.0,106.0,106.0,71.0,71.0,71.0,1.0,True,True,previews/train_train_001150.jpg,,,
train_train_001151,/Users/Di/Documents/GitHub/My projects/Geodata_Archaeology_CV/datasets/dataset_yolo_bbox/images/train/train_001151.png,/Users/Di/Documents/GitHub/My projects/Geodata_Archaeology_CV/datasets/dataset_yolo_bbox/labels/train/train_001151.txt,train,Ae,,0,,,,,,,,,,1.0,True,False,previews/train_train_001151.jpg,,,
train_train_001152,/Users/Di/Documents/GitHub/My projects/Geodata_Archaeology_CV/datasets/dataset_yolo_bbox/images/train/train_001152.png,/Users/Di/Documents/GitHub/My projects/Geodata_Archaeology_CV/datasets/dataset_yolo_bbox/labels/train/train_001152.txt,train,Ae,,0,,,,,,,,,,1.0,True,False,previews/train_train_001152.jpg,,,
train_train_001153,/Users/Di/Documents/GitHub/My projects/Geodata_Archaeology_CV/datasets/dataset_yolo_bbox/images/train/train_001153.png,/Users/Di/Documents/GitHub/My projects/Geodata_Archaeology_CV/datasets/dataset_yolo_bbox/labels/train/train_001153.txt,train,Ae,fortifikatsii,1,67626.0,67626.0,67626.0,289.0,289.0,289.0,234.0,234.0,234.0,1.0,False,True,previews/train_train_001153.jpg,,,
train_train_001154,/Users/Di/Documents/GitHub/My projects/Geodata_Archaeology_CV/datasets/dataset_yolo_bbox/images/train/train_001154.png,/Users/Di/Documents/GitHub/My projects/Geodata_Archaeology_CV/datasets/dataset_yolo_bbox/labels/train/train_001154.txt,train,Ae,fortifikatsii,2,67626.0,219253.0,370880.0,289.0,724.0,1159.0,234.0,277.0,320.0,1.0,False,True,previews/train_train_001154.jpg,,,
train_train_001155,/Users/Di/Documents/GitHub/My projects/Geodata_Archaeology_CV/datasets/dataset_yolo_bbox/images/train/train_001155.png,/Users/Di/Documents/GitHub/My projects/Geodata_Archaeology_CV/datasets/dataset_yolo_bbox/labels/train/train_001155.txt,train,Ae,fortifikatsii,3,9384.0,71775.0,554976.0,92.0,275.0,1927.0,102.0,261.0,288.0,1.0,False,True,previews/train_train_001155.jpg,,,
train_train_001156,/Users/Di/Documents/GitHub/My projects/Geodata_Archaeology_CV/datasets/dataset_yolo_bbox/images/train/train_001156.png,/Users/Di/Documents/GitHub/My projects/Geodata_Archaeology_CV/datasets/dataset_yolo_bbox/labels/train/train_001156.txt,train,Ae,fortifikatsii,4,52003.0,139992.5,1076149.0,275.0,638.5,1171.0,133.0,248.0,919.0,1.0,False,True,previews/train_train_001156.jpg,,,
train_train_001157,/Users/Di/Documents/GitHub/My projects/Geodata_Archaeology_CV/datasets/dataset_yolo_bbox/images/train/train_001157.png,/Users/Di/Documents/GitHub/My projects/Geodata_Archaeology_CV/datasets/dataset_yolo_bbox/labels/train/train_001157.txt,train,Ae,fortifikatsii,3,184.0,8208.0,462108.0,4.0,54.0,1191.0,46.0,152.0,388.0,1.0,False,True,previews/train_train_001157.jpg,,,
train_train_001158,/Users/Di/Documents/GitHub/My projects/Geodata_Archaeology_CV/datasets/dataset_yolo_bbox/images/train/train_001158.png,/Users/Di/Documents/GitHub/My projects/Geodata_Archaeology_CV/datasets/dataset_yolo_bbox/labels/train/train_001158.txt,train,Ae,fortifikatsii,1,987.0,987.0,987.0,47.0,47.0,47.0,21.0,21.0,21.0,1.0,False,True,previews/train_train_001158.jpg,,,
train_train_001159,/Users/Di/Documents/GitHub/My projects/Geodata_Archaeology_CV/datasets/dataset_yolo_bbox/images/train/train_001159.png,/Users/Di/Documents/GitHub/My projects/Geodata_Archaeology_CV/datasets/dataset_yolo_bbox/labels/train/train_001159.txt,train,Ae,fortifikatsii,1,987.0,987.0,987.0,47.0,47.0,47.0,21.0,21.0,21.0,1.0,False,True,previews/train_train_001159.jpg,,,
train_train_001160,/Users/Di/Documents/GitHub/My projects/Geodata_Archaeology_CV/datasets/dataset_yolo_bbox/images/train/train_001160.png,/Users/Di/Documents/GitHub/My projects/Geodata_Archaeology_CV/datasets/dataset_yolo_bbox/labels/train/train_001160.txt,train,Ae,fortifikatsii,1,64225.0,64225.0,64225.0,175.0,175.0,175.0,367.0,367.0,367.0,1.0,False,True,previews/train_train_001160.jpg,,,
train_train_001161,/Users/Di/Documents/GitHub/My projects/Geodata_Archaeology_CV/datasets/dataset_yolo_bbox/images/train/train_001161.png,/Users/Di/Documents/GitHub/My projects/Geodata_Archaeology_CV/datasets/dataset_yolo_bbox/labels/train/train_001161.txt,train,Ae,fortifikatsii,2,5292.0,194046.0,382800.0,63.0,394.0,725.0,84.0,306.0,528.0,1.0,False,True,previews/train_train_001161.jpg,,,
train_train_001162,/Users/Di/Documents/GitHub/My projects/Geodata_Archaeology_CV/datasets/dataset_yolo_bbox/images/train/train_001162.png,/Users/Di/Documents/GitHub/My projects/Geodata_Archaeology_CV/datasets/dataset_yolo_bbox/labels/train/train_001162.txt,train,Ae,fortifikatsii,8,2115.0,6324.5,213256.0,42.0,164.5,1159.0,26.0,64.5,290.0,1.0,False,True,previews/train_train_001162.jpg,,,
train_train_001163,/Users/Di/Documents/GitHub/My projects/Geodata_Archaeology_CV/datasets/dataset_yolo_bbox/images/train/train_001163.png,/Users/Di/Documents/GitHub/My projects/Geodata_Archaeology_CV/datasets/dataset_yolo_bbox/labels/train/train_001163.txt,train,Ae,fortifikatsii,3,6461.0,54777.0,232560.0,91.0,589.0,1292.0,71.0,93.0,180.0,1.0,False,True,previews/train_train_001163.jpg,,,
train_train_001164,/Users/Di/Documents/GitHub/My projects/Geodata_Archaeology_CV/datasets/dataset_yolo_bbox/images/train/train_001164.png,/Users/Di/Documents/GitHub/My projects/Geodata_Archaeology_CV/datasets/dataset_yolo_bbox/labels/train/train_001164.txt,train,Ae,fortifikatsii,3,18370.0,82472.0,208210.0,167.0,488.0,886.0,110.0,169.0,235.0,1.0,False,True,previews/train_train_001164.jpg,,,
train_train_001165,/Users/Di/Documents/GitHub/My projects/Geodata_Archaeology_CV/datasets/dataset_yolo_bbox/images/train/train_001165.png,/Users/Di/Documents/GitHub/My projects/Geodata_Archaeology_CV/datasets/dataset_yolo_bbox/labels/train/train_001165.txt,train,Ae,fortifikatsii,2,107583.0,307356.5,507130.0,763.0,992.5,1222.0,141.0,278.0,415.0,1.0,False,True,previews/train_train_001165.jpg,,,
train_train_001166,/Users/Di/Documents/GitHub/My projects/Geodata_Archaeology_CV/datasets/dataset_yolo_bbox/images/train/train_001166.png,/Users/Di/Documents/GitHub/My projects/Geodata_Archaeology_CV/datasets/dataset_yolo_bbox/labels/train/train_001166.txt,train,Ae,fortifikatsii,3,5680.0,65145.0,144522.0,80.0,645.0,1302.0,71.0,101.0,111.0,1.0,False,True,previews/train_train_001166.jpg,,,
train_train_001167,/Users/Di/Documents/GitHub/My projects/Geodata_Archaeology_CV/datasets/dataset_yolo_bbox/images/train/train_001167.png,/Users/Di/Documents/GitHub/My projects/Geodata_Archaeology_CV/datasets/dataset_yolo_bbox/labels/train/train_001167.txt,train,Ae,fortifikatsii,2,5680.0,39302.0,72924.0,80.0,394.0,708.0,71.0,87.0,103.0,1.0,False,True,previews/train_train_001167.jpg,,,
train_train_001168,/Users/Di/Documents/GitHub/My projects/Geodata_Archaeology_CV/datasets/dataset_yolo_bbox/images/train/train_001168.png,/Users/Di/Documents/GitHub/My projects/Geodata_Archaeology_CV/datasets/dataset_yolo_bbox/labels/train/train_001168.txt,train,Ae,fortifikatsii,1,51272.0,51272.0,51272.0,136.0,136.0,136.0,377.0,377.0,377.0,1.0,False,True,previews/train_train_001168.jpg,,,
train_train_001169,/Users/Di/Documents/GitHub/My projects/Geodata_Archaeology_CV/datasets/dataset_yolo_bbox/images/train/train_001169.png,/Users/Di/Documents/GitHub/My projects/Geodata_Archaeology_CV/datasets/dataset_yolo_bbox/labels/train/train_001169.txt,train,Ae,fortifikatsii,1,2329272.0,2329272.0,2329272.0,1224.0,1224.0,1224.0,1903.0,1903.0,1903.0,1.0,False,True,previews/train_train_001169.jpg,,,
train_train_001170,/Users/Di/Documents/GitHub/My projects/Geodata_Archaeology_CV/datasets/dataset_yolo_bbox/images/train/train_001170.png,/Users/Di/Documents/GitHub/My projects/Geodata_Archaeology_CV/datasets/dataset_yolo_bbox/labels/train/train_001170.txt,train,Ae,fortifikatsii,7,3074.0,4891.0,133653.0,58.0,73.0,447.0,53.0,67.0,321.0,1.0,False,True,previews/train_train_001170.jpg,,,
train_train_001171,/Users/Di/Documents/GitHub/My projects/Geodata_Archaeology_CV/datasets/dataset_yolo_bbox/images/train/train_001171.png,/Users/Di/Documents/GitHub/My projects/Geodata_Archaeology_CV/datasets/dataset_yolo_bbox/labels/train/train_001171.txt,train,Ae,fortifikatsii,5,2115.0,3654.0,839220.0,42.0,63.0,1420.0,45.0,58.0,591.0,1.0,False,True,previews/train_train_001171.jpg,,,
train_train_001172,/Users/Di/Documents/GitHub/My projects/Geodata_Archaeology_CV/datasets/dataset_yolo_bbox/images/train/train_001172.png,/Users/Di/Documents/GitHub/My projects/Geodata_Archaeology_CV/datasets/dataset_yolo_bbox/labels/train/train_001172.txt,train,Ae,,0,,,,,,,,,,1.0,False,False,previews/train_train_001172.jpg,,,
train_train_001173,/Users/Di/Documents/GitHub/My projects/Geodata_Archaeology_CV/datasets/dataset_yolo_bbox/images/train/train_001173.png,/Users/Di/Documents/GitHub/My projects/Geodata_Archaeology_CV/datasets/dataset_yolo_bbox/labels/train/train_001173.txt,train,Ae,,0,,,,,,,,,,1.0,False,False,previews/train_train_001173.jpg,,,
train_train_001174,/Users/Di/Documents/GitHub/My projects/Geodata_Archaeology_CV/datasets/dataset_yolo_bbox/images/train/train_001174.png,/Users/Di/Documents/GitHub/My projects/Geodata_Archaeology_CV/datasets/dataset_yolo_bbox/labels/train/train_001174.txt,train,Ae,,0,,,,,,,,,,1.0,False,False,previews/train_train_001174.jpg,,,
train_train_001175,/Users/Di/Documents/GitHub/My projects/Geodata_Archaeology_CV/datasets/dataset_yolo_bbox/images/train/train_001175.png,/Users/Di/Documents/GitHub/My projects/Geodata_Archaeology_CV/datasets/dataset_yolo_bbox/labels/train/train_001175.txt,train,Ae,,0,,,,,,,,,,1.0,False,False,previews/train_train_001175.jpg,,,
train_train_001176,/Users/Di/Documents/GitHub/My projects/Geodata_Archaeology_CV/datasets/dataset_yolo_bbox/images/train/train_001176.png,/Users/Di/Documents/GitHub/My projects/Geodata_Archaeology_CV/datasets/dataset_yolo_bbox/labels/train/train_001176.txt,train,Ae,fortifikatsii,1,1136322.0,1136322.0,1136322.0,594.0,594.0,594.0,1913.0,1913.0,1913.0,1.0,False,True,previews/train_train_001176.jpg,,,
train_train_001177,/Users/Di/Documents/GitHub/My projects/Geodata_Archaeology_CV/datasets/dataset_yolo_bbox/images/train/train_001177.png,/Users/Di/Documents/GitHub/My projects/Geodata_Archaeology_CV/datasets/dataset_yolo_bbox/labels/train/train_001177.txt,train,Ae,fortifikatsii,2,591920.0,872662.0,1153404.0,490.0,567.0,644.0,1208.0,1499.5,1791.0,1.0,False,True,previews/train_train_001177.jpg,,,
train_train_001178,/Users/Di/Documents/GitHub/My projects/Geodata_Archaeology_CV/datasets/dataset_yolo_bbox/images/train/train_001178.png,/Users/Di/Documents/GitHub/My projects/Geodata_Archaeology_CV/datasets/dataset_yolo_bbox/labels/train/train_001178.txt,train,Ae,fortifikatsii,4,3074.0,4564.0,948301.0,58.0,73.0,659.0,53.0,62.5,1439.0,1.0,False,True,previews/train_train_001178.jpg,,,
train_train_001179,/Users/Di/Documents/GitHub/My projects/Geodata_Archaeology_CV/datasets/dataset_yolo_bbox/images/train/train_001179.png,/Users/Di/Documents/GitHub/My projects/Geodata_Archaeology_CV/datasets/dataset_yolo_bbox/labels/train/train_001179.txt,train,Ae,,0,,,,,,,,,,1.0,False,False,previews/train_train_001179.jpg,,,
train_train_001180,/Users/Di/Documents/GitHub/My projects/Geodata_Archaeology_CV/datasets/dataset_yolo_bbox/images/train/train_001180.png,/Users/Di/Documents/GitHub/My projects/Geodata_Archaeology_CV/datasets/dataset_yolo_bbox/labels/train/train_001180.txt,train,Ae,,0,,,,,,,,,,1.0,False,False,previews/train_train_001180.jpg,,,
train_train_001181,/Users/Di/Documents/GitHub/My projects/Geodata_Archaeology_CV/datasets/dataset_yolo_bbox/images/train/train_001181.png,/Users/Di/Documents/GitHub/My projects/Geodata_Archaeology_CV/datasets/dataset_yolo_bbox/labels/train/train_001181.txt,train,Ae,fortifikatsii,2,2728.0,105704.0,208680.0,31.0,385.5,740.0,88.0,185.0,282.0,1.0,False,True,previews/train_train_001181.jpg,,,
train_train_001182,/Users/Di/Documents/GitHub/My projects/Geodata_Archaeology_CV/datasets/dataset_yolo_bbox/images/train/train_001182.png,/Users/Di/Documents/GitHub/My projects/Geodata_Archaeology_CV/datasets/dataset_yolo_bbox/labels/train/train_001182.txt,train,Ae,fortifikatsii,3,3315.0,81396.0,241340.0,51.0,476.0,1097.0,65.0,171.0,220.0,1.0,False,True,previews/train_train_001182.jpg,,,
train_train_001183,/Users/Di/Documents/GitHub/My projects/Geodata_Archaeology_CV/datasets/dataset_yolo_bbox/images/train/train_001183.png,/Users/Di/Documents/GitHub/My projects/Geodata_Archaeology_CV/datasets/dataset_yolo_bbox/labels/train/train_001183.txt,train,Ae,fortifikatsii,1,1845.0,1845.0,1845.0,41.0,41.0,41.0,45.0,45.0,45.0,1.0,False,True,previews/train_train_001183.jpg,,,
train_train_001184,/Users/Di/Documents/GitHub/My projects/Geodata_Archaeology_CV/datasets/dataset_yolo_bbox/images/train/train_001184.png,/Users/Di/Documents/GitHub/My projects/Geodata_Archaeology_CV/datasets/dataset_yolo_bbox/labels/train/train_001184.txt,train,Ae,fortifikatsii,1,347652.0,347652.0,347652.0,324.0,324.0,324.0,1073.0,1073.0,1073.0,1.0,False,True,previews/train_train_001184.jpg,,,
train_train_001185,/Users/Di/Documents/GitHub/My projects/Geodata_Archaeology_CV/datasets/dataset_yolo_bbox/images/train/train_001185.png,/Users/Di/Documents/GitHub/My projects/Geodata_Archaeology_CV/datasets/dataset_yolo_bbox/labels/train/train_001185.txt,train,Ae,fortifikatsii,3,19380.0,127050.0,316020.0,76.0,242.0,345.0,255.0,525.0,916.0,1.0,False,True,previews/train_train_001185.jpg,,,
train_train_001186,/Users/Di/Documents/GitHub/My projects/Geodata_Archaeology_CV/datasets/dataset_yolo_bbox/images/train/train_001186.png,/Users/Di/Documents/GitHub/My projects/Geodata_Archaeology_CV/datasets/dataset_yolo_bbox/labels/train/train_001186.txt,train,Ae,fortifikatsii,2,38306.0,142813.0,247320.0,107.0,188.5,270.0,358.0,637.0,916.0,1.0,False,True,previews/train_train_001186.jpg,,,
train_train_001187,/Users/Di/Documents/GitHub/My projects/Geodata_Archaeology_CV/datasets/dataset_yolo_bbox/images/train/train_001187.png,/Users/Di/Documents/GitHub/My projects/Geodata_Archaeology_CV/datasets/dataset_yolo_bbox/labels/train/train_001187.txt,train,Ae,fortifikatsii,5,1248.0,1665.0,34320.0,38.0,48.0,286.0,26.0,37.0,120.0,1.0,False,True,previews/train_train_001187.jpg,,,
train_train_001188,/Users/Di/Documents/GitHub/My projects/Geodata_Archaeology_CV/datasets/dataset_yolo_bbox/images/train/train_001188.png,/Users/Di/Documents/GitHub/My projects/Geodata_Archaeology_CV/datasets/dataset_yolo_bbox/labels/train/train_001188.txt,train,Ae,fortifikatsii,1,35880.0,35880.0,35880.0,299.0,299.0,299.0,120.0,120.0,120.0,1.0,False,False,previews/train_train_001188.jpg,,,
train_train_001189,/Users/Di/Documents/GitHub/My projects/Geodata_Archaeology_CV/datasets/dataset_yolo_bbox/images/train/train_001189.png,/Users/Di/Documents/GitHub/My projects/Geodata_Archaeology_CV/datasets/dataset_yolo_bbox/labels/train/train_001189.txt,train,Ae,,0,,,,,,,,,,1.0,False,False,previews/train_train_001189.jpg,,,
train_train_001190,/Users/Di/Documents/GitHub/My projects/Geodata_Archaeology_CV/datasets/dataset_yolo_bbox/images/train/train_001190.png,/Users/Di/Documents/GitHub/My projects/Geodata_Archaeology_CV/datasets/dataset_yolo_bbox/labels/train/train_001190.txt,train,Ae,,0,,,,,,,,,,1.0,False,False,previews/train_train_001190.jpg,,,
train_train_001191,/Users/Di/Documents/GitHub/My projects/Geodata_Archaeology_CV/datasets/dataset_yolo_bbox/images/train/train_001191.png,/Users/Di/Documents/GitHub/My projects/Geodata_Archaeology_CV/datasets/dataset_yolo_bbox/labels/train/train_001191.txt,train,Ae,,0,,,,,,,,,,1.0,False,False,previews/train_train_001191.jpg,,,
train_train_001192,/Users/Di/Documents/GitHub/My projects/Geodata_Archaeology_CV/datasets/dataset_yolo_bbox/images/train/train_001192.png,/Users/Di/Documents/GitHub/My projects/Geodata_Archaeology_CV/datasets/dataset_yolo_bbox/labels/train/train_001192.txt,train,Ae,fortifikatsii,3,62192.0,134121.0,144738.0,208.0,247.0,258.0,299.0,543.0,561.0,1.0,False,True,previews/train_train_001192.jpg,,,
train_train_001193,/Users/Di/Documents/GitHub/My projects/Geodata_Archaeology_CV/datasets/dataset_yolo_bbox/images/train/train_001193.png,/Users/Di/Documents/GitHub/My projects/Geodata_Archaeology_CV/datasets/dataset_yolo_bbox/labels/train/train_001193.txt,train,Ae,fortifikatsii,3,34336.0,48552.0,134121.0,119.0,148.0,247.0,232.0,408.0,543.0,1.0,False,True,previews/train_train_001193.jpg,,,
train_train_001194,/Users/Di/Documents/GitHub/My projects/Geodata_Archaeology_CV/datasets/dataset_yolo_bbox/images/train/train_001194.png,/Users/Di/Documents/GitHub/My projects/Geodata_Archaeology_CV/datasets/dataset_yolo_bbox/labels/train/train_001194.txt,train,Ae,fortifikatsii,9,672.0,2016.0,27742.0,24.0,45.0,286.0,28.0,42.0,98.0,1.0,False,True,previews/train_train_001194.jpg,,,
train_train_001195,/Users/Di/Documents/GitHub/My projects/Geodata_Archaeology_CV/datasets/dataset_yolo_bbox/images/train/train_001195.png,/Users/Di/Documents/GitHub/My projects/Geodata_Archaeology_CV/datasets/dataset_yolo_bbox/labels/train/train_001195.txt,train,Ae,fortifikatsii,2,29003.0,54452.5,79902.0,207.0,253.0,299.0,97.0,241.5,386.0,1.0,False,True,previews/train_train_001195.jpg,,,
train_train_001196,/Users/Di/Documents/GitHub/My projects/Geodata_Archaeology_CV/datasets/dataset_yolo_bbox/images/train/train_001196.png,/Users/Di/Documents/GitHub/My projects/Geodata_Archaeology_CV/datasets/dataset_yolo_bbox/labels/train/train_001196.txt,train,Ae,fortifikatsii,1,705.0,705.0,705.0,15.0,15.0,15.0,47.0,47.0,47.0,1.0,False,True,previews/train_train_001196.jpg,,,
train_train_001197,/Users/Di/Documents/GitHub/My projects/Geodata_Archaeology_CV/datasets/dataset_yolo_bbox/images/train/train_001197.png,/Users/Di/Documents/GitHub/My projects/Geodata_Archaeology_CV/datasets/dataset_yolo_bbox/labels/train/train_001197.txt,train,Ae,fortifikatsii,2,16704.0,69838.5,122973.0,96.0,162.5,229.0,174.0,355.5,537.0,1.0,False,True,previews/train_train_001197.jpg,,,
train_train_001198,/Users/Di/Documents/GitHub/My projects/Geodata_Archaeology_CV/datasets/dataset_yolo_bbox/images/train/train_001198.png,/Users/Di/Documents/GitHub/My projects/Geodata_Archaeology_CV/datasets/dataset_yolo_bbox/labels/train/train_001198.txt,train,Ae,fortifikatsii,2,35416.0,79194.5,122973.0,152.0,190.5,229.0,233.0,385.0,537.0,1.0,False,True,previews/train_train_001198.jpg,,,
train_train_001199,/Users/Di/Documents/GitHub/My projects/Geodata_Archaeology_CV/datasets/dataset_yolo_bbox/images/train/train_001199.png,/Users/Di/Documents/GitHub/My projects/Geodata_Archaeology_CV/datasets/dataset_yolo_bbox/labels/train/train_001199.txt,train,Ae,fortifikatsii,4,77328.0,95634.0,259488.0,295.0,370.5,544.0,216.0,286.0,477.0,1.0,False,True,previews/train_train_001199.jpg,,,
train_train_001200,/Users/Di/Documents/GitHub/My projects/Geodata_Archaeology_CV/datasets/dataset_yolo_bbox/images/train/train_001200.png,/Users/Di/Documents/GitHub/My projects/Geodata_Archaeology_CV/datasets/dataset_yolo_bbox/labels/train/train_001200.txt,train,Ae,fortifikatsii,5,5712.0,36936.0,151296.0,120.0,162.0,591.0,42.0,216.0,256.0,1.0,False,True,previews/train_train_001200.jpg,,,
train_train_001201,/Users/Di/Documents/GitHub/My projects/Geodata_Archaeology_CV/datasets/dataset_yolo_bbox/images/train/train_001201.png,/Users/Di/Documents/GitHub/My projects/Geodata_Archaeology_CV/datasets/dataset_yolo_bbox/labels/train/train_001201.txt,train,Ae,fortifikatsii,1,23430.0,23430.0,23430.0,110.0,110.0,110.0,213.0,213.0,213.0,1.0,False,True,previews/train_train_001201.jpg,,,
train_train_001202,/Users/Di/Documents/GitHub/My projects/Geodata_Archaeology_CV/datasets/dataset_yolo_bbox/images/train/train_001202.png,/Users/Di/Documents/GitHub/My projects/Geodata_Archaeology_CV/datasets/dataset_yolo_bbox/labels/train/train_001202.txt,train,Ae,,0,,,,,,,,,,1.0,True,False,previews/train_train_001202.jpg,,,
train_train_001203,/Users/Di/Documents/GitHub/My projects/Geodata_Archaeology_CV/datasets/dataset_yolo_bbox/images/train/train_001203.png,/Users/Di/Documents/GitHub/My projects/Geodata_Archaeology_CV/datasets/dataset_yolo_bbox/labels/train/train_001203.txt,train,Ae,fortifikatsii,4,108006.0,149316.5,166085.0,295.0,398.0,544.0,282.0,316.5,563.0,1.0,False,True,previews/train_train_001203.jpg,,,
train_train_001204,/Users/Di/Documents/GitHub/My projects/Geodata_Archaeology_CV/datasets/dataset_yolo_bbox/images/train/train_001204.png,/Users/Di/Documents/GitHub/My projects/Geodata_Archaeology_CV/datasets/dataset_yolo_bbox/labels/train/train_001204.txt,train,Ae,fortifikatsii,5,8040.0,176328.0,766908.0,120.0,474.0,704.0,67.0,341.0,1578.0,1.0,False,True,previews/train_train_001204.jpg,,,
train_train_001205,/Users/Di/Documents/GitHub/My projects/Geodata_Archaeology_CV/datasets/dataset_yolo_bbox/images/train/train_001205.png,/Users/Di/Documents/GitHub/My projects/Geodata_Archaeology_CV/datasets/dataset_yolo_bbox/labels/train/train_001205.txt,train,Ae,,0,,,,,,,,,,1.0,False,False,previews/train_train_001205.jpg,,,
train_train_001206,/Users/Di/Documents/GitHub/My projects/Geodata_Archaeology_CV/datasets/dataset_yolo_bbox/images/train/train_001206.png,/Users/Di/Documents/GitHub/My projects/Geodata_Archaeology_CV/datasets/dataset_yolo_bbox/labels/train/train_001206.txt,train,Ae,fortifikatsii,4,43148.0,92917.5,230607.0,268.0,318.0,368.0,161.0,302.0,657.0,1.0,False,True,previews/train_train_001206.jpg,,,
train_train_001207,/Users/Di/Documents/GitHub/My projects/Geodata_Archaeology_CV/datasets/dataset_yolo_bbox/images/train/train_001207.png,/Users/Di/Documents/GitHub/My projects/Geodata_Archaeology_CV/datasets/dataset_yolo_bbox/labels/train/train_001207.txt,train,Ae,fortifikatsii,5,38208.0,157784.0,198214.0,96.0,242.0,327.0,161.0,652.0,713.0,1.0,False,True,previews/train_train_001207.jpg,,,
train_train_001208,/Users/Di/Documents/GitHub/My projects/Geodata_Archaeology_CV/datasets/dataset_yolo_bbox/images/train/train_001208.png,/Users/Di/Documents/GitHub/My projects/Geodata_Archaeology_CV/datasets/dataset_yolo_bbox/labels/train/train_001208.txt,train,Ae,fortifikatsii,4,14904.0,51934.0,219454.0,69.0,313.0,368.0,161.0,190.5,613.0,1.0,True,True,previews/train_train_001208.jpg,,,
train_train_001209,/Users/Di/Documents/GitHub/My projects/Geodata_Archaeology_CV/datasets/dataset_yolo_bbox/images/train/train_001209.png,/Users/Di/Documents/GitHub/My projects/Geodata_Archaeology_CV/datasets/dataset_yolo_bbox/labels/train/train_001209.txt,train,Ae,fortifikatsii,4,14490.0,33775.5,494252.0,69.0,226.5,478.0,115.0,188.5,1034.0,1.0,True,True,previews/train_train_001209.jpg,,,
train_train_001210,/Users/Di/Documents/GitHub/My projects/Geodata_Archaeology_CV/datasets/dataset_yolo_bbox/images/train/train_001210.png,/Users/Di/Documents/GitHub/My projects/Geodata_Archaeology_CV/datasets/dataset_yolo_bbox/labels/train/train_001210.txt,train,Ae,,0,,,,,,,,,,1.0,True,False,previews/train_train_001210.jpg,,,
train_train_001211,/Users/Di/Documents/GitHub/My projects/Geodata_Archaeology_CV/datasets/dataset_yolo_bbox/images/train/train_001211.png,/Users/Di/Documents/GitHub/My projects/Geodata_Archaeology_CV/datasets/dataset_yolo_bbox/labels/train/train_001211.txt,train,Ae,gorodishcha,1,6624.0,6624.0,6624.0,72.0,72.0,72.0,92.0,92.0,92.0,1.0,False,True,previews/train_train_001211.jpg,,,
train_train_001212,/Users/Di/Documents/GitHub/My projects/Geodata_Archaeology_CV/datasets/dataset_yolo_bbox/images/train/train_001212.png,/Users/Di/Documents/GitHub/My projects/Geodata_Archaeology_CV/datasets/dataset_yolo_bbox/labels/train/train_001212.txt,train,Ae,,0,,,,,,,,,,1.0,False,False,previews/train_train_001212.jpg,,,
train_train_001213,/Users/Di/Documents/GitHub/My projects/Geodata_Archaeology_CV/datasets/dataset_yolo_bbox/images/train/train_001213.png,/Users/Di/Documents/GitHub/My projects/Geodata_Archaeology_CV/datasets/dataset_yolo_bbox/labels/train/train_001213.txt,train,Ae,fortifikatsii; gorodishcha,4,10833.0,14386.5,32184.0,149.0,194.0,237.0,60.0,66.0,216.0,1.0,False,True,previews/train_train_001213.jpg,,,
train_train_001214,/Users/Di/Documents/GitHub/My projects/Geodata_Archaeology_CV/datasets/dataset_yolo_bbox/images/train/train_001214.png,/Users/Di/Documents/GitHub/My projects/Geodata_Archaeology_CV/datasets/dataset_yolo_bbox/labels/train/train_001214.txt,train,Ae,fortifikatsii; gorodishcha; kurgany_povrezhdennye,15,80.0,144.0,14553.0,10.0,12.0,237.0,8.0,12.0,63.0,1.0,False,True,previews/train_train_001214.jpg,,,
train_train_001215,/Users/Di/Documents/GitHub/My projects/Geodata_Archaeology_CV/datasets/dataset_yolo_bbox/images/train/train_001215.png,/Users/Di/Documents/GitHub/My projects/Geodata_Archaeology_CV/datasets/dataset_yolo_bbox/labels/train/train_001215.txt,train,Ae,fortifikatsii; kurgany_povrezhdennye,8,80.0,141.0,102300.0,10.0,12.0,310.0,8.0,12.0,330.0,1.0,False,False,previews/train_train_001215.jpg,,,
train_train_001216,/Users/Di/Documents/GitHub/My projects/Geodata_Archaeology_CV/datasets/dataset_yolo_bbox/images/train/train_001216.png,/Users/Di/Documents/GitHub/My projects/Geodata_Archaeology_CV/datasets/dataset_yolo_bbox/labels/train/train_001216.txt,train,Ae,fortifikatsii,3,2530.0,3069.0,58740.0,46.0,93.0,178.0,33.0,55.0,330.0,1.0,False,True,previews/train_train_001216.jpg,,,
train_train_001217,/Users/Di/Documents/GitHub/My projects/Geodata_Archaeology_CV/datasets/dataset_yolo_bbox/images/train/train_001217.png,/Users/Di/Documents/GitHub/My projects/Geodata_Archaeology_CV/datasets/dataset_yolo_bbox/labels/train/train_001217.txt,train,Ae,fortifikatsii,2,2530.0,2799.5,3069.0,46.0,69.5,93.0,33.0,44.0,55.0,1.0,True,False,previews/train_train_001217.jpg,,,
train_train_001218,/Users/Di/Documents/GitHub/My projects/Geodata_Archaeology_CV/datasets/dataset_yolo_bbox/images/train/train_001218.png,/Users/Di/Documents/GitHub/My projects/Geodata_Archaeology_CV/datasets/dataset_yolo_bbox/labels/train/train_001218.txt,train,Ae,fortifikatsii; gorodishcha,2,42781.0,43716.5,44652.0,239.0,241.5,244.0,179.0,181.0,183.0,1.0,False,False,previews/train_train_001218.jpg,,,
train_train_001219,/Users/Di/Documents/GitHub/My projects/Geodata_Archaeology_CV/datasets/dataset_yolo_bbox/images/train/train_001219.png,/Users/Di/Documents/GitHub/My projects/Geodata_Archaeology_CV/datasets/dataset_yolo_bbox/labels/train/train_001219.txt,train,Ae,fortifikatsii; gorodishcha; kurgany_povrezhdennye,8,132.0,716.5,44652.0,12.0,23.0,244.0,10.0,22.5,183.0,1.0,False,True,previews/train_train_001219.jpg,,,
train_train_001220,/Users/Di/Documents/GitHub/My projects/Geodata_Archaeology_CV/datasets/dataset_yolo_bbox/images/train/train_001220.png,/Users/Di/Documents/GitHub/My projects/Geodata_Archaeology_CV/datasets/dataset_yolo_bbox/labels/train/train_001220.txt,train,Ae,fortifikatsii; kurgany_povrezhdennye; kurgany_tselye,31,80.0,110.0,18150.0,8.0,11.0,242.0,8.0,10.0,169.0,1.0,False,True,previews/train_train_001220.jpg,,,
train_train_001221,/Users/Di/Documents/GitHub/My projects/Geodata_Archaeology_CV/datasets/dataset_yolo_bbox/images/train/train_001221.png,/Users/Di/Documents/GitHub/My projects/Geodata_Archaeology_CV/datasets/dataset_yolo_bbox/labels/train/train_001221.txt,train,Ae,fortifikatsii; gorodishcha,2,600.0,4425.0,8250.0,25.0,67.5,110.0,24.0,49.5,75.0,1.0,False,True,previews/train_train_001221.jpg,,,
train_train_001222,/Users/Di/Documents/GitHub/My projects/Geodata_Archaeology_CV/datasets/dataset_yolo_bbox/images/train/train_001222.png,/Users/Di/Documents/GitHub/My projects/Geodata_Archaeology_CV/datasets/dataset_yolo_bbox/labels/train/train_001222.txt,train,Ae,fortifikatsii,1,760.0,760.0,760.0,38.0,38.0,38.0,20.0,20.0,20.0,1.0,False,False,previews/train_train_001222.jpg,,,
train_train_001223,/Users/Di/Documents/GitHub/My projects/Geodata_Archaeology_CV/datasets/dataset_yolo_bbox/images/train/train_001223.png,/Users/Di/Documents/GitHub/My projects/Geodata_Archaeology_CV/datasets/dataset_yolo_bbox/labels/train/train_001223.txt,train,Ae,fortifikatsii,6,420.0,1031.0,116234.0,21.0,34.5,178.0,20.0,28.0,653.0,1.0,False,True,previews/train_train_001223.jpg,,,
train_train_001224,/Users/Di/Documents/GitHub/My projects/Geodata_Archaeology_CV/datasets/dataset_yolo_bbox/images/train/train_001224.png,/Users/Di/Documents/GitHub/My projects/Geodata_Archaeology_CV/datasets/dataset_yolo_bbox/labels/train/train_001224.txt,train,Ae,fortifikatsii; kurgany_tselye,29,80.0,110.0,15972.0,8.0,10.0,132.0,8.0,10.0,163.0,1.0,False,True,previews/train_train_001224.jpg,,,
train_train_001225,/Users/Di/Documents/GitHub/My projects/Geodata_Archaeology_CV/datasets/dataset_yolo_bbox/images/train/train_001225.png,/Users/Di/Documents/GitHub/My projects/Geodata_Archaeology_CV/datasets/dataset_yolo_bbox/labels/train/train_001225.txt,train,Ae,gorodishcha,1,425.0,425.0,425.0,25.0,25.0,25.0,17.0,17.0,17.0,1.0,False,True,previews/train_train_001225.jpg,,,
train_train_001226,/Users/Di/Documents/GitHub/My projects/Geodata_Archaeology_CV/datasets/dataset_yolo_bbox/images/train/train_001226.png,/Users/Di/Documents/GitHub/My projects/Geodata_Archaeology_CV/datasets/dataset_yolo_bbox/labels/train/train_001226.txt,train,Ae,fortifikatsii,1,760.0,760.0,760.0,38.0,38.0,38.0,20.0,20.0,20.0,1.0,True,False,previews/train_train_001226.jpg,,,
train_train_001227,/Users/Di/Documents/GitHub/My projects/Geodata_Archaeology_CV/datasets/dataset_yolo_bbox/images/train/train_001227.png,/Users/Di/Documents/GitHub/My projects/Geodata_Archaeology_CV/datasets/dataset_yolo_bbox/labels/train/train_001227.txt,train,Ae,fortifikatsii,2,760.0,100603.5,200447.0,38.0,129.5,221.0,20.0,463.5,907.0,1.0,True,True,previews/train_train_001227.jpg,,,
train_train_001228,/Users/Di/Documents/GitHub/My projects/Geodata_Archaeology_CV/datasets/dataset_yolo_bbox/images/train/train_001228.png,/Users/Di/Documents/GitHub/My projects/Geodata_Archaeology_CV/datasets/dataset_yolo_bbox/labels/train/train_001228.txt,train,Ae,fortifikatsii,2,1584.0,2242.0,2900.0,48.0,74.0,100.0,29.0,31.0,33.0,1.0,True,True,previews/train_train_001228.jpg,,,
train_train_001229,/Users/Di/Documents/GitHub/My projects/Geodata_Archaeology_CV/datasets/dataset_yolo_bbox/images/train/train_001229.png,/Users/Di/Documents/GitHub/My projects/Geodata_Archaeology_CV/datasets/dataset_yolo_bbox/labels/train/train_001229.txt,train,SpOr,fortifikatsii; gorodishcha; kurgany_povrezhdennye,3,168.0,10586.0,31439.0,12.0,149.0,158.0,14.0,67.0,211.0,1.0,True,False,previews/train_train_001229.jpg,,,
train_train_001230,/Users/Di/Documents/GitHub/My projects/Geodata_Archaeology_CV/datasets/dataset_yolo_bbox/images/train/train_001230.png,/Users/Di/Documents/GitHub/My projects/Geodata_Archaeology_CV/datasets/dataset_yolo_bbox/labels/train/train_001230.txt,train,SpOr,fortifikatsii; gorodishcha,2,10586.0,21012.5,31439.0,149.0,153.5,158.0,67.0,139.0,211.0,1.0,True,False,previews/train_train_001230.jpg,,,
train_train_001231,/Users/Di/Documents/GitHub/My projects/Geodata_Archaeology_CV/datasets/dataset_yolo_bbox/images/train/train_001231.png,/Users/Di/Documents/GitHub/My projects/Geodata_Archaeology_CV/datasets/dataset_yolo_bbox/labels/train/train_001231.txt,train,Or,arkhitektury; fortifikatsii; gorodishcha,4,9372.0,479838.0,3634576.0,66.0,1240.5,1544.0,142.0,388.5,2354.0,1.0,True,True,previews/train_train_001231.jpg,,,
train_train_001232,/Users/Di/Documents/GitHub/My projects/Geodata_Archaeology_CV/datasets/dataset_yolo_bbox/images/train/train_001232.png,/Users/Di/Documents/GitHub/My projects/Geodata_Archaeology_CV/datasets/dataset_yolo_bbox/labels/train/train_001232.txt,train,Or,arkhitektury; fortifikatsii; gorodishcha,4,61178.0,305478.0,4993560.0,338.0,849.0,2134.0,181.0,360.0,2340.0,1.0,True,True,previews/train_train_001232.jpg,,,
train_train_001233,/Users/Di/Documents/GitHub/My projects/Geodata_Archaeology_CV/datasets/dataset_yolo_bbox/images/train/train_001233.png,/Users/Di/Documents/GitHub/My projects/Geodata_Archaeology_CV/datasets/dataset_yolo_bbox/labels/train/train_001233.txt,train,Or,arkhitektury; fortifikatsii; gorodishcha,4,61178.0,172573.5,4200192.0,338.0,538.0,1823.0,181.0,322.5,2304.0,1.0,True,True,previews/train_train_001233.jpg,,,
train_train_001234,/Users/Di/Documents/GitHub/My projects/Geodata_Archaeology_CV/datasets/dataset_yolo_bbox/images/train/train_001234.png,/Users/Di/Documents/GitHub/My projects/Geodata_Archaeology_CV/datasets/dataset_yolo_bbox/labels/train/train_001234.txt,train,Or,arkhitektury; fortifikatsii; gorodishcha,4,9372.0,479838.0,3634576.0,66.0,1240.5,1544.0,142.0,388.5,2354.0,1.0,True,True,previews/train_train_001234.jpg,,,
train_train_001235,/Users/Di/Documents/GitHub/My projects/Geodata_Archaeology_CV/datasets/dataset_yolo_bbox/images/train/train_001235.png,/Users/Di/Documents/GitHub/My projects/Geodata_Archaeology_CV/datasets/dataset_yolo_bbox/labels/train/train_001235.txt,train,Or,arkhitektury; fortifikatsii; gorodishcha,4,61178.0,305478.0,4993560.0,338.0,849.0,2134.0,181.0,360.0,2340.0,1.0,True,True,previews/train_train_001235.jpg,,,
train_train_001236,/Users/Di/Documents/GitHub/My projects/Geodata_Archaeology_CV/datasets/dataset_yolo_bbox/images/train/train_001236.png,/Users/Di/Documents/GitHub/My projects/Geodata_Archaeology_CV/datasets/dataset_yolo_bbox/labels/train/train_001236.txt,train,Or,arkhitektury; fortifikatsii; gorodishcha,4,61178.0,172573.5,4200192.0,338.0,538.0,1823.0,181.0,322.5,2304.0,1.0,True,True,previews/train_train_001236.jpg,,,
train_train_001237,/Users/Di/Documents/GitHub/My projects/Geodata_Archaeology_CV/datasets/dataset_yolo_bbox/images/train/train_001237.png,/Users/Di/Documents/GitHub/My projects/Geodata_Archaeology_CV/datasets/dataset_yolo_bbox/labels/train/train_001237.txt,train,SpOr,kurgany_povrezhdennye,4,756.0,1104.5,1980.0,27.0,35.0,44.0,28.0,31.5,45.0,0.9632032649623422,True,False,previews/train_train_001237.jpg,,,
train_train_001238,/Users/Di/Documents/GitHub/My projects/Geodata_Archaeology_CV/datasets/dataset_yolo_bbox/images/train/train_001238.png,/Users/Di/Documents/GitHub/My projects/Geodata_Archaeology_CV/datasets/dataset_yolo_bbox/labels/train/train_001238.txt,train,Ae,,0,,,,,,,,,,1.0,True,False,previews/train_train_001238.jpg,,,
train_train_001239,/Users/Di/Documents/GitHub/My projects/Geodata_Archaeology_CV/datasets/dataset_yolo_bbox/images/train/train_001239.png,/Users/Di/Documents/GitHub/My projects/Geodata_Archaeology_CV/datasets/dataset_yolo_bbox/labels/train/train_001239.txt,train,Ae,,0,,,,,,,,,,1.0,True,False,previews/train_train_001239.jpg,,,
train_train_001240,/Users/Di/Documents/GitHub/My projects/Geodata_Archaeology_CV/datasets/dataset_yolo_bbox/images/train/train_001240.png,/Users/Di/Documents/GitHub/My projects/Geodata_Archaeology_CV/datasets/dataset_yolo_bbox/labels/train/train_001240.txt,train,Ae,,0,,,,,,,,,,1.0,False,False,previews/train_train_001240.jpg,,,
train_train_001241,/Users/Di/Documents/GitHub/My projects/Geodata_Archaeology_CV/datasets/dataset_yolo_bbox/images/train/train_001241.png,/Users/Di/Documents/GitHub/My projects/Geodata_Archaeology_CV/datasets/dataset_yolo_bbox/labels/train/train_001241.txt,train,Ae,,0,,,,,,,,,,1.0,False,False,previews/train_train_001241.jpg,,,
train_train_001242,/Users/Di/Documents/GitHub/My projects/Geodata_Archaeology_CV/datasets/dataset_yolo_bbox/images/train/train_001242.png,/Users/Di/Documents/GitHub/My projects/Geodata_Archaeology_CV/datasets/dataset_yolo_bbox/labels/train/train_001242.txt,train,Ae,,0,,,,,,,,,,1.0,False,False,previews/train_train_001242.jpg,,,
train_train_001243,/Users/Di/Documents/GitHub/My projects/Geodata_Archaeology_CV/datasets/dataset_yolo_bbox/images/train/train_001243.png,/Users/Di/Documents/GitHub/My projects/Geodata_Archaeology_CV/datasets/dataset_yolo_bbox/labels/train/train_001243.txt,train,Ae,gorodishcha,1,235210.0,235210.0,235210.0,547.0,547.0,547.0,430.0,430.0,430.0,1.0,False,False,previews/train_train_001243.jpg,,,
train_train_001244,/Users/Di/Documents/GitHub/My projects/Geodata_Archaeology_CV/datasets/dataset_yolo_bbox/images/train/train_001244.png,/Users/Di/Documents/GitHub/My projects/Geodata_Archaeology_CV/datasets/dataset_yolo_bbox/labels/train/train_001244.txt,train,Ae,gorodishcha,1,235210.0,235210.0,235210.0,547.0,547.0,547.0,430.0,430.0,430.0,1.0,True,False,previews/train_train_001244.jpg,,,
train_train_001245,/Users/Di/Documents/GitHub/My projects/Geodata_Archaeology_CV/datasets/dataset_yolo_bbox/images/train/train_001245.png,/Users/Di/Documents/GitHub/My projects/Geodata_Archaeology_CV/datasets/dataset_yolo_bbox/labels/train/train_001245.txt,train,Ae,kurgany_povrezhdennye,78,429.0,2354.5,7626.0,13.0,56.5,90.0,26.0,42.5,93.0,1.0,False,True,previews/train_train_001245.jpg,,,
train_train_001246,/Users/Di/Documents/GitHub/My projects/Geodata_Archaeology_CV/datasets/dataset_yolo_bbox/images/train/train_001246.png,/Users/Di/Documents/GitHub/My projects/Geodata_Archaeology_CV/datasets/dataset_yolo_bbox/labels/train/train_001246.txt,train,Ae,kurgany_povrezhdennye,100,936.0,2154.0,5922.0,25.0,54.5,94.0,24.0,41.5,87.0,1.0,False,True,previews/train_train_001246.jpg,,,
train_train_001247,/Users/Di/Documents/GitHub/My projects/Geodata_Archaeology_CV/datasets/dataset_yolo_bbox/images/train/train_001247.png,/Users/Di/Documents/GitHub/My projects/Geodata_Archaeology_CV/datasets/dataset_yolo_bbox/labels/train/train_001247.txt,train,Ae,gorodishcha,2,214971.0,246890.5,278810.0,490.0,518.5,547.0,393.0,481.0,569.0,1.0,False,True,previews/train_train_001247.jpg,,,
train_train_001248,/Users/Di/Documents/GitHub/My projects/Geodata_Archaeology_CV/datasets/dataset_yolo_bbox/images/train/train_001248.png,/Users/Di/Documents/GitHub/My projects/Geodata_Archaeology_CV/datasets/dataset_yolo_bbox/labels/train/train_001248.txt,train,Ae,gorodishcha,2,214971.0,246890.5,278810.0,490.0,518.5,547.0,393.0,481.0,569.0,1.0,True,True,previews/train_train_001248.jpg,,,
train_train_001249,/Users/Di/Documents/GitHub/My projects/Geodata_Archaeology_CV/datasets/dataset_yolo_bbox/images/train/train_001249.png,/Users/Di/Documents/GitHub/My projects/Geodata_Archaeology_CV/datasets/dataset_yolo_bbox/labels/train/train_001249.txt,train,Ae,fortifikatsii; kurgany_povrezhdennye,76,429.0,2354.5,1024590.0,13.0,56.5,1230.0,26.0,42.5,833.0,1.0,False,True,previews/train_train_001249.jpg,,,
train_train_001250,/Users/Di/Documents/GitHub/My projects/Geodata_Archaeology_CV/datasets/dataset_yolo_bbox/images/train/train_001250.png,/Users/Di/Documents/GitHub/My projects/Geodata_Archaeology_CV/datasets/dataset_yolo_bbox/labels/train/train_001250.txt,train,Ae,fortifikatsii; kurgany_povrezhdennye,78,936.0,2184.5,2696338.0,25.0,55.0,3071.0,24.0,42.0,878.0,1.0,False,True,previews/train_train_001250.jpg,,,
train_train_001251,/Users/Di/Documents/GitHub/My projects/Geodata_Archaeology_CV/datasets/dataset_yolo_bbox/images/train/train_001251.png,/Users/Di/Documents/GitHub/My projects/Geodata_Archaeology_CV/datasets/dataset_yolo_bbox/labels/train/train_001251.txt,train,Ae,fortifikatsii,1,986115.0,986115.0,986115.0,1945.0,1945.0,1945.0,507.0,507.0,507.0,1.0,False,True,previews/train_train_001251.jpg,,,
train_train_001252,/Users/Di/Documents/GitHub/My projects/Geodata_Archaeology_CV/datasets/dataset_yolo_bbox/images/train/train_001252.png,/Users/Di/Documents/GitHub/My projects/Geodata_Archaeology_CV/datasets/dataset_yolo_bbox/labels/train/train_001252.txt,train,Ae,fortifikatsii; gorodishcha,3,20461.0,181908.0,1058032.0,79.0,489.0,743.0,259.0,372.0,1424.0,1.0,False,True,previews/train_train_001252.jpg,,,
train_train_001253,/Users/Di/Documents/GitHub/My projects/Geodata_Archaeology_CV/datasets/dataset_yolo_bbox/images/train/train_001253.png,/Users/Di/Documents/GitHub/My projects/Geodata_Archaeology_CV/datasets/dataset_yolo_bbox/labels/train/train_001253.txt,train,Ae,fortifikatsii; gorodishcha,3,20461.0,181908.0,1058032.0,79.0,489.0,743.0,259.0,372.0,1424.0,1.0,True,True,previews/train_train_001253.jpg,,,
train_train_001254,/Users/Di/Documents/GitHub/My projects/Geodata_Archaeology_CV/datasets/dataset_yolo_bbox/images/train/train_001254.png,/Users/Di/Documents/GitHub/My projects/Geodata_Archaeology_CV/datasets/dataset_yolo_bbox/labels/train/train_001254.txt,train,Ae,,0,,,,,,,,,,1.0,True,False,previews/train_train_001254.jpg,,,
train_train_001255,/Users/Di/Documents/GitHub/My projects/Geodata_Archaeology_CV/datasets/dataset_yolo_bbox/images/train/train_001255.png,/Users/Di/Documents/GitHub/My projects/Geodata_Archaeology_CV/datasets/dataset_yolo_bbox/labels/train/train_001255.txt,train,Ae,,0,,,,,,,,,,1.0,False,False,previews/train_train_001255.jpg,,,
train_train_001256,/Users/Di/Documents/GitHub/My projects/Geodata_Archaeology_CV/datasets/dataset_yolo_bbox/images/train/train_001256.png,/Users/Di/Documents/GitHub/My projects/Geodata_Archaeology_CV/datasets/dataset_yolo_bbox/labels/train/train_001256.txt,train,Ae,fortifikatsii,1,1325694.0,1325694.0,1325694.0,1394.0,1394.0,1394.0,951.0,951.0,951.0,1.0,False,True,previews/train_train_001256.jpg,,,
train_train_001257,/Users/Di/Documents/GitHub/My projects/Geodata_Archaeology_CV/datasets/dataset_yolo_bbox/images/train/train_001257.png,/Users/Di/Documents/GitHub/My projects/Geodata_Archaeology_CV/datasets/dataset_yolo_bbox/labels/train/train_001257.txt,train,Ae,fortifikatsii,2,16113.0,1007667.0,1999221.0,123.0,1597.0,3071.0,131.0,391.0,651.0,1.0,False,True,previews/train_train_001257.jpg,,,
train_train_001258,/Users/Di/Documents/GitHub/My projects/Geodata_Archaeology_CV/datasets/dataset_yolo_bbox/images/train/train_001258.png,/Users/Di/Documents/GitHub/My projects/Geodata_Archaeology_CV/datasets/dataset_yolo_bbox/labels/train/train_001258.txt,train,Ae,fortifikatsii,2,108309.0,3068341.0,6028373.0,237.0,1654.0,3071.0,457.0,1210.0,1963.0,1.0,False,True,previews/train_train_001258.jpg,,,
train_train_001259,/Users/Di/Documents/GitHub/My projects/Geodata_Archaeology_CV/datasets/dataset_yolo_bbox/images/train/train_001259.png,/Users/Di/Documents/GitHub/My projects/Geodata_Archaeology_CV/datasets/dataset_yolo_bbox/labels/train/train_001259.txt,train,Ae,fortifikatsii,3,104784.0,108309.0,1155616.0,222.0,237.0,1078.0,457.0,472.0,1072.0,1.0,False,True,previews/train_train_001259.jpg,,,
train_train_001260,/Users/Di/Documents/GitHub/My projects/Geodata_Archaeology_CV/datasets/dataset_yolo_bbox/images/train/train_001260.png,/Users/Di/Documents/GitHub/My projects/Geodata_Archaeology_CV/datasets/dataset_yolo_bbox/labels/train/train_001260.txt,train,Ae,fortifikatsii,3,104784.0,108309.0,670000.0,222.0,237.0,625.0,457.0,472.0,1072.0,1.0,True,True,previews/train_train_001260.jpg,,,
train_train_001261,/Users/Di/Documents/GitHub/My projects/Geodata_Archaeology_CV/datasets/dataset_yolo_bbox/images/train/train_001261.png,/Users/Di/Documents/GitHub/My projects/Geodata_Archaeology_CV/datasets/dataset_yolo_bbox/labels/train/train_001261.txt,train,Ae,fortifikatsii,1,311472.0,311472.0,311472.0,756.0,756.0,756.0,412.0,412.0,412.0,1.0,True,True,previews/train_train_001261.jpg,,,
train_train_001262,/Users/Di/Documents/GitHub/My projects/Geodata_Archaeology_CV/datasets/dataset_yolo_bbox/images/train/train_001262.png,/Users/Di/Documents/GitHub/My projects/Geodata_Archaeology_CV/datasets/dataset_yolo_bbox/labels/train/train_001262.txt,train,Ae,fortifikatsii,1,14448.0,14448.0,14448.0,129.0,129.0,129.0,112.0,112.0,112.0,1.0,True,True,previews/train_train_001262.jpg,,,
train_train_001263,/Users/Di/Documents/GitHub/My projects/Geodata_Archaeology_CV/datasets/dataset_yolo_bbox/images/train/train_001263.png,/Users/Di/Documents/GitHub/My projects/Geodata_Archaeology_CV/datasets/dataset_yolo_bbox/labels/train/train_001263.txt,train,Ae,fortifikatsii,2,108309.0,1979808.5,3851308.0,237.0,1262.0,2287.0,457.0,1070.5,1684.0,1.0,True,True,previews/train_train_001263.jpg,,,
train_train_001264,/Users/Di/Documents/GitHub/My projects/Geodata_Archaeology_CV/datasets/dataset_yolo_bbox/images/train/train_001264.png,/Users/Di/Documents/GitHub/My projects/Geodata_Archaeology_CV/datasets/dataset_yolo_bbox/labels/train/train_001264.txt,train,Ae,fortifikatsii,2,108309.0,615253.5,1122198.0,237.0,657.5,1078.0,457.0,749.0,1041.0,1.0,True,True,previews/train_train_001264.jpg,,,
train_train_001265,/Users/Di/Documents/GitHub/My projects/Geodata_Archaeology_CV/datasets/dataset_yolo_bbox/images/train/train_001265.png,/Users/Di/Documents/GitHub/My projects/Geodata_Archaeology_CV/datasets/dataset_yolo_bbox/labels/train/train_001265.txt,train,Ae,fortifikatsii,2,108309.0,379467.0,650625.0,237.0,431.0,625.0,457.0,749.0,1041.0,1.0,True,True,previews/train_train_001265.jpg,,,
train_train_001266,/Users/Di/Documents/GitHub/My projects/Geodata_Archaeology_CV/datasets/dataset_yolo_bbox/images/train/train_001266.png,/Users/Di/Documents/GitHub/My projects/Geodata_Archaeology_CV/datasets/dataset_yolo_bbox/labels/train/train_001266.txt,train,SpOr,gorodishcha,2,4160.0,4191.5,4223.0,41.0,46.5,52.0,80.0,91.5,103.0,0.9235918787425148,True,True,previews/train_train_001266.jpg,,,
train_train_001267,/Users/Di/Documents/GitHub/My projects/Geodata_Archaeology_CV/datasets/dataset_yolo_bbox/images/train/train_001267.png,/Users/Di/Documents/GitHub/My projects/Geodata_Archaeology_CV/datasets/dataset_yolo_bbox/labels/train/train_001267.txt,train,SpOr,gorodishcha,2,4160.0,6797.0,9434.0,52.0,70.5,89.0,80.0,93.0,106.0,0.923429313248503,True,False,previews/train_train_001267.jpg,,,
train_train_001268,/Users/Di/Documents/GitHub/My projects/Geodata_Archaeology_CV/datasets/dataset_yolo_bbox/images/train/train_001268.png,/Users/Di/Documents/GitHub/My projects/Geodata_Archaeology_CV/datasets/dataset_yolo_bbox/labels/train/train_001268.txt,train,SpOr,kurgany_povrezhdennye,1,6536.0,6536.0,6536.0,86.0,86.0,86.0,76.0,76.0,76.0,1.0,True,False,previews/train_train_001268.jpg,,,
train_train_001269,/Users/Di/Documents/GitHub/My projects/Geodata_Archaeology_CV/datasets/dataset_yolo_bbox/images/train/train_001269.png,/Users/Di/Documents/GitHub/My projects/Geodata_Archaeology_CV/datasets/dataset_yolo_bbox/labels/train/train_001269.txt,train,SpOr,kurgany_povrezhdennye; kurgany_tselye,39,110.0,600.0,26569.0,10.0,27.0,163.0,9.0,25.0,163.0,0.9832873111944672,True,False,previews/train_train_001269.jpg,,,
train_train_001270,/Users/Di/Documents/GitHub/My projects/Geodata_Archaeology_CV/datasets/dataset_yolo_bbox/images/train/train_001270.png,/Users/Di/Documents/GitHub/My projects/Geodata_Archaeology_CV/datasets/dataset_yolo_bbox/labels/train/train_001270.txt,train,SpOr,kurgany_povrezhdennye,52,156.0,992.0,2800.0,13.0,31.5,56.0,12.0,30.5,56.0,1.0,True,False,previews/train_train_001270.jpg,,,
train_train_001271,/Users/Di/Documents/GitHub/My projects/Geodata_Archaeology_CV/datasets/dataset_yolo_bbox/images/train/train_001271.png,/Users/Di/Documents/GitHub/My projects/Geodata_Archaeology_CV/datasets/dataset_yolo_bbox/labels/train/train_001271.txt,train,SpOr,kurgany_povrezhdennye,17,650.0,1681.0,4020.0,26.0,44.0,67.0,25.0,39.0,60.0,1.0,True,False,previews/train_train_001271.jpg,,,
train_train_001272,/Users/Di/Documents/GitHub/My projects/Geodata_Archaeology_CV/datasets/dataset_yolo_bbox/images/train/train_001272.png,/Users/Di/Documents/GitHub/My projects/Geodata_Archaeology_CV/datasets/dataset_yolo_bbox/labels/train/train_001272.txt,train,SpOr,kurgany_tselye,1,5106.0,5106.0,5106.0,74.0,74.0,74.0,69.0,69.0,69.0,0.9960536867429198,True,False,previews/train_train_001272.jpg,,,
train_train_001273,/Users/Di/Documents/GitHub/My projects/Geodata_Archaeology_CV/datasets/dataset_yolo_bbox/images/train/train_001273.png,/Users/Di/Documents/GitHub/My projects/Geodata_Archaeology_CV/datasets/dataset_yolo_bbox/labels/train/train_001273.txt,train,SpOr,kurgany_povrezhdennye,4,225.0,495.0,961.0,15.0,23.0,31.0,15.0,21.5,31.0,1.0,True,False,previews/train_train_001273.jpg,,,
train_train_001274,/Users/Di/Documents/GitHub/My projects/Geodata_Archaeology_CV/datasets/dataset_yolo_bbox/images/train/train_001274.png,/Users/Di/Documents/GitHub/My projects/Geodata_Archaeology_CV/datasets/dataset_yolo_bbox/labels/train/train_001274.txt,train,SpOr,kurgany_povrezhdennye,4,225.0,495.0,961.0,15.0,23.0,31.0,15.0,21.5,31.0,1.0,True,False,previews/train_train_001274.jpg,,,
train_train_001275,/Users/Di/Documents/GitHub/My projects/Geodata_Archaeology_CV/datasets/dataset_yolo_bbox/images/train/train_001275.png,/Users/Di/Documents/GitHub/My projects/Geodata_Archaeology_CV/datasets/dataset_yolo_bbox/labels/train/train_001275.txt,train,SpOr,kurgany_povrezhdennye,1,6862.0,6862.0,6862.0,94.0,94.0,94.0,73.0,73.0,73.0,1.0,True,False,previews/train_train_001275.jpg,,,
train_train_001276,/Users/Di/Documents/GitHub/My projects/Geodata_Archaeology_CV/datasets/dataset_yolo_bbox/images/train/train_001276.png,/Users/Di/Documents/GitHub/My projects/Geodata_Archaeology_CV/datasets/dataset_yolo_bbox/labels/train/train_001276.txt,train,SpOr,kurgany_povrezhdennye; kurgany_tselye,7,2209.0,3599.0,27824.0,47.0,61.0,148.0,47.0,59.0,188.0,1.0,True,False,previews/train_train_001276.jpg,,,
train_train_001277,/Users/Di/Documents/GitHub/My projects/Geodata_Archaeology_CV/datasets/dataset_yolo_bbox/images/train/train_001277.png,/Users/Di/Documents/GitHub/My projects/Geodata_Archaeology_CV/datasets/dataset_yolo_bbox/labels/train/train_001277.txt,train,SpOr,fortifikatsii; gorodishcha,5,169.0,3760.0,210975.0,13.0,81.0,485.0,13.0,58.0,435.0,1.0,True,False,previews/train_train_001277.jpg,,,
train_train_001278,/Users/Di/Documents/GitHub/My projects/Geodata_Archaeology_CV/datasets/dataset_yolo_bbox/images/train/train_001278.png,/Users/Di/Documents/GitHub/My projects/Geodata_Archaeology_CV/datasets/dataset_yolo_bbox/labels/train/train_001278.txt,train,SpOr,fortifikatsii; gorodishcha,4,169.0,4554.5,210975.0,13.0,47.5,485.0,13.0,64.5,435.0,1.0,True,True,previews/train_train_001278.jpg,,,
train_train_001279,/Users/Di/Documents/GitHub/My projects/Geodata_Archaeology_CV/datasets/dataset_yolo_bbox/images/train/train_001279.png,/Users/Di/Documents/GitHub/My projects/Geodata_Archaeology_CV/datasets/dataset_yolo_bbox/labels/train/train_001279.txt,train,SpOr,kurgany_tselye,3,289.0,1400.0,1444.0,17.0,38.0,40.0,17.0,35.0,38.0,1.0,True,False,previews/train_train_001279.jpg,,,
val_val_001280,/Users/Di/Documents/GitHub/My projects/Geodata_Archaeology_CV/datasets/dataset_yolo_bbox/images/val/val_001280.png,/Users/Di/Documents/GitHub/My projects/Geodata_Archaeology_CV/datasets/dataset_yolo_bbox/labels/val/val_001280.txt,val,Ae,,0,,,,,,,,,,1.0,True,False,previews/val_val_001280.jpg,,,
val_val_001281,/Users/Di/Documents/GitHub/My projects/Geodata_Archaeology_CV/datasets/dataset_yolo_bbox/images/val/val_001281.png,/Users/Di/Documents/GitHub/My projects/Geodata_Archaeology_CV/datasets/dataset_yolo_bbox/labels/val/val_001281.txt,val,Ae,,0,,,,,,,,,,1.0,True,False,previews/val_val_001281.jpg,,,
val_val_001282,/Users/Di/Documents/GitHub/My projects/Geodata_Archaeology_CV/datasets/dataset_yolo_bbox/images/val/val_001282.png,/Users/Di/Documents/GitHub/My projects/Geodata_Archaeology_CV/datasets/dataset_yolo_bbox/labels/val/val_001282.txt,val,Ae,fortifikatsii,1,5400.0,5400.0,5400.0,216.0,216.0,216.0,25.0,25.0,25.0,1.0,True,True,previews/val_val_001282.jpg,,,
val_val_001283,/Users/Di/Documents/GitHub/My projects/Geodata_Archaeology_CV/datasets/dataset_yolo_bbox/images/val/val_001283.png,/Users/Di/Documents/GitHub/My projects/Geodata_Archaeology_CV/datasets/dataset_yolo_bbox/labels/val/val_001283.txt,val,Ae,fortifikatsii,1,1000.0,1000.0,1000.0,40.0,40.0,40.0,25.0,25.0,25.0,1.0,True,True,previews/val_val_001283.jpg,,,
val_val_001284,/Users/Di/Documents/GitHub/My projects/Geodata_Archaeology_CV/datasets/dataset_yolo_bbox/images/val/val_001284.png,/Users/Di/Documents/GitHub/My projects/Geodata_Archaeology_CV/datasets/dataset_yolo_bbox/labels/val/val_001284.txt,val,Ae,,0,,,,,,,,,,1.0,True,False,previews/val_val_001284.jpg,,,
val_val_001285,/Users/Di/Documents/GitHub/My projects/Geodata_Archaeology_CV/datasets/dataset_yolo_bbox/images/val/val_001285.png,/Users/Di/Documents/GitHub/My projects/Geodata_Archaeology_CV/datasets/dataset_yolo_bbox/labels/val/val_001285.txt,val,Ae,,0,,,,,,,,,,1.0,True,False,previews/val_val_001285.jpg,,,
val_val_001286,/Users/Di/Documents/GitHub/My projects/Geodata_Archaeology_CV/datasets/dataset_yolo_bbox/images/val/val_001286.png,/Users/Di/Documents/GitHub/My projects/Geodata_Archaeology_CV/datasets/dataset_yolo_bbox/labels/val/val_001286.txt,val,Ae,,0,,,,,,,,,,1.0,True,False,previews/val_val_001286.jpg,,,
val_val_001287,/Users/Di/Documents/GitHub/My projects/Geodata_Archaeology_CV/datasets/dataset_yolo_bbox/images/val/val_001287.png,/Users/Di/Documents/GitHub/My projects/Geodata_Archaeology_CV/datasets/dataset_yolo_bbox/labels/val/val_001287.txt,val,Ae,,0,,,,,,,,,,1.0,False,False,previews/val_val_001287.jpg,,,
val_val_001288,/Users/Di/Documents/GitHub/My projects/Geodata_Archaeology_CV/datasets/dataset_yolo_bbox/images/val/val_001288.png,/Users/Di/Documents/GitHub/My projects/Geodata_Archaeology_CV/datasets/dataset_yolo_bbox/labels/val/val_001288.txt,val,Ae,,0,,,,,,,,,,1.0,False,False,previews/val_val_001288.jpg,,,
val_val_001289,/Users/Di/Documents/GitHub/My projects/Geodata_Archaeology_CV/datasets/dataset_yolo_bbox/images/val/val_001289.png,/Users/Di/Documents/GitHub/My projects/Geodata_Archaeology_CV/datasets/dataset_yolo_bbox/labels/val/val_001289.txt,val,Ae,fortifikatsii,1,474628.0,474628.0,474628.0,737.0,737.0,737.0,644.0,644.0,644.0,1.0,False,True,previews/val_val_001289.jpg,,,
val_val_001290,/Users/Di/Documents/GitHub/My projects/Geodata_Archaeology_CV/datasets/dataset_yolo_bbox/images/val/val_001290.png,/Users/Di/Documents/GitHub/My projects/Geodata_Archaeology_CV/datasets/dataset_yolo_bbox/labels/val/val_001290.txt,val,Ae,arkhitektury; fortifikatsii,2,5644.0,124047.5,242451.0,68.0,545.5,1023.0,83.0,160.0,237.0,1.0,False,True,previews/val_val_001290.jpg,,,
val_val_001291,/Users/Di/Documents/GitHub/My projects/Geodata_Archaeology_CV/datasets/dataset_yolo_bbox/images/val/val_001291.png,/Users/Di/Documents/GitHub/My projects/Geodata_Archaeology_CV/datasets/dataset_yolo_bbox/labels/val/val_001291.txt,val,Ae,fortifikatsii,1,314590.0,314590.0,314590.0,815.0,815.0,815.0,386.0,386.0,386.0,1.0,False,True,previews/val_val_001291.jpg,,,
val_val_001292,/Users/Di/Documents/GitHub/My projects/Geodata_Archaeology_CV/datasets/dataset_yolo_bbox/images/val/val_001292.png,/Users/Di/Documents/GitHub/My projects/Geodata_Archaeology_CV/datasets/dataset_yolo_bbox/labels/val/val_001292.txt,val,Ae,arkhitektury; fortifikatsii,4,1890.0,6880.0,13284.0,45.0,73.5,123.0,42.0,90.0,108.0,1.0,False,True,previews/val_val_001292.jpg,,,
val_val_001293,/Users/Di/Documents/GitHub/My projects/Geodata_Archaeology_CV/datasets/dataset_yolo_bbox/images/val/val_001293.png,/Users/Di/Documents/GitHub/My projects/Geodata_Archaeology_CV/datasets/dataset_yolo_bbox/labels/val/val_001293.txt,val,Ae,arkhitektury; fortifikatsii,3,1890.0,13284.0,436860.0,45.0,123.0,809.0,42.0,108.0,540.0,1.0,False,True,previews/val_val_001293.jpg,,,
val_val_001294,/Users/Di/Documents/GitHub/My projects/Geodata_Archaeology_CV/datasets/dataset_yolo_bbox/images/val/val_001294.png,/Users/Di/Documents/GitHub/My projects/Geodata_Archaeology_CV/datasets/dataset_yolo_bbox/labels/val/val_001294.txt,val,Ae,fortifikatsii,1,29792.0,29792.0,29792.0,196.0,196.0,196.0,152.0,152.0,152.0,1.0,False,True,previews/val_val_001294.jpg,,,
val_val_001295,/Users/Di/Documents/GitHub/My projects/Geodata_Archaeology_CV/datasets/dataset_yolo_bbox/images/val/val_001295.png,/Users/Di/Documents/GitHub/My projects/Geodata_Archaeology_CV/datasets/dataset_yolo_bbox/labels/val/val_001295.txt,val,Ae,,0,,,,,,,,,,1.0,False,False,previews/val_val_001295.jpg,,,
val_val_001296,/Users/Di/Documents/GitHub/My projects/Geodata_Archaeology_CV/datasets/dataset_yolo_bbox/images/val/val_001296.png,/Users/Di/Documents/GitHub/My projects/Geodata_Archaeology_CV/datasets/dataset_yolo_bbox/labels/val/val_001296.txt,val,Ae,,0,,,,,,,,,,1.0,False,False,previews/val_val_001296.jpg,,,
val_val_001297,/Users/Di/Documents/GitHub/My projects/Geodata_Archaeology_CV/datasets/dataset_yolo_bbox/images/val/val_001297.png,/Users/Di/Documents/GitHub/My projects/Geodata_Archaeology_CV/datasets/dataset_yolo_bbox/labels/val/val_001297.txt,val,Ae,,0,,,,,,,,,,1.0,False,False,previews/val_val_001297.jpg,,,
val_val_001298,/Users/Di/Documents/GitHub/My projects/Geodata_Archaeology_CV/datasets/dataset_yolo_bbox/images/val/val_001298.png,/Users/Di/Documents/GitHub/My projects/Geodata_Archaeology_CV/datasets/dataset_yolo_bbox/labels/val/val_001298.txt,val,Ae,fortifikatsii,1,122820.0,122820.0,122820.0,178.0,178.0,178.0,690.0,690.0,690.0,1.0,False,True,previews/val_val_001298.jpg,,,
val_val_001299,/Users/Di/Documents/GitHub/My projects/Geodata_Archaeology_CV/datasets/dataset_yolo_bbox/images/val/val_001299.png,/Users/Di/Documents/GitHub/My projects/Geodata_Archaeology_CV/datasets/dataset_yolo_bbox/labels/val/val_001299.txt,val,Ae,fortifikatsii,1,466488.0,466488.0,466488.0,456.0,456.0,456.0,1023.0,1023.0,1023.0,1.0,False,True,previews/val_val_001299.jpg,,,
val_val_001300,/Users/Di/Documents/GitHub/My projects/Geodata_Archaeology_CV/datasets/dataset_yolo_bbox/images/val/val_001300.png,/Users/Di/Documents/GitHub/My projects/Geodata_Archaeology_CV/datasets/dataset_yolo_bbox/labels/val/val_001300.txt,val,Ae,fortifikatsii,1,504339.0,504339.0,504339.0,493.0,493.0,493.0,1023.0,1023.0,1023.0,1.0,False,True,previews/val_val_001300.jpg,,,
val_val_001301,/Users/Di/Documents/GitHub/My projects/Geodata_Archaeology_CV/datasets/dataset_yolo_bbox/images/val/val_001301.png,/Users/Di/Documents/GitHub/My projects/Geodata_Archaeology_CV/datasets/dataset_yolo_bbox/labels/val/val_001301.txt,val,Ae,fortifikatsii,1,264040.0,264040.0,264040.0,287.0,287.0,287.0,920.0,920.0,920.0,1.0,False,True,previews/val_val_001301.jpg,,,
val_val_001302,/Users/Di/Documents/GitHub/My projects/Geodata_Archaeology_CV/datasets/dataset_yolo_bbox/images/val/val_001302.png,/Users/Di/Documents/GitHub/My projects/Geodata_Archaeology_CV/datasets/dataset_yolo_bbox/labels/val/val_001302.txt,val,Ae,,0,,,,,,,,,,1.0,False,False,previews/val_val_001302.jpg,,,
val_val_001303,/Users/Di/Documents/GitHub/My projects/Geodata_Archaeology_CV/datasets/dataset_yolo_bbox/images/val/val_001303.png,/Users/Di/Documents/GitHub/My projects/Geodata_Archaeology_CV/datasets/dataset_yolo_bbox/labels/val/val_001303.txt,val,Ae,,0,,,,,,,,,,1.0,True,False,previews/val_val_001303.jpg,,,
val_val_001304,/Users/Di/Documents/GitHub/My projects/Geodata_Archaeology_CV/datasets/dataset_yolo_bbox/images/val/val_001304.png,/Users/Di/Documents/GitHub/My projects/Geodata_Archaeology_CV/datasets/dataset_yolo_bbox/labels/val/val_001304.txt,val,Ae,,0,,,,,,,,,,1.0,False,False,previews/val_val_001304.jpg,,,
val_val_001305,/Users/Di/Documents/GitHub/My projects/Geodata_Archaeology_CV/datasets/dataset_yolo_bbox/images/val/val_001305.png,/Users/Di/Documents/GitHub/My projects/Geodata_Archaeology_CV/datasets/dataset_yolo_bbox/labels/val/val_001305.txt,val,Ae,fortifikatsii,1,264957.0,264957.0,264957.0,259.0,259.0,259.0,1023.0,1023.0,1023.0,1.0,False,True,previews/val_val_001305.jpg,,,
val_val_001306,/Users/Di/Documents/GitHub/My projects/Geodata_Archaeology_CV/datasets/dataset_yolo_bbox/images/val/val_001306.png,/Users/Di/Documents/GitHub/My projects/Geodata_Archaeology_CV/datasets/dataset_yolo_bbox/labels/val/val_001306.txt,val,Ae,fortifikatsii,1,245520.0,245520.0,245520.0,240.0,240.0,240.0,1023.0,1023.0,1023.0,1.0,False,True,previews/val_val_001306.jpg,,,
val_val_001307,/Users/Di/Documents/GitHub/My projects/Geodata_Archaeology_CV/datasets/dataset_yolo_bbox/images/val/val_001307.png,/Users/Di/Documents/GitHub/My projects/Geodata_Archaeology_CV/datasets/dataset_yolo_bbox/labels/val/val_001307.txt,val,Ae,arkhitektury; fortifikatsii,2,10890.0,141381.0,271872.0,99.0,337.5,576.0,110.0,291.0,472.0,1.0,False,True,previews/val_val_001307.jpg,,,
val_val_001308,/Users/Di/Documents/GitHub/My projects/Geodata_Archaeology_CV/datasets/dataset_yolo_bbox/images/val/val_001308.png,/Users/Di/Documents/GitHub/My projects/Geodata_Archaeology_CV/datasets/dataset_yolo_bbox/labels/val/val_001308.txt,val,Ae,arkhitektury; fortifikatsii,2,10890.0,67513.0,124136.0,99.0,181.0,263.0,110.0,291.0,472.0,1.0,False,True,previews/val_val_001308.jpg,,,
val_val_001309,/Users/Di/Documents/GitHub/My projects/Geodata_Archaeology_CV/datasets/dataset_yolo_bbox/images/val/val_001309.png,/Users/Di/Documents/GitHub/My projects/Geodata_Archaeology_CV/datasets/dataset_yolo_bbox/labels/val/val_001309.txt,val,Ae,fortifikatsii,1,201531.0,201531.0,201531.0,197.0,197.0,197.0,1023.0,1023.0,1023.0,1.0,False,True,previews/val_val_001309.jpg,,,
val_val_001310,/Users/Di/Documents/GitHub/My projects/Geodata_Archaeology_CV/datasets/dataset_yolo_bbox/images/val/val_001310.png,/Users/Di/Documents/GitHub/My projects/Geodata_Archaeology_CV/datasets/dataset_yolo_bbox/labels/val/val_001310.txt,val,Ae,fortifikatsii,1,247566.0,247566.0,247566.0,242.0,242.0,242.0,1023.0,1023.0,1023.0,1.0,False,True,previews/val_val_001310.jpg,,,
val_val_001311,/Users/Di/Documents/GitHub/My projects/Geodata_Archaeology_CV/datasets/dataset_yolo_bbox/images/val/val_001311.png,/Users/Di/Documents/GitHub/My projects/Geodata_Archaeology_CV/datasets/dataset_yolo_bbox/labels/val/val_001311.txt,val,Ae,arkhitektury,1,5180.0,5180.0,5180.0,70.0,70.0,70.0,74.0,74.0,74.0,1.0,False,False,previews/val_val_001311.jpg,,,
val_val_001312,/Users/Di/Documents/GitHub/My projects/Geodata_Archaeology_CV/datasets/dataset_yolo_bbox/images/val/val_001312.png,/Users/Di/Documents/GitHub/My projects/Geodata_Archaeology_CV/datasets/dataset_yolo_bbox/labels/val/val_001312.txt,val,Ae,,0,,,,,,,,,,1.0,False,False,previews/val_val_001312.jpg,,,
val_val_001313,/Users/Di/Documents/GitHub/My projects/Geodata_Archaeology_CV/datasets/dataset_yolo_bbox/images/val/val_001313.png,/Users/Di/Documents/GitHub/My projects/Geodata_Archaeology_CV/datasets/dataset_yolo_bbox/labels/val/val_001313.txt,val,Ae,arkhitektury; fortifikatsii,2,18984.0,119464.5,219945.0,168.0,191.5,215.0,113.0,568.0,1023.0,1.0,False,True,previews/val_val_001313.jpg,,,
val_val_001314,/Users/Di/Documents/GitHub/My projects/Geodata_Archaeology_CV/datasets/dataset_yolo_bbox/images/val/val_001314.png,/Users/Di/Documents/GitHub/My projects/Geodata_Archaeology_CV/datasets/dataset_yolo_bbox/labels/val/val_001314.txt,val,Ae,fortifikatsii,2,45540.0,53335.5,61131.0,99.0,111.0,123.0,460.0,478.5,497.0,1.0,False,True,previews/val_val_001314.jpg,,,
val_val_001315,/Users/Di/Documents/GitHub/My projects/Geodata_Archaeology_CV/datasets/dataset_yolo_bbox/images/val/val_001315.png,/Users/Di/Documents/GitHub/My projects/Geodata_Archaeology_CV/datasets/dataset_yolo_bbox/labels/val/val_001315.txt,val,Ae,arkhitektury; fortifikatsii,2,10890.0,300800.5,590711.0,99.0,373.0,647.0,110.0,511.5,913.0,1.0,False,True,previews/val_val_001315.jpg,,,
val_val_001316,/Users/Di/Documents/GitHub/My projects/Geodata_Archaeology_CV/datasets/dataset_yolo_bbox/images/val/val_001316.png,/Users/Di/Documents/GitHub/My projects/Geodata_Archaeology_CV/datasets/dataset_yolo_bbox/labels/val/val_001316.txt,val,Ae,arkhitektury; fortifikatsii,2,10890.0,100449.0,190008.0,99.0,180.0,261.0,110.0,419.0,728.0,1.0,False,True,previews/val_val_001316.jpg,,,
val_val_001317,/Users/Di/Documents/GitHub/My projects/Geodata_Archaeology_CV/datasets/dataset_yolo_bbox/images/val/val_001317.png,/Users/Di/Documents/GitHub/My projects/Geodata_Archaeology_CV/datasets/dataset_yolo_bbox/labels/val/val_001317.txt,val,Ae,fortifikatsii,1,163590.0,163590.0,163590.0,205.0,205.0,205.0,798.0,798.0,798.0,1.0,False,True,previews/val_val_001317.jpg,,,
val_val_001318,/Users/Di/Documents/GitHub/My projects/Geodata_Archaeology_CV/datasets/dataset_yolo_bbox/images/val/val_001318.png,/Users/Di/Documents/GitHub/My projects/Geodata_Archaeology_CV/datasets/dataset_yolo_bbox/labels/val/val_001318.txt,val,Ae,fortifikatsii,1,436821.0,436821.0,436821.0,427.0,427.0,427.0,1023.0,1023.0,1023.0,1.0,False,True,previews/val_val_001318.jpg,,,
val_val_001319,/Users/Di/Documents/GitHub/My projects/Geodata_Archaeology_CV/datasets/dataset_yolo_bbox/images/val/val_001319.png,/Users/Di/Documents/GitHub/My projects/Geodata_Archaeology_CV/datasets/dataset_yolo_bbox/labels/val/val_001319.txt,val,Ae,,0,,,,,,,,,,1.0,False,False,previews/val_val_001319.jpg,,,
val_val_001320,/Users/Di/Documents/GitHub/My projects/Geodata_Archaeology_CV/datasets/dataset_yolo_bbox/images/val/val_001320.png,/Users/Di/Documents/GitHub/My projects/Geodata_Archaeology_CV/datasets/dataset_yolo_bbox/labels/val/val_001320.txt,val,Ae,,0,,,,,,,,,,1.0,True,False,previews/val_val_001320.jpg,,,
val_val_001321,/Users/Di/Documents/GitHub/My projects/Geodata_Archaeology_CV/datasets/dataset_yolo_bbox/images/val/val_001321.png,/Users/Di/Documents/GitHub/My projects/Geodata_Archaeology_CV/datasets/dataset_yolo_bbox/labels/val/val_001321.txt,val,Ae,fortifikatsii,1,302808.0,302808.0,302808.0,296.0,296.0,296.0,1023.0,1023.0,1023.0,1.0,False,True,previews/val_val_001321.jpg,,,
val_val_001322,/Users/Di/Documents/GitHub/My projects/Geodata_Archaeology_CV/datasets/dataset_yolo_bbox/images/val/val_001322.png,/Users/Di/Documents/GitHub/My projects/Geodata_Archaeology_CV/datasets/dataset_yolo_bbox/labels/val/val_001322.txt,val,Ae,fortifikatsii,1,440913.0,440913.0,440913.0,431.0,431.0,431.0,1023.0,1023.0,1023.0,1.0,False,True,previews/val_val_001322.jpg,,,
val_val_001323,/Users/Di/Documents/GitHub/My projects/Geodata_Archaeology_CV/datasets/dataset_yolo_bbox/images/val/val_001323.png,/Users/Di/Documents/GitHub/My projects/Geodata_Archaeology_CV/datasets/dataset_yolo_bbox/labels/val/val_001323.txt,val,Ae,fortifikatsii,1,46690.0,46690.0,46690.0,322.0,322.0,322.0,145.0,145.0,145.0,1.0,False,True,previews/val_val_001323.jpg,,,
val_val_001324,/Users/Di/Documents/GitHub/My projects/Geodata_Archaeology_CV/datasets/dataset_yolo_bbox/images/val/val_001324.png,/Users/Di/Documents/GitHub/My projects/Geodata_Archaeology_CV/datasets/dataset_yolo_bbox/labels/val/val_001324.txt,val,Ae,,0,,,,,,,,,,1.0,False,False,previews/val_val_001324.jpg,,,
val_val_001325,/Users/Di/Documents/GitHub/My projects/Geodata_Archaeology_CV/datasets/dataset_yolo_bbox/images/val/val_001325.png,/Users/Di/Documents/GitHub/My projects/Geodata_Archaeology_CV/datasets/dataset_yolo_bbox/labels/val/val_001325.txt,val,Ae,fortifikatsii,1,450.0,450.0,450.0,15.0,15.0,15.0,30.0,30.0,30.0,1.0,False,True,previews/val_val_001325.jpg,,,
val_val_001326,/Users/Di/Documents/GitHub/My projects/Geodata_Archaeology_CV/datasets/dataset_yolo_bbox/images/val/val_001326.png,/Users/Di/Documents/GitHub/My projects/Geodata_Archaeology_CV/datasets/dataset_yolo_bbox/labels/val/val_001326.txt,val,Ae,fortifikatsii,1,139380.0,139380.0,139380.0,276.0,276.0,276.0,505.0,505.0,505.0,1.0,False,True,previews/val_val_001326.jpg,,,
val_val_001327,/Users/Di/Documents/GitHub/My projects/Geodata_Archaeology_CV/datasets/dataset_yolo_bbox/images/val/val_001327.png,/Users/Di/Documents/GitHub/My projects/Geodata_Archaeology_CV/datasets/dataset_yolo_bbox/labels/val/val_001327.txt,val,Ae,arkhitektury,1,17892.0,17892.0,17892.0,126.0,126.0,126.0,142.0,142.0,142.0,1.0,False,False,previews/val_val_001327.jpg,,,
val_val_001328,/Users/Di/Documents/GitHub/My projects/Geodata_Archaeology_CV/datasets/dataset_yolo_bbox/images/val/val_001328.png,/Users/Di/Documents/GitHub/My projects/Geodata_Archaeology_CV/datasets/dataset_yolo_bbox/labels/val/val_001328.txt,val,Ae,fortifikatsii,1,44398.0,44398.0,44398.0,158.0,158.0,158.0,281.0,281.0,281.0,1.0,False,True,previews/val_val_001328.jpg,,,
val_val_001329,/Users/Di/Documents/GitHub/My projects/Geodata_Archaeology_CV/datasets/dataset_yolo_bbox/images/val/val_001329.png,/Users/Di/Documents/GitHub/My projects/Geodata_Archaeology_CV/datasets/dataset_yolo_bbox/labels/val/val_001329.txt,val,Ae,fortifikatsii,1,403920.0,403920.0,403920.0,680.0,680.0,680.0,594.0,594.0,594.0,1.0,False,True,previews/val_val_001329.jpg,,,
val_val_001330,/Users/Di/Documents/GitHub/My projects/Geodata_Archaeology_CV/datasets/dataset_yolo_bbox/images/val/val_001330.png,/Users/Di/Documents/GitHub/My projects/Geodata_Archaeology_CV/datasets/dataset_yolo_bbox/labels/val/val_001330.txt,val,Ae,fortifikatsii,1,144.0,144.0,144.0,9.0,9.0,9.0,16.0,16.0,16.0,1.0,False,True,previews/val_val_001330.jpg,,,
val_val_001331,/Users/Di/Documents/GitHub/My projects/Geodata_Archaeology_CV/datasets/dataset_yolo_bbox/images/val/val_001331.png,/Users/Di/Documents/GitHub/My projects/Geodata_Archaeology_CV/datasets/dataset_yolo_bbox/labels/val/val_001331.txt,val,Ae,,0,,,,,,,,,,1.0,False,False,previews/val_val_001331.jpg,,,
val_val_001332,/Users/Di/Documents/GitHub/My projects/Geodata_Archaeology_CV/datasets/dataset_yolo_bbox/images/val/val_001332.png,/Users/Di/Documents/GitHub/My projects/Geodata_Archaeology_CV/datasets/dataset_yolo_bbox/labels/val/val_001332.txt,val,Ae,,0,,,,,,,,,,1.0,False,False,previews/val_val_001332.jpg,,,
val_val_001333,/Users/Di/Documents/GitHub/My projects/Geodata_Archaeology_CV/datasets/dataset_yolo_bbox/images/val/val_001333.png,/Users/Di/Documents/GitHub/My projects/Geodata_Archaeology_CV/datasets/dataset_yolo_bbox/labels/val/val_001333.txt,val,Ae,,0,,,,,,,,,,1.0,False,False,previews/val_val_001333.jpg,,,
val_val_001334,/Users/Di/Documents/GitHub/My projects/Geodata_Archaeology_CV/datasets/dataset_yolo_bbox/images/val/val_001334.png,/Users/Di/Documents/GitHub/My projects/Geodata_Archaeology_CV/datasets/dataset_yolo_bbox/labels/val/val_001334.txt,val,Ae,fortifikatsii; gorodishcha,2,646.0,2232.5,3819.0,19.0,43.0,67.0,34.0,45.5,57.0,1.0,False,True,previews/val_val_001334.jpg,,,
val_val_001335,/Users/Di/Documents/GitHub/My projects/Geodata_Archaeology_CV/datasets/dataset_yolo_bbox/images/val/val_001335.png,/Users/Di/Documents/GitHub/My projects/Geodata_Archaeology_CV/datasets/dataset_yolo_bbox/labels/val/val_001335.txt,val,Ae,fortifikatsii; gorodishcha,2,9071.0,19071.5,29072.0,193.0,254.5,316.0,47.0,69.5,92.0,1.0,False,True,previews/val_val_001335.jpg,,,
val_val_001336,/Users/Di/Documents/GitHub/My projects/Geodata_Archaeology_CV/datasets/dataset_yolo_bbox/images/val/val_001336.png,/Users/Di/Documents/GitHub/My projects/Geodata_Archaeology_CV/datasets/dataset_yolo_bbox/labels/val/val_001336.txt,val,Ae,,0,,,,,,,,,,1.0,False,False,previews/val_val_001336.jpg,,,
val_val_001337,/Users/Di/Documents/GitHub/My projects/Geodata_Archaeology_CV/datasets/dataset_yolo_bbox/images/val/val_001337.png,/Users/Di/Documents/GitHub/My projects/Geodata_Archaeology_CV/datasets/dataset_yolo_bbox/labels/val/val_001337.txt,val,Ae,,0,,,,,,,,,,1.0,False,False,previews/val_val_001337.jpg,,,
val_val_001338,/Users/Di/Documents/GitHub/My projects/Geodata_Archaeology_CV/datasets/dataset_yolo_bbox/images/val/val_001338.png,/Users/Di/Documents/GitHub/My projects/Geodata_Archaeology_CV/datasets/dataset_yolo_bbox/labels/val/val_001338.txt,val,Ae,,0,,,,,,,,,,1.0,False,False,previews/val_val_001338.jpg,,,
val_val_001339,/Users/Di/Documents/GitHub/My projects/Geodata_Archaeology_CV/datasets/dataset_yolo_bbox/images/val/val_001339.png,/Users/Di/Documents/GitHub/My projects/Geodata_Archaeology_CV/datasets/dataset_yolo_bbox/labels/val/val_001339.txt,val,Ae,arkhitektury,4,1330.0,2817.5,8424.0,38.0,49.5,81.0,35.0,55.0,104.0,1.0,False,False,previews/val_val_001339.jpg,,,
val_val_001340,/Users/Di/Documents/GitHub/My projects/Geodata_Archaeology_CV/datasets/dataset_yolo_bbox/images/val/val_001340.png,/Users/Di/Documents/GitHub/My projects/Geodata_Archaeology_CV/datasets/dataset_yolo_bbox/labels/val/val_001340.txt,val,Ae,,0,,,,,,,,,,1.0,False,False,previews/val_val_001340.jpg,,,
val_val_001341,/Users/Di/Documents/GitHub/My projects/Geodata_Archaeology_CV/datasets/dataset_yolo_bbox/images/val/val_001341.png,/Users/Di/Documents/GitHub/My projects/Geodata_Archaeology_CV/datasets/dataset_yolo_bbox/labels/val/val_001341.txt,val,Ae,fortifikatsii; gorodishcha,5,340.0,4278.0,82320.0,19.0,60.0,210.0,17.0,69.0,392.0,1.0,False,True,previews/val_val_001341.jpg,,,
val_val_001342,/Users/Di/Documents/GitHub/My projects/Geodata_Archaeology_CV/datasets/dataset_yolo_bbox/images/val/val_001342.png,/Users/Di/Documents/GitHub/My projects/Geodata_Archaeology_CV/datasets/dataset_yolo_bbox/labels/val/val_001342.txt,val,Ae,fortifikatsii; gorodishcha,5,4050.0,28178.0,195993.0,62.0,175.0,459.0,50.0,146.0,427.0,1.0,False,False,previews/val_val_001342.jpg,,,
val_val_001343,/Users/Di/Documents/GitHub/My projects/Geodata_Archaeology_CV/datasets/dataset_yolo_bbox/images/val/val_001343.png,/Users/Di/Documents/GitHub/My projects/Geodata_Archaeology_CV/datasets/dataset_yolo_bbox/labels/val/val_001343.txt,val,Ae,,0,,,,,,,,,,1.0,False,False,previews/val_val_001343.jpg,,,
val_val_001344,/Users/Di/Documents/GitHub/My projects/Geodata_Archaeology_CV/datasets/dataset_yolo_bbox/images/val/val_001344.png,/Users/Di/Documents/GitHub/My projects/Geodata_Archaeology_CV/datasets/dataset_yolo_bbox/labels/val/val_001344.txt,val,Ae,arkhitektury,4,1330.0,1812.0,5670.0,38.0,48.5,81.0,32.0,40.0,70.0,1.0,False,True,previews/val_val_001344.jpg,,,
val_val_001345,/Users/Di/Documents/GitHub/My projects/Geodata_Archaeology_CV/datasets/dataset_yolo_bbox/images/val/val_001345.png,/Users/Di/Documents/GitHub/My projects/Geodata_Archaeology_CV/datasets/dataset_yolo_bbox/labels/val/val_001345.txt,val,Ae,,0,,,,,,,,,,1.0,False,False,previews/val_val_001345.jpg,,,
val_val_001346,/Users/Di/Documents/GitHub/My projects/Geodata_Archaeology_CV/datasets/dataset_yolo_bbox/images/val/val_001346.png,/Users/Di/Documents/GitHub/My projects/Geodata_Archaeology_CV/datasets/dataset_yolo_bbox/labels/val/val_001346.txt,val,Ae,fortifikatsii,1,47544.0,47544.0,47544.0,168.0,168.0,168.0,283.0,283.0,283.0,1.0,False,True,previews/val_val_001346.jpg,,,
val_val_001347,/Users/Di/Documents/GitHub/My projects/Geodata_Archaeology_CV/datasets/dataset_yolo_bbox/images/val/val_001347.png,/Users/Di/Documents/GitHub/My projects/Geodata_Archaeology_CV/datasets/dataset_yolo_bbox/labels/val/val_001347.txt,val,Ae,fortifikatsii,2,114481.0,144024.5,173568.0,239.0,345.5,452.0,384.0,431.5,479.0,1.0,False,True,previews/val_val_001347.jpg,,,
val_val_001348,/Users/Di/Documents/GitHub/My projects/Geodata_Archaeology_CV/datasets/dataset_yolo_bbox/images/val/val_001348.png,/Users/Di/Documents/GitHub/My projects/Geodata_Archaeology_CV/datasets/dataset_yolo_bbox/labels/val/val_001348.txt,val,Ae,fortifikatsii,1,8721.0,8721.0,8721.0,51.0,51.0,51.0,171.0,171.0,171.0,1.0,False,True,previews/val_val_001348.jpg,,,
val_val_001349,/Users/Di/Documents/GitHub/My projects/Geodata_Archaeology_CV/datasets/dataset_yolo_bbox/images/val/val_001349.png,/Users/Di/Documents/GitHub/My projects/Geodata_Archaeology_CV/datasets/dataset_yolo_bbox/labels/val/val_001349.txt,val,Ae,,0,,,,,,,,,,1.0,False,False,previews/val_val_001349.jpg,,,
val_val_001350,/Users/Di/Documents/GitHub/My projects/Geodata_Archaeology_CV/datasets/dataset_yolo_bbox/images/val/val_001350.png,/Users/Di/Documents/GitHub/My projects/Geodata_Archaeology_CV/datasets/dataset_yolo_bbox/labels/val/val_001350.txt,val,Ae,,0,,,,,,,,,,1.0,False,False,previews/val_val_001350.jpg,,,
val_val_001351,/Users/Di/Documents/GitHub/My projects/Geodata_Archaeology_CV/datasets/dataset_yolo_bbox/images/val/val_001351.png,/Users/Di/Documents/GitHub/My projects/Geodata_Archaeology_CV/datasets/dataset_yolo_bbox/labels/val/val_001351.txt,val,Ae,,0,,,,,,,,,,1.0,False,False,previews/val_val_001351.jpg,,,
val_val_001352,/Users/Di/Documents/GitHub/My projects/Geodata_Archaeology_CV/datasets/dataset_yolo_bbox/images/val/val_001352.png,/Users/Di/Documents/GitHub/My projects/Geodata_Archaeology_CV/datasets/dataset_yolo_bbox/labels/val/val_001352.txt,val,Ae,arkhitektury,1,25480.0,25480.0,25480.0,140.0,140.0,140.0,182.0,182.0,182.0,1.0,False,False,previews/val_val_001352.jpg,,,
val_val_001353,/Users/Di/Documents/GitHub/My projects/Geodata_Archaeology_CV/datasets/dataset_yolo_bbox/images/val/val_001353.png,/Users/Di/Documents/GitHub/My projects/Geodata_Archaeology_CV/datasets/dataset_yolo_bbox/labels/val/val_001353.txt,val,Ae,arkhitektury,1,25480.0,25480.0,25480.0,140.0,140.0,140.0,182.0,182.0,182.0,1.0,False,False,previews/val_val_001353.jpg,,,
val_val_001354,/Users/Di/Documents/GitHub/My projects/Geodata_Archaeology_CV/datasets/dataset_yolo_bbox/images/val/val_001354.png,/Users/Di/Documents/GitHub/My projects/Geodata_Archaeology_CV/datasets/dataset_yolo_bbox/labels/val/val_001354.txt,val,Ae,fortifikatsii,1,21714.0,21714.0,21714.0,141.0,141.0,141.0,154.0,154.0,154.0,1.0,False,True,previews/val_val_001354.jpg,,,
val_val_001355,/Users/Di/Documents/GitHub/My projects/Geodata_Archaeology_CV/datasets/dataset_yolo_bbox/images/val/val_001355.png,/Users/Di/Documents/GitHub/My projects/Geodata_Archaeology_CV/datasets/dataset_yolo_bbox/labels/val/val_001355.txt,val,Ae,fortifikatsii,2,34456.0,110204.0,185952.0,146.0,296.5,447.0,236.0,326.0,416.0,1.0,False,True,previews/val_val_001355.jpg,,,
val_val_001356,/Users/Di/Documents/GitHub/My projects/Geodata_Archaeology_CV/datasets/dataset_yolo_bbox/images/val/val_001356.png,/Users/Di/Documents/GitHub/My projects/Geodata_Archaeology_CV/datasets/dataset_yolo_bbox/labels/val/val_001356.txt,val,Ae,,0,,,,,,,,,,1.0,False,False,previews/val_val_001356.jpg,,,
val_val_001357,/Users/Di/Documents/GitHub/My projects/Geodata_Archaeology_CV/datasets/dataset_yolo_bbox/images/val/val_001357.png,/Users/Di/Documents/GitHub/My projects/Geodata_Archaeology_CV/datasets/dataset_yolo_bbox/labels/val/val_001357.txt,val,Ae,,0,,,,,,,,,,1.0,True,False,previews/val_val_001357.jpg,,,
val_val_001358,/Users/Di/Documents/GitHub/My projects/Geodata_Archaeology_CV/datasets/dataset_yolo_bbox/images/val/val_001358.png,/Users/Di/Documents/GitHub/My projects/Geodata_Archaeology_CV/datasets/dataset_yolo_bbox/labels/val/val_001358.txt,val,Ae,,0,,,,,,,,,,1.0,False,False,previews/val_val_001358.jpg,,,
val_val_001359,/Users/Di/Documents/GitHub/My projects/Geodata_Archaeology_CV/datasets/dataset_yolo_bbox/images/val/val_001359.png,/Users/Di/Documents/GitHub/My projects/Geodata_Archaeology_CV/datasets/dataset_yolo_bbox/labels/val/val_001359.txt,val,Ae,,0,,,,,,,,,,1.0,False,False,previews/val_val_001359.jpg,,,
val_val_001360,/Users/Di/Documents/GitHub/My projects/Geodata_Archaeology_CV/datasets/dataset_yolo_bbox/images/val/val_001360.png,/Users/Di/Documents/GitHub/My projects/Geodata_Archaeology_CV/datasets/dataset_yolo_bbox/labels/val/val_001360.txt,val,Ae,gorodishcha,1,80391.0,80391.0,80391.0,381.0,381.0,381.0,211.0,211.0,211.0,1.0,False,True,previews/val_val_001360.jpg,,,
val_val_001361,/Users/Di/Documents/GitHub/My projects/Geodata_Archaeology_CV/datasets/dataset_yolo_bbox/images/val/val_001361.png,/Users/Di/Documents/GitHub/My projects/Geodata_Archaeology_CV/datasets/dataset_yolo_bbox/labels/val/val_001361.txt,val,Ae,gorodishcha,1,4959.0,4959.0,4959.0,29.0,29.0,29.0,171.0,171.0,171.0,1.0,False,True,previews/val_val_001361.jpg,,,
val_val_001362,/Users/Di/Documents/GitHub/My projects/Geodata_Archaeology_CV/datasets/dataset_yolo_bbox/images/val/val_001362.png,/Users/Di/Documents/GitHub/My projects/Geodata_Archaeology_CV/datasets/dataset_yolo_bbox/labels/val/val_001362.txt,val,Ae,,0,,,,,,,,,,1.0,False,False,previews/val_val_001362.jpg,,,
val_val_001363,/Users/Di/Documents/GitHub/My projects/Geodata_Archaeology_CV/datasets/dataset_yolo_bbox/images/val/val_001363.png,/Users/Di/Documents/GitHub/My projects/Geodata_Archaeology_CV/datasets/dataset_yolo_bbox/labels/val/val_001363.txt,val,Ae,,0,,,,,,,,,,1.0,False,False,previews/val_val_001363.jpg,,,
val_val_001364,/Users/Di/Documents/GitHub/My projects/Geodata_Archaeology_CV/datasets/dataset_yolo_bbox/images/val/val_001364.png,/Users/Di/Documents/GitHub/My projects/Geodata_Archaeology_CV/datasets/dataset_yolo_bbox/labels/val/val_001364.txt,val,Ae,,0,,,,,,,,,,1.0,False,False,previews/val_val_001364.jpg,,,
val_val_001365,/Users/Di/Documents/GitHub/My projects/Geodata_Archaeology_CV/datasets/dataset_yolo_bbox/images/val/val_001365.png,/Users/Di/Documents/GitHub/My projects/Geodata_Archaeology_CV/datasets/dataset_yolo_bbox/labels/val/val_001365.txt,val,Ae,,0,,,,,,,,,,1.0,False,False,previews/val_val_001365.jpg,,,
val_val_001366,/Users/Di/Documents/GitHub/My projects/Geodata_Archaeology_CV/datasets/dataset_yolo_bbox/images/val/val_001366.png,/Users/Di/Documents/GitHub/My projects/Geodata_Archaeology_CV/datasets/dataset_yolo_bbox/labels/val/val_001366.txt,val,Ae,,0,,,,,,,,,,1.0,False,False,previews/val_val_001366.jpg,,,
val_val_001367,/Users/Di/Documents/GitHub/My projects/Geodata_Archaeology_CV/datasets/dataset_yolo_bbox/images/val/val_001367.png,/Users/Di/Documents/GitHub/My projects/Geodata_Archaeology_CV/datasets/dataset_yolo_bbox/labels/val/val_001367.txt,val,Ae,,0,,,,,,,,,,1.0,False,False,previews/val_val_001367.jpg,,,
val_val_001368,/Users/Di/Documents/GitHub/My projects/Geodata_Archaeology_CV/datasets/dataset_yolo_bbox/images/val/val_001368.png,/Users/Di/Documents/GitHub/My projects/Geodata_Archaeology_CV/datasets/dataset_yolo_bbox/labels/val/val_001368.txt,val,Ae,,0,,,,,,,,,,1.0,False,False,previews/val_val_001368.jpg,,,
val_val_001369,/Users/Di/Documents/GitHub/My projects/Geodata_Archaeology_CV/datasets/dataset_yolo_bbox/images/val/val_001369.png,/Users/Di/Documents/GitHub/My projects/Geodata_Archaeology_CV/datasets/dataset_yolo_bbox/labels/val/val_001369.txt,val,Ae,gorodishcha,1,244480.0,244480.0,244480.0,382.0,382.0,382.0,640.0,640.0,640.0,1.0,False,False,previews/val_val_001369.jpg,,,
val_val_001370,/Users/Di/Documents/GitHub/My projects/Geodata_Archaeology_CV/datasets/dataset_yolo_bbox/images/val/val_001370.png,/Users/Di/Documents/GitHub/My projects/Geodata_Archaeology_CV/datasets/dataset_yolo_bbox/labels/val/val_001370.txt,val,Ae,gorodishcha,1,9106.0,9106.0,9106.0,29.0,29.0,29.0,314.0,314.0,314.0,1.0,False,True,previews/val_val_001370.jpg,,,
val_val_001371,/Users/Di/Documents/GitHub/My projects/Geodata_Archaeology_CV/datasets/dataset_yolo_bbox/images/val/val_001371.png,/Users/Di/Documents/GitHub/My projects/Geodata_Archaeology_CV/datasets/dataset_yolo_bbox/labels/val/val_001371.txt,val,Ae,,0,,,,,,,,,,1.0,False,False,previews/val_val_001371.jpg,,,
val_val_001372,/Users/Di/Documents/GitHub/My projects/Geodata_Archaeology_CV/datasets/dataset_yolo_bbox/images/val/val_001372.png,/Users/Di/Documents/GitHub/My projects/Geodata_Archaeology_CV/datasets/dataset_yolo_bbox/labels/val/val_001372.txt,val,Ae,,0,,,,,,,,,,1.0,False,False,previews/val_val_001372.jpg,,,
val_val_001373,/Users/Di/Documents/GitHub/My projects/Geodata_Archaeology_CV/datasets/dataset_yolo_bbox/images/val/val_001373.png,/Users/Di/Documents/GitHub/My projects/Geodata_Archaeology_CV/datasets/dataset_yolo_bbox/labels/val/val_001373.txt,val,Ae,arkhitektury; fortifikatsii,2,2840.0,14949.0,27058.0,71.0,198.5,326.0,40.0,61.5,83.0,1.0,False,True,previews/val_val_001373.jpg,,,
val_val_001374,/Users/Di/Documents/GitHub/My projects/Geodata_Archaeology_CV/datasets/dataset_yolo_bbox/images/val/val_001374.png,/Users/Di/Documents/GitHub/My projects/Geodata_Archaeology_CV/datasets/dataset_yolo_bbox/labels/val/val_001374.txt,val,Ae,fortifikatsii,1,1848.0,1848.0,1848.0,66.0,66.0,66.0,28.0,28.0,28.0,1.0,False,True,previews/val_val_001374.jpg,,,
val_val_001375,/Users/Di/Documents/GitHub/My projects/Geodata_Archaeology_CV/datasets/dataset_yolo_bbox/images/val/val_001375.png,/Users/Di/Documents/GitHub/My projects/Geodata_Archaeology_CV/datasets/dataset_yolo_bbox/labels/val/val_001375.txt,val,Ae,,0,,,,,,,,,,1.0,False,False,previews/val_val_001375.jpg,,,
val_val_001376,/Users/Di/Documents/GitHub/My projects/Geodata_Archaeology_CV/datasets/dataset_yolo_bbox/images/val/val_001376.png,/Users/Di/Documents/GitHub/My projects/Geodata_Archaeology_CV/datasets/dataset_yolo_bbox/labels/val/val_001376.txt,val,Ae,,0,,,,,,,,,,1.0,False,False,previews/val_val_001376.jpg,,,
val_val_001377,/Users/Di/Documents/GitHub/My projects/Geodata_Archaeology_CV/datasets/dataset_yolo_bbox/images/val/val_001377.png,/Users/Di/Documents/GitHub/My projects/Geodata_Archaeology_CV/datasets/dataset_yolo_bbox/labels/val/val_001377.txt,val,Ae,,0,,,,,,,,,,1.0,False,False,previews/val_val_001377.jpg,,,
val_val_001378,/Users/Di/Documents/GitHub/My projects/Geodata_Archaeology_CV/datasets/dataset_yolo_bbox/images/val/val_001378.png,/Users/Di/Documents/GitHub/My projects/Geodata_Archaeology_CV/datasets/dataset_yolo_bbox/labels/val/val_001378.txt,val,Ae,,0,,,,,,,,,,1.0,False,False,previews/val_val_001378.jpg,,,
val_val_001379,/Users/Di/Documents/GitHub/My projects/Geodata_Archaeology_CV/datasets/dataset_yolo_bbox/images/val/val_001379.png,/Users/Di/Documents/GitHub/My projects/Geodata_Archaeology_CV/datasets/dataset_yolo_bbox/labels/val/val_001379.txt,val,Ae,,0,,,,,,,,,,1.0,False,False,previews/val_val_001379.jpg,,,
val_val_001380,/Users/Di/Documents/GitHub/My projects/Geodata_Archaeology_CV/datasets/dataset_yolo_bbox/images/val/val_001380.png,/Users/Di/Documents/GitHub/My projects/Geodata_Archaeology_CV/datasets/dataset_yolo_bbox/labels/val/val_001380.txt,val,Ae,arkhitektury; fortifikatsii,3,9408.0,28431.0,290260.0,98.0,117.0,460.0,96.0,243.0,631.0,1.0,False,False,previews/val_val_001380.jpg,,,
val_val_001381,/Users/Di/Documents/GitHub/My projects/Geodata_Archaeology_CV/datasets/dataset_yolo_bbox/images/val/val_001381.png,/Users/Di/Documents/GitHub/My projects/Geodata_Archaeology_CV/datasets/dataset_yolo_bbox/labels/val/val_001381.txt,val,Ae,fortifikatsii,1,36816.0,36816.0,36816.0,78.0,78.0,78.0,472.0,472.0,472.0,1.0,False,True,previews/val_val_001381.jpg,,,
val_val_001382,/Users/Di/Documents/GitHub/My projects/Geodata_Archaeology_CV/datasets/dataset_yolo_bbox/images/val/val_001382.png,/Users/Di/Documents/GitHub/My projects/Geodata_Archaeology_CV/datasets/dataset_yolo_bbox/labels/val/val_001382.txt,val,Ae,,0,,,,,,,,,,1.0,False,False,previews/val_val_001382.jpg,,,
val_val_001383,/Users/Di/Documents/GitHub/My projects/Geodata_Archaeology_CV/datasets/dataset_yolo_bbox/images/val/val_001383.png,/Users/Di/Documents/GitHub/My projects/Geodata_Archaeology_CV/datasets/dataset_yolo_bbox/labels/val/val_001383.txt,val,Ae,,0,,,,,,,,,,1.0,False,False,previews/val_val_001383.jpg,,,
val_val_001384,/Users/Di/Documents/GitHub/My projects/Geodata_Archaeology_CV/datasets/dataset_yolo_bbox/images/val/val_001384.png,/Users/Di/Documents/GitHub/My projects/Geodata_Archaeology_CV/datasets/dataset_yolo_bbox/labels/val/val_001384.txt,val,Ae,,0,,,,,,,,,,1.0,False,False,previews/val_val_001384.jpg,,,
val_val_001385,/Users/Di/Documents/GitHub/My projects/Geodata_Archaeology_CV/datasets/dataset_yolo_bbox/images/val/val_001385.png,/Users/Di/Documents/GitHub/My projects/Geodata_Archaeology_CV/datasets/dataset_yolo_bbox/labels/val/val_001385.txt,val,Ae,,0,,,,,,,,,,1.0,False,False,previews/val_val_001385.jpg,,,
val_val_001386,/Users/Di/Documents/GitHub/My projects/Geodata_Archaeology_CV/datasets/dataset_yolo_bbox/images/val/val_001386.png,/Users/Di/Documents/GitHub/My projects/Geodata_Archaeology_CV/datasets/dataset_yolo_bbox/labels/val/val_001386.txt,val,Ae,,0,,,,,,,,,,1.0,False,False,previews/val_val_001386.jpg,,,
val_val_001387,/Users/Di/Documents/GitHub/My projects/Geodata_Archaeology_CV/datasets/dataset_yolo_bbox/images/val/val_001387.png,/Users/Di/Documents/GitHub/My projects/Geodata_Archaeology_CV/datasets/dataset_yolo_bbox/labels/val/val_001387.txt,val,Ae,,0,,,,,,,,,,1.0,False,False,previews/val_val_001387.jpg,,,
val_val_001388,/Users/Di/Documents/GitHub/My projects/Geodata_Archaeology_CV/datasets/dataset_yolo_bbox/images/val/val_001388.png,/Users/Di/Documents/GitHub/My projects/Geodata_Archaeology_CV/datasets/dataset_yolo_bbox/labels/val/val_001388.txt,val,Ae,,0,,,,,,,,,,1.0,False,False,previews/val_val_001388.jpg,,,
val_val_001389,/Users/Di/Documents/GitHub/My projects/Geodata_Archaeology_CV/datasets/dataset_yolo_bbox/images/val/val_001389.png,/Users/Di/Documents/GitHub/My projects/Geodata_Archaeology_CV/datasets/dataset_yolo_bbox/labels/val/val_001389.txt,val,Ae,fortifikatsii,1,5180.0,5180.0,5180.0,148.0,148.0,148.0,35.0,35.0,35.0,1.0,False,True,previews/val_val_001389.jpg,,,
val_val_001390,/Users/Di/Documents/GitHub/My projects/Geodata_Archaeology_CV/datasets/dataset_yolo_bbox/images/val/val_001390.png,/Users/Di/Documents/GitHub/My projects/Geodata_Archaeology_CV/datasets/dataset_yolo_bbox/labels/val/val_001390.txt,val,Ae,,0,,,,,,,,,,1.0,False,False,previews/val_val_001390.jpg,,,
val_val_001391,/Users/Di/Documents/GitHub/My projects/Geodata_Archaeology_CV/datasets/dataset_yolo_bbox/images/val/val_001391.png,/Users/Di/Documents/GitHub/My projects/Geodata_Archaeology_CV/datasets/dataset_yolo_bbox/labels/val/val_001391.txt,val,Ae,,0,,,,,,,,,,1.0,False,False,previews/val_val_001391.jpg,,,
val_val_001392,/Users/Di/Documents/GitHub/My projects/Geodata_Archaeology_CV/datasets/dataset_yolo_bbox/images/val/val_001392.png,/Users/Di/Documents/GitHub/My projects/Geodata_Archaeology_CV/datasets/dataset_yolo_bbox/labels/val/val_001392.txt,val,Ae,,0,,,,,,,,,,1.0,False,False,previews/val_val_001392.jpg,,,
val_val_001393,/Users/Di/Documents/GitHub/My projects/Geodata_Archaeology_CV/datasets/dataset_yolo_bbox/images/val/val_001393.png,/Users/Di/Documents/GitHub/My projects/Geodata_Archaeology_CV/datasets/dataset_yolo_bbox/labels/val/val_001393.txt,val,Ae,,0,,,,,,,,,,1.0,False,False,previews/val_val_001393.jpg,,,
val_val_001394,/Users/Di/Documents/GitHub/My projects/Geodata_Archaeology_CV/datasets/dataset_yolo_bbox/images/val/val_001394.png,/Users/Di/Documents/GitHub/My projects/Geodata_Archaeology_CV/datasets/dataset_yolo_bbox/labels/val/val_001394.txt,val,Ae,,0,,,,,,,,,,1.0,False,False,previews/val_val_001394.jpg,,,
val_val_001395,/Users/Di/Documents/GitHub/My projects/Geodata_Archaeology_CV/datasets/dataset_yolo_bbox/images/val/val_001395.png,/Users/Di/Documents/GitHub/My projects/Geodata_Archaeology_CV/datasets/dataset_yolo_bbox/labels/val/val_001395.txt,val,Ae,,0,,,,,,,,,,1.0,False,False,previews/val_val_001395.jpg,,,
val_val_001396,/Users/Di/Documents/GitHub/My projects/Geodata_Archaeology_CV/datasets/dataset_yolo_bbox/images/val/val_001396.png,/Users/Di/Documents/GitHub/My projects/Geodata_Archaeology_CV/datasets/dataset_yolo_bbox/labels/val/val_001396.txt,val,Ae,,0,,,,,,,,,,1.0,False,False,previews/val_val_001396.jpg,,,
val_val_001397,/Users/Di/Documents/GitHub/My projects/Geodata_Archaeology_CV/datasets/dataset_yolo_bbox/images/val/val_001397.png,/Users/Di/Documents/GitHub/My projects/Geodata_Archaeology_CV/datasets/dataset_yolo_bbox/labels/val/val_001397.txt,val,Ae,,0,,,,,,,,,,1.0,False,False,previews/val_val_001397.jpg,,,
val_val_001398,/Users/Di/Documents/GitHub/My projects/Geodata_Archaeology_CV/datasets/dataset_yolo_bbox/images/val/val_001398.png,/Users/Di/Documents/GitHub/My projects/Geodata_Archaeology_CV/datasets/dataset_yolo_bbox/labels/val/val_001398.txt,val,Ae,,0,,,,,,,,,,1.0,False,False,previews/val_val_001398.jpg,,,
val_val_001399,/Users/Di/Documents/GitHub/My projects/Geodata_Archaeology_CV/datasets/dataset_yolo_bbox/images/val/val_001399.png,/Users/Di/Documents/GitHub/My projects/Geodata_Archaeology_CV/datasets/dataset_yolo_bbox/labels/val/val_001399.txt,val,Ae,,0,,,,,,,,,,1.0,False,False,previews/val_val_001399.jpg,,,
val_val_001400,/Users/Di/Documents/GitHub/My projects/Geodata_Archaeology_CV/datasets/dataset_yolo_bbox/images/val/val_001400.png,/Users/Di/Documents/GitHub/My projects/Geodata_Archaeology_CV/datasets/dataset_yolo_bbox/labels/val/val_001400.txt,val,Ae,,0,,,,,,,,,,1.0,False,False,previews/val_val_001400.jpg,,,
val_val_001401,/Users/Di/Documents/GitHub/My projects/Geodata_Archaeology_CV/datasets/dataset_yolo_bbox/images/val/val_001401.png,/Users/Di/Documents/GitHub/My projects/Geodata_Archaeology_CV/datasets/dataset_yolo_bbox/labels/val/val_001401.txt,val,Ae,arkhitektury,1,4140.0,4140.0,4140.0,90.0,90.0,90.0,46.0,46.0,46.0,1.0,False,True,previews/val_val_001401.jpg,,,
val_val_001402,/Users/Di/Documents/GitHub/My projects/Geodata_Archaeology_CV/datasets/dataset_yolo_bbox/images/val/val_001402.png,/Users/Di/Documents/GitHub/My projects/Geodata_Archaeology_CV/datasets/dataset_yolo_bbox/labels/val/val_001402.txt,val,Ae,arkhitektury,1,4140.0,4140.0,4140.0,90.0,90.0,90.0,46.0,46.0,46.0,1.0,False,True,previews/val_val_001402.jpg,,,
val_val_001403,/Users/Di/Documents/GitHub/My projects/Geodata_Archaeology_CV/datasets/dataset_yolo_bbox/images/val/val_001403.png,/Users/Di/Documents/GitHub/My projects/Geodata_Archaeology_CV/datasets/dataset_yolo_bbox/labels/val/val_001403.txt,val,Ae,,0,,,,,,,,,,1.0,False,False,previews/val_val_001403.jpg,,,
val_val_001404,/Users/Di/Documents/GitHub/My projects/Geodata_Archaeology_CV/datasets/dataset_yolo_bbox/images/val/val_001404.png,/Users/Di/Documents/GitHub/My projects/Geodata_Archaeology_CV/datasets/dataset_yolo_bbox/labels/val/val_001404.txt,val,Ae,,0,,,,,,,,,,1.0,False,False,previews/val_val_001404.jpg,,,
val_val_001405,/Users/Di/Documents/GitHub/My projects/Geodata_Archaeology_CV/datasets/dataset_yolo_bbox/images/val/val_001405.png,/Users/Di/Documents/GitHub/My projects/Geodata_Archaeology_CV/datasets/dataset_yolo_bbox/labels/val/val_001405.txt,val,Ae,,0,,,,,,,,,,1.0,False,False,previews/val_val_001405.jpg,,,
val_val_001406,/Users/Di/Documents/GitHub/My projects/Geodata_Archaeology_CV/datasets/dataset_yolo_bbox/images/val/val_001406.png,/Users/Di/Documents/GitHub/My projects/Geodata_Archaeology_CV/datasets/dataset_yolo_bbox/labels/val/val_001406.txt,val,Ae,arkhitektury,1,9990.0,9990.0,9990.0,90.0,90.0,90.0,111.0,111.0,111.0,1.0,False,False,previews/val_val_001406.jpg,,,
val_val_001407,/Users/Di/Documents/GitHub/My projects/Geodata_Archaeology_CV/datasets/dataset_yolo_bbox/images/val/val_001407.png,/Users/Di/Documents/GitHub/My projects/Geodata_Archaeology_CV/datasets/dataset_yolo_bbox/labels/val/val_001407.txt,val,Ae,arkhitektury,1,9990.0,9990.0,9990.0,90.0,90.0,90.0,111.0,111.0,111.0,1.0,False,False,previews/val_val_001407.jpg,,,
val_val_001408,/Users/Di/Documents/GitHub/My projects/Geodata_Archaeology_CV/datasets/dataset_yolo_bbox/images/val/val_001408.png,/Users/Di/Documents/GitHub/My projects/Geodata_Archaeology_CV/datasets/dataset_yolo_bbox/labels/val/val_001408.txt,val,Ae,,0,,,,,,,,,,1.0,False,False,previews/val_val_001408.jpg,,,
val_val_001409,/Users/Di/Documents/GitHub/My projects/Geodata_Archaeology_CV/datasets/dataset_yolo_bbox/images/val/val_001409.png,/Users/Di/Documents/GitHub/My projects/Geodata_Archaeology_CV/datasets/dataset_yolo_bbox/labels/val/val_001409.txt,val,Ae,,0,,,,,,,,,,1.0,False,False,previews/val_val_001409.jpg,,,
val_val_001410,/Users/Di/Documents/GitHub/My projects/Geodata_Archaeology_CV/datasets/dataset_yolo_bbox/images/val/val_001410.png,/Users/Di/Documents/GitHub/My projects/Geodata_Archaeology_CV/datasets/dataset_yolo_bbox/labels/val/val_001410.txt,val,Ae,,0,,,,,,,,,,1.0,False,False,previews/val_val_001410.jpg,,,
val_val_001411,/Users/Di/Documents/GitHub/My projects/Geodata_Archaeology_CV/datasets/dataset_yolo_bbox/images/val/val_001411.png,/Users/Di/Documents/GitHub/My projects/Geodata_Archaeology_CV/datasets/dataset_yolo_bbox/labels/val/val_001411.txt,val,Ae,,0,,,,,,,,,,1.0,False,False,previews/val_val_001411.jpg,,,
val_val_001412,/Users/Di/Documents/GitHub/My projects/Geodata_Archaeology_CV/datasets/dataset_yolo_bbox/images/val/val_001412.png,/Users/Di/Documents/GitHub/My projects/Geodata_Archaeology_CV/datasets/dataset_yolo_bbox/labels/val/val_001412.txt,val,Ae,,0,,,,,,,,,,1.0,False,False,previews/val_val_001412.jpg,,,
val_val_001413,/Users/Di/Documents/GitHub/My projects/Geodata_Archaeology_CV/datasets/dataset_yolo_bbox/images/val/val_001413.png,/Users/Di/Documents/GitHub/My projects/Geodata_Archaeology_CV/datasets/dataset_yolo_bbox/labels/val/val_001413.txt,val,Ae,,0,,,,,,,,,,1.0,False,False,previews/val_val_001413.jpg,,,
val_val_001414,/Users/Di/Documents/GitHub/My projects/Geodata_Archaeology_CV/datasets/dataset_yolo_bbox/images/val/val_001414.png,/Users/Di/Documents/GitHub/My projects/Geodata_Archaeology_CV/datasets/dataset_yolo_bbox/labels/val/val_001414.txt,val,Ae,,0,,,,,,,,,,1.0,True,False,previews/val_val_001414.jpg,,,
val_val_001415,/Users/Di/Documents/GitHub/My projects/Geodata_Archaeology_CV/datasets/dataset_yolo_bbox/images/val/val_001415.png,/Users/Di/Documents/GitHub/My projects/Geodata_Archaeology_CV/datasets/dataset_yolo_bbox/labels/val/val_001415.txt,val,Ae,,0,,,,,,,,,,1.0,True,False,previews/val_val_001415.jpg,,,
val_val_001416,/Users/Di/Documents/GitHub/My projects/Geodata_Archaeology_CV/datasets/dataset_yolo_bbox/images/val/val_001416.png,/Users/Di/Documents/GitHub/My projects/Geodata_Archaeology_CV/datasets/dataset_yolo_bbox/labels/val/val_001416.txt,val,Ae,,0,,,,,,,,,,1.0,True,False,previews/val_val_001416.jpg,,,
val_val_001417,/Users/Di/Documents/GitHub/My projects/Geodata_Archaeology_CV/datasets/dataset_yolo_bbox/images/val/val_001417.png,/Users/Di/Documents/GitHub/My projects/Geodata_Archaeology_CV/datasets/dataset_yolo_bbox/labels/val/val_001417.txt,val,Ae,,0,,,,,,,,,,1.0,True,False,previews/val_val_001417.jpg,,,
val_val_001418,/Users/Di/Documents/GitHub/My projects/Geodata_Archaeology_CV/datasets/dataset_yolo_bbox/images/val/val_001418.png,/Users/Di/Documents/GitHub/My projects/Geodata_Archaeology_CV/datasets/dataset_yolo_bbox/labels/val/val_001418.txt,val,Ae,,0,,,,,,,,,,1.0,True,False,previews/val_val_001418.jpg,,,
val_val_001419,/Users/Di/Documents/GitHub/My projects/Geodata_Archaeology_CV/datasets/dataset_yolo_bbox/images/val/val_001419.png,/Users/Di/Documents/GitHub/My projects/Geodata_Archaeology_CV/datasets/dataset_yolo_bbox/labels/val/val_001419.txt,val,SpOr,gorodishcha,1,24528.0,24528.0,24528.0,112.0,112.0,112.0,219.0,219.0,219.0,0.9486648787313432,True,False,previews/val_val_001419.jpg,,,
val_val_001420,/Users/Di/Documents/GitHub/My projects/Geodata_Archaeology_CV/datasets/dataset_yolo_bbox/images/val/val_001420.png,/Users/Di/Documents/GitHub/My projects/Geodata_Archaeology_CV/datasets/dataset_yolo_bbox/labels/val/val_001420.txt,val,SpOr,gorodishcha,1,24528.0,24528.0,24528.0,112.0,112.0,112.0,219.0,219.0,219.0,0.948887996914466,True,False,previews/val_val_001420.jpg,,,
val_val_001421,/Users/Di/Documents/GitHub/My projects/Geodata_Archaeology_CV/datasets/dataset_yolo_bbox/images/val/val_001421.png,/Users/Di/Documents/GitHub/My projects/Geodata_Archaeology_CV/datasets/dataset_yolo_bbox/labels/val/val_001421.txt,val,Ae,,0,,,,,,,,,,1.0,True,False,previews/val_val_001421.jpg,,,
val_val_001422,/Users/Di/Documents/GitHub/My projects/Geodata_Archaeology_CV/datasets/dataset_yolo_bbox/images/val/val_001422.png,/Users/Di/Documents/GitHub/My projects/Geodata_Archaeology_CV/datasets/dataset_yolo_bbox/labels/val/val_001422.txt,val,Ae,,0,,,,,,,,,,1.0,True,False,previews/val_val_001422.jpg,,,
val_val_001423,/Users/Di/Documents/GitHub/My projects/Geodata_Archaeology_CV/datasets/dataset_yolo_bbox/images/val/val_001423.png,/Users/Di/Documents/GitHub/My projects/Geodata_Archaeology_CV/datasets/dataset_yolo_bbox/labels/val/val_001423.txt,val,Ae,,0,,,,,,,,,,1.0,True,False,previews/val_val_001423.jpg,,,
val_val_001424,/Users/Di/Documents/GitHub/My projects/Geodata_Archaeology_CV/datasets/dataset_yolo_bbox/images/val/val_001424.png,/Users/Di/Documents/GitHub/My projects/Geodata_Archaeology_CV/datasets/dataset_yolo_bbox/labels/val/val_001424.txt,val,Ae,fortifikatsii,4,8584.0,19169.0,26224.0,69.0,115.5,149.0,58.0,195.0,284.0,1.0,False,True,previews/val_val_001424.jpg,,,
val_val_001425,/Users/Di/Documents/GitHub/My projects/Geodata_Archaeology_CV/datasets/dataset_yolo_bbox/images/val/val_001425.png,/Users/Di/Documents/GitHub/My projects/Geodata_Archaeology_CV/datasets/dataset_yolo_bbox/labels/val/val_001425.txt,val,Ae,fortifikatsii,1,1573312.0,1573312.0,1573312.0,992.0,992.0,992.0,1586.0,1586.0,1586.0,1.0,False,False,previews/val_val_001425.jpg,,,
val_val_001426,/Users/Di/Documents/GitHub/My projects/Geodata_Archaeology_CV/datasets/dataset_yolo_bbox/images/val/val_001426.png,/Users/Di/Documents/GitHub/My projects/Geodata_Archaeology_CV/datasets/dataset_yolo_bbox/labels/val/val_001426.txt,val,Ae,fortifikatsii,5,27324.0,34443.0,182865.0,129.0,170.0,365.0,179.0,267.0,715.0,1.0,False,False,previews/val_val_001426.jpg,,,
val_val_001427,/Users/Di/Documents/GitHub/My projects/Geodata_Archaeology_CV/datasets/dataset_yolo_bbox/images/val/val_001427.png,/Users/Di/Documents/GitHub/My projects/Geodata_Archaeology_CV/datasets/dataset_yolo_bbox/labels/val/val_001427.txt,val,Ae,fortifikatsii,5,10780.0,34443.0,182865.0,77.0,170.0,365.0,140.0,267.0,715.0,1.0,False,True,previews/val_val_001427.jpg,,,
val_val_001428,/Users/Di/Documents/GitHub/My projects/Geodata_Archaeology_CV/datasets/dataset_yolo_bbox/images/val/val_001428.png,/Users/Di/Documents/GitHub/My projects/Geodata_Archaeology_CV/datasets/dataset_yolo_bbox/labels/val/val_001428.txt,val,Ae,,0,,,,,,,,,,1.0,True,False,previews/val_val_001428.jpg,,,
val_val_001429,/Users/Di/Documents/GitHub/My projects/Geodata_Archaeology_CV/datasets/dataset_yolo_bbox/images/val/val_001429.png,/Users/Di/Documents/GitHub/My projects/Geodata_Archaeology_CV/datasets/dataset_yolo_bbox/labels/val/val_001429.txt,val,Ae,arkhitektury; fortifikatsii; kurgany_povrezhdennye,5,1435.0,8584.0,126350.0,41.0,148.0,361.0,35.0,65.0,350.0,1.0,False,True,previews/val_val_001429.jpg,,,
val_val_001430,/Users/Di/Documents/GitHub/My projects/Geodata_Archaeology_CV/datasets/dataset_yolo_bbox/images/val/val_001430.png,/Users/Di/Documents/GitHub/My projects/Geodata_Archaeology_CV/datasets/dataset_yolo_bbox/labels/val/val_001430.txt,val,Ae,fortifikatsii; kurgany_povrezhdennye,6,1435.0,4322.5,130032.0,41.0,66.5,336.0,35.0,65.0,387.0,1.0,False,True,previews/val_val_001430.jpg,,,
val_val_001431,/Users/Di/Documents/GitHub/My projects/Geodata_Archaeology_CV/datasets/dataset_yolo_bbox/images/val/val_001431.png,/Users/Di/Documents/GitHub/My projects/Geodata_Archaeology_CV/datasets/dataset_yolo_bbox/labels/val/val_001431.txt,val,Ae,fortifikatsii,1,64792.0,64792.0,64792.0,356.0,356.0,356.0,182.0,182.0,182.0,1.0,False,False,previews/val_val_001431.jpg,,,
val_val_001432,/Users/Di/Documents/GitHub/My projects/Geodata_Archaeology_CV/datasets/dataset_yolo_bbox/images/val/val_001432.png,/Users/Di/Documents/GitHub/My projects/Geodata_Archaeology_CV/datasets/dataset_yolo_bbox/labels/val/val_001432.txt,val,Ae,fortifikatsii,11,2226.0,7656.0,292677.0,42.0,88.0,543.0,47.0,87.0,539.0,1.0,False,True,previews/val_val_001432.jpg,,,
val_val_001433,/Users/Di/Documents/GitHub/My projects/Geodata_Archaeology_CV/datasets/dataset_yolo_bbox/images/val/val_001433.png,/Users/Di/Documents/GitHub/My projects/Geodata_Archaeology_CV/datasets/dataset_yolo_bbox/labels/val/val_001433.txt,val,Ae,fortifikatsii,5,2592.0,6225.0,82080.0,54.0,91.0,456.0,48.0,83.0,180.0,1.0,False,True,previews/val_val_001433.jpg,,,
val_val_001434,/Users/Di/Documents/GitHub/My projects/Geodata_Archaeology_CV/datasets/dataset_yolo_bbox/images/val/val_001434.png,/Users/Di/Documents/GitHub/My projects/Geodata_Archaeology_CV/datasets/dataset_yolo_bbox/labels/val/val_001434.txt,val,Ae,fortifikatsii,2,6225.0,44152.5,82080.0,75.0,265.5,456.0,83.0,131.5,180.0,1.0,True,False,previews/val_val_001434.jpg,,,
val_val_001435,/Users/Di/Documents/GitHub/My projects/Geodata_Archaeology_CV/datasets/dataset_yolo_bbox/images/val/val_001435.png,/Users/Di/Documents/GitHub/My projects/Geodata_Archaeology_CV/datasets/dataset_yolo_bbox/labels/val/val_001435.txt,val,Ae,,0,,,,,,,,,,1.0,True,False,previews/val_val_001435.jpg,,,
val_val_001436,/Users/Di/Documents/GitHub/My projects/Geodata_Archaeology_CV/datasets/dataset_yolo_bbox/images/val/val_001436.png,/Users/Di/Documents/GitHub/My projects/Geodata_Archaeology_CV/datasets/dataset_yolo_bbox/labels/val/val_001436.txt,val,Ae,kurgany_povrezhdennye,2,1025.0,2586.5,4148.0,41.0,54.5,68.0,25.0,43.0,61.0,1.0,False,True,previews/val_val_001436.jpg,,,
val_val_001437,/Users/Di/Documents/GitHub/My projects/Geodata_Archaeology_CV/datasets/dataset_yolo_bbox/images/val/val_001437.png,/Users/Di/Documents/GitHub/My projects/Geodata_Archaeology_CV/datasets/dataset_yolo_bbox/labels/val/val_001437.txt,val,Ae,kurgany_povrezhdennye,2,1025.0,2586.5,4148.0,41.0,54.5,68.0,25.0,43.0,61.0,1.0,False,True,previews/val_val_001437.jpg,,,
val_val_001438,/Users/Di/Documents/GitHub/My projects/Geodata_Archaeology_CV/datasets/dataset_yolo_bbox/images/val/val_001438.png,/Users/Di/Documents/GitHub/My projects/Geodata_Archaeology_CV/datasets/dataset_yolo_bbox/labels/val/val_001438.txt,val,Ae,fortifikatsii,3,3410.0,18768.0,37600.0,62.0,138.0,188.0,55.0,136.0,200.0,1.0,False,True,previews/val_val_001438.jpg,,,
val_val_001439,/Users/Di/Documents/GitHub/My projects/Geodata_Archaeology_CV/datasets/dataset_yolo_bbox/images/val/val_001439.png,/Users/Di/Documents/GitHub/My projects/Geodata_Archaeology_CV/datasets/dataset_yolo_bbox/labels/val/val_001439.txt,val,Ae,fortifikatsii,13,969.0,14016.0,423108.0,49.0,130.0,657.0,17.0,192.0,644.0,1.0,False,True,previews/val_val_001439.jpg,,,
val_val_001440,/Users/Di/Documents/GitHub/My projects/Geodata_Archaeology_CV/datasets/dataset_yolo_bbox/images/val/val_001440.png,/Users/Di/Documents/GitHub/My projects/Geodata_Archaeology_CV/datasets/dataset_yolo_bbox/labels/val/val_001440.txt,val,Ae,fortifikatsii,6,2592.0,76732.5,257868.0,54.0,266.5,494.0,48.0,285.0,522.0,1.0,False,True,previews/val_val_001440.jpg,,,
val_val_001441,/Users/Di/Documents/GitHub/My projects/Geodata_Archaeology_CV/datasets/dataset_yolo_bbox/images/val/val_001441.png,/Users/Di/Documents/GitHub/My projects/Geodata_Archaeology_CV/datasets/dataset_yolo_bbox/labels/val/val_001441.txt,val,Ae,fortifikatsii,2,15367.0,44448.5,73530.0,127.0,192.5,258.0,121.0,203.0,285.0,1.0,True,True,previews/val_val_001441.jpg,,,
val_val_001442,/Users/Di/Documents/GitHub/My projects/Geodata_Archaeology_CV/datasets/dataset_yolo_bbox/images/val/val_001442.png,/Users/Di/Documents/GitHub/My projects/Geodata_Archaeology_CV/datasets/dataset_yolo_bbox/labels/val/val_001442.txt,val,Ae,,0,,,,,,,,,,1.0,False,False,previews/val_val_001442.jpg,,,
val_val_001443,/Users/Di/Documents/GitHub/My projects/Geodata_Archaeology_CV/datasets/dataset_yolo_bbox/images/val/val_001443.png,/Users/Di/Documents/GitHub/My projects/Geodata_Archaeology_CV/datasets/dataset_yolo_bbox/labels/val/val_001443.txt,val,Ae,,0,,,,,,,,,,1.0,False,False,previews/val_val_001443.jpg,,,
val_val_001444,/Users/Di/Documents/GitHub/My projects/Geodata_Archaeology_CV/datasets/dataset_yolo_bbox/images/val/val_001444.png,/Users/Di/Documents/GitHub/My projects/Geodata_Archaeology_CV/datasets/dataset_yolo_bbox/labels/val/val_001444.txt,val,Ae,fortifikatsii,4,2491.0,17010.0,165808.0,53.0,129.5,344.0,47.0,134.0,482.0,1.0,False,True,previews/val_val_001444.jpg,,,
val_val_001445,/Users/Di/Documents/GitHub/My projects/Geodata_Archaeology_CV/datasets/dataset_yolo_bbox/images/val/val_001445.png,/Users/Di/Documents/GitHub/My projects/Geodata_Archaeology_CV/datasets/dataset_yolo_bbox/labels/val/val_001445.txt,val,Ae,fortifikatsii,4,15540.0,34147.5,1876808.0,105.0,198.5,2476.0,120.0,176.5,758.0,1.0,False,False,previews/val_val_001445.jpg,,,
val_val_001446,/Users/Di/Documents/GitHub/My projects/Geodata_Archaeology_CV/datasets/dataset_yolo_bbox/images/val/val_001446.png,/Users/Di/Documents/GitHub/My projects/Geodata_Archaeology_CV/datasets/dataset_yolo_bbox/labels/val/val_001446.txt,val,Ae,fortifikatsii,1,45220.0,45220.0,45220.0,595.0,595.0,595.0,76.0,76.0,76.0,1.0,False,True,previews/val_val_001446.jpg,,,
val_val_001447,/Users/Di/Documents/GitHub/My projects/Geodata_Archaeology_CV/datasets/dataset_yolo_bbox/images/val/val_001447.png,/Users/Di/Documents/GitHub/My projects/Geodata_Archaeology_CV/datasets/dataset_yolo_bbox/labels/val/val_001447.txt,val,Ae,,0,,,,,,,,,,1.0,False,False,previews/val_val_001447.jpg,,,
val_val_001448,/Users/Di/Documents/GitHub/My projects/Geodata_Archaeology_CV/datasets/dataset_yolo_bbox/images/val/val_001448.png,/Users/Di/Documents/GitHub/My projects/Geodata_Archaeology_CV/datasets/dataset_yolo_bbox/labels/val/val_001448.txt,val,Ae,fortifikatsii; kurgany_povrezhdennye; kurgany_tselye,16,1020.0,5140.0,28362.0,27.0,62.0,176.0,32.0,89.0,170.0,1.0,False,True,previews/val_val_001448.jpg,,,
val_val_001449,/Users/Di/Documents/GitHub/My projects/Geodata_Archaeology_CV/datasets/dataset_yolo_bbox/images/val/val_001449.png,/Users/Di/Documents/GitHub/My projects/Geodata_Archaeology_CV/datasets/dataset_yolo_bbox/labels/val/val_001449.txt,val,Ae,fortifikatsii; kurgany_povrezhdennye; kurgany_tselye,16,174.0,3467.5,3794046.0,6.0,54.0,1723.0,29.0,66.5,2202.0,1.0,False,True,previews/val_val_001449.jpg,,,
val_val_001450,/Users/Di/Documents/GitHub/My projects/Geodata_Archaeology_CV/datasets/dataset_yolo_bbox/images/val/val_001450.png,/Users/Di/Documents/GitHub/My projects/Geodata_Archaeology_CV/datasets/dataset_yolo_bbox/labels/val/val_001450.txt,val,Ae,fortifikatsii,3,539.0,8892.0,231012.0,11.0,342.0,414.0,26.0,49.0,558.0,1.0,False,True,previews/val_val_001450.jpg,,,
val_val_001451,/Users/Di/Documents/GitHub/My projects/Geodata_Archaeology_CV/datasets/dataset_yolo_bbox/images/val/val_001451.png,/Users/Di/Documents/GitHub/My projects/Geodata_Archaeology_CV/datasets/dataset_yolo_bbox/labels/val/val_001451.txt,val,Ae,fortifikatsii,1,8216.0,8216.0,8216.0,316.0,316.0,316.0,26.0,26.0,26.0,1.0,False,True,previews/val_val_001451.jpg,,,
val_val_001452,/Users/Di/Documents/GitHub/My projects/Geodata_Archaeology_CV/datasets/dataset_yolo_bbox/images/val/val_001452.png,/Users/Di/Documents/GitHub/My projects/Geodata_Archaeology_CV/datasets/dataset_yolo_bbox/labels/val/val_001452.txt,val,Ae,,0,,,,,,,,,,1.0,False,False,previews/val_val_001452.jpg,,,
val_val_001453,/Users/Di/Documents/GitHub/My projects/Geodata_Archaeology_CV/datasets/dataset_yolo_bbox/images/val/val_001453.png,/Users/Di/Documents/GitHub/My projects/Geodata_Archaeology_CV/datasets/dataset_yolo_bbox/labels/val/val_001453.txt,val,Ae,fortifikatsii; kurgany_povrezhdennye; kurgany_tselye,21,92.0,8148.0,28362.0,23.0,96.0,174.0,4.0,94.0,170.0,1.0,False,True,previews/val_val_001453.jpg,,,
val_val_001454,/Users/Di/Documents/GitHub/My projects/Geodata_Archaeology_CV/datasets/dataset_yolo_bbox/images/val/val_001454.png,/Users/Di/Documents/GitHub/My projects/Geodata_Archaeology_CV/datasets/dataset_yolo_bbox/labels/val/val_001454.txt,val,Ae,fortifikatsii; kurgany_povrezhdennye; kurgany_tselye,15,174.0,3363.0,1147641.0,6.0,50.0,913.0,27.0,64.0,1257.0,1.0,False,True,previews/val_val_001454.jpg,,,
val_val_001455,/Users/Di/Documents/GitHub/My projects/Geodata_Archaeology_CV/datasets/dataset_yolo_bbox/images/val/val_001455.png,/Users/Di/Documents/GitHub/My projects/Geodata_Archaeology_CV/datasets/dataset_yolo_bbox/labels/val/val_001455.txt,val,Ae,fortifikatsii,2,539.0,319909.5,639280.0,11.0,310.5,610.0,49.0,548.5,1048.0,1.0,False,True,previews/val_val_001455.jpg,,,
val_val_001456,/Users/Di/Documents/GitHub/My projects/Geodata_Archaeology_CV/datasets/dataset_yolo_bbox/images/val/val_001456.png,/Users/Di/Documents/GitHub/My projects/Geodata_Archaeology_CV/datasets/dataset_yolo_bbox/labels/val/val_001456.txt,val,Ae,,0,,,,,,,,,,1.0,False,False,previews/val_val_001456.jpg,,,
val_val_001457,/Users/Di/Documents/GitHub/My projects/Geodata_Archaeology_CV/datasets/dataset_yolo_bbox/images/val/val_001457.png,/Users/Di/Documents/GitHub/My projects/Geodata_Archaeology_CV/datasets/dataset_yolo_bbox/labels/val/val_001457.txt,val,Ae,kurgany_povrezhdennye; kurgany_tselye,5,9400.0,13776.0,24150.0,96.0,123.0,161.0,94.0,119.0,150.0,1.0,True,False,previews/val_val_001457.jpg,,,
val_val_001458,/Users/Di/Documents/GitHub/My projects/Geodata_Archaeology_CV/datasets/dataset_yolo_bbox/images/val/val_001458.png,/Users/Di/Documents/GitHub/My projects/Geodata_Archaeology_CV/datasets/dataset_yolo_bbox/labels/val/val_001458.txt,val,Ae,fortifikatsii,1,179922.0,179922.0,179922.0,314.0,314.0,314.0,573.0,573.0,573.0,1.0,True,True,previews/val_val_001458.jpg,,,
val_val_001459,/Users/Di/Documents/GitHub/My projects/Geodata_Archaeology_CV/datasets/dataset_yolo_bbox/images/val/val_001459.png,/Users/Di/Documents/GitHub/My projects/Geodata_Archaeology_CV/datasets/dataset_yolo_bbox/labels/val/val_001459.txt,val,Ae,fortifikatsii,1,179922.0,179922.0,179922.0,314.0,314.0,314.0,573.0,573.0,573.0,1.0,True,True,previews/val_val_001459.jpg,,,
train_train_001460,/Users/Di/Documents/GitHub/My projects/Geodata_Archaeology_CV/datasets/dataset_yolo_bbox/images/train/train_001460.png,/Users/Di/Documents/GitHub/My projects/Geodata_Archaeology_CV/datasets/dataset_yolo_bbox/labels/train/train_001460.txt,train,Ae,,0,,,,,,,,,,1.0,True,False,previews/train_train_001460.jpg,,,
train_train_001461,/Users/Di/Documents/GitHub/My projects/Geodata_Archaeology_CV/datasets/dataset_yolo_bbox/images/train/train_001461.png,/Users/Di/Documents/GitHub/My projects/Geodata_Archaeology_CV/datasets/dataset_yolo_bbox/labels/train/train_001461.txt,train,Ae,,0,,,,,,,,,,1.0,True,False,previews/train_train_001461.jpg,,,
train_train_001462,/Users/Di/Documents/GitHub/My projects/Geodata_Archaeology_CV/datasets/dataset_yolo_bbox/images/train/train_001462.png,/Users/Di/Documents/GitHub/My projects/Geodata_Archaeology_CV/datasets/dataset_yolo_bbox/labels/train/train_001462.txt,train,Ae,,0,,,,,,,,,,1.0,True,False,previews/train_train_001462.jpg,,,
train_train_001463,/Users/Di/Documents/GitHub/My projects/Geodata_Archaeology_CV/datasets/dataset_yolo_bbox/images/train/train_001463.png,/Users/Di/Documents/GitHub/My projects/Geodata_Archaeology_CV/datasets/dataset_yolo_bbox/labels/train/train_001463.txt,train,Ae,,0,,,,,,,,,,1.0,True,False,previews/train_train_001463.jpg,,,
train_train_001464,/Users/Di/Documents/GitHub/My projects/Geodata_Archaeology_CV/datasets/dataset_yolo_bbox/images/train/train_001464.png,/Users/Di/Documents/GitHub/My projects/Geodata_Archaeology_CV/datasets/dataset_yolo_bbox/labels/train/train_001464.txt,train,Ae,,0,,,,,,,,,,1.0,True,False,previews/train_train_001464.jpg,,,
train_train_001465,/Users/Di/Documents/GitHub/My projects/Geodata_Archaeology_CV/datasets/dataset_yolo_bbox/images/train/train_001465.png,/Users/Di/Documents/GitHub/My projects/Geodata_Archaeology_CV/datasets/dataset_yolo_bbox/labels/train/train_001465.txt,train,Ae,,0,,,,,,,,,,1.0,False,False,previews/train_train_001465.jpg,,,
train_train_001466,/Users/Di/Documents/GitHub/My projects/Geodata_Archaeology_CV/datasets/dataset_yolo_bbox/images/train/train_001466.png,/Users/Di/Documents/GitHub/My projects/Geodata_Archaeology_CV/datasets/dataset_yolo_bbox/labels/train/train_001466.txt,train,Ae,,0,,,,,,,,,,1.0,False,False,previews/train_train_001466.jpg,,,
train_train_001467,/Users/Di/Documents/GitHub/My projects/Geodata_Archaeology_CV/datasets/dataset_yolo_bbox/images/train/train_001467.png,/Users/Di/Documents/GitHub/My projects/Geodata_Archaeology_CV/datasets/dataset_yolo_bbox/labels/train/train_001467.txt,train,Ae,kurgany_tselye,1,6612.0,6612.0,6612.0,87.0,87.0,87.0,76.0,76.0,76.0,1.0,False,False,previews/train_train_001467.jpg,,,
train_train_001468,/Users/Di/Documents/GitHub/My projects/Geodata_Archaeology_CV/datasets/dataset_yolo_bbox/images/train/train_001468.png,/Users/Di/Documents/GitHub/My projects/Geodata_Archaeology_CV/datasets/dataset_yolo_bbox/labels/train/train_001468.txt,train,Ae,kurgany_tselye,1,4712.0,4712.0,4712.0,62.0,62.0,62.0,76.0,76.0,76.0,1.0,False,True,previews/train_train_001468.jpg,,,
train_train_001469,/Users/Di/Documents/GitHub/My projects/Geodata_Archaeology_CV/datasets/dataset_yolo_bbox/images/train/train_001469.png,/Users/Di/Documents/GitHub/My projects/Geodata_Archaeology_CV/datasets/dataset_yolo_bbox/labels/train/train_001469.txt,train,Ae,,0,,,,,,,,,,1.0,False,False,previews/train_train_001469.jpg,,,
train_train_001470,/Users/Di/Documents/GitHub/My projects/Geodata_Archaeology_CV/datasets/dataset_yolo_bbox/images/train/train_001470.png,/Users/Di/Documents/GitHub/My projects/Geodata_Archaeology_CV/datasets/dataset_yolo_bbox/labels/train/train_001470.txt,train,Ae,kurgany_tselye,1,160.0,160.0,160.0,10.0,10.0,10.0,16.0,16.0,16.0,1.0,False,True,previews/train_train_001470.jpg,,,
train_train_001471,/Users/Di/Documents/GitHub/My projects/Geodata_Archaeology_CV/datasets/dataset_yolo_bbox/images/train/train_001471.png,/Users/Di/Documents/GitHub/My projects/Geodata_Archaeology_CV/datasets/dataset_yolo_bbox/labels/train/train_001471.txt,train,Ae,fortifikatsii; kurgany_tselye,36,132.0,417.0,1521.0,11.0,20.5,39.0,11.0,20.0,40.0,1.0,False,False,previews/train_train_001471.jpg,,,
train_train_001472,/Users/Di/Documents/GitHub/My projects/Geodata_Archaeology_CV/datasets/dataset_yolo_bbox/images/train/train_001472.png,/Users/Di/Documents/GitHub/My projects/Geodata_Archaeology_CV/datasets/dataset_yolo_bbox/labels/train/train_001472.txt,train,Ae,,0,,,,,,,,,,1.0,False,False,previews/train_train_001472.jpg,,,
train_train_001473,/Users/Di/Documents/GitHub/My projects/Geodata_Archaeology_CV/datasets/dataset_yolo_bbox/images/train/train_001473.png,/Users/Di/Documents/GitHub/My projects/Geodata_Archaeology_CV/datasets/dataset_yolo_bbox/labels/train/train_001473.txt,train,Ae,,0,,,,,,,,,,1.0,False,False,previews/train_train_001473.jpg,,,
train_train_001474,/Users/Di/Documents/GitHub/My projects/Geodata_Archaeology_CV/datasets/dataset_yolo_bbox/images/train/train_001474.png,/Users/Di/Documents/GitHub/My projects/Geodata_Archaeology_CV/datasets/dataset_yolo_bbox/labels/train/train_001474.txt,train,Ae,kurgany_tselye,1,4872.0,4872.0,4872.0,87.0,87.0,87.0,56.0,56.0,56.0,1.0,False,True,previews/train_train_001474.jpg,,,
train_train_001475,/Users/Di/Documents/GitHub/My projects/Geodata_Archaeology_CV/datasets/dataset_yolo_bbox/images/train/train_001475.png,/Users/Di/Documents/GitHub/My projects/Geodata_Archaeology_CV/datasets/dataset_yolo_bbox/labels/train/train_001475.txt,train,Ae,kurgany_tselye,1,3472.0,3472.0,3472.0,62.0,62.0,62.0,56.0,56.0,56.0,1.0,False,True,previews/train_train_001475.jpg,,,
train_train_001476,/Users/Di/Documents/GitHub/My projects/Geodata_Archaeology_CV/datasets/dataset_yolo_bbox/images/train/train_001476.png,/Users/Di/Documents/GitHub/My projects/Geodata_Archaeology_CV/datasets/dataset_yolo_bbox/labels/train/train_001476.txt,train,Ae,kurgany_tselye,16,156.0,215.5,1020.0,12.0,15.0,30.0,11.0,14.0,34.0,1.0,True,True,previews/train_train_001476.jpg,,,
train_train_001477,/Users/Di/Documents/GitHub/My projects/Geodata_Archaeology_CV/datasets/dataset_yolo_bbox/images/train/train_001477.png,/Users/Di/Documents/GitHub/My projects/Geodata_Archaeology_CV/datasets/dataset_yolo_bbox/labels/train/train_001477.txt,train,Ae,kurgany_tselye,18,100.0,217.0,1020.0,10.0,15.5,30.0,10.0,14.0,34.0,1.0,False,False,previews/train_train_001477.jpg,,,
train_train_001478,/Users/Di/Documents/GitHub/My projects/Geodata_Archaeology_CV/datasets/dataset_yolo_bbox/images/train/train_001478.png,/Users/Di/Documents/GitHub/My projects/Geodata_Archaeology_CV/datasets/dataset_yolo_bbox/labels/train/train_001478.txt,train,Ae,,0,,,,,,,,,,1.0,False,False,previews/train_train_001478.jpg,,,
train_train_001479,/Users/Di/Documents/GitHub/My projects/Geodata_Archaeology_CV/datasets/dataset_yolo_bbox/images/train/train_001479.png,/Users/Di/Documents/GitHub/My projects/Geodata_Archaeology_CV/datasets/dataset_yolo_bbox/labels/train/train_001479.txt,train,Ae,,0,,,,,,,,,,1.0,False,False,previews/train_train_001479.jpg,,,
train_train_001480,/Users/Di/Documents/GitHub/My projects/Geodata_Archaeology_CV/datasets/dataset_yolo_bbox/images/train/train_001480.png,/Users/Di/Documents/GitHub/My projects/Geodata_Archaeology_CV/datasets/dataset_yolo_bbox/labels/train/train_001480.txt,train,Ae,kurgany_tselye,10,156.0,217.0,1020.0,13.0,15.5,30.0,12.0,14.0,34.0,1.0,True,False,previews/train_train_001480.jpg,,,
train_train_001481,/Users/Di/Documents/GitHub/My projects/Geodata_Archaeology_CV/datasets/dataset_yolo_bbox/images/train/train_001481.png,/Users/Di/Documents/GitHub/My projects/Geodata_Archaeology_CV/datasets/dataset_yolo_bbox/labels/train/train_001481.txt,train,Ae,kurgany_tselye,10,156.0,217.0,1020.0,13.0,15.5,30.0,12.0,14.0,34.0,1.0,False,False,previews/train_train_001481.jpg,,,
train_train_001482,/Users/Di/Documents/GitHub/My projects/Geodata_Archaeology_CV/datasets/dataset_yolo_bbox/images/train/train_001482.png,/Users/Di/Documents/GitHub/My projects/Geodata_Archaeology_CV/datasets/dataset_yolo_bbox/labels/train/train_001482.txt,train,Ae,,0,,,,,,,,,,1.0,False,False,previews/train_train_001482.jpg,,,
train_train_001483,/Users/Di/Documents/GitHub/My projects/Geodata_Archaeology_CV/datasets/dataset_yolo_bbox/images/train/train_001483.png,/Users/Di/Documents/GitHub/My projects/Geodata_Archaeology_CV/datasets/dataset_yolo_bbox/labels/train/train_001483.txt,train,Ae,,0,,,,,,,,,,1.0,False,False,previews/train_train_001483.jpg,,,
train_train_001484,/Users/Di/Documents/GitHub/My projects/Geodata_Archaeology_CV/datasets/dataset_yolo_bbox/images/train/train_001484.png,/Users/Di/Documents/GitHub/My projects/Geodata_Archaeology_CV/datasets/dataset_yolo_bbox/labels/train/train_001484.txt,train,Ae,,0,,,,,,,,,,1.0,False,False,previews/train_train_001484.jpg,,,
train_train_001485,/Users/Di/Documents/GitHub/My projects/Geodata_Archaeology_CV/datasets/dataset_yolo_bbox/images/train/train_001485.png,/Users/Di/Documents/GitHub/My projects/Geodata_Archaeology_CV/datasets/dataset_yolo_bbox/labels/train/train_001485.txt,train,Ae,,0,,,,,,,,,,1.0,False,False,previews/train_train_001485.jpg,,,
train_train_001486,/Users/Di/Documents/GitHub/My projects/Geodata_Archaeology_CV/datasets/dataset_yolo_bbox/images/train/train_001486.png,/Users/Di/Documents/GitHub/My projects/Geodata_Archaeology_CV/datasets/dataset_yolo_bbox/labels/train/train_001486.txt,train,Ae,,0,,,,,,,,,,1.0,False,False,previews/train_train_001486.jpg,,,
train_train_001487,/Users/Di/Documents/GitHub/My projects/Geodata_Archaeology_CV/datasets/dataset_yolo_bbox/images/train/train_001487.png,/Users/Di/Documents/GitHub/My projects/Geodata_Archaeology_CV/datasets/dataset_yolo_bbox/labels/train/train_001487.txt,train,Ae,,0,,,,,,,,,,1.0,False,False,previews/train_train_001487.jpg,,,
train_train_001488,/Users/Di/Documents/GitHub/My projects/Geodata_Archaeology_CV/datasets/dataset_yolo_bbox/images/train/train_001488.png,/Users/Di/Documents/GitHub/My projects/Geodata_Archaeology_CV/datasets/dataset_yolo_bbox/labels/train/train_001488.txt,train,Ae,,0,,,,,,,,,,1.0,True,False,previews/train_train_001488.jpg,,,
train_train_001489,/Users/Di/Documents/GitHub/My projects/Geodata_Archaeology_CV/datasets/dataset_yolo_bbox/images/train/train_001489.png,/Users/Di/Documents/GitHub/My projects/Geodata_Archaeology_CV/datasets/dataset_yolo_bbox/labels/train/train_001489.txt,train,Ae,,0,,,,,,,,,,1.0,False,False,previews/train_train_001489.jpg,,,
train_train_001490,/Users/Di/Documents/GitHub/My projects/Geodata_Archaeology_CV/datasets/dataset_yolo_bbox/images/train/train_001490.png,/Users/Di/Documents/GitHub/My projects/Geodata_Archaeology_CV/datasets/dataset_yolo_bbox/labels/train/train_001490.txt,train,Ae,,0,,,,,,,,,,1.0,False,False,previews/train_train_001490.jpg,,,
train_train_001491,/Users/Di/Documents/GitHub/My projects/Geodata_Archaeology_CV/datasets/dataset_yolo_bbox/images/train/train_001491.png,/Users/Di/Documents/GitHub/My projects/Geodata_Archaeology_CV/datasets/dataset_yolo_bbox/labels/train/train_001491.txt,train,Ae,,0,,,,,,,,,,1.0,False,False,previews/train_train_001491.jpg,,,
train_train_001492,/Users/Di/Documents/GitHub/My projects/Geodata_Archaeology_CV/datasets/dataset_yolo_bbox/images/train/train_001492.png,/Users/Di/Documents/GitHub/My projects/Geodata_Archaeology_CV/datasets/dataset_yolo_bbox/labels/train/train_001492.txt,train,Ae,,0,,,,,,,,,,1.0,False,False,previews/train_train_001492.jpg,,,
train_train_001493,/Users/Di/Documents/GitHub/My projects/Geodata_Archaeology_CV/datasets/dataset_yolo_bbox/images/train/train_001493.png,/Users/Di/Documents/GitHub/My projects/Geodata_Archaeology_CV/datasets/dataset_yolo_bbox/labels/train/train_001493.txt,train,Ae,,0,,,,,,,,,,1.0,False,False,previews/train_train_001493.jpg,,,
train_train_001494,/Users/Di/Documents/GitHub/My projects/Geodata_Archaeology_CV/datasets/dataset_yolo_bbox/images/train/train_001494.png,/Users/Di/Documents/GitHub/My projects/Geodata_Archaeology_CV/datasets/dataset_yolo_bbox/labels/train/train_001494.txt,train,Ae,,0,,,,,,,,,,1.0,False,False,previews/train_train_001494.jpg,,,
train_train_001495,/Users/Di/Documents/GitHub/My projects/Geodata_Archaeology_CV/datasets/dataset_yolo_bbox/images/train/train_001495.png,/Users/Di/Documents/GitHub/My projects/Geodata_Archaeology_CV/datasets/dataset_yolo_bbox/labels/train/train_001495.txt,train,Ae,,0,,,,,,,,,,1.0,False,False,previews/train_train_001495.jpg,,,
train_train_001496,/Users/Di/Documents/GitHub/My projects/Geodata_Archaeology_CV/datasets/dataset_yolo_bbox/images/train/train_001496.png,/Users/Di/Documents/GitHub/My projects/Geodata_Archaeology_CV/datasets/dataset_yolo_bbox/labels/train/train_001496.txt,train,Ae,,0,,,,,,,,,,1.0,False,False,previews/train_train_001496.jpg,,,
train_train_001497,/Users/Di/Documents/GitHub/My projects/Geodata_Archaeology_CV/datasets/dataset_yolo_bbox/images/train/train_001497.png,/Users/Di/Documents/GitHub/My projects/Geodata_Archaeology_CV/datasets/dataset_yolo_bbox/labels/train/train_001497.txt,train,Ae,,0,,,,,,,,,,1.0,False,False,previews/train_train_001497.jpg,,,
train_train_001498,/Users/Di/Documents/GitHub/My projects/Geodata_Archaeology_CV/datasets/dataset_yolo_bbox/images/train/train_001498.png,/Users/Di/Documents/GitHub/My projects/Geodata_Archaeology_CV/datasets/dataset_yolo_bbox/labels/train/train_001498.txt,train,Ae,,0,,,,,,,,,,1.0,True,False,previews/train_train_001498.jpg,,,
train_train_001499,/Users/Di/Documents/GitHub/My projects/Geodata_Archaeology_CV/datasets/dataset_yolo_bbox/images/train/train_001499.png,/Users/Di/Documents/GitHub/My projects/Geodata_Archaeology_CV/datasets/dataset_yolo_bbox/labels/train/train_001499.txt,train,Ae,,0,,,,,,,,,,1.0,True,False,previews/train_train_001499.jpg,,,
train_train_001500,/Users/Di/Documents/GitHub/My projects/Geodata_Archaeology_CV/datasets/dataset_yolo_bbox/images/train/train_001500.png,/Users/Di/Documents/GitHub/My projects/Geodata_Archaeology_CV/datasets/dataset_yolo_bbox/labels/train/train_001500.txt,train,Ae,,0,,,,,,,,,,1.0,False,False,previews/train_train_001500.jpg,,,
train_train_001501,/Users/Di/Documents/GitHub/My projects/Geodata_Archaeology_CV/datasets/dataset_yolo_bbox/images/train/train_001501.png,/Users/Di/Documents/GitHub/My projects/Geodata_Archaeology_CV/datasets/dataset_yolo_bbox/labels/train/train_001501.txt,train,Ae,,0,,,,,,,,,,1.0,False,False,previews/train_train_001501.jpg,,,
train_train_001502,/Users/Di/Documents/GitHub/My projects/Geodata_Archaeology_CV/datasets/dataset_yolo_bbox/images/train/train_001502.png,/Users/Di/Documents/GitHub/My projects/Geodata_Archaeology_CV/datasets/dataset_yolo_bbox/labels/train/train_001502.txt,train,Ae,,0,,,,,,,,,,1.0,False,False,previews/train_train_001502.jpg,,,
train_train_001503,/Users/Di/Documents/GitHub/My projects/Geodata_Archaeology_CV/datasets/dataset_yolo_bbox/images/train/train_001503.png,/Users/Di/Documents/GitHub/My projects/Geodata_Archaeology_CV/datasets/dataset_yolo_bbox/labels/train/train_001503.txt,train,Ae,,0,,,,,,,,,,1.0,False,False,previews/train_train_001503.jpg,,,
train_train_001504,/Users/Di/Documents/GitHub/My projects/Geodata_Archaeology_CV/datasets/dataset_yolo_bbox/images/train/train_001504.png,/Users/Di/Documents/GitHub/My projects/Geodata_Archaeology_CV/datasets/dataset_yolo_bbox/labels/train/train_001504.txt,train,Ae,,0,,,,,,,,,,1.0,False,False,previews/train_train_001504.jpg,,,
train_train_001505,/Users/Di/Documents/GitHub/My projects/Geodata_Archaeology_CV/datasets/dataset_yolo_bbox/images/train/train_001505.png,/Users/Di/Documents/GitHub/My projects/Geodata_Archaeology_CV/datasets/dataset_yolo_bbox/labels/train/train_001505.txt,train,Ae,,0,,,,,,,,,,1.0,False,False,previews/train_train_001505.jpg,,,
train_train_001506,/Users/Di/Documents/GitHub/My projects/Geodata_Archaeology_CV/datasets/dataset_yolo_bbox/images/train/train_001506.png,/Users/Di/Documents/GitHub/My projects/Geodata_Archaeology_CV/datasets/dataset_yolo_bbox/labels/train/train_001506.txt,train,Ae,,0,,,,,,,,,,1.0,False,False,previews/train_train_001506.jpg,,,
train_train_001507,/Users/Di/Documents/GitHub/My projects/Geodata_Archaeology_CV/datasets/dataset_yolo_bbox/images/train/train_001507.png,/Users/Di/Documents/GitHub/My projects/Geodata_Archaeology_CV/datasets/dataset_yolo_bbox/labels/train/train_001507.txt,train,Ae,,0,,,,,,,,,,1.0,True,False,previews/train_train_001507.jpg,,,
train_train_001508,/Users/Di/Documents/GitHub/My projects/Geodata_Archaeology_CV/datasets/dataset_yolo_bbox/images/train/train_001508.png,/Users/Di/Documents/GitHub/My projects/Geodata_Archaeology_CV/datasets/dataset_yolo_bbox/labels/train/train_001508.txt,train,Ae,,0,,,,,,,,,,1.0,False,False,previews/train_train_001508.jpg,,,
train_train_001509,/Users/Di/Documents/GitHub/My projects/Geodata_Archaeology_CV/datasets/dataset_yolo_bbox/images/train/train_001509.png,/Users/Di/Documents/GitHub/My projects/Geodata_Archaeology_CV/datasets/dataset_yolo_bbox/labels/train/train_001509.txt,train,Ae,,0,,,,,,,,,,1.0,False,False,previews/train_train_001509.jpg,,,
train_train_001510,/Users/Di/Documents/GitHub/My projects/Geodata_Archaeology_CV/datasets/dataset_yolo_bbox/images/train/train_001510.png,/Users/Di/Documents/GitHub/My projects/Geodata_Archaeology_CV/datasets/dataset_yolo_bbox/labels/train/train_001510.txt,train,Ae,,0,,,,,,,,,,1.0,False,False,previews/train_train_001510.jpg,,,
train_train_001511,/Users/Di/Documents/GitHub/My projects/Geodata_Archaeology_CV/datasets/dataset_yolo_bbox/images/train/train_001511.png,/Users/Di/Documents/GitHub/My projects/Geodata_Archaeology_CV/datasets/dataset_yolo_bbox/labels/train/train_001511.txt,train,Ae,,0,,,,,,,,,,1.0,False,False,previews/train_train_001511.jpg,,,
train_train_001512,/Users/Di/Documents/GitHub/My projects/Geodata_Archaeology_CV/datasets/dataset_yolo_bbox/images/train/train_001512.png,/Users/Di/Documents/GitHub/My projects/Geodata_Archaeology_CV/datasets/dataset_yolo_bbox/labels/train/train_001512.txt,train,Ae,,0,,,,,,,,,,1.0,True,False,previews/train_train_001512.jpg,,,
train_train_001513,/Users/Di/Documents/GitHub/My projects/Geodata_Archaeology_CV/datasets/dataset_yolo_bbox/images/train/train_001513.png,/Users/Di/Documents/GitHub/My projects/Geodata_Archaeology_CV/datasets/dataset_yolo_bbox/labels/train/train_001513.txt,train,Ae,,0,,,,,,,,,,1.0,False,False,previews/train_train_001513.jpg,,,
train_train_001514,/Users/Di/Documents/GitHub/My projects/Geodata_Archaeology_CV/datasets/dataset_yolo_bbox/images/train/train_001514.png,/Users/Di/Documents/GitHub/My projects/Geodata_Archaeology_CV/datasets/dataset_yolo_bbox/labels/train/train_001514.txt,train,Ae,,0,,,,,,,,,,1.0,False,False,previews/train_train_001514.jpg,,,
train_train_001515,/Users/Di/Documents/GitHub/My projects/Geodata_Archaeology_CV/datasets/dataset_yolo_bbox/images/train/train_001515.png,/Users/Di/Documents/GitHub/My projects/Geodata_Archaeology_CV/datasets/dataset_yolo_bbox/labels/train/train_001515.txt,train,Ae,,0,,,,,,,,,,1.0,False,False,previews/train_train_001515.jpg,,,
train_train_001516,/Users/Di/Documents/GitHub/My projects/Geodata_Archaeology_CV/datasets/dataset_yolo_bbox/images/train/train_001516.png,/Users/Di/Documents/GitHub/My projects/Geodata_Archaeology_CV/datasets/dataset_yolo_bbox/labels/train/train_001516.txt,train,Ae,,0,,,,,,,,,,1.0,False,False,previews/train_train_001516.jpg,,,
train_train_001517,/Users/Di/Documents/GitHub/My projects/Geodata_Archaeology_CV/datasets/dataset_yolo_bbox/images/train/train_001517.png,/Users/Di/Documents/GitHub/My projects/Geodata_Archaeology_CV/datasets/dataset_yolo_bbox/labels/train/train_001517.txt,train,Ae,,0,,,,,,,,,,1.0,False,False,previews/train_train_001517.jpg,,,
train_train_001518,/Users/Di/Documents/GitHub/My projects/Geodata_Archaeology_CV/datasets/dataset_yolo_bbox/images/train/train_001518.png,/Users/Di/Documents/GitHub/My projects/Geodata_Archaeology_CV/datasets/dataset_yolo_bbox/labels/train/train_001518.txt,train,Ae,,0,,,,,,,,,,1.0,False,False,previews/train_train_001518.jpg,,,
train_train_001519,/Users/Di/Documents/GitHub/My projects/Geodata_Archaeology_CV/datasets/dataset_yolo_bbox/images/train/train_001519.png,/Users/Di/Documents/GitHub/My projects/Geodata_Archaeology_CV/datasets/dataset_yolo_bbox/labels/train/train_001519.txt,train,Ae,,0,,,,,,,,,,1.0,False,False,previews/train_train_001519.jpg,,,
train_train_001520,/Users/Di/Documents/GitHub/My projects/Geodata_Archaeology_CV/datasets/dataset_yolo_bbox/images/train/train_001520.png,/Users/Di/Documents/GitHub/My projects/Geodata_Archaeology_CV/datasets/dataset_yolo_bbox/labels/train/train_001520.txt,train,Ae,,0,,,,,,,,,,1.0,False,False,previews/train_train_001520.jpg,,,
train_train_001521,/Users/Di/Documents/GitHub/My projects/Geodata_Archaeology_CV/datasets/dataset_yolo_bbox/images/train/train_001521.png,/Users/Di/Documents/GitHub/My projects/Geodata_Archaeology_CV/datasets/dataset_yolo_bbox/labels/train/train_001521.txt,train,Ae,,0,,,,,,,,,,1.0,True,False,previews/train_train_001521.jpg,,,
train_train_001522,/Users/Di/Documents/GitHub/My projects/Geodata_Archaeology_CV/datasets/dataset_yolo_bbox/images/train/train_001522.png,/Users/Di/Documents/GitHub/My projects/Geodata_Archaeology_CV/datasets/dataset_yolo_bbox/labels/train/train_001522.txt,train,Ae,kurgany_tselye,1,600.0,600.0,600.0,24.0,24.0,24.0,25.0,25.0,25.0,1.0,False,False,previews/train_train_001522.jpg,,,
train_train_001523,/Users/Di/Documents/GitHub/My projects/Geodata_Archaeology_CV/datasets/dataset_yolo_bbox/images/train/train_001523.png,/Users/Di/Documents/GitHub/My projects/Geodata_Archaeology_CV/datasets/dataset_yolo_bbox/labels/train/train_001523.txt,train,Ae,kurgany_tselye,2,600.0,705.0,810.0,24.0,25.5,27.0,25.0,27.5,30.0,1.0,False,False,previews/train_train_001523.jpg,,,
train_train_001524,/Users/Di/Documents/GitHub/My projects/Geodata_Archaeology_CV/datasets/dataset_yolo_bbox/images/train/train_001524.png,/Users/Di/Documents/GitHub/My projects/Geodata_Archaeology_CV/datasets/dataset_yolo_bbox/labels/train/train_001524.txt,train,Ae,,0,,,,,,,,,,1.0,False,False,previews/train_train_001524.jpg,,,
train_train_001525,/Users/Di/Documents/GitHub/My projects/Geodata_Archaeology_CV/datasets/dataset_yolo_bbox/images/train/train_001525.png,/Users/Di/Documents/GitHub/My projects/Geodata_Archaeology_CV/datasets/dataset_yolo_bbox/labels/train/train_001525.txt,train,Ae,,0,,,,,,,,,,1.0,False,False,previews/train_train_001525.jpg,,,
train_train_001526,/Users/Di/Documents/GitHub/My projects/Geodata_Archaeology_CV/datasets/dataset_yolo_bbox/images/train/train_001526.png,/Users/Di/Documents/GitHub/My projects/Geodata_Archaeology_CV/datasets/dataset_yolo_bbox/labels/train/train_001526.txt,train,Ae,kurgany_tselye,5,600.0,930.0,1444.0,24.0,29.0,38.0,25.0,31.0,38.0,1.0,False,False,previews/train_train_001526.jpg,,,
train_train_001527,/Users/Di/Documents/GitHub/My projects/Geodata_Archaeology_CV/datasets/dataset_yolo_bbox/images/train/train_001527.png,/Users/Di/Documents/GitHub/My projects/Geodata_Archaeology_CV/datasets/dataset_yolo_bbox/labels/train/train_001527.txt,train,Ae,kurgany_tselye,2,600.0,705.0,810.0,24.0,25.5,27.0,25.0,27.5,30.0,1.0,False,False,previews/train_train_001527.jpg,,,
train_train_001528,/Users/Di/Documents/GitHub/My projects/Geodata_Archaeology_CV/datasets/dataset_yolo_bbox/images/train/train_001528.png,/Users/Di/Documents/GitHub/My projects/Geodata_Archaeology_CV/datasets/dataset_yolo_bbox/labels/train/train_001528.txt,train,Ae,,0,,,,,,,,,,1.0,False,False,previews/train_train_001528.jpg,,,
train_train_001529,/Users/Di/Documents/GitHub/My projects/Geodata_Archaeology_CV/datasets/dataset_yolo_bbox/images/train/train_001529.png,/Users/Di/Documents/GitHub/My projects/Geodata_Archaeology_CV/datasets/dataset_yolo_bbox/labels/train/train_001529.txt,train,Ae,,0,,,,,,,,,,1.0,False,False,previews/train_train_001529.jpg,,,
train_train_001530,/Users/Di/Documents/GitHub/My projects/Geodata_Archaeology_CV/datasets/dataset_yolo_bbox/images/train/train_001530.png,/Users/Di/Documents/GitHub/My projects/Geodata_Archaeology_CV/datasets/dataset_yolo_bbox/labels/train/train_001530.txt,train,Ae,,0,,,,,,,,,,1.0,False,False,previews/train_train_001530.jpg,,,
train_train_001531,/Users/Di/Documents/GitHub/My projects/Geodata_Archaeology_CV/datasets/dataset_yolo_bbox/images/train/train_001531.png,/Users/Di/Documents/GitHub/My projects/Geodata_Archaeology_CV/datasets/dataset_yolo_bbox/labels/train/train_001531.txt,train,Ae,,0,,,,,,,,,,1.0,False,False,previews/train_train_001531.jpg,,,
train_train_001532,/Users/Di/Documents/GitHub/My projects/Geodata_Archaeology_CV/datasets/dataset_yolo_bbox/images/train/train_001532.png,/Users/Di/Documents/GitHub/My projects/Geodata_Archaeology_CV/datasets/dataset_yolo_bbox/labels/train/train_001532.txt,train,Ae,,0,,,,,,,,,,1.0,True,False,previews/train_train_001532.jpg,,,
train_train_001533,/Users/Di/Documents/GitHub/My projects/Geodata_Archaeology_CV/datasets/dataset_yolo_bbox/images/train/train_001533.png,/Users/Di/Documents/GitHub/My projects/Geodata_Archaeology_CV/datasets/dataset_yolo_bbox/labels/train/train_001533.txt,train,Ae,,0,,,,,,,,,,1.0,False,False,previews/train_train_001533.jpg,,,
train_train_001534,/Users/Di/Documents/GitHub/My projects/Geodata_Archaeology_CV/datasets/dataset_yolo_bbox/images/train/train_001534.png,/Users/Di/Documents/GitHub/My projects/Geodata_Archaeology_CV/datasets/dataset_yolo_bbox/labels/train/train_001534.txt,train,Ae,,0,,,,,,,,,,1.0,False,False,previews/train_train_001534.jpg,,,
train_train_001535,/Users/Di/Documents/GitHub/My projects/Geodata_Archaeology_CV/datasets/dataset_yolo_bbox/images/train/train_001535.png,/Users/Di/Documents/GitHub/My projects/Geodata_Archaeology_CV/datasets/dataset_yolo_bbox/labels/train/train_001535.txt,train,Ae,,0,,,,,,,,,,1.0,False,False,previews/train_train_001535.jpg,,,
train_train_001536,/Users/Di/Documents/GitHub/My projects/Geodata_Archaeology_CV/datasets/dataset_yolo_bbox/images/train/train_001536.png,/Users/Di/Documents/GitHub/My projects/Geodata_Archaeology_CV/datasets/dataset_yolo_bbox/labels/train/train_001536.txt,train,Ae,,0,,,,,,,,,,1.0,True,False,previews/train_train_001536.jpg,,,
train_train_001537,/Users/Di/Documents/GitHub/My projects/Geodata_Archaeology_CV/datasets/dataset_yolo_bbox/images/train/train_001537.png,/Users/Di/Documents/GitHub/My projects/Geodata_Archaeology_CV/datasets/dataset_yolo_bbox/labels/train/train_001537.txt,train,Ae,,0,,,,,,,,,,1.0,False,False,previews/train_train_001537.jpg,,,
train_train_001538,/Users/Di/Documents/GitHub/My projects/Geodata_Archaeology_CV/datasets/dataset_yolo_bbox/images/train/train_001538.png,/Users/Di/Documents/GitHub/My projects/Geodata_Archaeology_CV/datasets/dataset_yolo_bbox/labels/train/train_001538.txt,train,Ae,,0,,,,,,,,,,1.0,False,False,previews/train_train_001538.jpg,,,
train_train_001539,/Users/Di/Documents/GitHub/My projects/Geodata_Archaeology_CV/datasets/dataset_yolo_bbox/images/train/train_001539.png,/Users/Di/Documents/GitHub/My projects/Geodata_Archaeology_CV/datasets/dataset_yolo_bbox/labels/train/train_001539.txt,train,Ae,,0,,,,,,,,,,1.0,False,False,previews/train_train_001539.jpg,,,
train_train_001540,/Users/Di/Documents/GitHub/My projects/Geodata_Archaeology_CV/datasets/dataset_yolo_bbox/images/train/train_001540.png,/Users/Di/Documents/GitHub/My projects/Geodata_Archaeology_CV/datasets/dataset_yolo_bbox/labels/train/train_001540.txt,train,Ae,kurgany_tselye,3,252.0,676.0,1376.0,18.0,26.0,43.0,14.0,26.0,32.0,1.0,False,False,previews/train_train_001540.jpg,,,
train_train_001541,/Users/Di/Documents/GitHub/My projects/Geodata_Archaeology_CV/datasets/dataset_yolo_bbox/images/train/train_001541.png,/Users/Di/Documents/GitHub/My projects/Geodata_Archaeology_CV/datasets/dataset_yolo_bbox/labels/train/train_001541.txt,train,Ae,kurgany_tselye,1,1376.0,1376.0,1376.0,43.0,43.0,43.0,32.0,32.0,32.0,1.0,False,False,previews/train_train_001541.jpg,,,
train_train_001542,/Users/Di/Documents/GitHub/My projects/Geodata_Archaeology_CV/datasets/dataset_yolo_bbox/images/train/train_001542.png,/Users/Di/Documents/GitHub/My projects/Geodata_Archaeology_CV/datasets/dataset_yolo_bbox/labels/train/train_001542.txt,train,Ae,,0,,,,,,,,,,1.0,False,False,previews/train_train_001542.jpg,,,
train_train_001543,/Users/Di/Documents/GitHub/My projects/Geodata_Archaeology_CV/datasets/dataset_yolo_bbox/images/train/train_001543.png,/Users/Di/Documents/GitHub/My projects/Geodata_Archaeology_CV/datasets/dataset_yolo_bbox/labels/train/train_001543.txt,train,Ae,,0,,,,,,,,,,1.0,True,False,previews/train_train_001543.jpg,,,
train_train_001544,/Users/Di/Documents/GitHub/My projects/Geodata_Archaeology_CV/datasets/dataset_yolo_bbox/images/train/train_001544.png,/Users/Di/Documents/GitHub/My projects/Geodata_Archaeology_CV/datasets/dataset_yolo_bbox/labels/train/train_001544.txt,train,Ae,,0,,,,,,,,,,1.0,False,False,previews/train_train_001544.jpg,,,
train_train_001545,/Users/Di/Documents/GitHub/My projects/Geodata_Archaeology_CV/datasets/dataset_yolo_bbox/images/train/train_001545.png,/Users/Di/Documents/GitHub/My projects/Geodata_Archaeology_CV/datasets/dataset_yolo_bbox/labels/train/train_001545.txt,train,Ae,,0,,,,,,,,,,1.0,False,False,previews/train_train_001545.jpg,,,
train_train_001546,/Users/Di/Documents/GitHub/My projects/Geodata_Archaeology_CV/datasets/dataset_yolo_bbox/images/train/train_001546.png,/Users/Di/Documents/GitHub/My projects/Geodata_Archaeology_CV/datasets/dataset_yolo_bbox/labels/train/train_001546.txt,train,Ae,,0,,,,,,,,,,1.0,False,False,previews/train_train_001546.jpg,,,
train_train_001547,/Users/Di/Documents/GitHub/My projects/Geodata_Archaeology_CV/datasets/dataset_yolo_bbox/images/train/train_001547.png,/Users/Di/Documents/GitHub/My projects/Geodata_Archaeology_CV/datasets/dataset_yolo_bbox/labels/train/train_001547.txt,train,Ae,,0,,,,,,,,,,1.0,False,False,previews/train_train_001547.jpg,,,
train_train_001548,/Users/Di/Documents/GitHub/My projects/Geodata_Archaeology_CV/datasets/dataset_yolo_bbox/images/train/train_001548.png,/Users/Di/Documents/GitHub/My projects/Geodata_Archaeology_CV/datasets/dataset_yolo_bbox/labels/train/train_001548.txt,train,Ae,,0,,,,,,,,,,1.0,True,False,previews/train_train_001548.jpg,,,
train_train_001549,/Users/Di/Documents/GitHub/My projects/Geodata_Archaeology_CV/datasets/dataset_yolo_bbox/images/train/train_001549.png,/Users/Di/Documents/GitHub/My projects/Geodata_Archaeology_CV/datasets/dataset_yolo_bbox/labels/train/train_001549.txt,train,Ae,,0,,,,,,,,,,1.0,False,False,previews/train_train_001549.jpg,,,
train_train_001550,/Users/Di/Documents/GitHub/My projects/Geodata_Archaeology_CV/datasets/dataset_yolo_bbox/images/train/train_001550.png,/Users/Di/Documents/GitHub/My projects/Geodata_Archaeology_CV/datasets/dataset_yolo_bbox/labels/train/train_001550.txt,train,Ae,,0,,,,,,,,,,1.0,False,False,previews/train_train_001550.jpg,,,
train_train_001551,/Users/Di/Documents/GitHub/My projects/Geodata_Archaeology_CV/datasets/dataset_yolo_bbox/images/train/train_001551.png,/Users/Di/Documents/GitHub/My projects/Geodata_Archaeology_CV/datasets/dataset_yolo_bbox/labels/train/train_001551.txt,train,Ae,,0,,,,,,,,,,1.0,True,False,previews/train_train_001551.jpg,,,
train_train_001552,/Users/Di/Documents/GitHub/My projects/Geodata_Archaeology_CV/datasets/dataset_yolo_bbox/images/train/train_001552.png,/Users/Di/Documents/GitHub/My projects/Geodata_Archaeology_CV/datasets/dataset_yolo_bbox/labels/train/train_001552.txt,train,Ae,,0,,,,,,,,,,1.0,True,False,previews/train_train_001552.jpg,,,
train_train_001553,/Users/Di/Documents/GitHub/My projects/Geodata_Archaeology_CV/datasets/dataset_yolo_bbox/images/train/train_001553.png,/Users/Di/Documents/GitHub/My projects/Geodata_Archaeology_CV/datasets/dataset_yolo_bbox/labels/train/train_001553.txt,train,Ae,,0,,,,,,,,,,1.0,True,False,previews/train_train_001553.jpg,,,
train_train_001554,/Users/Di/Documents/GitHub/My projects/Geodata_Archaeology_CV/datasets/dataset_yolo_bbox/images/train/train_001554.png,/Users/Di/Documents/GitHub/My projects/Geodata_Archaeology_CV/datasets/dataset_yolo_bbox/labels/train/train_001554.txt,train,Ae,,0,,,,,,,,,,1.0,True,False,previews/train_train_001554.jpg,,,
train_train_001555,/Users/Di/Documents/GitHub/My projects/Geodata_Archaeology_CV/datasets/dataset_yolo_bbox/images/train/train_001555.png,/Users/Di/Documents/GitHub/My projects/Geodata_Archaeology_CV/datasets/dataset_yolo_bbox/labels/train/train_001555.txt,train,Ae,,0,,,,,,,,,,1.0,True,False,previews/train_train_001555.jpg,,,
val_val_001556,/Users/Di/Documents/GitHub/My projects/Geodata_Archaeology_CV/datasets/dataset_yolo_bbox/images/val/val_001556.png,/Users/Di/Documents/GitHub/My projects/Geodata_Archaeology_CV/datasets/dataset_yolo_bbox/labels/val/val_001556.txt,val,SpOr,gorodishcha,1,7488.0,7488.0,7488.0,78.0,78.0,78.0,96.0,96.0,96.0,1.0,True,False,previews/val_val_001556.jpg,,,
val_val_001557,/Users/Di/Documents/GitHub/My projects/Geodata_Archaeology_CV/datasets/dataset_yolo_bbox/images/val/val_001557.png,/Users/Di/Documents/GitHub/My projects/Geodata_Archaeology_CV/datasets/dataset_yolo_bbox/labels/val/val_001557.txt,val,SpOr,gorodishcha,1,7488.0,7488.0,7488.0,78.0,78.0,78.0,96.0,96.0,96.0,1.0,True,False,previews/val_val_001557.jpg,,,
train_train_001558,/Users/Di/Documents/GitHub/My projects/Geodata_Archaeology_CV/datasets/dataset_yolo_bbox/images/train/train_001558.png,/Users/Di/Documents/GitHub/My projects/Geodata_Archaeology_CV/datasets/dataset_yolo_bbox/labels/train/train_001558.txt,train,SpOr,gorodishcha,1,28222.0,28222.0,28222.0,137.0,137.0,137.0,206.0,206.0,206.0,1.0,True,False,previews/train_train_001558.jpg,,,
train_train_001559,/Users/Di/Documents/GitHub/My projects/Geodata_Archaeology_CV/datasets/dataset_yolo_bbox/images/train/train_001559.png,/Users/Di/Documents/GitHub/My projects/Geodata_Archaeology_CV/datasets/dataset_yolo_bbox/labels/train/train_001559.txt,train,SpOr,gorodishcha,1,45435.0,45435.0,45435.0,233.0,233.0,233.0,195.0,195.0,195.0,1.0,True,False,previews/train_train_001559.jpg,,,
val_val_001560,/Users/Di/Documents/GitHub/My projects/Geodata_Archaeology_CV/datasets/dataset_yolo_bbox/images/val/val_001560.png,/Users/Di/Documents/GitHub/My projects/Geodata_Archaeology_CV/datasets/dataset_yolo_bbox/labels/val/val_001560.txt,val,SpOr,arkhitektury,17,126.0,575.0,14541.0,12.0,23.0,111.0,9.0,25.0,131.0,0.9738723298883082,True,False,previews/val_val_001560.jpg,,,
val_val_001561,/Users/Di/Documents/GitHub/My projects/Geodata_Archaeology_CV/datasets/dataset_yolo_bbox/images/val/val_001561.png,/Users/Di/Documents/GitHub/My projects/Geodata_Archaeology_CV/datasets/dataset_yolo_bbox/labels/val/val_001561.txt,val,SpOr,gorodishcha,1,11424.0,11424.0,11424.0,96.0,96.0,96.0,119.0,119.0,119.0,1.0,True,False,previews/val_val_001561.jpg,,,
val_val_001562,/Users/Di/Documents/GitHub/My projects/Geodata_Archaeology_CV/datasets/dataset_yolo_bbox/images/val/val_001562.png,/Users/Di/Documents/GitHub/My projects/Geodata_Archaeology_CV/datasets/dataset_yolo_bbox/labels/val/val_001562.txt,val,SpOr,gorodishcha,1,11424.0,11424.0,11424.0,96.0,96.0,96.0,119.0,119.0,119.0,1.0,True,False,previews/val_val_001562.jpg,,,
train_train_001563,/Users/Di/Documents/GitHub/My projects/Geodata_Archaeology_CV/datasets/dataset_yolo_bbox/images/train/train_001563.png,/Users/Di/Documents/GitHub/My projects/Geodata_Archaeology_CV/datasets/dataset_yolo_bbox/labels/train/train_001563.txt,train,SpOr,gorodishcha,1,29920.0,29920.0,29920.0,176.0,176.0,176.0,170.0,170.0,170.0,1.0,True,False,previews/train_train_001563.jpg,,,
train_train_001564,/Users/Di/Documents/GitHub/My projects/Geodata_Archaeology_CV/datasets/dataset_yolo_bbox/images/train/train_001564.png,/Users/Di/Documents/GitHub/My projects/Geodata_Archaeology_CV/datasets/dataset_yolo_bbox/labels/train/train_001564.txt,train,SpOr,gorodishcha,1,29920.0,29920.0,29920.0,176.0,176.0,176.0,170.0,170.0,170.0,1.0,True,False,previews/train_train_001564.jpg,,,
val_val_001565,/Users/Di/Documents/GitHub/My projects/Geodata_Archaeology_CV/datasets/dataset_yolo_bbox/images/val/val_001565.png,/Users/Di/Documents/GitHub/My projects/Geodata_Archaeology_CV/datasets/dataset_yolo_bbox/labels/val/val_001565.txt,val,SpOr,gorodishcha,1,113454.0,113454.0,113454.0,297.0,297.0,297.0,382.0,382.0,382.0,1.0,True,False,previews/val_val_001565.jpg,,,
val_val_001566,/Users/Di/Documents/GitHub/My projects/Geodata_Archaeology_CV/datasets/dataset_yolo_bbox/images/val/val_001566.png,/Users/Di/Documents/GitHub/My projects/Geodata_Archaeology_CV/datasets/dataset_yolo_bbox/labels/val/val_001566.txt,val,SpOr,gorodishcha,1,96646.0,96646.0,96646.0,253.0,253.0,253.0,382.0,382.0,382.0,1.0,True,True,previews/val_val_001566.jpg,,,
train_train_001567,/Users/Di/Documents/GitHub/My projects/Geodata_Archaeology_CV/datasets/dataset_yolo_bbox/images/train/train_001567.png,/Users/Di/Documents/GitHub/My projects/Geodata_Archaeology_CV/datasets/dataset_yolo_bbox/labels/train/train_001567.txt,train,SpOr,gorodishcha,2,1640.0,17854.5,34069.0,40.0,128.5,217.0,41.0,99.0,157.0,1.0,True,False,previews/train_train_001567.jpg,,,
train_train_001568,/Users/Di/Documents/GitHub/My projects/Geodata_Archaeology_CV/datasets/dataset_yolo_bbox/images/train/train_001568.png,/Users/Di/Documents/GitHub/My projects/Geodata_Archaeology_CV/datasets/dataset_yolo_bbox/labels/train/train_001568.txt,train,SpOr,gorodishcha,2,1640.0,17854.5,34069.0,40.0,128.5,217.0,41.0,99.0,157.0,1.0,True,False,previews/train_train_001568.jpg,,,
train_train_001569,/Users/Di/Documents/GitHub/My projects/Geodata_Archaeology_CV/datasets/dataset_yolo_bbox/images/train/train_001569.png,/Users/Di/Documents/GitHub/My projects/Geodata_Archaeology_CV/datasets/dataset_yolo_bbox/labels/train/train_001569.txt,train,SpOr,gorodishcha,2,14520.0,15707.5,16895.0,109.0,109.5,110.0,132.0,143.5,155.0,1.0,True,False,previews/train_train_001569.jpg,,,
train_train_001570,/Users/Di/Documents/GitHub/My projects/Geodata_Archaeology_CV/datasets/dataset_yolo_bbox/images/train/train_001570.png,/Users/Di/Documents/GitHub/My projects/Geodata_Archaeology_CV/datasets/dataset_yolo_bbox/labels/train/train_001570.txt,train,SpOr,gorodishcha,2,14520.0,15707.5,16895.0,109.0,109.5,110.0,132.0,143.5,155.0,1.0,True,False,previews/train_train_001570.jpg,,,
val_val_001571,/Users/Di/Documents/GitHub/My projects/Geodata_Archaeology_CV/datasets/dataset_yolo_bbox/images/val/val_001571.png,/Users/Di/Documents/GitHub/My projects/Geodata_Archaeology_CV/datasets/dataset_yolo_bbox/labels/val/val_001571.txt,val,SpOr,fortifikatsii,1,289488.0,289488.0,289488.0,592.0,592.0,592.0,489.0,489.0,489.0,0.9400980290470226,True,False,previews/val_val_001571.jpg,,,
val_val_001572,/Users/Di/Documents/GitHub/My projects/Geodata_Archaeology_CV/datasets/dataset_yolo_bbox/images/val/val_001572.png,/Users/Di/Documents/GitHub/My projects/Geodata_Archaeology_CV/datasets/dataset_yolo_bbox/labels/val/val_001572.txt,val,SpOr,gorodishcha; kurgany_povrezhdennye,3,90.0,130.0,6885.0,9.0,10.0,85.0,10.0,13.0,81.0,1.0,True,False,previews/val_val_001572.jpg,,,
val_val_001573,/Users/Di/Documents/GitHub/My projects/Geodata_Archaeology_CV/datasets/dataset_yolo_bbox/images/val/val_001573.png,/Users/Di/Documents/GitHub/My projects/Geodata_Archaeology_CV/datasets/dataset_yolo_bbox/labels/val/val_001573.txt,val,SpOr,gorodishcha,1,6885.0,6885.0,6885.0,85.0,85.0,85.0,81.0,81.0,81.0,1.0,True,False,previews/val_val_001573.jpg,,,
val_val_001574,/Users/Di/Documents/GitHub/My projects/Geodata_Archaeology_CV/datasets/dataset_yolo_bbox/images/val/val_001574.png,/Users/Di/Documents/GitHub/My projects/Geodata_Archaeology_CV/datasets/dataset_yolo_bbox/labels/val/val_001574.txt,val,SpOr,gorodishcha,2,11340.0,11679.5,12019.0,101.0,120.5,140.0,81.0,100.0,119.0,1.0,True,False,previews/val_val_001574.jpg,,,
val_val_001575,/Users/Di/Documents/GitHub/My projects/Geodata_Archaeology_CV/datasets/dataset_yolo_bbox/images/val/val_001575.png,/Users/Di/Documents/GitHub/My projects/Geodata_Archaeology_CV/datasets/dataset_yolo_bbox/labels/val/val_001575.txt,val,SpOr,gorodishcha,2,11340.0,11679.5,12019.0,101.0,120.5,140.0,81.0,100.0,119.0,1.0,True,False,previews/val_val_001575.jpg,,,
train_train_001576,/Users/Di/Documents/GitHub/My projects/Geodata_Archaeology_CV/datasets/dataset_yolo_bbox/images/train/train_001576.png,/Users/Di/Documents/GitHub/My projects/Geodata_Archaeology_CV/datasets/dataset_yolo_bbox/labels/train/train_001576.txt,train,SpOr,gorodishcha,1,27540.0,27540.0,27540.0,162.0,162.0,162.0,170.0,170.0,170.0,1.0,True,False,previews/train_train_001576.jpg,,,
train_train_001577,/Users/Di/Documents/GitHub/My projects/Geodata_Archaeology_CV/datasets/dataset_yolo_bbox/images/train/train_001577.png,/Users/Di/Documents/GitHub/My projects/Geodata_Archaeology_CV/datasets/dataset_yolo_bbox/labels/train/train_001577.txt,train,SpOr,gorodishcha,1,27540.0,27540.0,27540.0,162.0,162.0,162.0,170.0,170.0,170.0,1.0,True,False,previews/train_train_001577.jpg,,,
train_train_001578,/Users/Di/Documents/GitHub/My projects/Geodata_Archaeology_CV/datasets/dataset_yolo_bbox/images/train/train_001578.png,/Users/Di/Documents/GitHub/My projects/Geodata_Archaeology_CV/datasets/dataset_yolo_bbox/labels/train/train_001578.txt,train,SpOr,gorodishcha,1,14317.0,14317.0,14317.0,103.0,103.0,103.0,139.0,139.0,139.0,1.0,True,False,previews/train_train_001578.jpg,,,
train_train_001579,/Users/Di/Documents/GitHub/My projects/Geodata_Archaeology_CV/datasets/dataset_yolo_bbox/images/train/train_001579.png,/Users/Di/Documents/GitHub/My projects/Geodata_Archaeology_CV/datasets/dataset_yolo_bbox/labels/train/train_001579.txt,train,SpOr,gorodishcha,1,14317.0,14317.0,14317.0,103.0,103.0,103.0,139.0,139.0,139.0,1.0,True,False,previews/train_train_001579.jpg,,,
train_train_001580,/Users/Di/Documents/GitHub/My projects/Geodata_Archaeology_CV/datasets/dataset_yolo_bbox/images/train/train_001580.png,/Users/Di/Documents/GitHub/My projects/Geodata_Archaeology_CV/datasets/dataset_yolo_bbox/labels/train/train_001580.txt,train,SpOr,gorodishcha,1,18487.0,18487.0,18487.0,133.0,133.0,133.0,139.0,139.0,139.0,1.0,True,False,previews/train_train_001580.jpg,,,
train_train_001581,/Users/Di/Documents/GitHub/My projects/Geodata_Archaeology_CV/datasets/dataset_yolo_bbox/images/train/train_001581.png,/Users/Di/Documents/GitHub/My projects/Geodata_Archaeology_CV/datasets/dataset_yolo_bbox/labels/train/train_001581.txt,train,SpOr,gorodishcha,1,18487.0,18487.0,18487.0,133.0,133.0,133.0,139.0,139.0,139.0,1.0,True,False,previews/train_train_001581.jpg,,,
train_train_001582,/Users/Di/Documents/GitHub/My projects/Geodata_Archaeology_CV/datasets/dataset_yolo_bbox/images/train/train_001582.png,/Users/Di/Documents/GitHub/My projects/Geodata_Archaeology_CV/datasets/dataset_yolo_bbox/labels/train/train_001582.txt,train,SpOr,gorodishcha,1,11336.0,11336.0,11336.0,109.0,109.0,109.0,104.0,104.0,104.0,0.9616962679856116,True,False,previews/train_train_001582.jpg,,,
train_train_001583,/Users/Di/Documents/GitHub/My projects/Geodata_Archaeology_CV/datasets/dataset_yolo_bbox/images/train/train_001583.png,/Users/Di/Documents/GitHub/My projects/Geodata_Archaeology_CV/datasets/dataset_yolo_bbox/labels/train/train_001583.txt,train,SpOr,gorodishcha,1,11336.0,11336.0,11336.0,109.0,109.0,109.0,104.0,104.0,104.0,0.961633037320144,True,False,previews/train_train_001583.jpg,,,
val_val_001584,/Users/Di/Documents/GitHub/My projects/Geodata_Archaeology_CV/datasets/dataset_yolo_bbox/images/val/val_001584.png,/Users/Di/Documents/GitHub/My projects/Geodata_Archaeology_CV/datasets/dataset_yolo_bbox/labels/val/val_001584.txt,val,SpOr,gorodishcha,1,33735.0,33735.0,33735.0,195.0,195.0,195.0,173.0,173.0,173.0,0.9757041234443784,True,False,previews/val_val_001584.jpg,,,
train_train_001585,/Users/Di/Documents/GitHub/My projects/Geodata_Archaeology_CV/datasets/dataset_yolo_bbox/images/train/train_001585.png,/Users/Di/Documents/GitHub/My projects/Geodata_Archaeology_CV/datasets/dataset_yolo_bbox/labels/train/train_001585.txt,train,SpOr,gorodishcha,1,234500.0,234500.0,234500.0,469.0,469.0,469.0,500.0,500.0,500.0,1.0,True,False,previews/train_train_001585.jpg,,,
val_val_001586,/Users/Di/Documents/GitHub/My projects/Geodata_Archaeology_CV/datasets/dataset_yolo_bbox/images/val/val_001586.png,/Users/Di/Documents/GitHub/My projects/Geodata_Archaeology_CV/datasets/dataset_yolo_bbox/labels/val/val_001586.txt,val,SpOr,fortifikatsii; kurgany_povrezhdennye,32,182.0,495.0,924.0,13.0,22.0,33.0,14.0,21.5,28.0,1.0,True,False,previews/val_val_001586.jpg,,,
train_train_001587,/Users/Di/Documents/GitHub/My projects/Geodata_Archaeology_CV/datasets/dataset_yolo_bbox/images/train/train_001587.png,/Users/Di/Documents/GitHub/My projects/Geodata_Archaeology_CV/datasets/dataset_yolo_bbox/labels/train/train_001587.txt,train,SpOr,arkhitektury; gorodishcha,47,99.0,210.0,139346.0,8.0,16.0,361.0,9.0,15.0,386.0,1.0,True,False,previews/train_train_001587.jpg,,,
train_train_001588,/Users/Di/Documents/GitHub/My projects/Geodata_Archaeology_CV/datasets/dataset_yolo_bbox/images/train/train_001588.png,/Users/Di/Documents/GitHub/My projects/Geodata_Archaeology_CV/datasets/dataset_yolo_bbox/labels/train/train_001588.txt,train,SpOr,arkhitektury; gorodishcha,47,99.0,210.0,139346.0,8.0,16.0,361.0,9.0,15.0,386.0,1.0,True,False,previews/train_train_001588.jpg,,,
train_train_001589,/Users/Di/Documents/GitHub/My projects/Geodata_Archaeology_CV/datasets/dataset_yolo_bbox/images/train/train_001589.png,/Users/Di/Documents/GitHub/My projects/Geodata_Archaeology_CV/datasets/dataset_yolo_bbox/labels/train/train_001589.txt,train,SpOr,gorodishcha,2,7776.0,11268.0,14760.0,72.0,96.0,120.0,108.0,115.5,123.0,1.0,True,False,previews/train_train_001589.jpg,,,
train_train_001590,/Users/Di/Documents/GitHub/My projects/Geodata_Archaeology_CV/datasets/dataset_yolo_bbox/images/train/train_001590.png,/Users/Di/Documents/GitHub/My projects/Geodata_Archaeology_CV/datasets/dataset_yolo_bbox/labels/train/train_001590.txt,train,SpOr,gorodishcha,2,41525.0,43337.0,45149.0,151.0,213.0,275.0,151.0,225.0,299.0,1.0,True,False,previews/train_train_001590.jpg,,,
train_train_001591,/Users/Di/Documents/GitHub/My projects/Geodata_Archaeology_CV/datasets/dataset_yolo_bbox/images/train/train_001591.png,/Users/Di/Documents/GitHub/My projects/Geodata_Archaeology_CV/datasets/dataset_yolo_bbox/labels/train/train_001591.txt,train,SpOr,gorodishcha,1,22098.0,22098.0,22098.0,174.0,174.0,174.0,127.0,127.0,127.0,1.0,True,False,previews/train_train_001591.jpg,,,
train_train_001592,/Users/Di/Documents/GitHub/My projects/Geodata_Archaeology_CV/datasets/dataset_yolo_bbox/images/train/train_001592.png,/Users/Di/Documents/GitHub/My projects/Geodata_Archaeology_CV/datasets/dataset_yolo_bbox/labels/train/train_001592.txt,train,SpOr,gorodishcha,1,22098.0,22098.0,22098.0,174.0,174.0,174.0,127.0,127.0,127.0,1.0,True,False,previews/train_train_001592.jpg,,,
train_train_001593,/Users/Di/Documents/GitHub/My projects/Geodata_Archaeology_CV/datasets/dataset_yolo_bbox/images/train/train_001593.png,/Users/Di/Documents/GitHub/My projects/Geodata_Archaeology_CV/datasets/dataset_yolo_bbox/labels/train/train_001593.txt,train,SpOr,gorodishcha,1,16800.0,16800.0,16800.0,160.0,160.0,160.0,105.0,105.0,105.0,1.0,True,False,previews/train_train_001593.jpg,,,
train_train_001594,/Users/Di/Documents/GitHub/My projects/Geodata_Archaeology_CV/datasets/dataset_yolo_bbox/images/train/train_001594.png,/Users/Di/Documents/GitHub/My projects/Geodata_Archaeology_CV/datasets/dataset_yolo_bbox/labels/train/train_001594.txt,train,SpOr,gorodishcha,1,16800.0,16800.0,16800.0,160.0,160.0,160.0,105.0,105.0,105.0,1.0,True,False,previews/train_train_001594.jpg,,,
val_val_001595,/Users/Di/Documents/GitHub/My projects/Geodata_Archaeology_CV/datasets/dataset_yolo_bbox/images/val/val_001595.png,/Users/Di/Documents/GitHub/My projects/Geodata_Archaeology_CV/datasets/dataset_yolo_bbox/labels/val/val_001595.txt,val,SpOr,gorodishcha,1,16500.0,16500.0,16500.0,132.0,132.0,132.0,125.0,125.0,125.0,1.0,True,False,previews/val_val_001595.jpg,,,
train_train_001596,/Users/Di/Documents/GitHub/My projects/Geodata_Archaeology_CV/datasets/dataset_yolo_bbox/images/train/train_001596.png,/Users/Di/Documents/GitHub/My projects/Geodata_Archaeology_CV/datasets/dataset_yolo_bbox/labels/train/train_001596.txt,train,SpOr,gorodishcha,1,24386.0,24386.0,24386.0,178.0,178.0,178.0,137.0,137.0,137.0,1.0,True,False,previews/train_train_001596.jpg,,,
train_train_001597,/Users/Di/Documents/GitHub/My projects/Geodata_Archaeology_CV/datasets/dataset_yolo_bbox/images/train/train_001597.png,/Users/Di/Documents/GitHub/My projects/Geodata_Archaeology_CV/datasets/dataset_yolo_bbox/labels/train/train_001597.txt,train,SpOr,gorodishcha,1,20720.0,20720.0,20720.0,185.0,185.0,185.0,112.0,112.0,112.0,1.0,True,False,previews/train_train_001597.jpg,,,
train_train_001598,/Users/Di/Documents/GitHub/My projects/Geodata_Archaeology_CV/datasets/dataset_yolo_bbox/images/train/train_001598.png,/Users/Di/Documents/GitHub/My projects/Geodata_Archaeology_CV/datasets/dataset_yolo_bbox/labels/train/train_001598.txt,train,SpOr,gorodishcha,2,32616.0,36503.5,40391.0,151.0,160.0,169.0,216.0,227.5,239.0,1.0,True,False,previews/train_train_001598.jpg,,,
train_train_001599,/Users/Di/Documents/GitHub/My projects/Geodata_Archaeology_CV/datasets/dataset_yolo_bbox/images/train/train_001599.png,/Users/Di/Documents/GitHub/My projects/Geodata_Archaeology_CV/datasets/dataset_yolo_bbox/labels/train/train_001599.txt,train,SpOr,gorodishcha,1,73920.0,73920.0,73920.0,264.0,264.0,264.0,280.0,280.0,280.0,1.0,True,False,previews/train_train_001599.jpg,,,
train_train_001600,/Users/Di/Documents/GitHub/My projects/Geodata_Archaeology_CV/datasets/dataset_yolo_bbox/images/train/train_001600.png,/Users/Di/Documents/GitHub/My projects/Geodata_Archaeology_CV/datasets/dataset_yolo_bbox/labels/train/train_001600.txt,train,Or,,0,,,,,,,,,,1.0,False,False,previews/train_train_001600.jpg,,,
train_train_001601,/Users/Di/Documents/GitHub/My projects/Geodata_Archaeology_CV/datasets/dataset_yolo_bbox/images/train/train_001601.png,/Users/Di/Documents/GitHub/My projects/Geodata_Archaeology_CV/datasets/dataset_yolo_bbox/labels/train/train_001601.txt,train,Or,,0,,,,,,,,,,1.0,False,False,previews/train_train_001601.jpg,,,
train_train_001602,/Users/Di/Documents/GitHub/My projects/Geodata_Archaeology_CV/datasets/dataset_yolo_bbox/images/train/train_001602.png,/Users/Di/Documents/GitHub/My projects/Geodata_Archaeology_CV/datasets/dataset_yolo_bbox/labels/train/train_001602.txt,train,Or,,0,,,,,,,,,,1.0,False,False,previews/train_train_001602.jpg,,,
train_train_001603,/Users/Di/Documents/GitHub/My projects/Geodata_Archaeology_CV/datasets/dataset_yolo_bbox/images/train/train_001603.png,/Users/Di/Documents/GitHub/My projects/Geodata_Archaeology_CV/datasets/dataset_yolo_bbox/labels/train/train_001603.txt,train,Or,,0,,,,,,,,,,1.0,False,False,previews/train_train_001603.jpg,,,
train_train_001604,/Users/Di/Documents/GitHub/My projects/Geodata_Archaeology_CV/datasets/dataset_yolo_bbox/images/train/train_001604.png,/Users/Di/Documents/GitHub/My projects/Geodata_Archaeology_CV/datasets/dataset_yolo_bbox/labels/train/train_001604.txt,train,Or,,0,,,,,,,,,,1.0,False,False,previews/train_train_001604.jpg,,,
train_train_001605,/Users/Di/Documents/GitHub/My projects/Geodata_Archaeology_CV/datasets/dataset_yolo_bbox/images/train/train_001605.png,/Users/Di/Documents/GitHub/My projects/Geodata_Archaeology_CV/datasets/dataset_yolo_bbox/labels/train/train_001605.txt,train,Or,,0,,,,,,,,,,1.0,False,False,previews/train_train_001605.jpg,,,
train_train_001606,/Users/Di/Documents/GitHub/My projects/Geodata_Archaeology_CV/datasets/dataset_yolo_bbox/images/train/train_001606.png,/Users/Di/Documents/GitHub/My projects/Geodata_Archaeology_CV/datasets/dataset_yolo_bbox/labels/train/train_001606.txt,train,Or,arkhitektury,1,1664894.0,1664894.0,1664894.0,1138.0,1138.0,1138.0,1463.0,1463.0,1463.0,1.0,False,False,previews/train_train_001606.jpg,,,
train_train_001607,/Users/Di/Documents/GitHub/My projects/Geodata_Archaeology_CV/datasets/dataset_yolo_bbox/images/train/train_001607.png,/Users/Di/Documents/GitHub/My projects/Geodata_Archaeology_CV/datasets/dataset_yolo_bbox/labels/train/train_001607.txt,train,Or,,0,,,,,,,,,,1.0,False,False,previews/train_train_001607.jpg,,,
train_train_001608,/Users/Di/Documents/GitHub/My projects/Geodata_Archaeology_CV/datasets/dataset_yolo_bbox/images/train/train_001608.png,/Users/Di/Documents/GitHub/My projects/Geodata_Archaeology_CV/datasets/dataset_yolo_bbox/labels/train/train_001608.txt,train,Or,arkhitektury,3,187374.0,251991.0,734096.0,459.0,561.0,688.0,334.0,549.0,1067.0,1.0,False,True,previews/train_train_001608.jpg,,,
train_train_001609,/Users/Di/Documents/GitHub/My projects/Geodata_Archaeology_CV/datasets/dataset_yolo_bbox/images/train/train_001609.png,/Users/Di/Documents/GitHub/My projects/Geodata_Archaeology_CV/datasets/dataset_yolo_bbox/labels/train/train_001609.txt,train,Or,arkhitektury,2,528.0,70621.0,140714.0,16.0,226.5,437.0,33.0,177.5,322.0,1.0,False,True,previews/train_train_001609.jpg,,,
train_train_001610,/Users/Di/Documents/GitHub/My projects/Geodata_Archaeology_CV/datasets/dataset_yolo_bbox/images/train/train_001610.png,/Users/Di/Documents/GitHub/My projects/Geodata_Archaeology_CV/datasets/dataset_yolo_bbox/labels/train/train_001610.txt,train,Or,arkhitektury,3,10608.0,94598.0,224460.0,52.0,261.0,406.0,204.0,233.0,860.0,1.0,False,True,previews/train_train_001610.jpg,,,
train_train_001611,/Users/Di/Documents/GitHub/My projects/Geodata_Archaeology_CV/datasets/dataset_yolo_bbox/images/train/train_001611.png,/Users/Di/Documents/GitHub/My projects/Geodata_Archaeology_CV/datasets/dataset_yolo_bbox/labels/train/train_001611.txt,train,Or,arkhitektury,8,169840.0,255259.5,789243.0,227.0,585.0,965.0,176.0,629.0,1239.0,1.0,False,True,previews/train_train_001611.jpg,,,
train_train_001612,/Users/Di/Documents/GitHub/My projects/Geodata_Archaeology_CV/datasets/dataset_yolo_bbox/images/train/train_001612.png,/Users/Di/Documents/GitHub/My projects/Geodata_Archaeology_CV/datasets/dataset_yolo_bbox/labels/train/train_001612.txt,train,Or,,0,,,,,,,,,,1.0,False,False,previews/train_train_001612.jpg,,,
train_train_001613,/Users/Di/Documents/GitHub/My projects/Geodata_Archaeology_CV/datasets/dataset_yolo_bbox/images/train/train_001613.png,/Users/Di/Documents/GitHub/My projects/Geodata_Archaeology_CV/datasets/dataset_yolo_bbox/labels/train/train_001613.txt,train,Or,,0,,,,,,,,,,1.0,False,False,previews/train_train_001613.jpg,,,
train_train_001614,/Users/Di/Documents/GitHub/My projects/Geodata_Archaeology_CV/datasets/dataset_yolo_bbox/images/train/train_001614.png,/Users/Di/Documents/GitHub/My projects/Geodata_Archaeology_CV/datasets/dataset_yolo_bbox/labels/train/train_001614.txt,train,Or,arkhitektury,2,12750.0,111732.0,210714.0,150.0,278.0,406.0,85.0,302.0,519.0,1.0,False,True,previews/train_train_001614.jpg,,,
train_train_001615,/Users/Di/Documents/GitHub/My projects/Geodata_Archaeology_CV/datasets/dataset_yolo_bbox/images/train/train_001615.png,/Users/Di/Documents/GitHub/My projects/Geodata_Archaeology_CV/datasets/dataset_yolo_bbox/labels/train/train_001615.txt,train,Or,arkhitektury,18,664.0,277895.0,1251024.0,158.0,597.5,1326.0,4.0,411.0,1072.0,1.0,False,True,previews/train_train_001615.jpg,,,
train_train_001616,/Users/Di/Documents/GitHub/My projects/Geodata_Archaeology_CV/datasets/dataset_yolo_bbox/images/train/train_001616.png,/Users/Di/Documents/GitHub/My projects/Geodata_Archaeology_CV/datasets/dataset_yolo_bbox/labels/train/train_001616.txt,train,Or,arkhitektury,4,10731.0,48291.0,361000.0,73.0,214.0,475.0,147.0,227.0,760.0,1.0,False,True,previews/train_train_001616.jpg,,,
train_train_001617,/Users/Di/Documents/GitHub/My projects/Geodata_Archaeology_CV/datasets/dataset_yolo_bbox/images/train/train_001617.png,/Users/Di/Documents/GitHub/My projects/Geodata_Archaeology_CV/datasets/dataset_yolo_bbox/labels/train/train_001617.txt,train,Or,,0,,,,,,,,,,1.0,False,False,previews/train_train_001617.jpg,,,
train_train_001618,/Users/Di/Documents/GitHub/My projects/Geodata_Archaeology_CV/datasets/dataset_yolo_bbox/images/train/train_001618.png,/Users/Di/Documents/GitHub/My projects/Geodata_Archaeology_CV/datasets/dataset_yolo_bbox/labels/train/train_001618.txt,train,Or,arkhitektury,6,31200.0,438346.0,686664.0,200.0,677.0,1261.0,156.0,522.5,918.0,1.0,False,True,previews/train_train_001618.jpg,,,
train_train_001619,/Users/Di/Documents/GitHub/My projects/Geodata_Archaeology_CV/datasets/dataset_yolo_bbox/images/train/train_001619.png,/Users/Di/Documents/GitHub/My projects/Geodata_Archaeology_CV/datasets/dataset_yolo_bbox/labels/train/train_001619.txt,train,Or,arkhitektury,15,244440.0,393255.0,1427868.0,425.0,891.0,1469.0,333.0,495.0,972.0,1.0,False,True,previews/train_train_001619.jpg,,,
train_train_001620,/Users/Di/Documents/GitHub/My projects/Geodata_Archaeology_CV/datasets/dataset_yolo_bbox/images/train/train_001620.png,/Users/Di/Documents/GitHub/My projects/Geodata_Archaeology_CV/datasets/dataset_yolo_bbox/labels/train/train_001620.txt,train,Or,arkhitektury,3,10731.0,124656.0,276675.0,73.0,294.0,425.0,147.0,424.0,651.0,1.0,False,True,previews/train_train_001620.jpg,,,
train_train_001621,/Users/Di/Documents/GitHub/My projects/Geodata_Archaeology_CV/datasets/dataset_yolo_bbox/images/train/train_001621.png,/Users/Di/Documents/GitHub/My projects/Geodata_Archaeology_CV/datasets/dataset_yolo_bbox/labels/train/train_001621.txt,train,Or,,0,,,,,,,,,,1.0,False,False,previews/train_train_001621.jpg,,,
train_train_001622,/Users/Di/Documents/GitHub/My projects/Geodata_Archaeology_CV/datasets/dataset_yolo_bbox/images/train/train_001622.png,/Users/Di/Documents/GitHub/My projects/Geodata_Archaeology_CV/datasets/dataset_yolo_bbox/labels/train/train_001622.txt,train,Or,,0,,,,,,,,,,1.0,False,False,previews/train_train_001622.jpg,,,
train_train_001623,/Users/Di/Documents/GitHub/My projects/Geodata_Archaeology_CV/datasets/dataset_yolo_bbox/images/train/train_001623.png,/Users/Di/Documents/GitHub/My projects/Geodata_Archaeology_CV/datasets/dataset_yolo_bbox/labels/train/train_001623.txt,train,Or,arkhitektury,8,10500.0,152847.0,1360821.0,70.0,378.0,1419.0,150.0,402.0,959.0,1.0,False,True,previews/train_train_001623.jpg,,,
train_train_001624,/Users/Di/Documents/GitHub/My projects/Geodata_Archaeology_CV/datasets/dataset_yolo_bbox/images/train/train_001624.png,/Users/Di/Documents/GitHub/My projects/Geodata_Archaeology_CV/datasets/dataset_yolo_bbox/labels/train/train_001624.txt,train,Or,arkhitektury,19,240.0,233892.0,1065016.0,40.0,742.0,1469.0,6.0,356.0,764.0,1.0,False,True,previews/train_train_001624.jpg,,,
train_train_001625,/Users/Di/Documents/GitHub/My projects/Geodata_Archaeology_CV/datasets/dataset_yolo_bbox/images/train/train_001625.png,/Users/Di/Documents/GitHub/My projects/Geodata_Archaeology_CV/datasets/dataset_yolo_bbox/labels/train/train_001625.txt,train,Or,arkhitektury,2,184.0,339648.0,679112.0,8.0,366.0,724.0,23.0,480.5,938.0,1.0,False,True,previews/train_train_001625.jpg,,,
train_train_001626,/Users/Di/Documents/GitHub/My projects/Geodata_Archaeology_CV/datasets/dataset_yolo_bbox/images/train/train_001626.png,/Users/Di/Documents/GitHub/My projects/Geodata_Archaeology_CV/datasets/dataset_yolo_bbox/labels/train/train_001626.txt,train,Or,arkhitektury,15,10500.0,256672.0,994130.0,70.0,460.0,1117.0,150.0,493.0,938.0,1.0,False,True,previews/train_train_001626.jpg,,,
train_train_001627,/Users/Di/Documents/GitHub/My projects/Geodata_Archaeology_CV/datasets/dataset_yolo_bbox/images/train/train_001627.png,/Users/Di/Documents/GitHub/My projects/Geodata_Archaeology_CV/datasets/dataset_yolo_bbox/labels/train/train_001627.txt,train,Or,arkhitektury,18,517.0,289832.0,1213674.0,47.0,622.0,1221.0,11.0,397.5,994.0,1.0,False,True,previews/train_train_001627.jpg,,,
train_train_001628,/Users/Di/Documents/GitHub/My projects/Geodata_Archaeology_CV/datasets/dataset_yolo_bbox/images/train/train_001628.png,/Users/Di/Documents/GitHub/My projects/Geodata_Archaeology_CV/datasets/dataset_yolo_bbox/labels/train/train_001628.txt,train,Or,,0,,,,,,,,,,1.0,False,False,previews/train_train_001628.jpg,,,
train_train_001629,/Users/Di/Documents/GitHub/My projects/Geodata_Archaeology_CV/datasets/dataset_yolo_bbox/images/train/train_001629.png,/Users/Di/Documents/GitHub/My projects/Geodata_Archaeology_CV/datasets/dataset_yolo_bbox/labels/train/train_001629.txt,train,Or,arkhitektury,3,237919.0,277900.0,299300.0,473.0,700.0,730.0,397.0,410.0,503.0,1.0,False,True,previews/train_train_001629.jpg,,,
train_train_001630,/Users/Di/Documents/GitHub/My projects/Geodata_Archaeology_CV/datasets/dataset_yolo_bbox/images/train/train_001630.png,/Users/Di/Documents/GitHub/My projects/Geodata_Archaeology_CV/datasets/dataset_yolo_bbox/labels/train/train_001630.txt,train,Or,arkhitektury,7,34040.0,261702.0,617024.0,185.0,634.0,992.0,184.0,402.0,658.0,1.0,False,True,previews/train_train_001630.jpg,,,
train_train_001631,/Users/Di/Documents/GitHub/My projects/Geodata_Archaeology_CV/datasets/dataset_yolo_bbox/images/train/train_001631.png,/Users/Di/Documents/GitHub/My projects/Geodata_Archaeology_CV/datasets/dataset_yolo_bbox/labels/train/train_001631.txt,train,Or,arkhitektury,7,117450.0,417172.0,970570.0,450.0,710.0,1161.0,261.0,642.0,1367.0,1.0,False,True,previews/train_train_001631.jpg,,,
train_train_001632,/Users/Di/Documents/GitHub/My projects/Geodata_Archaeology_CV/datasets/dataset_yolo_bbox/images/train/train_001632.png,/Users/Di/Documents/GitHub/My projects/Geodata_Archaeology_CV/datasets/dataset_yolo_bbox/labels/train/train_001632.txt,train,Or,arkhitektury,3,27720.0,763286.0,1630044.0,495.0,1153.0,1161.0,56.0,662.0,1404.0,1.0,False,True,previews/train_train_001632.jpg,,,
train_train_001633,/Users/Di/Documents/GitHub/My projects/Geodata_Archaeology_CV/datasets/dataset_yolo_bbox/images/train/train_001633.png,/Users/Di/Documents/GitHub/My projects/Geodata_Archaeology_CV/datasets/dataset_yolo_bbox/labels/train/train_001633.txt,train,Or,,0,,,,,,,,,,1.0,False,False,previews/train_train_001633.jpg,,,
train_train_001634,/Users/Di/Documents/GitHub/My projects/Geodata_Archaeology_CV/datasets/dataset_yolo_bbox/images/train/train_001634.png,/Users/Di/Documents/GitHub/My projects/Geodata_Archaeology_CV/datasets/dataset_yolo_bbox/labels/train/train_001634.txt,train,Or,,0,,,,,,,,,,1.0,False,False,previews/train_train_001634.jpg,,,
train_train_001635,/Users/Di/Documents/GitHub/My projects/Geodata_Archaeology_CV/datasets/dataset_yolo_bbox/images/train/train_001635.png,/Users/Di/Documents/GitHub/My projects/Geodata_Archaeology_CV/datasets/dataset_yolo_bbox/labels/train/train_001635.txt,train,Or,,0,,,,,,,,,,1.0,False,False,previews/train_train_001635.jpg,,,
train_train_001636,/Users/Di/Documents/GitHub/My projects/Geodata_Archaeology_CV/datasets/dataset_yolo_bbox/images/train/train_001636.png,/Users/Di/Documents/GitHub/My projects/Geodata_Archaeology_CV/datasets/dataset_yolo_bbox/labels/train/train_001636.txt,train,Or,,0,,,,,,,,,,1.0,False,False,previews/train_train_001636.jpg,,,
train_train_001637,/Users/Di/Documents/GitHub/My projects/Geodata_Archaeology_CV/datasets/dataset_yolo_bbox/images/train/train_001637.png,/Users/Di/Documents/GitHub/My projects/Geodata_Archaeology_CV/datasets/dataset_yolo_bbox/labels/train/train_001637.txt,train,Or,,0,,,,,,,,,,1.0,False,False,previews/train_train_001637.jpg,,,
train_train_001638,/Users/Di/Documents/GitHub/My projects/Geodata_Archaeology_CV/datasets/dataset_yolo_bbox/images/train/train_001638.png,/Users/Di/Documents/GitHub/My projects/Geodata_Archaeology_CV/datasets/dataset_yolo_bbox/labels/train/train_001638.txt,train,Or,,0,,,,,,,,,,1.0,False,False,previews/train_train_001638.jpg,,,
train_train_001639,/Users/Di/Documents/GitHub/My projects/Geodata_Archaeology_CV/datasets/dataset_yolo_bbox/images/train/train_001639.png,/Users/Di/Documents/GitHub/My projects/Geodata_Archaeology_CV/datasets/dataset_yolo_bbox/labels/train/train_001639.txt,train,Or,,0,,,,,,,,,,1.0,False,False,previews/train_train_001639.jpg,,,
train_train_001640,/Users/Di/Documents/GitHub/My projects/Geodata_Archaeology_CV/datasets/dataset_yolo_bbox/images/train/train_001640.png,/Users/Di/Documents/GitHub/My projects/Geodata_Archaeology_CV/datasets/dataset_yolo_bbox/labels/train/train_001640.txt,train,Or,arkhitektury,1,393536.0,393536.0,393536.0,832.0,832.0,832.0,473.0,473.0,473.0,1.0,False,False,previews/train_train_001640.jpg,,,
train_train_001641,/Users/Di/Documents/GitHub/My projects/Geodata_Archaeology_CV/datasets/dataset_yolo_bbox/images/train/train_001641.png,/Users/Di/Documents/GitHub/My projects/Geodata_Archaeology_CV/datasets/dataset_yolo_bbox/labels/train/train_001641.txt,train,Or,,0,,,,,,,,,,1.0,False,False,previews/train_train_001641.jpg,,,
train_train_001642,/Users/Di/Documents/GitHub/My projects/Geodata_Archaeology_CV/datasets/dataset_yolo_bbox/images/train/train_001642.png,/Users/Di/Documents/GitHub/My projects/Geodata_Archaeology_CV/datasets/dataset_yolo_bbox/labels/train/train_001642.txt,train,Or,,0,,,,,,,,,,1.0,False,False,previews/train_train_001642.jpg,,,
train_train_001643,/Users/Di/Documents/GitHub/My projects/Geodata_Archaeology_CV/datasets/dataset_yolo_bbox/images/train/train_001643.png,/Users/Di/Documents/GitHub/My projects/Geodata_Archaeology_CV/datasets/dataset_yolo_bbox/labels/train/train_001643.txt,train,Or,,0,,,,,,,,,,1.0,False,False,previews/train_train_001643.jpg,,,
train_train_001644,/Users/Di/Documents/GitHub/My projects/Geodata_Archaeology_CV/datasets/dataset_yolo_bbox/images/train/train_001644.png,/Users/Di/Documents/GitHub/My projects/Geodata_Archaeology_CV/datasets/dataset_yolo_bbox/labels/train/train_001644.txt,train,Or,arkhitektury,1,60634.0,60634.0,60634.0,497.0,497.0,497.0,122.0,122.0,122.0,1.0,False,True,previews/train_train_001644.jpg,,,
train_train_001645,/Users/Di/Documents/GitHub/My projects/Geodata_Archaeology_CV/datasets/dataset_yolo_bbox/images/train/train_001645.png,/Users/Di/Documents/GitHub/My projects/Geodata_Archaeology_CV/datasets/dataset_yolo_bbox/labels/train/train_001645.txt,train,Or,,0,,,,,,,,,,1.0,False,False,previews/train_train_001645.jpg,,,
train_train_001646,/Users/Di/Documents/GitHub/My projects/Geodata_Archaeology_CV/datasets/dataset_yolo_bbox/images/train/train_001646.png,/Users/Di/Documents/GitHub/My projects/Geodata_Archaeology_CV/datasets/dataset_yolo_bbox/labels/train/train_001646.txt,train,Or,,0,,,,,,,,,,1.0,False,False,previews/train_train_001646.jpg,,,
train_train_001647,/Users/Di/Documents/GitHub/My projects/Geodata_Archaeology_CV/datasets/dataset_yolo_bbox/images/train/train_001647.png,/Users/Di/Documents/GitHub/My projects/Geodata_Archaeology_CV/datasets/dataset_yolo_bbox/labels/train/train_001647.txt,train,Or,,0,,,,,,,,,,1.0,False,False,previews/train_train_001647.jpg,,,
train_train_001648,/Users/Di/Documents/GitHub/My projects/Geodata_Archaeology_CV/datasets/dataset_yolo_bbox/images/train/train_001648.png,/Users/Di/Documents/GitHub/My projects/Geodata_Archaeology_CV/datasets/dataset_yolo_bbox/labels/train/train_001648.txt,train,Or,,0,,,,,,,,,,1.0,False,False,previews/train_train_001648.jpg,,,
train_train_001649,/Users/Di/Documents/GitHub/My projects/Geodata_Archaeology_CV/datasets/dataset_yolo_bbox/images/train/train_001649.png,/Users/Di/Documents/GitHub/My projects/Geodata_Archaeology_CV/datasets/dataset_yolo_bbox/labels/train/train_001649.txt,train,Or,,0,,,,,,,,,,1.0,False,False,previews/train_train_001649.jpg,,,
train_train_001650,/Users/Di/Documents/GitHub/My projects/Geodata_Archaeology_CV/datasets/dataset_yolo_bbox/images/train/train_001650.png,/Users/Di/Documents/GitHub/My projects/Geodata_Archaeology_CV/datasets/dataset_yolo_bbox/labels/train/train_001650.txt,train,Or,,0,,,,,,,,,,1.0,False,False,previews/train_train_001650.jpg,,,
train_train_001651,/Users/Di/Documents/GitHub/My projects/Geodata_Archaeology_CV/datasets/dataset_yolo_bbox/images/train/train_001651.png,/Users/Di/Documents/GitHub/My projects/Geodata_Archaeology_CV/datasets/dataset_yolo_bbox/labels/train/train_001651.txt,train,Or,,0,,,,,,,,,,1.0,False,False,previews/train_train_001651.jpg,,,
train_train_001652,/Users/Di/Documents/GitHub/My projects/Geodata_Archaeology_CV/datasets/dataset_yolo_bbox/images/train/train_001652.png,/Users/Di/Documents/GitHub/My projects/Geodata_Archaeology_CV/datasets/dataset_yolo_bbox/labels/train/train_001652.txt,train,Or,,0,,,,,,,,,,1.0,False,False,previews/train_train_001652.jpg,,,
train_train_001653,/Users/Di/Documents/GitHub/My projects/Geodata_Archaeology_CV/datasets/dataset_yolo_bbox/images/train/train_001653.png,/Users/Di/Documents/GitHub/My projects/Geodata_Archaeology_CV/datasets/dataset_yolo_bbox/labels/train/train_001653.txt,train,Or,,0,,,,,,,,,,1.0,False,False,previews/train_train_001653.jpg,,,
train_train_001654,/Users/Di/Documents/GitHub/My projects/Geodata_Archaeology_CV/datasets/dataset_yolo_bbox/images/train/train_001654.png,/Users/Di/Documents/GitHub/My projects/Geodata_Archaeology_CV/datasets/dataset_yolo_bbox/labels/train/train_001654.txt,train,Or,,0,,,,,,,,,,1.0,False,False,previews/train_train_001654.jpg,,,
train_train_001655,/Users/Di/Documents/GitHub/My projects/Geodata_Archaeology_CV/datasets/dataset_yolo_bbox/images/train/train_001655.png,/Users/Di/Documents/GitHub/My projects/Geodata_Archaeology_CV/datasets/dataset_yolo_bbox/labels/train/train_001655.txt,train,Or,,0,,,,,,,,,,1.0,False,False,previews/train_train_001655.jpg,,,
train_train_001656,/Users/Di/Documents/GitHub/My projects/Geodata_Archaeology_CV/datasets/dataset_yolo_bbox/images/train/train_001656.png,/Users/Di/Documents/GitHub/My projects/Geodata_Archaeology_CV/datasets/dataset_yolo_bbox/labels/train/train_001656.txt,train,SpOr,arkhitektury; kurgany_povrezhdennye,20,272.0,794.0,7448.0,17.0,23.5,76.0,16.0,32.0,98.0,0.907228983547442,True,False,previews/train_train_001656.jpg,,,
val_val_001657,/Users/Di/Documents/GitHub/My projects/Geodata_Archaeology_CV/datasets/dataset_yolo_bbox/images/val/val_001657.png,/Users/Di/Documents/GitHub/My projects/Geodata_Archaeology_CV/datasets/dataset_yolo_bbox/labels/val/val_001657.txt,val,SpOr,arkhitektury; kurgany_povrezhdennye,9,806.0,1540.0,45365.0,26.0,35.0,211.0,30.0,44.0,215.0,0.9074171335200748,True,False,previews/val_val_001657.jpg,,,
train_train_001658,/Users/Di/Documents/GitHub/My projects/Geodata_Archaeology_CV/datasets/dataset_yolo_bbox/images/train/train_001658.png,/Users/Di/Documents/GitHub/My projects/Geodata_Archaeology_CV/datasets/dataset_yolo_bbox/labels/train/train_001658.txt,train,SpOr,arkhitektury; kurgany_povrezhdennye,40,90.0,399.5,41296.0,9.0,20.0,178.0,10.0,20.5,232.0,1.0,True,False,previews/train_train_001658.jpg,,,
val_val_001659,/Users/Di/Documents/GitHub/My projects/Geodata_Archaeology_CV/datasets/dataset_yolo_bbox/images/val/val_001659.png,/Users/Di/Documents/GitHub/My projects/Geodata_Archaeology_CV/datasets/dataset_yolo_bbox/labels/val/val_001659.txt,val,SpOr,kurgany_povrezhdennye,33,340.0,988.0,17516.0,17.0,27.0,116.0,20.0,37.0,151.0,1.0,True,False,previews/val_val_001659.jpg,,,
train_train_001660,/Users/Di/Documents/GitHub/My projects/Geodata_Archaeology_CV/datasets/dataset_yolo_bbox/images/train/train_001660.png,/Users/Di/Documents/GitHub/My projects/Geodata_Archaeology_CV/datasets/dataset_yolo_bbox/labels/train/train_001660.txt,train,SpOr,kurgany_povrezhdennye,42,143.0,360.0,3920.0,10.0,16.5,56.0,12.0,21.0,70.0,1.0,True,False,previews/train_train_001660.jpg,,,
train_train_001661,/Users/Di/Documents/GitHub/My projects/Geodata_Archaeology_CV/datasets/dataset_yolo_bbox/images/train/train_001661.png,/Users/Di/Documents/GitHub/My projects/Geodata_Archaeology_CV/datasets/dataset_yolo_bbox/labels/train/train_001661.txt,train,SpOr,kurgany_povrezhdennye,52,108.0,388.0,3920.0,9.0,18.0,56.0,12.0,23.0,70.0,1.0,True,False,previews/train_train_001661.jpg,,,
train_train_001662,/Users/Di/Documents/GitHub/My projects/Geodata_Archaeology_CV/datasets/dataset_yolo_bbox/images/train/train_001662.png,/Users/Di/Documents/GitHub/My projects/Geodata_Archaeology_CV/datasets/dataset_yolo_bbox/labels/train/train_001662.txt,train,SpOr,kurgany_povrezhdennye,28,270.0,988.0,2444.0,15.0,32.0,52.0,18.0,30.0,47.0,1.0,True,False,previews/train_train_001662.jpg,,,
train_train_001663,/Users/Di/Documents/GitHub/My projects/Geodata_Archaeology_CV/datasets/dataset_yolo_bbox/images/train/train_001663.png,/Users/Di/Documents/GitHub/My projects/Geodata_Archaeology_CV/datasets/dataset_yolo_bbox/labels/train/train_001663.txt,train,SpOr,kurgany_povrezhdennye; kurgany_tselye,27,154.0,400.0,675.0,13.0,21.0,27.0,11.0,20.0,27.0,1.0,True,False,previews/train_train_001663.jpg,,,
train_train_001664,/Users/Di/Documents/GitHub/My projects/Geodata_Archaeology_CV/datasets/dataset_yolo_bbox/images/train/train_001664.png,/Users/Di/Documents/GitHub/My projects/Geodata_Archaeology_CV/datasets/dataset_yolo_bbox/labels/train/train_001664.txt,train,SpOr,kurgany_povrezhdennye; kurgany_tselye,27,154.0,400.0,675.0,13.0,21.0,27.0,11.0,20.0,27.0,1.0,True,False,previews/train_train_001664.jpg,,,
train_train_001665,/Users/Di/Documents/GitHub/My projects/Geodata_Archaeology_CV/datasets/dataset_yolo_bbox/images/train/train_001665.png,/Users/Di/Documents/GitHub/My projects/Geodata_Archaeology_CV/datasets/dataset_yolo_bbox/labels/train/train_001665.txt,train,SpOr,kurgany_povrezhdennye,13,196.0,812.0,2550.0,14.0,28.0,51.0,14.0,29.0,50.0,1.0,True,False,previews/train_train_001665.jpg,,,
train_train_001666,/Users/Di/Documents/GitHub/My projects/Geodata_Archaeology_CV/datasets/dataset_yolo_bbox/images/train/train_001666.png,/Users/Di/Documents/GitHub/My projects/Geodata_Archaeology_CV/datasets/dataset_yolo_bbox/labels/train/train_001666.txt,train,SpOr,kurgany_povrezhdennye,17,1360.0,3528.0,22330.0,37.0,55.0,145.0,34.0,59.0,154.0,1.0,True,False,previews/train_train_001666.jpg,,,
train_train_001667,/Users/Di/Documents/GitHub/My projects/Geodata_Archaeology_CV/datasets/dataset_yolo_bbox/images/train/train_001667.png,/Users/Di/Documents/GitHub/My projects/Geodata_Archaeology_CV/datasets/dataset_yolo_bbox/labels/train/train_001667.txt,train,SpOr,kurgany_povrezhdennye,2,7663.0,24746.0,41829.0,79.0,149.0,219.0,97.0,144.0,191.0,1.0,True,False,previews/train_train_001667.jpg,,,
train_train_001668,/Users/Di/Documents/GitHub/My projects/Geodata_Archaeology_CV/datasets/dataset_yolo_bbox/images/train/train_001668.png,/Users/Di/Documents/GitHub/My projects/Geodata_Archaeology_CV/datasets/dataset_yolo_bbox/labels/train/train_001668.txt,train,SpOr,kurgany_povrezhdennye,14,1089.0,2197.0,9776.0,33.0,51.5,94.0,33.0,44.0,104.0,1.0,True,False,previews/train_train_001668.jpg,,,
train_train_001669,/Users/Di/Documents/GitHub/My projects/Geodata_Archaeology_CV/datasets/dataset_yolo_bbox/images/train/train_001669.png,/Users/Di/Documents/GitHub/My projects/Geodata_Archaeology_CV/datasets/dataset_yolo_bbox/labels/train/train_001669.txt,train,SpOr,kurgany_povrezhdennye; kurgany_tselye,14,784.0,3382.5,7840.0,28.0,63.5,81.0,28.0,55.0,98.0,1.0,True,False,previews/train_train_001669.jpg,,,
train_train_001670,/Users/Di/Documents/GitHub/My projects/Geodata_Archaeology_CV/datasets/dataset_yolo_bbox/images/train/train_001670.png,/Users/Di/Documents/GitHub/My projects/Geodata_Archaeology_CV/datasets/dataset_yolo_bbox/labels/train/train_001670.txt,train,SpOr,kurgany_povrezhdennye,18,110.0,716.5,2162.0,10.0,24.5,47.0,11.0,27.5,46.0,1.0,True,False,previews/train_train_001670.jpg,,,
train_train_001671,/Users/Di/Documents/GitHub/My projects/Geodata_Archaeology_CV/datasets/dataset_yolo_bbox/images/train/train_001671.png,/Users/Di/Documents/GitHub/My projects/Geodata_Archaeology_CV/datasets/dataset_yolo_bbox/labels/train/train_001671.txt,train,SpOr,kurgany_povrezhdennye,18,110.0,716.5,2162.0,10.0,24.5,47.0,11.0,27.5,46.0,1.0,True,False,previews/train_train_001671.jpg,,,
train_train_001672,/Users/Di/Documents/GitHub/My projects/Geodata_Archaeology_CV/datasets/dataset_yolo_bbox/images/train/train_001672.png,/Users/Di/Documents/GitHub/My projects/Geodata_Archaeology_CV/datasets/dataset_yolo_bbox/labels/train/train_001672.txt,train,SpOr,kurgany_povrezhdennye,15,672.0,1188.0,3360.0,21.0,36.0,56.0,26.0,33.0,60.0,1.0,True,False,previews/train_train_001672.jpg,,,
train_train_001673,/Users/Di/Documents/GitHub/My projects/Geodata_Archaeology_CV/datasets/dataset_yolo_bbox/images/train/train_001673.png,/Users/Di/Documents/GitHub/My projects/Geodata_Archaeology_CV/datasets/dataset_yolo_bbox/labels/train/train_001673.txt,train,SpOr,kurgany_povrezhdennye,6,728.0,2750.0,5609.0,26.0,51.0,71.0,28.0,48.5,82.0,0.9307651994871188,True,False,previews/train_train_001673.jpg,,,
train_train_001674,/Users/Di/Documents/GitHub/My projects/Geodata_Archaeology_CV/datasets/dataset_yolo_bbox/images/train/train_001674.png,/Users/Di/Documents/GitHub/My projects/Geodata_Archaeology_CV/datasets/dataset_yolo_bbox/labels/train/train_001674.txt,train,SpOr,arkhitektury,10,320.0,1598.5,20304.0,16.0,38.5,141.0,20.0,42.0,144.0,0.907480431942644,True,False,previews/train_train_001674.jpg,,,
train_train_001675,/Users/Di/Documents/GitHub/My projects/Geodata_Archaeology_CV/datasets/dataset_yolo_bbox/images/train/train_001675.png,/Users/Di/Documents/GitHub/My projects/Geodata_Archaeology_CV/datasets/dataset_yolo_bbox/labels/train/train_001675.txt,train,SpOr,arkhitektury,2,1462.0,2525.0,3588.0,34.0,43.0,52.0,43.0,56.0,69.0,1.0,True,False,previews/train_train_001675.jpg,,,
train_train_001676,/Users/Di/Documents/GitHub/My projects/Geodata_Archaeology_CV/datasets/dataset_yolo_bbox/images/train/train_001676.png,/Users/Di/Documents/GitHub/My projects/Geodata_Archaeology_CV/datasets/dataset_yolo_bbox/labels/train/train_001676.txt,train,SpOr,arkhitektury,3,572.0,2600.0,4158.0,22.0,50.0,77.0,26.0,52.0,54.0,0.9062614640402268,True,False,previews/train_train_001676.jpg,,,
train_train_001677,/Users/Di/Documents/GitHub/My projects/Geodata_Archaeology_CV/datasets/dataset_yolo_bbox/images/train/train_001677.png,/Users/Di/Documents/GitHub/My projects/Geodata_Archaeology_CV/datasets/dataset_yolo_bbox/labels/train/train_001677.txt,train,SpOr,arkhitektury,1,5251.0,5251.0,5251.0,59.0,59.0,59.0,89.0,89.0,89.0,0.9065981613312708,True,False,previews/train_train_001677.jpg,,,
train_train_001678,/Users/Di/Documents/GitHub/My projects/Geodata_Archaeology_CV/datasets/dataset_yolo_bbox/images/train/train_001678.png,/Users/Di/Documents/GitHub/My projects/Geodata_Archaeology_CV/datasets/dataset_yolo_bbox/labels/train/train_001678.txt,train,SpOr,arkhitektury,1,5896.0,5896.0,5896.0,67.0,67.0,67.0,88.0,88.0,88.0,1.0,True,False,previews/train_train_001678.jpg,,,
train_train_001679,/Users/Di/Documents/GitHub/My projects/Geodata_Archaeology_CV/datasets/dataset_yolo_bbox/images/train/train_001679.png,/Users/Di/Documents/GitHub/My projects/Geodata_Archaeology_CV/datasets/dataset_yolo_bbox/labels/train/train_001679.txt,train,SpOr,arkhitektury,12,225.0,1354.0,6804.0,15.0,33.0,81.0,15.0,41.0,84.0,1.0,True,False,previews/train_train_001679.jpg,,,
val_val_001680,/Users/Di/Documents/GitHub/My projects/Geodata_Archaeology_CV/datasets/dataset_yolo_bbox/images/val/val_001680.png,/Users/Di/Documents/GitHub/My projects/Geodata_Archaeology_CV/datasets/dataset_yolo_bbox/labels/val/val_001680.txt,val,SpOr,arkhitektury,3,7719.0,11128.0,12198.0,83.0,107.0,107.0,93.0,104.0,114.0,1.0,True,False,previews/val_val_001680.jpg,,,
train_train_001681,/Users/Di/Documents/GitHub/My projects/Geodata_Archaeology_CV/datasets/dataset_yolo_bbox/images/train/train_001681.png,/Users/Di/Documents/GitHub/My projects/Geodata_Archaeology_CV/datasets/dataset_yolo_bbox/labels/train/train_001681.txt,train,SpOr,arkhitektury,1,15042.0,15042.0,15042.0,109.0,109.0,109.0,138.0,138.0,138.0,1.0,True,False,previews/train_train_001681.jpg,,,
train_train_001682,/Users/Di/Documents/GitHub/My projects/Geodata_Archaeology_CV/datasets/dataset_yolo_bbox/images/train/train_001682.png,/Users/Di/Documents/GitHub/My projects/Geodata_Archaeology_CV/datasets/dataset_yolo_bbox/labels/train/train_001682.txt,train,SpOr,arkhitektury,1,6364.0,6364.0,6364.0,74.0,74.0,74.0,86.0,86.0,86.0,1.0,True,False,previews/train_train_001682.jpg,,,
train_train_001683,/Users/Di/Documents/GitHub/My projects/Geodata_Archaeology_CV/datasets/dataset_yolo_bbox/images/train/train_001683.png,/Users/Di/Documents/GitHub/My projects/Geodata_Archaeology_CV/datasets/dataset_yolo_bbox/labels/train/train_001683.txt,train,SpOr,arkhitektury,1,36200.0,36200.0,36200.0,181.0,181.0,181.0,200.0,200.0,200.0,1.0,True,False,previews/train_train_001683.jpg,,,
train_train_001684,/Users/Di/Documents/GitHub/My projects/Geodata_Archaeology_CV/datasets/dataset_yolo_bbox/images/train/train_001684.png,/Users/Di/Documents/GitHub/My projects/Geodata_Archaeology_CV/datasets/dataset_yolo_bbox/labels/train/train_001684.txt,train,SpOr,arkhitektury,3,1800.0,9701.0,35568.0,60.0,89.0,144.0,30.0,109.0,247.0,1.0,True,False,previews/train_train_001684.jpg,,,
train_train_001685,/Users/Di/Documents/GitHub/My projects/Geodata_Archaeology_CV/datasets/dataset_yolo_bbox/images/train/train_001685.png,/Users/Di/Documents/GitHub/My projects/Geodata_Archaeology_CV/datasets/dataset_yolo_bbox/labels/train/train_001685.txt,train,Li,,0,,,,,,,,,,0.8337478637695312,True,False,previews/train_train_001685.jpg,,,
train_train_001686,/Users/Di/Documents/GitHub/My projects/Geodata_Archaeology_CV/datasets/dataset_yolo_bbox/images/train/train_001686.png,/Users/Di/Documents/GitHub/My projects/Geodata_Archaeology_CV/datasets/dataset_yolo_bbox/labels/train/train_001686.txt,train,Li,fortifikatsii,1,52104.0,52104.0,52104.0,156.0,156.0,156.0,334.0,334.0,334.0,0.9213418960571288,True,True,previews/train_train_001686.jpg,,,
train_train_001687,/Users/Di/Documents/GitHub/My projects/Geodata_Archaeology_CV/datasets/dataset_yolo_bbox/images/train/train_001687.png,/Users/Di/Documents/GitHub/My projects/Geodata_Archaeology_CV/datasets/dataset_yolo_bbox/labels/train/train_001687.txt,train,Li,fortifikatsii,1,117902.0,117902.0,117902.0,353.0,353.0,353.0,334.0,334.0,334.0,0.9999961853027344,False,False,previews/train_train_001687.jpg,,,
train_train_001688,/Users/Di/Documents/GitHub/My projects/Geodata_Archaeology_CV/datasets/dataset_yolo_bbox/images/train/train_001688.png,/Users/Di/Documents/GitHub/My projects/Geodata_Archaeology_CV/datasets/dataset_yolo_bbox/labels/train/train_001688.txt,train,Li,fortifikatsii,1,24492.0,24492.0,24492.0,156.0,156.0,156.0,157.0,157.0,157.0,0.8828802108764648,True,True,previews/train_train_001688.jpg,,,
train_train_001689,/Users/Di/Documents/GitHub/My projects/Geodata_Archaeology_CV/datasets/dataset_yolo_bbox/images/train/train_001689.png,/Users/Di/Documents/GitHub/My projects/Geodata_Archaeology_CV/datasets/dataset_yolo_bbox/labels/train/train_001689.txt,train,Li,fortifikatsii,1,55421.0,55421.0,55421.0,353.0,353.0,353.0,157.0,157.0,157.0,0.9779796600341796,False,True,previews/train_train_001689.jpg,,,
train_train_001690,/Users/Di/Documents/GitHub/My projects/Geodata_Archaeology_CV/datasets/dataset_yolo_bbox/images/train/train_001690.png,/Users/Di/Documents/GitHub/My projects/Geodata_Archaeology_CV/datasets/dataset_yolo_bbox/labels/train/train_001690.txt,train,Li,,0,,,,,,,,,,0.9999799728393556,False,False,previews/train_train_001690.jpg,,,
train_train_001691,/Users/Di/Documents/GitHub/My projects/Geodata_Archaeology_CV/datasets/dataset_yolo_bbox/images/train/train_001691.png,/Users/Di/Documents/GitHub/My projects/Geodata_Archaeology_CV/datasets/dataset_yolo_bbox/labels/train/train_001691.txt,train,Li,fortifikatsii,1,3456.0,3456.0,3456.0,128.0,128.0,128.0,27.0,27.0,27.0,0.7630901336669922,True,True,previews/train_train_001691.jpg,,,
train_train_001692,/Users/Di/Documents/GitHub/My projects/Geodata_Archaeology_CV/datasets/dataset_yolo_bbox/images/train/train_001692.png,/Users/Di/Documents/GitHub/My projects/Geodata_Archaeology_CV/datasets/dataset_yolo_bbox/labels/train/train_001692.txt,train,Li,fortifikatsii,1,8073.0,8073.0,8073.0,299.0,299.0,299.0,27.0,27.0,27.0,0.8565616607666016,True,True,previews/train_train_001692.jpg,,,
