candidate_id,image_path,image_id,region,source_id,original_width,original_height,x1,y1,x2,y2,x1_pad,y1_pad,x2_pad,y2_pad,yolo_conf,yolo_class,crop_path,overlay_path,split,matched_gt_id,max_iou_with_gt,is_tp_iou03,is_tp_iou05
000409_p0001,datasets/dataset_yolo_bbox_v3i_li_archaeological_object_merged/images/val/000409.png,000409,004_ДЕМИДОВКА,004_ДЕМИДОВКА|Li|03_Демидовка_Li_карты_g.tif,1024,1024,422.94256591796875,498.9004821777344,599.2303466796875,707.8292236328125,378.87062072753906,446.66829681396484,643.3022918701172,760.061408996582,0.12674611806869507,0,04_detection_yolo/reports/proposals/v3i_conf005/crops/000409_p0001.jpg,04_detection_yolo/reports/proposals/v3i_conf005/overlays/000409_p0001.jpg,val,,0.0,False,False
000409_p0002,datasets/dataset_yolo_bbox_v3i_li_archaeological_object_merged/images/val/000409.png,000409,004_ДЕМИДОВКА,004_ДЕМИДОВКА|Li|03_Демидовка_Li_карты_g.tif,1024,1024,250.42135620117188,361.64794921875,1010.2506713867188,1007.7049560546875,60.464027404785156,200.13369750976562,1024.0,1024.0,0.10645690560340881,0,04_detection_yolo/reports/proposals/v3i_conf005/crops/000409_p0002.jpg,04_detection_yolo/reports/proposals/v3i_conf005/overlays/000409_p0002.jpg,val,,0.0,False,False
000409_p0003,datasets/dataset_yolo_bbox_v3i_li_archaeological_object_merged/images/val/000409.png,000409,004_ДЕМИДОВКА,004_ДЕМИДОВКА|Li|03_Демидовка_Li_карты_g.tif,1024,1024,139.8478546142578,296.4180603027344,891.9342041015625,711.9327392578125,0.0,192.53939056396484,1024.0,815.811408996582,0.08343039453029633,0,04_detection_yolo/reports/proposals/v3i_conf005/crops/000409_p0003.jpg,04_detection_yolo/reports/proposals/v3i_conf005/overlays/000409_p0003.jpg,val,,0.0,False,False
000409_p0004,datasets/dataset_yolo_bbox_v3i_li_archaeological_object_merged/images/val/000409.png,000409,004_ДЕМИДОВКА,004_ДЕМИДОВКА|Li|03_Демидовка_Li_карты_g.tif,1024,1024,441.07843017578125,630.6546630859375,1021.3533325195312,1015.3043212890625,296.00970458984375,534.4922485351562,1024.0,1024.0,0.0815695971250534,0,04_detection_yolo/reports/proposals/v3i_conf005/crops/000409_p0004.jpg,04_detection_yolo/reports/proposals/v3i_conf005/overlays/000409_p0004.jpg,val,,0.0,False,False
000409_p0005,datasets/dataset_yolo_bbox_v3i_li_archaeological_object_merged/images/val/000409.png,000409,004_ДЕМИДОВКА,004_ДЕМИДОВКА|Li|03_Демидовка_Li_карты_g.tif,1024,1024,243.8033447265625,455.03009033203125,895.55078125,789.0849609375,80.86648559570312,371.51637268066406,1024.0,872.5986785888672,0.07315532863140106,0,04_detection_yolo/reports/proposals/v3i_conf005/crops/000409_p0005.jpg,04_detection_yolo/reports/proposals/v3i_conf005/overlays/000409_p0005.jpg,val,,0.0,False,False
000409_p0006,datasets/dataset_yolo_bbox_v3i_li_archaeological_object_merged/images/val/000409.png,000409,004_ДЕМИДОВКА,004_ДЕМИДОВКА|Li|03_Демидовка_Li_карты_g.tif,1024,1024,0.0,353.43463134765625,590.912353515625,703.6820068359375,0.0,265.87278747558594,738.6404418945312,791.2438507080078,0.05536758527159691,0,04_detection_yolo/reports/proposals/v3i_conf005/crops/000409_p0006.jpg,04_detection_yolo/reports/proposals/v3i_conf005/overlays/000409_p0006.jpg,val,,0.0,False,False
000409_p0007,datasets/dataset_yolo_bbox_v3i_li_archaeological_object_merged/images/val/000409.png,000409,004_ДЕМИДОВКА,004_ДЕМИДОВКА|Li|03_Демидовка_Li_карты_g.tif,1024,1024,494.25274658203125,168.0919952392578,1021.6990356445312,822.4146728515625,362.39117431640625,4.511325836181641,1024.0,985.9953422546387,0.05235598236322403,0,04_detection_yolo/reports/proposals/v3i_conf005/crops/000409_p0007.jpg,04_detection_yolo/reports/proposals/v3i_conf005/overlays/000409_p0007.jpg,val,,0.0,False,False
000409_p0008,datasets/dataset_yolo_bbox_v3i_li_archaeological_object_merged/images/val/000409.png,000409,004_ДЕМИДОВКА,004_ДЕМИДОВКА|Li|03_Демидовка_Li_карты_g.tif,1024,1024,333.1952209472656,506.8638610839844,563.2266845703125,699.7667846679688,275.6873550415039,458.6381301879883,620.7345504760742,747.9925155639648,0.05125275254249573,0,04_detection_yolo/reports/proposals/v3i_conf005/crops/000409_p0008.jpg,04_detection_yolo/reports/proposals/v3i_conf005/overlays/000409_p0008.jpg,val,,0.0,False,False
000410_p0001,datasets/dataset_yolo_bbox_v3i_li_archaeological_object_merged/images/val/000410.png,000410,004_ДЕМИДОВКА,004_ДЕМИДОВКА|Li|03_Демидовка_Li_карты_g.tif,1024,1024,828.0987548828125,475.88458251953125,1022.37158203125,642.8084716796875,779.5305480957031,434.1536102294922,1024.0,684.5394439697266,0.08287370949983597,0,04_detection_yolo/reports/proposals/v3i_conf005/crops/000410_p0001.jpg,04_detection_yolo/reports/proposals/v3i_conf005/overlays/000410_p0001.jpg,val,000410:0,0.6067335849913773,True,True
000410_p0002,datasets/dataset_yolo_bbox_v3i_li_archaeological_object_merged/images/val/000410.png,000410,004_ДЕМИДОВКА,004_ДЕМИДОВКА|Li|03_Демидовка_Li_карты_g.tif,1024,1024,3.1080322265625,888.5576171875,171.1046142578125,1024.0,0.0,854.697021484375,213.103759765625,1024.0,0.08051401376724243,0,04_detection_yolo/reports/proposals/v3i_conf005/crops/000410_p0002.jpg,04_detection_yolo/reports/proposals/v3i_conf005/overlays/000410_p0002.jpg,val,000410:0,0.0,False,False
000410_p0003,datasets/dataset_yolo_bbox_v3i_li_archaeological_object_merged/images/val/000410.png,000410,004_ДЕМИДОВКА,004_ДЕМИДОВКА|Li|03_Демидовка_Li_карты_g.tif,1024,1024,854.08984375,886.4632568359375,1022.26953125,1024.0,812.044921875,852.0790710449219,1024.0,1024.0,0.06116489693522453,0,04_detection_yolo/reports/proposals/v3i_conf005/crops/000410_p0003.jpg,04_detection_yolo/reports/proposals/v3i_conf005/overlays/000410_p0003.jpg,val,000410:0,0.0,False,False
000410_p0004,datasets/dataset_yolo_bbox_v3i_li_archaeological_object_merged/images/val/000410.png,000410,004_ДЕМИДОВКА,004_ДЕМИДОВКА|Li|03_Демидовка_Li_карты_g.tif,1024,1024,8.931933403015137,456.24005126953125,332.1072692871094,959.4845581054688,0.0,330.4289245605469,412.90110325813293,1024.0,0.055075451731681824,0,04_detection_yolo/reports/proposals/v3i_conf005/crops/000410_p0004.jpg,04_detection_yolo/reports/proposals/v3i_conf005/overlays/000410_p0004.jpg,val,000410:0,0.0,False,False
000410_p0005,datasets/dataset_yolo_bbox_v3i_li_archaeological_object_merged/images/val/000410.png,000410,004_ДЕМИДОВКА,004_ДЕМИДОВКА|Li|03_Демидовка_Li_карты_g.tif,1024,1024,219.334228515625,732.9157104492188,735.740966796875,1017.5446166992188,90.2325439453125,661.7584838867188,864.8426513671875,1024.0,0.050257544964551926,0,04_detection_yolo/reports/proposals/v3i_conf005/crops/000410_p0005.jpg,04_detection_yolo/reports/proposals/v3i_conf005/overlays/000410_p0005.jpg,val,000410:0,0.0,False,False
000411_p0001,datasets/dataset_yolo_bbox_v3i_li_archaeological_object_merged/images/val/000411.png,000411,004_ДЕМИДОВКА,004_ДЕМИДОВКА|Li|03_Демидовка_Li_карты_g.tif,1024,1024,311.5303649902344,895.6067504882812,636.9744873046875,1024.0,230.1693344116211,863.5084381103516,718.3355178833008,1024.0,0.08117026835680008,0,04_detection_yolo/reports/proposals/v3i_conf005/crops/000411_p0001.jpg,04_detection_yolo/reports/proposals/v3i_conf005/overlays/000411_p0001.jpg,val,000411:0,0.0,False,False
000411_p0002,datasets/dataset_yolo_bbox_v3i_li_archaeological_object_merged/images/val/000411.png,000411,004_ДЕМИДОВКА,004_ДЕМИДОВКА|Li|03_Демидовка_Li_карты_g.tif,1024,1024,112.26171875,845.1790771484375,841.7384643554688,1024.0,0.0,800.4738464355469,1024.0,1024.0,0.07628923654556274,0,04_detection_yolo/reports/proposals/v3i_conf005/crops/000411_p0002.jpg,04_detection_yolo/reports/proposals/v3i_conf005/overlays/000411_p0002.jpg,val,000411:0,0.0,False,False
000411_p0003,datasets/dataset_yolo_bbox_v3i_li_archaeological_object_merged/images/val/000411.png,000411,004_ДЕМИДОВКА,004_ДЕМИДОВКА|Li|03_Демидовка_Li_карты_g.tif,1024,1024,34.98583984375,468.92889404296875,632.5490112304688,702.6705322265625,0.0,410.4934844970703,781.9398040771484,761.1059417724609,0.07250449806451797,0,04_detection_yolo/reports/proposals/v3i_conf005/crops/000411_p0003.jpg,04_detection_yolo/reports/proposals/v3i_conf005/overlays/000411_p0003.jpg,val,000411:0,0.6046221497043427,True,True
000412_p0001,datasets/dataset_yolo_bbox_v3i_li_archaeological_object_merged/images/val/000412.png,000412,004_ДЕМИДОВКА,004_ДЕМИДОВКА|Li|03_Демидовка_Li_карты_g.tif,1024,1024,424.8252868652344,447.55242919921875,1024.0,1010.1806640625,275.03160858154297,306.89537048339844,1024.0,1024.0,0.07144646346569061,0,04_detection_yolo/reports/proposals/v3i_conf005/crops/000412_p0001.jpg,04_detection_yolo/reports/proposals/v3i_conf005/overlays/000412_p0001.jpg,val,,0.0,False,False
000412_p0002,datasets/dataset_yolo_bbox_v3i_li_archaeological_object_merged/images/val/000412.png,000412,004_ДЕМИДОВКА,004_ДЕМИДОВКА|Li|03_Демидовка_Li_карты_g.tif,1024,1024,443.4017639160156,0.0,1024.0,428.0491638183594,298.25220489501953,0.0,1024.0,535.0614547729492,0.06184716522693634,0,04_detection_yolo/reports/proposals/v3i_conf005/crops/000412_p0002.jpg,04_detection_yolo/reports/proposals/v3i_conf005/overlays/000412_p0002.jpg,val,,0.0,False,False
000412_p0003,datasets/dataset_yolo_bbox_v3i_li_archaeological_object_merged/images/val/000412.png,000412,004_ДЕМИДОВКА,004_ДЕМИДОВКА|Li|03_Демидовка_Li_карты_g.tif,1024,1024,318.28765869140625,1.9338867664337158,970.5435791015625,241.6245574951172,155.2236785888672,0.0,1024.0,301.54722517728806,0.054436590522527695,0,04_detection_yolo/reports/proposals/v3i_conf005/crops/000412_p0003.jpg,04_detection_yolo/reports/proposals/v3i_conf005/overlays/000412_p0003.jpg,val,,0.0,False,False
000414_p0001,datasets/dataset_yolo_bbox_v3i_li_archaeological_object_merged/images/val/000414.png,000414,004_ДЕМИДОВКА,004_ДЕМИДОВКА|Li|03_Демидовка_Li_карты_g.tif,1024,1024,729.0823974609375,566.2545166015625,1024.0,976.2822265625,655.3529968261719,463.7475891113281,1024.0,1024.0,0.13530784845352173,0,04_detection_yolo/reports/proposals/v3i_conf005/crops/000414_p0001.jpg,04_detection_yolo/reports/proposals/v3i_conf005/overlays/000414_p0001.jpg,val,,0.0,False,False
000414_p0002,datasets/dataset_yolo_bbox_v3i_li_archaeological_object_merged/images/val/000414.png,000414,004_ДЕМИДОВКА,004_ДЕМИДОВКА|Li|03_Демидовка_Li_карты_g.tif,1024,1024,776.1798706054688,680.9816284179688,963.6497802734375,918.4127807617188,729.3123931884766,621.6238403320312,1010.5172576904297,977.7705688476562,0.08478822559118271,0,04_detection_yolo/reports/proposals/v3i_conf005/crops/000414_p0002.jpg,04_detection_yolo/reports/proposals/v3i_conf005/overlays/000414_p0002.jpg,val,,0.0,False,False
000414_p0003,datasets/dataset_yolo_bbox_v3i_li_archaeological_object_merged/images/val/000414.png,000414,004_ДЕМИДОВКА,004_ДЕМИДОВКА|Li|03_Демидовка_Li_карты_g.tif,1024,1024,739.7483520507812,267.89794921875,1021.9315185546875,510.12530517578125,669.2025604248047,207.3411102294922,1024.0,570.6821441650391,0.08207166939973831,0,04_detection_yolo/reports/proposals/v3i_conf005/crops/000414_p0003.jpg,04_detection_yolo/reports/proposals/v3i_conf005/overlays/000414_p0003.jpg,val,,0.0,False,False
000414_p0004,datasets/dataset_yolo_bbox_v3i_li_archaeological_object_merged/images/val/000414.png,000414,004_ДЕМИДОВКА,004_ДЕМИДОВКА|Li|03_Демидовка_Li_карты_g.tif,1024,1024,3.061047315597534,202.23611450195312,136.39039611816406,309.3124084472656,0.0,175.467041015625,169.7227333188057,336.08148193359375,0.07072596997022629,0,04_detection_yolo/reports/proposals/v3i_conf005/crops/000414_p0004.jpg,04_detection_yolo/reports/proposals/v3i_conf005/overlays/000414_p0004.jpg,val,,0.0,False,False
000414_p0005,datasets/dataset_yolo_bbox_v3i_li_archaeological_object_merged/images/val/000414.png,000414,004_ДЕМИДОВКА,004_ДЕМИДОВКА|Li|03_Демидовка_Li_карты_g.tif,1024,1024,685.9549560546875,745.326171875,941.9371948242188,908.7747802734375,621.9593963623047,704.4640197753906,1005.9327545166016,949.6369323730469,0.06607731431722641,0,04_detection_yolo/reports/proposals/v3i_conf005/crops/000414_p0005.jpg,04_detection_yolo/reports/proposals/v3i_conf005/overlays/000414_p0005.jpg,val,,0.0,False,False
000415_p0001,datasets/dataset_yolo_bbox_v3i_li_archaeological_object_merged/images/val/000415.png,000415,004_ДЕМИДОВКА,004_ДЕМИДОВКА|Li|03_Демидовка_Li_карты_g.tif,1024,1024,2.395068407058716,188.1741943359375,476.48785400390625,654.3341674804688,0.0,71.63420104980469,595.0110504031181,770.8741607666016,0.08192341029644012,0,04_detection_yolo/reports/proposals/v3i_conf005/crops/000415_p0001.jpg,04_detection_yolo/reports/proposals/v3i_conf005/overlays/000415_p0001.jpg,val,000415:0,0.25936992721549523,False,False
000416_p0001,datasets/dataset_yolo_bbox_v3i_li_archaeological_object_merged/images/val/000416.png,000416,004_ДЕМИДОВКА,004_ДЕМИДОВКА|Li|03_Демидовка_Li_карты_g.tif,1024,1024,4.523571968078613,0.0,187.29110717773438,172.03866577148438,0.0,0.0,232.98299098014832,215.04833221435547,0.13740532100200653,0,04_detection_yolo/reports/proposals/v3i_conf005/crops/000416_p0001.jpg,04_detection_yolo/reports/proposals/v3i_conf005/overlays/000416_p0001.jpg,val,,0.0,False,False
000417_p0001,datasets/dataset_yolo_bbox_v3i_li_archaeological_object_merged/images/val/000417.png,000417,005_ЛУБНО,005_ЛУБНО|Li|03_Лубно_Li_карты_g.tif,1024,1024,0.1708984375,568.4328002929688,550.3250732421875,815.8732299804688,0.0,506.57269287109375,687.8636169433594,877.7333374023438,0.17032058537006378,0,04_detection_yolo/reports/proposals/v3i_conf005/crops/000417_p0001.jpg,04_detection_yolo/reports/proposals/v3i_conf005/overlays/000417_p0001.jpg,val,,0.0,False,False
000417_p0002,datasets/dataset_yolo_bbox_v3i_li_archaeological_object_merged/images/val/000417.png,000417,005_ЛУБНО,005_ЛУБНО|Li|03_Лубно_Li_карты_g.tif,1024,1024,3.21240234375,567.2626953125,348.80413818359375,919.4226684570312,0.0,479.2227020263672,435.2020721435547,1007.4626617431641,0.10701246559619904,0,04_detection_yolo/reports/proposals/v3i_conf005/crops/000417_p0002.jpg,04_detection_yolo/reports/proposals/v3i_conf005/overlays/000417_p0002.jpg,val,,0.0,False,False
000417_p0003,datasets/dataset_yolo_bbox_v3i_li_archaeological_object_merged/images/val/000417.png,000417,005_ЛУБНО,005_ЛУБНО|Li|03_Лубно_Li_карты_g.tif,1024,1024,203.83554077148438,677.2398681640625,368.14923095703125,834.140625,162.75711822509766,638.0146789550781,409.22765350341797,873.3658142089844,0.08426862210035324,0,04_detection_yolo/reports/proposals/v3i_conf005/crops/000417_p0003.jpg,04_detection_yolo/reports/proposals/v3i_conf005/overlays/000417_p0003.jpg,val,,0.0,False,False
000417_p0004,datasets/dataset_yolo_bbox_v3i_li_archaeological_object_merged/images/val/000417.png,000417,005_ЛУБНО,005_ЛУБНО|Li|03_Лубно_Li_карты_g.tif,1024,1024,5.696929931640625,633.2589111328125,207.41128540039062,779.7930297851562,0.0,596.6253814697266,257.8398742675781,816.4265594482422,0.07332388311624527,0,04_detection_yolo/reports/proposals/v3i_conf005/crops/000417_p0004.jpg,04_detection_yolo/reports/proposals/v3i_conf005/overlays/000417_p0004.jpg,val,,0.0,False,False
000418_p0001,datasets/dataset_yolo_bbox_v3i_li_archaeological_object_merged/images/val/000418.png,000418,005_ЛУБНО,005_ЛУБНО|Li|03_Лубно_Li_карты_g.tif,1024,1024,1.214208960533142,387.8231506347656,165.8599090576172,468.9345703125,0.0,367.54529571533203,207.0213340818882,489.2124252319336,0.13986286520957947,0,04_detection_yolo/reports/proposals/v3i_conf005/crops/000418_p0001.jpg,04_detection_yolo/reports/proposals/v3i_conf005/overlays/000418_p0001.jpg,val,,0.0,False,False
000418_p0002,datasets/dataset_yolo_bbox_v3i_li_archaeological_object_merged/images/val/000418.png,000418,005_ЛУБНО,005_ЛУБНО|Li|03_Лубно_Li_карты_g.tif,1024,1024,3.584521532058716,27.02008056640625,143.42208862304688,142.5477294921875,0.0,0.0,178.38148039579391,171.4296417236328,0.11220578849315643,0,04_detection_yolo/reports/proposals/v3i_conf005/crops/000418_p0002.jpg,04_detection_yolo/reports/proposals/v3i_conf005/overlays/000418_p0002.jpg,val,,0.0,False,False
000418_p0003,datasets/dataset_yolo_bbox_v3i_li_archaeological_object_merged/images/val/000418.png,000418,005_ЛУБНО,005_ЛУБНО|Li|03_Лубно_Li_карты_g.tif,1024,1024,449.890625,0.0,1024.0,158.78952026367188,306.36328125,0.0,1024.0,198.48690032958984,0.07134433835744858,0,04_detection_yolo/reports/proposals/v3i_conf005/crops/000418_p0003.jpg,04_detection_yolo/reports/proposals/v3i_conf005/overlays/000418_p0003.jpg,val,,0.0,False,False
000418_p0004,datasets/dataset_yolo_bbox_v3i_li_archaeological_object_merged/images/val/000418.png,000418,005_ЛУБНО,005_ЛУБНО|Li|03_Лубно_Li_карты_g.tif,1024,1024,713.6046142578125,6.151562690734863,1024.0,369.5699768066406,636.0057678222656,0.0,1024.0,460.42458033561707,0.05492864176630974,0,04_detection_yolo/reports/proposals/v3i_conf005/crops/000418_p0004.jpg,04_detection_yolo/reports/proposals/v3i_conf005/overlays/000418_p0004.jpg,val,,0.0,False,False
000419_p0001,datasets/dataset_yolo_bbox_v3i_li_archaeological_object_merged/images/val/000419.png,000419,005_ЛУБНО,005_ЛУБНО|Li|03_Лубно_Li_карты_g.tif,1024,1024,0.0,249.12728881835938,109.46768951416016,363.3468322753906,0.0,220.57240295410156,136.8346118927002,391.90171813964844,0.052614983171224594,0,04_detection_yolo/reports/proposals/v3i_conf005/crops/000419_p0001.jpg,04_detection_yolo/reports/proposals/v3i_conf005/overlays/000419_p0001.jpg,val,000419:0,0.0,False,False
000420_p0001,datasets/dataset_yolo_bbox_v3i_li_archaeological_object_merged/images/val/000420.png,000420,005_ЛУБНО,005_ЛУБНО|Li|03_Лубно_Li_карты_g.tif,1024,1024,98.29410552978516,0.0,198.60440063476562,94.1799087524414,73.21653175354004,0.0,223.68197441101074,117.72488594055176,0.11279375851154327,0,04_detection_yolo/reports/proposals/v3i_conf005/crops/000420_p0001.jpg,04_detection_yolo/reports/proposals/v3i_conf005/overlays/000420_p0001.jpg,val,000420:0,0.0,False,False
000420_p0002,datasets/dataset_yolo_bbox_v3i_li_archaeological_object_merged/images/val/000420.png,000420,005_ЛУБНО,005_ЛУБНО|Li|03_Лубно_Li_карты_g.tif,1024,1024,921.5377197265625,483.53594970703125,1021.9554443359375,718.1943359375,896.4332885742188,424.87135314941406,1024.0,776.8589324951172,0.10020747035741806,0,04_detection_yolo/reports/proposals/v3i_conf005/crops/000420_p0002.jpg,04_detection_yolo/reports/proposals/v3i_conf005/overlays/000420_p0002.jpg,val,000420:2,0.8493340133726859,True,True
000420_p0003,datasets/dataset_yolo_bbox_v3i_li_archaeological_object_merged/images/val/000420.png,000420,005_ЛУБНО,005_ЛУБНО|Li|03_Лубно_Li_карты_g.tif,1024,1024,500.73388671875,622.8287963867188,1020.3173828125,1014.8056640625,370.8380126953125,524.8345794677734,1024.0,1024.0,0.09986580163240433,0,04_detection_yolo/reports/proposals/v3i_conf005/crops/000420_p0003.jpg,04_detection_yolo/reports/proposals/v3i_conf005/overlays/000420_p0003.jpg,val,000420:3,0.1085109937981227,False,False
000420_p0004,datasets/dataset_yolo_bbox_v3i_li_archaeological_object_merged/images/val/000420.png,000420,005_ЛУБНО,005_ЛУБНО|Li|03_Лубно_Li_карты_g.tif,1024,1024,218.7873992919922,170.80117797851562,857.9851684570312,604.53125,58.98795700073242,62.36865997314453,1017.784610748291,712.9637680053711,0.09787820279598236,0,04_detection_yolo/reports/proposals/v3i_conf005/crops/000420_p0004.jpg,04_detection_yolo/reports/proposals/v3i_conf005/overlays/000420_p0004.jpg,val,000420:4,0.5369802437718675,True,True
000420_p0005,datasets/dataset_yolo_bbox_v3i_li_archaeological_object_merged/images/val/000420.png,000420,005_ЛУБНО,005_ЛУБНО|Li|03_Лубно_Li_карты_g.tif,1024,1024,98.5210189819336,96.04643249511719,830.0225830078125,464.36785888671875,0.0,3.966075897216797,1012.8979740142822,556.4482154846191,0.09676530957221985,0,04_detection_yolo/reports/proposals/v3i_conf005/crops/000420_p0005.jpg,04_detection_yolo/reports/proposals/v3i_conf005/overlays/000420_p0005.jpg,val,000420:0,0.5741572009087713,True,True
000420_p0006,datasets/dataset_yolo_bbox_v3i_li_archaeological_object_merged/images/val/000420.png,000420,005_ЛУБНО,005_ЛУБНО|Li|03_Лубно_Li_карты_g.tif,1024,1024,931.7351684570312,476.5181579589844,1017.6787109375,551.6139526367188,910.2492828369141,457.7442092895508,1024.0,570.3879013061523,0.08652735501527786,0,04_detection_yolo/reports/proposals/v3i_conf005/crops/000420_p0006.jpg,04_detection_yolo/reports/proposals/v3i_conf005/overlays/000420_p0006.jpg,val,000420:2,0.2414297945498958,False,False
000420_p0007,datasets/dataset_yolo_bbox_v3i_li_archaeological_object_merged/images/val/000420.png,000420,005_ЛУБНО,005_ЛУБНО|Li|03_Лубно_Li_карты_g.tif,1024,1024,912.2164306640625,882.3131713867188,1023.6867065429688,1024.0,884.3488616943359,846.8914642333984,1024.0,1024.0,0.08240839093923569,0,04_detection_yolo/reports/proposals/v3i_conf005/crops/000420_p0007.jpg,04_detection_yolo/reports/proposals/v3i_conf005/overlays/000420_p0007.jpg,val,000420:1,0.8366124719299407,True,True
000420_p0008,datasets/dataset_yolo_bbox_v3i_li_archaeological_object_merged/images/val/000420.png,000420,005_ЛУБНО,005_ЛУБНО|Li|03_Лубно_Li_карты_g.tif,1024,1024,1.4784667491912842,0.0,617.9273681640625,433.06060791015625,0.0,0.0,772.0395935177803,541.3257598876953,0.08109494298696518,0,04_detection_yolo/reports/proposals/v3i_conf005/crops/000420_p0008.jpg,04_detection_yolo/reports/proposals/v3i_conf005/overlays/000420_p0008.jpg,val,000420:0,0.3954376510229199,True,False
000420_p0009,datasets/dataset_yolo_bbox_v3i_li_archaeological_object_merged/images/val/000420.png,000420,005_ЛУБНО,005_ЛУБНО|Li|03_Лубно_Li_карты_g.tif,1024,1024,426.33038330078125,192.70852661132812,1024.0,651.4764404296875,276.91297912597656,78.01654815673828,1024.0,766.1684188842773,0.0750814825296402,0,04_detection_yolo/reports/proposals/v3i_conf005/crops/000420_p0009.jpg,04_detection_yolo/reports/proposals/v3i_conf005/overlays/000420_p0009.jpg,val,000420:4,0.2718807882439553,False,False
000420_p0010,datasets/dataset_yolo_bbox_v3i_li_archaeological_object_merged/images/val/000420.png,000420,005_ЛУБНО,005_ЛУБНО|Li|03_Лубно_Li_карты_g.tif,1024,1024,701.083984375,740.3572387695312,792.248046875,807.8834228515625,678.29296875,723.4756927490234,815.0390625,824.7649688720703,0.061115484684705734,0,04_detection_yolo/reports/proposals/v3i_conf005/crops/000420_p0010.jpg,04_detection_yolo/reports/proposals/v3i_conf005/overlays/000420_p0010.jpg,val,000420:3,0.20572149075298266,False,False
000421_p0001,datasets/dataset_yolo_bbox_v3i_li_archaeological_object_merged/images/val/000421.png,000421,005_ЛУБНО,005_ЛУБНО|Li|03_Лубно_Li_карты_g.tif,1024,1024,190.64540100097656,477.76495361328125,275.15936279296875,550.02001953125,169.51691055297852,459.70118713378906,296.2878532409668,568.0837860107422,0.275677353143692,0,04_detection_yolo/reports/proposals/v3i_conf005/crops/000421_p0001.jpg,04_detection_yolo/reports/proposals/v3i_conf005/overlays/000421_p0001.jpg,val,000421:2,0.16413847959096983,False,False
000421_p0002,datasets/dataset_yolo_bbox_v3i_li_archaeological_object_merged/images/val/000421.png,000421,005_ЛУБНО,005_ЛУБНО|Li|03_Лубно_Li_карты_g.tif,1024,1024,0.0,815.7123413085938,70.67071533203125,886.5838012695312,0.0,797.9944763183594,88.33839416503906,904.3016662597656,0.2352084368467331,0,04_detection_yolo/reports/proposals/v3i_conf005/crops/000421_p0002.jpg,04_detection_yolo/reports/proposals/v3i_conf005/overlays/000421_p0002.jpg,val,000421:3,0.5319986266462446,True,True
000421_p0003,datasets/dataset_yolo_bbox_v3i_li_archaeological_object_merged/images/val/000421.png,000421,005_ЛУБНО,005_ЛУБНО|Li|03_Лубно_Li_карты_g.tif,1024,1024,397.13275146484375,638.82177734375,500.71356201171875,738.4754638671875,371.237548828125,613.9083557128906,526.6087646484375,763.3888854980469,0.20839974284172058,0,04_detection_yolo/reports/proposals/v3i_conf005/crops/000421_p0003.jpg,04_detection_yolo/reports/proposals/v3i_conf005/overlays/000421_p0003.jpg,val,000421:1,0.2833797774333251,False,False
000421_p0004,datasets/dataset_yolo_bbox_v3i_li_archaeological_object_merged/images/val/000421.png,000421,005_ЛУБНО,005_ЛУБНО|Li|03_Лубно_Li_карты_g.tif,1024,1024,189.8335418701172,838.615234375,410.458984375,1024.0,134.67718124389648,792.26904296875,465.6153450012207,1024.0,0.20233917236328125,0,04_detection_yolo/reports/proposals/v3i_conf005/crops/000421_p0004.jpg,04_detection_yolo/reports/proposals/v3i_conf005/overlays/000421_p0004.jpg,val,000421:0,0.7752682234316495,True,True
000421_p0005,datasets/dataset_yolo_bbox_v3i_li_archaeological_object_merged/images/val/000421.png,000421,005_ЛУБНО,005_ЛУБНО|Li|03_Лубно_Li_карты_g.tif,1024,1024,184.48495483398438,489.30438232421875,361.25494384765625,700.7196044921875,140.2924575805664,436.45057678222656,405.4474411010742,753.5734100341797,0.16096441447734833,0,04_detection_yolo/reports/proposals/v3i_conf005/crops/000421_p0005.jpg,04_detection_yolo/reports/proposals/v3i_conf005/overlays/000421_p0005.jpg,val,000421:2,0.757880699030625,True,True
000421_p0006,datasets/dataset_yolo_bbox_v3i_li_archaeological_object_merged/images/val/000421.png,000421,005_ЛУБНО,005_ЛУБНО|Li|03_Лубно_Li_карты_g.tif,1024,1024,223.8173370361328,823.0738525390625,572.8333740234375,1024.0,136.56332778930664,772.8423156738281,660.0873832702637,1024.0,0.13146160542964935,0,04_detection_yolo/reports/proposals/v3i_conf005/crops/000421_p0006.jpg,04_detection_yolo/reports/proposals/v3i_conf005/overlays/000421_p0006.jpg,val,000421:0,0.36188478233471333,True,False
000421_p0007,datasets/dataset_yolo_bbox_v3i_li_archaeological_object_merged/images/val/000421.png,000421,005_ЛУБНО,005_ЛУБНО|Li|03_Лубно_Li_карты_g.tif,1024,1024,0.0,819.7366943359375,423.04327392578125,1024.0,0.0,768.6708679199219,528.8040924072266,1024.0,0.11121335625648499,0,04_detection_yolo/reports/proposals/v3i_conf005/crops/000421_p0007.jpg,04_detection_yolo/reports/proposals/v3i_conf005/overlays/000421_p0007.jpg,val,000421:0,0.44101995851067194,True,False
000421_p0008,datasets/dataset_yolo_bbox_v3i_li_archaeological_object_merged/images/val/000421.png,000421,005_ЛУБНО,005_ЛУБНО|Li|03_Лубно_Li_карты_g.tif,1024,1024,56.64472579956055,796.7705078125,693.8170166015625,1021.4249877929688,0.0,740.6068878173828,853.110089302063,1024.0,0.10414949059486389,0,04_detection_yolo/reports/proposals/v3i_conf005/crops/000421_p0008.jpg,04_detection_yolo/reports/proposals/v3i_conf005/overlays/000421_p0008.jpg,val,000421:0,0.26210752036725743,False,False
000421_p0009,datasets/dataset_yolo_bbox_v3i_li_archaeological_object_merged/images/val/000421.png,000421,005_ЛУБНО,005_ЛУБНО|Li|03_Лубно_Li_карты_g.tif,1024,1024,392.27166748046875,599.001953125,582.7686767578125,779.2301635742188,344.6474151611328,553.9449005126953,630.3929290771484,824.2872161865234,0.09161616861820221,0,04_detection_yolo/reports/proposals/v3i_conf005/crops/000421_p0009.jpg,04_detection_yolo/reports/proposals/v3i_conf005/overlays/000421_p0009.jpg,val,000421:1,0.7707552824132317,True,True
000421_p0010,datasets/dataset_yolo_bbox_v3i_li_archaeological_object_merged/images/val/000421.png,000421,005_ЛУБНО,005_ЛУБНО|Li|03_Лубно_Li_карты_g.tif,1024,1024,340.4691467285156,428.34454345703125,864.3594970703125,783.4168701171875,209.4965591430664,339.5764617919922,995.3320846557617,872.1849517822266,0.08810878545045853,0,04_detection_yolo/reports/proposals/v3i_conf005/crops/000421_p0010.jpg,04_detection_yolo/reports/proposals/v3i_conf005/overlays/000421_p0010.jpg,val,000421:1,0.16580976535653325,False,False
000421_p0011,datasets/dataset_yolo_bbox_v3i_li_archaeological_object_merged/images/val/000421.png,000421,005_ЛУБНО,005_ЛУБНО|Li|03_Лубно_Li_карты_g.tif,1024,1024,664.0735473632812,457.6185607910156,872.0791015625,737.2488403320312,612.0721588134766,387.7109909057617,924.0804901123047,807.1564102172852,0.051458168774843216,0,04_detection_yolo/reports/proposals/v3i_conf005/crops/000421_p0011.jpg,04_detection_yolo/reports/proposals/v3i_conf005/overlays/000421_p0011.jpg,val,000421:0,0.0,False,False
000422_p0001,datasets/dataset_yolo_bbox_v3i_li_archaeological_object_merged/images/val/000422.png,000422,005_ЛУБНО,005_ЛУБНО|Li|03_Лубно_Li_карты_g.tif,1024,1024,832.7760009765625,84.10609436035156,1024.0,386.97467041015625,784.9700012207031,8.38895034790039,1024.0,462.6918144226074,0.13359536230564117,0,04_detection_yolo/reports/proposals/v3i_conf005/crops/000422_p0001.jpg,04_detection_yolo/reports/proposals/v3i_conf005/overlays/000422_p0001.jpg,val,000422:0,0.5547720248535691,True,True
000422_p0002,datasets/dataset_yolo_bbox_v3i_li_archaeological_object_merged/images/val/000422.png,000422,005_ЛУБНО,005_ЛУБНО|Li|03_Лубно_Li_карты_g.tif,1024,1024,555.8269653320312,393.12823486328125,1017.0711669921875,773.1022338867188,440.5159149169922,298.1347351074219,1024.0,868.0957336425781,0.09612303227186203,0,04_detection_yolo/reports/proposals/v3i_conf005/crops/000422_p0002.jpg,04_detection_yolo/reports/proposals/v3i_conf005/overlays/000422_p0002.jpg,val,000422:2,0.17795206534520525,False,False
000422_p0003,datasets/dataset_yolo_bbox_v3i_li_archaeological_object_merged/images/val/000422.png,000422,005_ЛУБНО,005_ЛУБНО|Li|03_Лубно_Li_карты_g.tif,1024,1024,703.05908203125,0.0,783.9635620117188,39.428802490234375,682.8329620361328,0.0,804.1896820068359,49.28600311279297,0.08906792849302292,0,04_detection_yolo/reports/proposals/v3i_conf005/crops/000422_p0003.jpg,04_detection_yolo/reports/proposals/v3i_conf005/overlays/000422_p0003.jpg,val,000422:1,0.1595963413771489,False,False
000422_p0004,datasets/dataset_yolo_bbox_v3i_li_archaeological_object_merged/images/val/000422.png,000422,005_ЛУБНО,005_ЛУБНО|Li|03_Лубно_Li_карты_g.tif,1024,1024,0.30180662870407104,535.1222534179688,138.88894653320312,719.1046752929688,0.0,489.12664794921875,173.5357315093279,765.1002807617188,0.07548775523900986,0,04_detection_yolo/reports/proposals/v3i_conf005/crops/000422_p0004.jpg,04_detection_yolo/reports/proposals/v3i_conf005/overlays/000422_p0004.jpg,val,000422:0,0.0,False,False
000422_p0005,datasets/dataset_yolo_bbox_v3i_li_archaeological_object_merged/images/val/000422.png,000422,005_ЛУБНО,005_ЛУБНО|Li|03_Лубно_Li_карты_g.tif,1024,1024,557.6619262695312,419.45684814453125,738.4150390625,613.1873168945312,512.4736480712891,371.02423095703125,783.6033172607422,661.6199340820312,0.06752334535121918,0,04_detection_yolo/reports/proposals/v3i_conf005/crops/000422_p0005.jpg,04_detection_yolo/reports/proposals/v3i_conf005/overlays/000422_p0005.jpg,val,000422:2,0.8906439408847124,True,True
000422_p0006,datasets/dataset_yolo_bbox_v3i_li_archaeological_object_merged/images/val/000422.png,000422,005_ЛУБНО,005_ЛУБНО|Li|03_Лубно_Li_карты_g.tif,1024,1024,607.7327880859375,3.576306104660034,683.5968627929688,94.39414978027344,588.7667694091797,0.0,702.5628814697266,117.09861069917679,0.05513087287545204,0,04_detection_yolo/reports/proposals/v3i_conf005/crops/000422_p0006.jpg,04_detection_yolo/reports/proposals/v3i_conf005/overlays/000422_p0006.jpg,val,000422:1,0.14997512009758826,False,False
000423_p0001,datasets/dataset_yolo_bbox_v3i_li_archaeological_object_merged/images/val/000423.png,000423,005_ЛУБНО,005_ЛУБНО|Li|03_Лубно_Li_карты_g.tif,1024,1024,139.61813354492188,83.44111633300781,412.66937255859375,374.0323791503906,71.3553237915039,10.79330062866211,480.9321823120117,446.6801948547363,0.4953921437263489,0,04_detection_yolo/reports/proposals/v3i_conf005/crops/000423_p0001.jpg,04_detection_yolo/reports/proposals/v3i_conf005/overlays/000423_p0001.jpg,val,000423:0,0.8002642274648094,True,True
000423_p0002,datasets/dataset_yolo_bbox_v3i_li_archaeological_object_merged/images/val/000423.png,000423,005_ЛУБНО,005_ЛУБНО|Li|03_Лубно_Li_карты_g.tif,1024,1024,183.50637817382812,54.9366455078125,642.1971435546875,377.7283935546875,68.83368682861328,0.0,756.8698348999023,458.42633056640625,0.24022357165813446,0,04_detection_yolo/reports/proposals/v3i_conf005/crops/000423_p0002.jpg,04_detection_yolo/reports/proposals/v3i_conf005/overlays/000423_p0002.jpg,val,000423:0,0.38331257031867555,True,False
000423_p0003,datasets/dataset_yolo_bbox_v3i_li_archaeological_object_merged/images/val/000423.png,000423,005_ЛУБНО,005_ЛУБНО|Li|03_Лубно_Li_карты_g.tif,1024,1024,0.0,47.20795822143555,70.91796875,118.70894622802734,0.0,29.332711219787598,88.6474609375,136.5841932296753,0.22594650089740753,0,04_detection_yolo/reports/proposals/v3i_conf005/crops/000423_p0003.jpg,04_detection_yolo/reports/proposals/v3i_conf005/overlays/000423_p0003.jpg,val,000423:2,0.5885412453042764,True,True
000423_p0004,datasets/dataset_yolo_bbox_v3i_li_archaeological_object_merged/images/val/000423.png,000423,005_ЛУБНО,005_ЛУБНО|Li|03_Лубно_Li_карты_g.tif,1024,1024,595.1044921875,417.7984313964844,814.7122802734375,595.3585205078125,540.2025451660156,373.40840911865234,869.6142272949219,639.7485427856445,0.15279808640480042,0,04_detection_yolo/reports/proposals/v3i_conf005/crops/000423_p0004.jpg,04_detection_yolo/reports/proposals/v3i_conf005/overlays/000423_p0004.jpg,val,000423:4,0.38498684797418,True,False
000423_p0005,datasets/dataset_yolo_bbox_v3i_li_archaeological_object_merged/images/val/000423.png,000423,005_ЛУБНО,005_ЛУБНО|Li|03_Лубно_Li_карты_g.tif,1024,1024,271.14434814453125,498.0196228027344,426.8133239746094,694.7891845703125,232.22710418701172,448.82723236083984,465.7305679321289,743.981575012207,0.05888520926237106,0,04_detection_yolo/reports/proposals/v3i_conf005/crops/000423_p0005.jpg,04_detection_yolo/reports/proposals/v3i_conf005/overlays/000423_p0005.jpg,val,000423:3,0.6115846986145769,True,True
000423_p0006,datasets/dataset_yolo_bbox_v3i_li_archaeological_object_merged/images/val/000423.png,000423,005_ЛУБНО,005_ЛУБНО|Li|03_Лубно_Li_карты_g.tif,1024,1024,421.6117248535156,410.2808532714844,827.4788818359375,614.8492431640625,320.14493560791016,359.13875579833984,928.945671081543,665.991340637207,0.05320192873477936,0,04_detection_yolo/reports/proposals/v3i_conf005/crops/000423_p0006.jpg,04_detection_yolo/reports/proposals/v3i_conf005/overlays/000423_p0006.jpg,val,000423:4,0.18080754482627237,False,False
000424_p0001,datasets/dataset_yolo_bbox_v3i_li_archaeological_object_merged/images/val/000424.png,000424,005_ЛУБНО,005_ЛУБНО|Li|03_Лубно_Li_карты_g.tif,1024,1024,900.9010620117188,2.2929930686950684,1020.2413330078125,107.5810546875,871.0659942626953,0.0,1024.0,133.90307009220123,0.2446066290140152,0,04_detection_yolo/reports/proposals/v3i_conf005/crops/000424_p0001.jpg,04_detection_yolo/reports/proposals/v3i_conf005/overlays/000424_p0001.jpg,val,000424:0,0.7950636545843421,True,True
000424_p0002,datasets/dataset_yolo_bbox_v3i_li_archaeological_object_merged/images/val/000424.png,000424,005_ЛУБНО,005_ЛУБНО|Li|03_Лубно_Li_карты_g.tif,1024,1024,546.7232666015625,149.72903442382812,725.3341064453125,336.9727783203125,502.070556640625,102.91809844970703,769.98681640625,383.7837142944336,0.1208404153585434,0,04_detection_yolo/reports/proposals/v3i_conf005/crops/000424_p0002.jpg,04_detection_yolo/reports/proposals/v3i_conf005/overlays/000424_p0002.jpg,val,000424:1,0.9046158893198529,True,True
000424_p0003,datasets/dataset_yolo_bbox_v3i_li_archaeological_object_merged/images/val/000424.png,000424,005_ЛУБНО,005_ЛУБНО|Li|03_Лубно_Li_карты_g.tif,1024,1024,547.96240234375,14.943262100219727,1020.6197509765625,482.2470703125,429.7980651855469,0.0,1024.0,599.0730223655701,0.11150221526622772,0,04_detection_yolo/reports/proposals/v3i_conf005/crops/000424_p0003.jpg,04_detection_yolo/reports/proposals/v3i_conf005/overlays/000424_p0003.jpg,val,000424:1,0.14120240616932403,False,False
000424_p0004,datasets/dataset_yolo_bbox_v3i_li_archaeological_object_merged/images/val/000424.png,000424,005_ЛУБНО,005_ЛУБНО|Li|03_Лубно_Li_карты_g.tif,1024,1024,0.11674804985523224,255.4323272705078,128.28311157226562,439.3778381347656,0.0,209.44594955444336,160.32470245286822,485.3642158508301,0.05952407047152519,0,04_detection_yolo/reports/proposals/v3i_conf005/crops/000424_p0004.jpg,04_detection_yolo/reports/proposals/v3i_conf005/overlays/000424_p0004.jpg,val,000424:0,0.0,False,False
000425_p0001,datasets/dataset_yolo_bbox_v3i_li_archaeological_object_merged/images/val/000425.png,000425,005_ЛУБНО,005_ЛУБНО|Li|03_Лубно_Li_карты_g.tif,1024,1024,596.68701171875,144.7099151611328,807.9205932617188,317.135498046875,543.8786163330078,101.60351943969727,860.7289886474609,360.24189376831055,0.20920148491859436,0,04_detection_yolo/reports/proposals/v3i_conf005/crops/000425_p0001.jpg,04_detection_yolo/reports/proposals/v3i_conf005/overlays/000425_p0001.jpg,val,000425:2,0.4121680463869541,True,False
000425_p0002,datasets/dataset_yolo_bbox_v3i_li_archaeological_object_merged/images/val/000425.png,000425,005_ЛУБНО,005_ЛУБНО|Li|03_Лубно_Li_карты_g.tif,1024,1024,174.421630859375,3.05145263671875,397.7093200683594,103.2327651977539,118.5997085571289,0.0,453.53124237060547,128.2780933380127,0.10283578932285309,0,04_detection_yolo/reports/proposals/v3i_conf005/crops/000425_p0002.jpg,04_detection_yolo/reports/proposals/v3i_conf005/overlays/000425_p0002.jpg,val,000425:0,0.7880741084290557,True,True
000425_p0003,datasets/dataset_yolo_bbox_v3i_li_archaeological_object_merged/images/val/000425.png,000425,005_ЛУБНО,005_ЛУБНО|Li|03_Лубно_Li_карты_g.tif,1024,1024,249.238037109375,201.54103088378906,429.392333984375,417.84881591796875,204.199462890625,147.46408462524414,474.430908203125,471.9257621765137,0.08838245272636414,0,04_detection_yolo/reports/proposals/v3i_conf005/crops/000425_p0003.jpg,04_detection_yolo/reports/proposals/v3i_conf005/overlays/000425_p0003.jpg,val,000425:1,0.595215910099245,True,True
000425_p0004,datasets/dataset_yolo_bbox_v3i_li_archaeological_object_merged/images/val/000425.png,000425,005_ЛУБНО,005_ЛУБНО|Li|03_Лубно_Li_карты_g.tif,1024,1024,268.0751037597656,316.39300537109375,424.95947265625,420.75640869140625,228.85401153564453,290.3021545410156,464.1805648803711,446.8472595214844,0.08272568881511688,0,04_detection_yolo/reports/proposals/v3i_conf005/crops/000425_p0004.jpg,04_detection_yolo/reports/proposals/v3i_conf005/overlays/000425_p0004.jpg,val,000425:1,0.5257458322405034,True,True
000425_p0005,datasets/dataset_yolo_bbox_v3i_li_archaeological_object_merged/images/val/000425.png,000425,005_ЛУБНО,005_ЛУБНО|Li|03_Лубно_Li_карты_g.tif,1024,1024,425.1127014160156,70.14823913574219,825.7073974609375,359.61737060546875,324.96402740478516,0.0,925.856071472168,431.9846534729004,0.07085100561380386,0,04_detection_yolo/reports/proposals/v3i_conf005/crops/000425_p0005.jpg,04_detection_yolo/reports/proposals/v3i_conf005/overlays/000425_p0005.jpg,val,000425:2,0.12945878667996275,False,False
000425_p0006,datasets/dataset_yolo_bbox_v3i_li_archaeological_object_merged/images/val/000425.png,000425,005_ЛУБНО,005_ЛУБНО|Li|03_Лубно_Li_карты_g.tif,1024,1024,0.0,170.34884643554688,434.2933044433594,436.6024475097656,0.0,103.78544616699219,542.8666305541992,503.1658477783203,0.05753836780786514,0,04_detection_yolo/reports/proposals/v3i_conf005/crops/000425_p0006.jpg,04_detection_yolo/reports/proposals/v3i_conf005/overlays/000425_p0006.jpg,val,000425:1,0.2340707826822933,False,False
000426_p0001,datasets/dataset_yolo_bbox_v3i_li_archaeological_object_merged/images/val/000426.png,000426,006_МОСКОВИТЫ,006_МОСКОВИТЫ|Li|03_Московиты_Li_карты_g.tif,1024,1024,718.9215087890625,640.3521728515625,1024.0,1010.4892578125,642.6518859863281,547.8179016113281,1024.0,1024.0,0.173869326710701,0,04_detection_yolo/reports/proposals/v3i_conf005/crops/000426_p0001.jpg,04_detection_yolo/reports/proposals/v3i_conf005/overlays/000426_p0001.jpg,val,000426:0,0.9422347457628897,True,True
000426_p0002,datasets/dataset_yolo_bbox_v3i_li_archaeological_object_merged/images/val/000426.png,000426,006_МОСКОВИТЫ,006_МОСКОВИТЫ|Li|03_Московиты_Li_карты_g.tif,1024,1024,749.6339111328125,778.8375854492188,835.7379150390625,851.78173828125,728.10791015625,760.6015472412109,857.263916015625,870.0177764892578,0.15151634812355042,0,04_detection_yolo/reports/proposals/v3i_conf005/crops/000426_p0002.jpg,04_detection_yolo/reports/proposals/v3i_conf005/overlays/000426_p0002.jpg,val,000426:3,0.5837801952381343,True,True
000426_p0003,datasets/dataset_yolo_bbox_v3i_li_archaeological_object_merged/images/val/000426.png,000426,006_МОСКОВИТЫ,006_МОСКОВИТЫ|Li|03_Московиты_Li_карты_g.tif,1024,1024,732.6124877929688,612.7462768554688,939.8722534179688,862.732421875,680.7975463867188,550.2497406005859,991.6871948242188,925.2289581298828,0.08268054574728012,0,04_detection_yolo/reports/proposals/v3i_conf005/crops/000426_p0003.jpg,04_detection_yolo/reports/proposals/v3i_conf005/overlays/000426_p0003.jpg,val,000426:0,0.38608921982505884,True,False
000427_p0001,datasets/dataset_yolo_bbox_v3i_li_archaeological_object_merged/images/val/000427.png,000427,006_МОСКОВИТЫ,006_МОСКОВИТЫ|Li|03_Московиты_Li_карты_g.tif,1024,1024,466.90057373046875,714.5446166992188,721.9853515625,1024.0,403.12937927246094,637.1807708740234,785.7565460205078,1024.0,0.21682840585708618,0,04_detection_yolo/reports/proposals/v3i_conf005/crops/000427_p0001.jpg,04_detection_yolo/reports/proposals/v3i_conf005/overlays/000427_p0001.jpg,val,000427:0,0.24212145807475666,False,False
000427_p0002,datasets/dataset_yolo_bbox_v3i_li_archaeological_object_merged/images/val/000427.png,000427,006_МОСКОВИТЫ,006_МОСКОВИТЫ|Li|03_Московиты_Li_карты_g.tif,1024,1024,560.6188354492188,849.8583984375,636.7659301757812,917.4513549804688,541.5820617675781,832.9601593017578,655.8027038574219,934.3495941162109,0.08867402374744415,0,04_detection_yolo/reports/proposals/v3i_conf005/crops/000427_p0002.jpg,04_detection_yolo/reports/proposals/v3i_conf005/overlays/000427_p0002.jpg,val,000427:4,0.09263828230267522,False,False
000427_p0003,datasets/dataset_yolo_bbox_v3i_li_archaeological_object_merged/images/val/000427.png,000427,006_МОСКОВИТЫ,006_МОСКОВИТЫ|Li|03_Московиты_Li_карты_g.tif,1024,1024,0.0,781.822265625,71.087158203125,851.8645629882812,0.0,764.3116912841797,88.85894775390625,869.3751373291016,0.06429921835660934,0,04_detection_yolo/reports/proposals/v3i_conf005/crops/000427_p0003.jpg,04_detection_yolo/reports/proposals/v3i_conf005/overlays/000427_p0003.jpg,val,000427:3,0.7117531316369261,True,True
000428_p0001,datasets/dataset_yolo_bbox_v3i_li_archaeological_object_merged/images/val/000428.png,000428,006_МОСКОВИТЫ,006_МОСКОВИТЫ|Li|03_Московиты_Li_карты_g.tif,1024,1024,745.53759765625,4.214410305023193,837.7112426757812,84.19525909423828,722.4941864013672,0.0,860.7546539306641,104.19047129154205,0.4305485486984253,0,04_detection_yolo/reports/proposals/v3i_conf005/crops/000428_p0001.jpg,04_detection_yolo/reports/proposals/v3i_conf005/overlays/000428_p0001.jpg,val,000428:5,0.6173970100171463,True,True
000428_p0002,datasets/dataset_yolo_bbox_v3i_li_archaeological_object_merged/images/val/000428.png,000428,006_МОСКОВИТЫ,006_МОСКОВИТЫ|Li|03_Московиты_Li_карты_g.tif,1024,1024,651.4629516601562,228.4619140625,1016.1160278320312,603.6329345703125,560.2996826171875,134.66915893554688,1024.0,697.4256896972656,0.34963610768318176,0,04_detection_yolo/reports/proposals/v3i_conf005/crops/000428_p0002.jpg,04_detection_yolo/reports/proposals/v3i_conf005/overlays/000428_p0002.jpg,val,000428:0,0.5959093408223148,True,True
000428_p0003,datasets/dataset_yolo_bbox_v3i_li_archaeological_object_merged/images/val/000428.png,000428,006_МОСКОВИТЫ,006_МОСКОВИТЫ|Li|03_Московиты_Li_карты_g.tif,1024,1024,852.0261840820312,408.93377685546875,1020.9812622070312,561.8865356445312,809.7874145507812,370.6955871582031,1024.0,600.1247253417969,0.11901354789733887,0,04_detection_yolo/reports/proposals/v3i_conf005/crops/000428_p0003.jpg,04_detection_yolo/reports/proposals/v3i_conf005/overlays/000428_p0003.jpg,val,000428:2,0.2507030364712889,False,False
000428_p0004,datasets/dataset_yolo_bbox_v3i_li_archaeological_object_merged/images/val/000428.png,000428,006_МОСКОВИТЫ,006_МОСКОВИТЫ|Li|03_Московиты_Li_карты_g.tif,1024,1024,659.6802978515625,405.230224609375,1015.6771240234375,592.1754150390625,570.6810913085938,358.4939270019531,1024.0,638.9117126464844,0.10000510513782501,0,04_detection_yolo/reports/proposals/v3i_conf005/crops/000428_p0004.jpg,04_detection_yolo/reports/proposals/v3i_conf005/overlays/000428_p0004.jpg,val,000428:3,0.3131384410430552,True,False
000428_p0005,datasets/dataset_yolo_bbox_v3i_li_archaeological_object_merged/images/val/000428.png,000428,006_МОСКОВИТЫ,006_МОСКОВИТЫ|Li|03_Московиты_Li_карты_g.tif,1024,1024,874.4957275390625,5.925879001617432,1020.7799072265625,79.1384506225586,837.9246826171875,0.0,1024.0,97.44159352779388,0.09245527535676956,0,04_detection_yolo/reports/proposals/v3i_conf005/crops/000428_p0005.jpg,04_detection_yolo/reports/proposals/v3i_conf005/overlays/000428_p0005.jpg,val,000428:1,0.07876105731136757,False,False
000428_p0006,datasets/dataset_yolo_bbox_v3i_li_archaeological_object_merged/images/val/000428.png,000428,006_МОСКОВИТЫ,006_МОСКОВИТЫ|Li|03_Московиты_Li_карты_g.tif,1024,1024,625.89306640625,95.23246765136719,873.4749755859375,608.3238525390625,563.9975891113281,0.0,935.3704528808594,736.5966987609863,0.08017615973949432,0,04_detection_yolo/reports/proposals/v3i_conf005/crops/000428_p0006.jpg,04_detection_yolo/reports/proposals/v3i_conf005/overlays/000428_p0006.jpg,val,000428:0,0.4857189648937975,True,False
000429_p0001,datasets/dataset_yolo_bbox_v3i_li_archaeological_object_merged/images/val/000429.png,000429,006_МОСКОВИТЫ,006_МОСКОВИТЫ|Li|03_Московиты_Li_карты_g.tif,1024,1024,0.0,12.453283309936523,71.44698333740234,84.12065124511719,0.0,0.0,89.30872917175293,102.03749322891235,0.25422409176826477,0,04_detection_yolo/reports/proposals/v3i_conf005/crops/000429_p0001.jpg,04_detection_yolo/reports/proposals/v3i_conf005/overlays/000429_p0001.jpg,val,000429:5,0.7296051595198391,True,True
000429_p0002,datasets/dataset_yolo_bbox_v3i_li_archaeological_object_merged/images/val/000429.png,000429,006_МОСКОВИТЫ,006_МОСКОВИТЫ|Li|03_Московиты_Li_карты_g.tif,1024,1024,569.7322998046875,84.84321594238281,630.4520874023438,145.8794403076172,554.5523529052734,69.58415985107422,645.6320343017578,161.13849639892578,0.11982887238264084,0,04_detection_yolo/reports/proposals/v3i_conf005/crops/000429_p0002.jpg,04_detection_yolo/reports/proposals/v3i_conf005/overlays/000429_p0002.jpg,val,000429:6,0.04832428440669617,False,False
000429_p0003,datasets/dataset_yolo_bbox_v3i_li_archaeological_object_merged/images/val/000429.png,000429,006_МОСКОВИТЫ,006_МОСКОВИТЫ|Li|03_Московиты_Li_карты_g.tif,1024,1024,481.6123962402344,457.54736328125,546.6243286132812,533.5252685546875,465.35941314697266,438.5528869628906,562.877311706543,552.5197448730469,0.10057275742292404,0,04_detection_yolo/reports/proposals/v3i_conf005/crops/000429_p0003.jpg,04_detection_yolo/reports/proposals/v3i_conf005/overlays/000429_p0003.jpg,val,000429:1,0.01814600300343424,False,False
000429_p0004,datasets/dataset_yolo_bbox_v3i_li_archaeological_object_merged/images/val/000429.png,000429,006_МОСКОВИТЫ,006_МОСКОВИТЫ|Li|03_Московиты_Li_карты_g.tif,1024,1024,0.0,7.809814453125,104.09669494628906,408.68939208984375,0.0,0.0,130.12086868286133,508.90928649902344,0.10042598098516464,0,04_detection_yolo/reports/proposals/v3i_conf005/crops/000429_p0004.jpg,04_detection_yolo/reports/proposals/v3i_conf005/overlays/000429_p0004.jpg,val,000429:5,0.10760444949287411,False,False
000429_p0005,datasets/dataset_yolo_bbox_v3i_li_archaeological_object_merged/images/val/000429.png,000429,006_МОСКОВИТЫ,006_МОСКОВИТЫ|Li|03_Московиты_Li_карты_g.tif,1024,1024,503.5909118652344,0.0,708.1553955078125,604.9510498046875,452.44979095458984,0.0,759.296516418457,756.1888122558594,0.06320565938949585,0,04_detection_yolo/reports/proposals/v3i_conf005/crops/000429_p0005.jpg,04_detection_yolo/reports/proposals/v3i_conf005/overlays/000429_p0005.jpg,val,000429:0,0.22883720237678826,False,False
000429_p0006,datasets/dataset_yolo_bbox_v3i_li_archaeological_object_merged/images/val/000429.png,000429,006_МОСКОВИТЫ,006_МОСКОВИТЫ|Li|03_Московиты_Li_карты_g.tif,1024,1024,303.89501953125,390.77447509765625,694.0672607421875,633.225830078125,206.35195922851562,330.16163635253906,791.6103210449219,693.8386688232422,0.06277896463871002,0,04_detection_yolo/reports/proposals/v3i_conf005/crops/000429_p0006.jpg,04_detection_yolo/reports/proposals/v3i_conf005/overlays/000429_p0006.jpg,val,000429:0,0.20242640682921584,False,False
000429_p0007,datasets/dataset_yolo_bbox_v3i_li_archaeological_object_merged/images/val/000429.png,000429,006_МОСКОВИТЫ,006_МОСКОВИТЫ|Li|03_Московиты_Li_карты_g.tif,1024,1024,206.21084594726562,93.4267578125,730.7132568359375,647.7542114257812,75.08524322509766,0.0,861.8388595581055,786.3360748291016,0.05903004854917526,0,04_detection_yolo/reports/proposals/v3i_conf005/crops/000429_p0007.jpg,04_detection_yolo/reports/proposals/v3i_conf005/overlays/000429_p0007.jpg,val,000429:0,0.5525438865241992,True,True
000429_p0008,datasets/dataset_yolo_bbox_v3i_li_archaeological_object_merged/images/val/000429.png,000429,006_МОСКОВИТЫ,006_МОСКОВИТЫ|Li|03_Московиты_Li_карты_g.tif,1024,1024,0.0,425.21746826171875,143.30125427246094,560.9568481445312,0.0,391.2826232910156,179.12656784057617,594.8916931152344,0.05844873934984207,0,04_detection_yolo/reports/proposals/v3i_conf005/crops/000429_p0008.jpg,04_detection_yolo/reports/proposals/v3i_conf005/overlays/000429_p0008.jpg,val,000429:2,0.335430502060493,True,False
000429_p0009,datasets/dataset_yolo_bbox_v3i_li_archaeological_object_merged/images/val/000429.png,000429,006_МОСКОВИТЫ,006_МОСКОВИТЫ|Li|03_Московиты_Li_карты_g.tif,1024,1024,0.0,501.69140625,145.54727172851562,568.8556518554688,0.0,484.9003448486328,181.93408966064453,585.6467132568359,0.05808482691645622,0,04_detection_yolo/reports/proposals/v3i_conf005/crops/000429_p0009.jpg,04_detection_yolo/reports/proposals/v3i_conf005/overlays/000429_p0009.jpg,val,000429:2,0.1338783195214223,False,False
000429_p0010,datasets/dataset_yolo_bbox_v3i_li_archaeological_object_merged/images/val/000429.png,000429,006_МОСКОВИТЫ,006_МОСКОВИТЫ|Li|03_Московиты_Li_карты_g.tif,1024,1024,419.8310546875,278.08349609375,716.8088989257812,642.6793212890625,345.5865936279297,186.93453979492188,791.0533599853516,733.8282775878906,0.0552198551595211,0,04_detection_yolo/reports/proposals/v3i_conf005/crops/000429_p0010.jpg,04_detection_yolo/reports/proposals/v3i_conf005/overlays/000429_p0010.jpg,val,000429:0,0.20560532417060193,False,False
000430_p0001,datasets/dataset_yolo_bbox_v3i_li_archaeological_object_merged/images/val/000430.png,000430,011_РУНА,011_РУНА|Li|03_Руна_Li_карты_g.tif,1024,1024,0.749682605266571,968.3704223632812,84.89559173583984,1024.0,0.0,954.4630279541016,105.93206901848316,1024.0,0.05968931317329407,0,04_detection_yolo/reports/proposals/v3i_conf005/crops/000430_p0001.jpg,04_detection_yolo/reports/proposals/v3i_conf005/overlays/000430_p0001.jpg,val,,0.0,False,False
000430_p0002,datasets/dataset_yolo_bbox_v3i_li_archaeological_object_merged/images/val/000430.png,000430,011_РУНА,011_РУНА|Li|03_Руна_Li_карты_g.tif,1024,1024,3.637890577316284,736.1719360351562,663.78369140625,964.3410034179688,0.0,679.1296691894531,828.8201416134834,1021.3832702636719,0.05795503407716751,0,04_detection_yolo/reports/proposals/v3i_conf005/crops/000430_p0002.jpg,04_detection_yolo/reports/proposals/v3i_conf005/overlays/000430_p0002.jpg,val,,0.0,False,False
000431_p0001,datasets/dataset_yolo_bbox_v3i_li_archaeological_object_merged/images/val/000431.png,000431,011_РУНА,011_РУНА|Li|03_Руна_Li_карты_g.tif,1024,1024,863.3587646484375,276.8179626464844,1024.0,469.18450927734375,823.1984558105469,228.72632598876953,1024.0,517.2761459350586,0.33343306183815,0,04_detection_yolo/reports/proposals/v3i_conf005/crops/000431_p0001.jpg,04_detection_yolo/reports/proposals/v3i_conf005/overlays/000431_p0001.jpg,val,000431:0,0.7582457723234761,True,True
000431_p0002,datasets/dataset_yolo_bbox_v3i_li_archaeological_object_merged/images/val/000431.png,000431,011_РУНА,011_РУНА|Li|03_Руна_Li_карты_g.tif,1024,1024,455.35333251953125,0.0,580.0703125,147.56924438476562,424.17408752441406,0.0,611.2495574951172,184.46155548095703,0.06924860179424286,0,04_detection_yolo/reports/proposals/v3i_conf005/crops/000431_p0002.jpg,04_detection_yolo/reports/proposals/v3i_conf005/overlays/000431_p0002.jpg,val,000431:0,0.0,False,False
000432_p0001,datasets/dataset_yolo_bbox_v3i_li_archaeological_object_merged/images/val/000432.png,000432,011_РУНА,011_РУНА|Li|03_Руна_Li_карты_g.tif,1024,1024,37.22021484375,275.8133850097656,318.7253112792969,478.035400390625,0.0,225.25788116455078,389.1015853881836,528.5909042358398,0.35281211137771606,0,04_detection_yolo/reports/proposals/v3i_conf005/crops/000432_p0001.jpg,04_detection_yolo/reports/proposals/v3i_conf005/overlays/000432_p0001.jpg,val,000432:0,0.8067479680891831,True,True
000432_p0002,datasets/dataset_yolo_bbox_v3i_li_archaeological_object_merged/images/val/000432.png,000432,011_РУНА,011_РУНА|Li|03_Руна_Li_карты_g.tif,1024,1024,289.8740234375,871.0022583007812,526.2611083984375,980.5715942382812,230.77725219726562,843.6099243164062,585.3578796386719,1007.9639282226562,0.20655544102191925,0,04_detection_yolo/reports/proposals/v3i_conf005/crops/000432_p0002.jpg,04_detection_yolo/reports/proposals/v3i_conf005/overlays/000432_p0002.jpg,val,000432:0,0.0,False,False
000432_p0003,datasets/dataset_yolo_bbox_v3i_li_archaeological_object_merged/images/val/000432.png,000432,011_РУНА,011_РУНА|Li|03_Руна_Li_карты_g.tif,1024,1024,631.7498779296875,941.2434692382812,739.3895263671875,1024.0,604.8399658203125,920.5543365478516,766.2994384765625,1024.0,0.11993914097547531,0,04_detection_yolo/reports/proposals/v3i_conf005/crops/000432_p0003.jpg,04_detection_yolo/reports/proposals/v3i_conf005/overlays/000432_p0003.jpg,val,000432:0,0.0,False,False
000432_p0004,datasets/dataset_yolo_bbox_v3i_li_archaeological_object_merged/images/val/000432.png,000432,011_РУНА,011_РУНА|Li|03_Руна_Li_карты_g.tif,1024,1024,319.2044982910156,206.20712280273438,419.5712890625,301.0518493652344,294.11280059814453,182.49594116210938,444.6629867553711,324.7630310058594,0.11314050108194351,0,04_detection_yolo/reports/proposals/v3i_conf005/crops/000432_p0004.jpg,04_detection_yolo/reports/proposals/v3i_conf005/overlays/000432_p0004.jpg,val,000432:0,0.0028107374111920047,False,False
000432_p0005,datasets/dataset_yolo_bbox_v3i_li_archaeological_object_merged/images/val/000432.png,000432,011_РУНА,011_РУНА|Li|03_Руна_Li_карты_g.tif,1024,1024,573.0538940429688,921.3095703125,807.2435302734375,1024.0,514.5064849853516,895.636962890625,865.7909393310547,1024.0,0.11096350848674774,0,04_detection_yolo/reports/proposals/v3i_conf005/crops/000432_p0005.jpg,04_detection_yolo/reports/proposals/v3i_conf005/overlays/000432_p0005.jpg,val,000432:0,0.0,False,False
000432_p0006,datasets/dataset_yolo_bbox_v3i_li_archaeological_object_merged/images/val/000432.png,000432,011_РУНА,011_РУНА|Li|03_Руна_Li_карты_g.tif,1024,1024,607.0060424804688,1.389135718345642,1016.4996337890625,224.59854125976562,504.6326446533203,0.0,1024.0,280.4008926451206,0.09104610234498978,0,04_detection_yolo/reports/proposals/v3i_conf005/crops/000432_p0006.jpg,04_detection_yolo/reports/proposals/v3i_conf005/overlays/000432_p0006.jpg,val,000432:0,0.0,False,False
000432_p0007,datasets/dataset_yolo_bbox_v3i_li_archaeological_object_merged/images/val/000432.png,000432,011_РУНА,011_РУНА|Li|03_Руна_Li_карты_g.tif,1024,1024,783.7322387695312,0.0,1021.6519775390625,187.8317413330078,724.2523040771484,0.0,1024.0,234.78967666625977,0.07571431249380112,0,04_detection_yolo/reports/proposals/v3i_conf005/crops/000432_p0007.jpg,04_detection_yolo/reports/proposals/v3i_conf005/overlays/000432_p0007.jpg,val,000432:0,0.0,False,False
000432_p0008,datasets/dataset_yolo_bbox_v3i_li_archaeological_object_merged/images/val/000432.png,000432,011_РУНА,011_РУНА|Li|03_Руна_Li_карты_g.tif,1024,1024,93.70332336425781,227.5107879638672,490.55859375,492.8057556152344,0.0,161.1870460510254,589.7724113464355,559.1294975280762,0.06416123360395432,0,04_detection_yolo/reports/proposals/v3i_conf005/crops/000432_p0008.jpg,04_detection_yolo/reports/proposals/v3i_conf005/overlays/000432_p0008.jpg,val,000432:0,0.4575137534299517,True,False
000432_p0009,datasets/dataset_yolo_bbox_v3i_li_archaeological_object_merged/images/val/000432.png,000432,011_РУНА,011_РУНА|Li|03_Руна_Li_карты_g.tif,1024,1024,191.65655517578125,840.9681396484375,541.5554809570312,999.2884521484375,104.18182373046875,801.3880615234375,629.0302124023438,1024.0,0.06177203729748726,0,04_detection_yolo/reports/proposals/v3i_conf005/crops/000432_p0009.jpg,04_detection_yolo/reports/proposals/v3i_conf005/overlays/000432_p0009.jpg,val,000432:0,0.0,False,False
000432_p0010,datasets/dataset_yolo_bbox_v3i_li_archaeological_object_merged/images/val/000432.png,000432,011_РУНА,011_РУНА|Li|03_Руна_Li_карты_g.tif,1024,1024,309.32110595703125,182.5172576904297,504.84881591796875,337.09368896484375,260.4391784667969,143.87314987182617,553.7307434082031,375.73779678344727,0.060735948383808136,0,04_detection_yolo/reports/proposals/v3i_conf005/crops/000432_p0010.jpg,04_detection_yolo/reports/proposals/v3i_conf005/overlays/000432_p0010.jpg,val,000432:0,0.012485318516564425,False,False
000433_p0001,datasets/dataset_yolo_bbox_v3i_li_archaeological_object_merged/images/val/000433.png,000433,011_РУНА,011_РУНА|Li|03_Руна_Li_карты_g.tif,1024,1024,280.7801818847656,103.80622863769531,523.5538940429688,212.1742706298828,220.08675384521484,76.71421813964844,584.2473220825195,239.2662811279297,0.1820002943277359,0,04_detection_yolo/reports/proposals/v3i_conf005/crops/000433_p0001.jpg,04_detection_yolo/reports/proposals/v3i_conf005/overlays/000433_p0001.jpg,val,,0.0,False,False
000433_p0002,datasets/dataset_yolo_bbox_v3i_li_archaeological_object_merged/images/val/000433.png,000433,011_РУНА,011_РУНА|Li|03_Руна_Li_карты_g.tif,1024,1024,0.0,851.2493896484375,61.52824783325195,940.2658081054688,0.0,828.9952850341797,76.91030979156494,962.5199127197266,0.14577935636043549,0,04_detection_yolo/reports/proposals/v3i_conf005/crops/000433_p0002.jpg,04_detection_yolo/reports/proposals/v3i_conf005/overlays/000433_p0002.jpg,val,,0.0,False,False
000433_p0003,datasets/dataset_yolo_bbox_v3i_li_archaeological_object_merged/images/val/000433.png,000433,011_РУНА,011_РУНА|Li|03_Руна_Li_карты_g.tif,1024,1024,638.9278564453125,173.53555297851562,737.4901123046875,258.1016540527344,614.2872924804688,152.39402770996094,762.1306762695312,279.24317932128906,0.14503659307956696,0,04_detection_yolo/reports/proposals/v3i_conf005/crops/000433_p0003.jpg,04_detection_yolo/reports/proposals/v3i_conf005/overlays/000433_p0003.jpg,val,,0.0,False,False
000433_p0004,datasets/dataset_yolo_bbox_v3i_li_archaeological_object_merged/images/val/000433.png,000433,011_РУНА,011_РУНА|Li|03_Руна_Li_карты_g.tif,1024,1024,608.2152099609375,156.091796875,803.1302490234375,284.0643005371094,559.4864501953125,124.09867095947266,851.8590087890625,316.0574264526367,0.13061203062534332,0,04_detection_yolo/reports/proposals/v3i_conf005/crops/000433_p0004.jpg,04_detection_yolo/reports/proposals/v3i_conf005/overlays/000433_p0004.jpg,val,,0.0,False,False
000433_p0005,datasets/dataset_yolo_bbox_v3i_li_archaeological_object_merged/images/val/000433.png,000433,011_РУНА,011_РУНА|Li|03_Руна_Li_карты_g.tif,1024,1024,503.0091247558594,714.7373046875,617.5116577148438,821.1852416992188,474.3834915161133,688.1253204345703,646.1372909545898,847.7972259521484,0.06530255824327469,0,04_detection_yolo/reports/proposals/v3i_conf005/crops/000433_p0005.jpg,04_detection_yolo/reports/proposals/v3i_conf005/overlays/000433_p0005.jpg,val,,0.0,False,False
000433_p0006,datasets/dataset_yolo_bbox_v3i_li_archaeological_object_merged/images/val/000433.png,000433,011_РУНА,011_РУНА|Li|03_Руна_Li_карты_g.tif,1024,1024,3.136645555496216,508.28143310546875,195.7483367919922,689.166015625,0.0,463.06028747558594,243.90125960111618,734.3871612548828,0.0634041354060173,0,04_detection_yolo/reports/proposals/v3i_conf005/crops/000433_p0006.jpg,04_detection_yolo/reports/proposals/v3i_conf005/overlays/000433_p0006.jpg,val,,0.0,False,False
000434_p0001,datasets/dataset_yolo_bbox_v3i_li_archaeological_object_merged/images/val/000434.png,000434,011_РУНА,011_РУНА|Li|03_Руна_Li_карты_g.tif,1024,1024,0.0,128.5379180908203,103.22584533691406,212.2266845703125,0.0,107.61572647094727,129.03230667114258,233.14887619018555,0.32618337869644165,0,04_detection_yolo/reports/proposals/v3i_conf005/crops/000434_p0001.jpg,04_detection_yolo/reports/proposals/v3i_conf005/overlays/000434_p0001.jpg,val,,0.0,False,False
000434_p0002,datasets/dataset_yolo_bbox_v3i_li_archaeological_object_merged/images/val/000434.png,000434,011_РУНА,011_РУНА|Li|03_Руна_Li_карты_g.tif,1024,1024,1.8979980945587158,104.3207015991211,181.6067657470703,237.8921356201172,0.0,70.92784309387207,226.5339576601982,271.2849941253662,0.23901407420635223,0,04_detection_yolo/reports/proposals/v3i_conf005/crops/000434_p0002.jpg,04_detection_yolo/reports/proposals/v3i_conf005/overlays/000434_p0002.jpg,val,,0.0,False,False
000434_p0003,datasets/dataset_yolo_bbox_v3i_li_archaeological_object_merged/images/val/000434.png,000434,011_РУНА,011_РУНА|Li|03_Руна_Li_карты_g.tif,1024,1024,438.71514892578125,588.5934448242188,597.5294189453125,718.7425537109375,399.01158142089844,556.0561676025391,637.2329864501953,751.2798309326172,0.06815066933631897,0,04_detection_yolo/reports/proposals/v3i_conf005/crops/000434_p0003.jpg,04_detection_yolo/reports/proposals/v3i_conf005/overlays/000434_p0003.jpg,val,,0.0,False,False
000435_p0001,datasets/dataset_yolo_bbox_v3i_li_archaeological_object_merged/images/val/000435.png,000435,012_ЛИХУША,012_ЛИХУША|Li|03_Лихуша_Li_карты_g.tif,1024,1024,695.3015747070312,455.51580810546875,827.6859130859375,639.7464599609375,662.2054901123047,409.45814514160156,860.7819976806641,685.8041229248047,0.2604011595249176,0,04_detection_yolo/reports/proposals/v3i_conf005/crops/000435_p0001.jpg,04_detection_yolo/reports/proposals/v3i_conf005/overlays/000435_p0001.jpg,val,000435:0,0.011893820550340726,False,False
000435_p0002,datasets/dataset_yolo_bbox_v3i_li_archaeological_object_merged/images/val/000435.png,000435,012_ЛИХУША,012_ЛИХУША|Li|03_Лихуша_Li_карты_g.tif,1024,1024,775.47998046875,766.8167114257812,989.4290161132812,948.0953979492188,721.9927215576172,721.4970397949219,1024.0,993.4150695800781,0.23291243612766266,0,04_detection_yolo/reports/proposals/v3i_conf005/crops/000435_p0002.jpg,04_detection_yolo/reports/proposals/v3i_conf005/overlays/000435_p0002.jpg,val,000435:0,0.0,False,False
000435_p0003,datasets/dataset_yolo_bbox_v3i_li_archaeological_object_merged/images/val/000435.png,000435,012_ЛИХУША,012_ЛИХУША|Li|03_Лихуша_Li_карты_g.tif,1024,1024,692.8653564453125,411.2710876464844,1017.1580200195312,765.9427490234375,611.7921905517578,322.6031723022461,1024.0,854.6106643676758,0.1883176863193512,0,04_detection_yolo/reports/proposals/v3i_conf005/crops/000435_p0003.jpg,04_detection_yolo/reports/proposals/v3i_conf005/overlays/000435_p0003.jpg,val,000435:0,0.35834199753323726,True,False
000435_p0004,datasets/dataset_yolo_bbox_v3i_li_archaeological_object_merged/images/val/000435.png,000435,012_ЛИХУША,012_ЛИХУША|Li|03_Лихуша_Li_карты_g.tif,1024,1024,678.1858520507812,164.88232421875,1022.8118286132812,918.3868408203125,592.0293579101562,0.0,1024.0,1024.0,0.1679806113243103,0,04_detection_yolo/reports/proposals/v3i_conf005/crops/000435_p0004.jpg,04_detection_yolo/reports/proposals/v3i_conf005/overlays/000435_p0004.jpg,val,000435:0,0.15871846465469303,False,False
000435_p0005,datasets/dataset_yolo_bbox_v3i_li_archaeological_object_merged/images/val/000435.png,000435,012_ЛИХУША,012_ЛИХУША|Li|03_Лихуша_Li_карты_g.tif,1024,1024,610.8199462890625,506.0162048339844,1009.41455078125,998.1023559570312,511.1712951660156,382.99466705322266,1024.0,1024.0,0.06375548243522644,0,04_detection_yolo/reports/proposals/v3i_conf005/crops/000435_p0005.jpg,04_detection_yolo/reports/proposals/v3i_conf005/overlays/000435_p0005.jpg,val,000435:0,0.12068184781330103,False,False
000436_p0001,datasets/dataset_yolo_bbox_v3i_li_archaeological_object_merged/images/val/000436.png,000436,012_ЛИХУША,012_ЛИХУША|Li|03_Лихуша_Li_карты_g.tif,1024,1024,13.952807426452637,764.2437744140625,216.8140869140625,950.814453125,0.0,717.6011047363281,267.52940678596497,997.4571228027344,0.3506283164024353,0,04_detection_yolo/reports/proposals/v3i_conf005/crops/000436_p0001.jpg,04_detection_yolo/reports/proposals/v3i_conf005/overlays/000436_p0001.jpg,val,000436:0,0.0,False,False
000436_p0002,datasets/dataset_yolo_bbox_v3i_li_archaeological_object_merged/images/val/000436.png,000436,012_ЛИХУША,012_ЛИХУША|Li|03_Лихуша_Li_карты_g.tif,1024,1024,1.101953148841858,272.17791748046875,395.19049072265625,749.2390747070312,0.0,152.91262817382812,493.71262511610985,868.5043640136719,0.1253076046705246,0,04_detection_yolo/reports/proposals/v3i_conf005/crops/000436_p0002.jpg,04_detection_yolo/reports/proposals/v3i_conf005/overlays/000436_p0002.jpg,val,000436:0,0.21922670824829468,False,False
000436_p0003,datasets/dataset_yolo_bbox_v3i_li_archaeological_object_merged/images/val/000436.png,000436,012_ЛИХУША,012_ЛИХУША|Li|03_Лихуша_Li_карты_g.tif,1024,1024,0.08664550632238388,226.3291473388672,124.1981430053711,390.39739990234375,0.0,185.31208419799805,155.22601738013327,431.4144630432129,0.07496693730354309,0,04_detection_yolo/reports/proposals/v3i_conf005/crops/000436_p0003.jpg,04_detection_yolo/reports/proposals/v3i_conf005/overlays/000436_p0003.jpg,val,000436:0,0.0,False,False
000436_p0004,datasets/dataset_yolo_bbox_v3i_li_archaeological_object_merged/images/val/000436.png,000436,012_ЛИХУША,012_ЛИХУША|Li|03_Лихуша_Li_карты_g.tif,1024,1024,0.0,410.62091064453125,278.6778259277344,756.1871337890625,0.0,324.22935485839844,348.34728240966797,842.5786895751953,0.06040143966674805,0,04_detection_yolo/reports/proposals/v3i_conf005/crops/000436_p0004.jpg,04_detection_yolo/reports/proposals/v3i_conf005/overlays/000436_p0004.jpg,val,000436:0,0.42798408847721603,True,False
000436_p0005,datasets/dataset_yolo_bbox_v3i_li_archaeological_object_merged/images/val/000436.png,000436,012_ЛИХУША,012_ЛИХУША|Li|03_Лихуша_Li_карты_g.tif,1024,1024,0.0,192.57275390625,685.2960815429688,746.6961669921875,0.0,54.041900634765625,856.6201019287109,885.2270202636719,0.05789515748620033,0,04_detection_yolo/reports/proposals/v3i_conf005/crops/000436_p0005.jpg,04_detection_yolo/reports/proposals/v3i_conf005/overlays/000436_p0005.jpg,val,000436:0,0.10853669032519549,False,False
000437_p0001,datasets/dataset_yolo_bbox_v3i_li_archaeological_object_merged/images/val/000437.png,000437,012_ЛИХУША,012_ЛИХУША|Li|03_Лихуша_Li_карты_g.tif,1024,1024,12.118578910827637,12.053918838500977,231.3607635498047,184.1504364013672,0.0,0.0,286.17130970954895,227.17456579208374,0.2542555332183838,0,04_detection_yolo/reports/proposals/v3i_conf005/crops/000437_p0001.jpg,04_detection_yolo/reports/proposals/v3i_conf005/overlays/000437_p0001.jpg,val,000437:0,0.0,False,False
000438_p0001,datasets/dataset_yolo_bbox_v3i_li_archaeological_object_merged/images/val/000438.png,000438,012_ЛИХУША,012_ЛИХУША|Li|03_Лихуша_Li_карты_g.tif,1024,1024,110.7234115600586,755.2857666015625,183.2760467529297,834.0321044921875,92.58525276184082,735.5991821289062,201.41420555114746,853.7186889648438,0.12494634836912155,0,04_detection_yolo/reports/proposals/v3i_conf005/crops/000438_p0001.jpg,04_detection_yolo/reports/proposals/v3i_conf005/overlays/000438_p0001.jpg,val,000438:0,0.0,False,False
000438_p0002,datasets/dataset_yolo_bbox_v3i_li_archaeological_object_merged/images/val/000438.png,000438,012_ЛИХУША,012_ЛИХУША|Li|03_Лихуша_Li_карты_g.tif,1024,1024,493.35235595703125,943.4337768554688,570.5379028320312,1022.9501953125,474.05596923828125,923.5546722412109,589.8342895507812,1024.0,0.0638451874256134,0,04_detection_yolo/reports/proposals/v3i_conf005/crops/000438_p0002.jpg,04_detection_yolo/reports/proposals/v3i_conf005/overlays/000438_p0002.jpg,val,000438:0,0.0,False,False
000439_p0001,datasets/dataset_yolo_bbox_v3i_li_archaeological_object_merged/images/val/000439.png,000439,012_ЛИХУША,012_ЛИХУША|Li|03_Лихуша_Li_карты_g.tif,1024,1024,720.7056274414062,482.39923095703125,792.6055908203125,560.634765625,702.7306365966797,462.84034729003906,810.5805816650391,580.1936492919922,0.05017942190170288,0,04_detection_yolo/reports/proposals/v3i_conf005/crops/000439_p0001.jpg,04_detection_yolo/reports/proposals/v3i_conf005/overlays/000439_p0001.jpg,val,000439:0,0.0,False,False
000440_p0001,datasets/dataset_yolo_bbox_v3i_li_archaeological_object_merged/images/val/000440.png,000440,012_ЛИХУША,012_ЛИХУША|Li|03_Лихуша_Li_карты_g.tif,1024,1024,586.9248657226562,594.6467895507812,656.8778686523438,657.02490234375,569.4366149902344,579.0522613525391,674.3661193847656,672.6194305419922,0.6267064809799194,0,04_detection_yolo/reports/proposals/v3i_conf005/crops/000440_p0001.jpg,04_detection_yolo/reports/proposals/v3i_conf005/overlays/000440_p0001.jpg,val,000440:3,0.7708735968587774,True,True
000440_p0002,datasets/dataset_yolo_bbox_v3i_li_archaeological_object_merged/images/val/000440.png,000440,012_ЛИХУША,012_ЛИХУША|Li|03_Лихуша_Li_карты_g.tif,1024,1024,532.4725952148438,544.56689453125,598.7925415039062,614.86083984375,515.8926086425781,526.993408203125,615.3725280761719,632.434326171875,0.4381486475467682,0,04_detection_yolo/reports/proposals/v3i_conf005/crops/000440_p0002.jpg,04_detection_yolo/reports/proposals/v3i_conf005/overlays/000440_p0002.jpg,val,000440:2,0.6294079434607994,True,True
000440_p0003,datasets/dataset_yolo_bbox_v3i_li_archaeological_object_merged/images/val/000440.png,000440,012_ЛИХУША,012_ЛИХУША|Li|03_Лихуша_Li_карты_g.tif,1024,1024,478.0735778808594,418.42999267578125,534.6465454101562,487.6483459472656,463.93033599853516,401.12540435791016,548.7897872924805,504.9529342651367,0.08595716208219528,0,04_detection_yolo/reports/proposals/v3i_conf005/crops/000440_p0003.jpg,04_detection_yolo/reports/proposals/v3i_conf005/overlays/000440_p0003.jpg,val,000440:1,0.38330423481295733,True,False
000441_p0001,datasets/dataset_yolo_bbox_v3i_li_archaeological_object_merged/images/val/000441.png,000441,012_ЛИХУША,012_ЛИХУША|Li|03_Лихуша_Li_карты_g.tif,1024,1024,586.22900390625,386.78350830078125,659.8053588867188,450.5039978027344,567.8349151611328,370.85338592529297,678.1994476318359,466.43412017822266,0.622647225856781,0,04_detection_yolo/reports/proposals/v3i_conf005/crops/000441_p0001.jpg,04_detection_yolo/reports/proposals/v3i_conf005/overlays/000441_p0001.jpg,val,000441:2,0.7174710676112704,True,True
000441_p0002,datasets/dataset_yolo_bbox_v3i_li_archaeological_object_merged/images/val/000441.png,000441,012_ЛИХУША,012_ЛИХУША|Li|03_Лихуша_Li_карты_g.tif,1024,1024,532.66162109375,339.0458984375,598.8748779296875,406.246826171875,516.1083068847656,322.24566650390625,615.4281921386719,423.04705810546875,0.4235031008720398,0,04_detection_yolo/reports/proposals/v3i_conf005/crops/000441_p0002.jpg,04_detection_yolo/reports/proposals/v3i_conf005/overlays/000441_p0002.jpg,val,000441:1,0.6594381764206274,True,True
000441_p0003,datasets/dataset_yolo_bbox_v3i_li_archaeological_object_merged/images/val/000441.png,000441,012_ЛИХУША,012_ЛИХУША|Li|03_Лихуша_Li_карты_g.tif,1024,1024,478.388916015625,211.785400390625,534.0609741210938,277.12261962890625,464.4709014892578,195.4510955810547,547.9789886474609,293.45692443847656,0.10208123177289963,0,04_detection_yolo/reports/proposals/v3i_conf005/crops/000441_p0003.jpg,04_detection_yolo/reports/proposals/v3i_conf005/overlays/000441_p0003.jpg,val,000441:0,0.41264436331257887,True,False
000441_p0004,datasets/dataset_yolo_bbox_v3i_li_archaeological_object_merged/images/val/000441.png,000441,012_ЛИХУША,012_ЛИХУША|Li|03_Лихуша_Li_карты_g.tif,1024,1024,525.9326171875,343.1710510253906,655.1591796875,450.36273193359375,493.6259765625,316.37313079833984,687.4658203125,477.16065216064453,0.0567488931119442,0,04_detection_yolo/reports/proposals/v3i_conf005/crops/000441_p0004.jpg,04_detection_yolo/reports/proposals/v3i_conf005/overlays/000441_p0004.jpg,val,000441:2,0.24283366330587977,False,False
000443_p0001,datasets/dataset_yolo_bbox_v3i_li_archaeological_object_merged/images/val/000443.png,000443,013_БЕРВЕНЕЦ,013_БЕРВЕНЕЦ|Li|03_Бервенец_Li_карты_g.tif,1024,1024,871.75,871.9461059570312,1024.0,1024.0,833.6875,833.9326324462891,1024.0,1024.0,0.08946604281663895,0,04_detection_yolo/reports/proposals/v3i_conf005/crops/000443_p0001.jpg,04_detection_yolo/reports/proposals/v3i_conf005/overlays/000443_p0001.jpg,val,,0.0,False,False
000444_p0001,datasets/dataset_yolo_bbox_v3i_li_archaeological_object_merged/images/val/000444.png,000444,013_БЕРВЕНЕЦ,013_БЕРВЕНЕЦ|Li|03_Бервенец_Li_карты_g.tif,1024,1024,488.67767333984375,489.8861389160156,562.8116455078125,564.7646484375,470.14418029785156,471.16651153564453,581.3451385498047,583.4842758178711,0.9308977127075195,0,04_detection_yolo/reports/proposals/v3i_conf005/crops/000444_p0001.jpg,04_detection_yolo/reports/proposals/v3i_conf005/overlays/000444_p0001.jpg,val,000444:5,0.6430300689245049,True,True
000444_p0002,datasets/dataset_yolo_bbox_v3i_li_archaeological_object_merged/images/val/000444.png,000444,013_БЕРВЕНЕЦ,013_БЕРВЕНЕЦ|Li|03_Бервенец_Li_карты_g.tif,1024,1024,607.765625,539.9491577148438,681.6224365234375,608.028076171875,589.3014221191406,522.9294281005859,700.0866394042969,625.0478057861328,0.8497762680053711,0,04_detection_yolo/reports/proposals/v3i_conf005/crops/000444_p0002.jpg,04_detection_yolo/reports/proposals/v3i_conf005/overlays/000444_p0002.jpg,val,000444:6,0.7958600647114041,True,True
000444_p0003,datasets/dataset_yolo_bbox_v3i_li_archaeological_object_merged/images/val/000444.png,000444,013_БЕРВЕНЕЦ,013_БЕРВЕНЕЦ|Li|03_Бервенец_Li_карты_g.tif,1024,1024,592.7048950195312,598.3712158203125,660.5691528320312,660.0706176757812,575.7388305664062,582.9463653564453,677.5352172851562,675.4954681396484,0.8270813226699829,0,04_detection_yolo/reports/proposals/v3i_conf005/crops/000444_p0003.jpg,04_detection_yolo/reports/proposals/v3i_conf005/overlays/000444_p0003.jpg,val,000444:3,0.7758777505749423,True,True
000444_p0004,datasets/dataset_yolo_bbox_v3i_li_archaeological_object_merged/images/val/000444.png,000444,013_БЕРВЕНЕЦ,013_БЕРВЕНЕЦ|Li|03_Бервенец_Li_карты_g.tif,1024,1024,571.9612426757812,833.0682373046875,650.7950439453125,903.2145385742188,552.2527923583984,815.5316619873047,670.5034942626953,920.7511138916016,0.7680602669715881,0,04_detection_yolo/reports/proposals/v3i_conf005/crops/000444_p0004.jpg,04_detection_yolo/reports/proposals/v3i_conf005/overlays/000444_p0004.jpg,val,000444:2,0.6936256758578904,True,True
000444_p0005,datasets/dataset_yolo_bbox_v3i_li_archaeological_object_merged/images/val/000444.png,000444,013_БЕРВЕНЕЦ,013_БЕРВЕНЕЦ|Li|03_Бервенец_Li_карты_g.tif,1024,1024,598.64453125,457.1004943847656,653.7664184570312,513.6041870117188,584.8640594482422,442.97457122802734,667.5468902587891,527.730110168457,0.6086872220039368,0,04_detection_yolo/reports/proposals/v3i_conf005/crops/000444_p0005.jpg,04_detection_yolo/reports/proposals/v3i_conf005/overlays/000444_p0005.jpg,val,000444:1,0.7493467912979519,True,True
000444_p0006,datasets/dataset_yolo_bbox_v3i_li_archaeological_object_merged/images/val/000444.png,000444,013_БЕРВЕНЕЦ,013_БЕРВЕНЕЦ|Li|03_Бервенец_Li_карты_g.tif,1024,1024,519.3675537109375,585.4241943359375,562.7804565429688,623.5986328125,508.5143280029297,575.8805847167969,573.6336822509766,633.1422424316406,0.3362134099006653,0,04_detection_yolo/reports/proposals/v3i_conf005/crops/000444_p0006.jpg,04_detection_yolo/reports/proposals/v3i_conf005/overlays/000444_p0006.jpg,val,000444:4,0.5706779448786574,True,True
000444_p0007,datasets/dataset_yolo_bbox_v3i_li_archaeological_object_merged/images/val/000444.png,000444,013_БЕРВЕНЕЦ,013_БЕРВЕНЕЦ|Li|03_Бервенец_Li_карты_g.tif,1024,1024,590.8053588867188,553.0060424804688,686.0348510742188,658.951171875,566.9979858398438,526.5197601318359,709.8422241210938,685.4374542236328,0.2099359929561615,0,04_detection_yolo/reports/proposals/v3i_conf005/crops/000444_p0007.jpg,04_detection_yolo/reports/proposals/v3i_conf005/overlays/000444_p0007.jpg,val,000444:6,0.43213185944501625,True,False
000444_p0008,datasets/dataset_yolo_bbox_v3i_li_archaeological_object_merged/images/val/000444.png,000444,013_БЕРВЕНЕЦ,013_БЕРВЕНЕЦ|Li|03_Бервенец_Li_карты_g.tif,1024,1024,593.7962036132812,526.3268432617188,659.8259887695312,597.53564453125,577.2887573242188,508.52464294433594,676.3334350585938,615.3378448486328,0.15094000101089478,0,04_detection_yolo/reports/proposals/v3i_conf005/crops/000444_p0008.jpg,04_detection_yolo/reports/proposals/v3i_conf005/overlays/000444_p0008.jpg,val,000444:6,0.40192955089521387,True,False
000444_p0009,datasets/dataset_yolo_bbox_v3i_li_archaeological_object_merged/images/val/000444.png,000444,013_БЕРВЕНЕЦ,013_БЕРВЕНЕЦ|Li|03_Бервенец_Li_карты_g.tif,1024,1024,434.18536376953125,794.51806640625,477.72296142578125,835.2254638671875,423.30096435546875,784.3412170410156,488.60736083984375,845.4023132324219,0.1365034431219101,0,04_detection_yolo/reports/proposals/v3i_conf005/crops/000444_p0009.jpg,04_detection_yolo/reports/proposals/v3i_conf005/overlays/000444_p0009.jpg,val,000444:0,0.0,False,False
000444_p0010,datasets/dataset_yolo_bbox_v3i_li_archaeological_object_merged/images/val/000444.png,000444,013_БЕРВЕНЕЦ,013_БЕРВЕНЕЦ|Li|03_Бервенец_Li_карты_g.tif,1024,1024,514.59130859375,339.2645568847656,577.5856323242188,435.8865661621094,498.8427276611328,315.1090545654297,593.3342132568359,460.0420684814453,0.125919908285141,0,04_detection_yolo/reports/proposals/v3i_conf005/crops/000444_p0010.jpg,04_detection_yolo/reports/proposals/v3i_conf005/overlays/000444_p0010.jpg,val,000444:0,0.4396824561310674,True,False
000444_p0011,datasets/dataset_yolo_bbox_v3i_li_archaeological_object_merged/images/val/000444.png,000444,013_БЕРВЕНЕЦ,013_БЕРВЕНЕЦ|Li|03_Бервенец_Li_карты_g.tif,1024,1024,645.2996215820312,567.577880859375,688.33935546875,620.5009155273438,634.5396881103516,554.3471221923828,699.0992889404297,633.7316741943359,0.09214591979980469,0,04_detection_yolo/reports/proposals/v3i_conf005/crops/000444_p0011.jpg,04_detection_yolo/reports/proposals/v3i_conf005/overlays/000444_p0011.jpg,val,000444:6,0.28178750927784024,False,False
000444_p0012,datasets/dataset_yolo_bbox_v3i_li_archaeological_object_merged/images/val/000444.png,000444,013_БЕРВЕНЕЦ,013_БЕРВЕНЕЦ|Li|03_Бервенец_Li_карты_g.tif,1024,1024,704.8541870117188,364.7247619628906,738.1672973632812,397.5481872558594,696.5259094238281,356.51890563964844,746.4955749511719,405.75404357910156,0.08034226298332214,0,04_detection_yolo/reports/proposals/v3i_conf005/crops/000444_p0012.jpg,04_detection_yolo/reports/proposals/v3i_conf005/overlays/000444_p0012.jpg,val,000444:0,0.0,False,False
000445_p0001,datasets/dataset_yolo_bbox_v3i_li_archaeological_object_merged/images/val/000445.png,000445,013_БЕРВЕНЕЦ,013_БЕРВЕНЕЦ|Li|03_Бервенец_Li_карты_g.tif,1024,1024,493.0354919433594,0.0,561.299560546875,51.956993103027344,475.96947479248047,0.0,578.3655776977539,64.94624137878418,0.8876851797103882,0,04_detection_yolo/reports/proposals/v3i_conf005/crops/000445_p0001.jpg,04_detection_yolo/reports/proposals/v3i_conf005/overlays/000445_p0001.jpg,val,000445:3,0.7735099035558247,True,True
000445_p0002,datasets/dataset_yolo_bbox_v3i_li_archaeological_object_merged/images/val/000445.png,000445,013_БЕРВЕНЕЦ,013_БЕРВЕНЕЦ|Li|03_Бервенец_Li_карты_g.tif,1024,1024,593.9635009765625,83.9144058227539,660.4581909179688,146.26699829101562,577.3398284912109,68.32625770568848,677.0818634033203,161.85514640808105,0.8523210883140564,0,04_detection_yolo/reports/proposals/v3i_conf005/crops/000445_p0002.jpg,04_detection_yolo/reports/proposals/v3i_conf005/overlays/000445_p0002.jpg,val,000445:1,0.7835629187242363,True,True
000445_p0003,datasets/dataset_yolo_bbox_v3i_li_archaeological_object_merged/images/val/000445.png,000445,013_БЕРВЕНЕЦ,013_БЕРВЕНЕЦ|Li|03_Бервенец_Li_карты_g.tif,1024,1024,598.0858154296875,12.917040824890137,687.9708251953125,92.14971923828125,575.6145629882812,0.0,710.4420776367188,111.95788884162903,0.8119804859161377,0,04_detection_yolo/reports/proposals/v3i_conf005/crops/000445_p0003.jpg,04_detection_yolo/reports/proposals/v3i_conf005/overlays/000445_p0003.jpg,val,000445:4,0.5924475366799837,True,True
000445_p0004,datasets/dataset_yolo_bbox_v3i_li_archaeological_object_merged/images/val/000445.png,000445,013_БЕРВЕНЕЦ,013_БЕРВЕНЕЦ|Li|03_Бервенец_Li_карты_g.tif,1024,1024,570.93896484375,317.19830322265625,649.9049682617188,388.9962463378906,551.1974639892578,299.24881744384766,669.6464691162109,406.9457321166992,0.7691256999969482,0,04_detection_yolo/reports/proposals/v3i_conf005/crops/000445_p0004.jpg,04_detection_yolo/reports/proposals/v3i_conf005/overlays/000445_p0004.jpg,val,000445:0,0.6933810265810596,True,True
000445_p0005,datasets/dataset_yolo_bbox_v3i_li_archaeological_object_merged/images/val/000445.png,000445,013_БЕРВЕНЕЦ,013_БЕРВЕНЕЦ|Li|03_Бервенец_Li_карты_g.tif,1024,1024,518.87646484375,71.50590515136719,561.8856201171875,107.77181243896484,508.1241760253906,62.43942832946777,572.6379089355469,116.83828926086426,0.34797561168670654,0,04_detection_yolo/reports/proposals/v3i_conf005/crops/000445_p0005.jpg,04_detection_yolo/reports/proposals/v3i_conf005/overlays/000445_p0005.jpg,val,000445:2,0.5506666384793377,True,True
000445_p0006,datasets/dataset_yolo_bbox_v3i_li_archaeological_object_merged/images/val/000445.png,000445,013_БЕРВЕНЕЦ,013_БЕРВЕНЕЦ|Li|03_Бервенец_Li_карты_g.tif,1024,1024,593.0439453125,50.996131896972656,684.4542846679688,144.24525451660156,570.1913604736328,27.68385124206543,707.3068695068359,167.5575351715088,0.26508989930152893,0,04_detection_yolo/reports/proposals/v3i_conf005/crops/000445_p0006.jpg,04_detection_yolo/reports/proposals/v3i_conf005/overlays/000445_p0006.jpg,val,000445:1,0.38113188271361215,True,False
000445_p0007,datasets/dataset_yolo_bbox_v3i_li_archaeological_object_merged/images/val/000445.png,000445,013_БЕРВЕНЕЦ,013_БЕРВЕНЕЦ|Li|03_Бервенец_Li_карты_g.tif,1024,1024,432.2168884277344,278.0086975097656,475.6532287597656,323.16339111328125,421.35780334472656,266.7200241088867,486.51231384277344,334.45206451416016,0.19844087958335876,0,04_detection_yolo/reports/proposals/v3i_conf005/crops/000445_p0007.jpg,04_detection_yolo/reports/proposals/v3i_conf005/overlays/000445_p0007.jpg,val,000445:0,0.0,False,False
000445_p0008,datasets/dataset_yolo_bbox_v3i_li_archaeological_object_merged/images/val/000445.png,000445,013_БЕРВЕНЕЦ,013_БЕРВЕНЕЦ|Li|03_Бервенец_Li_карты_g.tif,1024,1024,507.5415954589844,7.418688774108887,689.8810424804688,152.30975341796875,461.9567337036133,0.0,735.4659042358398,188.53251957893372,0.06698599457740784,0,04_detection_yolo/reports/proposals/v3i_conf005/crops/000445_p0008.jpg,04_detection_yolo/reports/proposals/v3i_conf005/overlays/000445_p0008.jpg,val,000445:4,0.1989150775527107,False,False
000447_p0001,datasets/dataset_yolo_bbox_v3i_li_archaeological_object_merged/images/val/000447.png,000447,025_ШУМГОРА,025_ШУМГОРА|Li|03_Шумгора_Li_карты_g.tif,1024,1024,0.0,1.7395508289337158,436.8140563964844,407.742919921875,0.0,0.0,546.0175704956055,509.2437621951103,0.10950671881437302,0,04_detection_yolo/reports/proposals/v3i_conf005/crops/000447_p0001.jpg,04_detection_yolo/reports/proposals/v3i_conf005/overlays/000447_p0001.jpg,val,000447:0,0.0,False,False
000447_p0002,datasets/dataset_yolo_bbox_v3i_li_archaeological_object_merged/images/val/000447.png,000447,025_ШУМГОРА,025_ШУМГОРА|Li|03_Шумгора_Li_карты_g.tif,1024,1024,0.0,370.0301818847656,630.2296752929688,1024.0,0.0,206.53772735595703,787.7870941162109,1024.0,0.07163392007350922,0,04_detection_yolo/reports/proposals/v3i_conf005/crops/000447_p0002.jpg,04_detection_yolo/reports/proposals/v3i_conf005/overlays/000447_p0002.jpg,val,000447:0,0.3855342015998141,True,False
000449_p0001,datasets/dataset_yolo_bbox_v3i_li_archaeological_object_merged/images/val/000449.png,000449,025_ШУМГОРА,025_ШУМГОРА|Li|03_Шумгора_Li_карты_g.tif,1024,1024,844.4962158203125,571.8426513671875,1024.0,1020.36181640625,799.6202697753906,459.7128601074219,1024.0,1024.0,0.1513211578130722,0,04_detection_yolo/reports/proposals/v3i_conf005/crops/000449_p0001.jpg,04_detection_yolo/reports/proposals/v3i_conf005/overlays/000449_p0001.jpg,val,000449:0,0.0,False,False
000450_p0001,datasets/dataset_yolo_bbox_v3i_li_archaeological_object_merged/images/val/000450.png,000450,025_ШУМГОРА,025_ШУМГОРА|Li|03_Шумгора_Li_карты_g.tif,1024,1024,308.62017822265625,216.9215850830078,525.3514404296875,409.1143493652344,254.43736267089844,168.87339401245117,579.5342559814453,457.162540435791,0.0637262612581253,0,04_detection_yolo/reports/proposals/v3i_conf005/crops/000450_p0001.jpg,04_detection_yolo/reports/proposals/v3i_conf005/overlays/000450_p0001.jpg,val,000450:0,0.0,False,False
000451_p0001,datasets/dataset_yolo_bbox_v3i_li_archaeological_object_merged/images/val/000451.png,000451,025_ШУМГОРА,025_ШУМГОРА|Li|03_Шумгора_Li_карты_g.tif,1024,1024,6.241003513336182,337.3517150878906,179.7970733642578,490.1282653808594,0.0,299.15757751464844,223.18609082698822,528.3224029541016,0.11829958111047745,0,04_detection_yolo/reports/proposals/v3i_conf005/crops/000451_p0001.jpg,04_detection_yolo/reports/proposals/v3i_conf005/overlays/000451_p0001.jpg,val,,0.0,False,False
000451_p0002,datasets/dataset_yolo_bbox_v3i_li_archaeological_object_merged/images/val/000451.png,000451,025_ШУМГОРА,025_ШУМГОРА|Li|03_Шумгора_Li_карты_g.tif,1024,1024,762.7898559570312,887.2047119140625,1023.7150268554688,1024.0,697.5585632324219,853.0058898925781,1024.0,1024.0,0.07296481728553772,0,04_detection_yolo/reports/proposals/v3i_conf005/crops/000451_p0002.jpg,04_detection_yolo/reports/proposals/v3i_conf005/overlays/000451_p0002.jpg,val,,0.0,False,False
000451_p0003,datasets/dataset_yolo_bbox_v3i_li_archaeological_object_merged/images/val/000451.png,000451,025_ШУМГОРА,025_ШУМГОРА|Li|03_Шумгора_Li_карты_g.tif,1024,1024,0.0,363.1958923339844,118.69319152832031,482.6421813964844,0.0,333.3343200683594,148.3664894104004,512.5037536621094,0.06386871635913849,0,04_detection_yolo/reports/proposals/v3i_conf005/crops/000451_p0003.jpg,04_detection_yolo/reports/proposals/v3i_conf005/overlays/000451_p0003.jpg,val,,0.0,False,False
000451_p0004,datasets/dataset_yolo_bbox_v3i_li_archaeological_object_merged/images/val/000451.png,000451,025_ШУМГОРА,025_ШУМГОРА|Li|03_Шумгора_Li_карты_g.tif,1024,1024,0.0,4.033349514007568,337.96234130859375,80.8116226196289,0.0,0.0,422.4529266357422,100.00619089603424,0.06245635449886322,0,04_detection_yolo/reports/proposals/v3i_conf005/crops/000451_p0004.jpg,04_detection_yolo/reports/proposals/v3i_conf005/overlays/000451_p0004.jpg,val,,0.0,False,False
000452_p0001,datasets/dataset_yolo_bbox_v3i_li_archaeological_object_merged/images/val/000452.png,000452,025_ШУМГОРА,025_ШУМГОРА|Li|03_Шумгора_Li_карты_g.tif,1024,1024,853.9564208984375,345.74676513671875,1024.0,889.5369262695312,811.4455261230469,209.79922485351562,1024.0,1024.0,0.08485221117734909,0,04_detection_yolo/reports/proposals/v3i_conf005/crops/000452_p0001.jpg,04_detection_yolo/reports/proposals/v3i_conf005/overlays/000452_p0001.jpg,val,,0.0,False,False
000453_p0001,datasets/dataset_yolo_bbox_v3i_li_archaeological_object_merged/images/val/000453.png,000453,025_ШУМГОРА,025_ШУМГОРА|Li|03_Шумгора_Li_карты_g.tif,1024,1024,744.0299072265625,0.18452148139476776,1023.2666015625,230.99282836914062,674.2207336425781,0.0,1024.0,288.6949050910771,0.13914288580417633,0,04_detection_yolo/reports/proposals/v3i_conf005/crops/000453_p0001.jpg,04_detection_yolo/reports/proposals/v3i_conf005/overlays/000453_p0001.jpg,val,,0.0,False,False
000453_p0002,datasets/dataset_yolo_bbox_v3i_li_archaeological_object_merged/images/val/000453.png,000453,025_ШУМГОРА,025_ШУМГОРА|Li|03_Шумгора_Li_карты_g.tif,1024,1024,0.8205932378768921,251.63858032226562,148.18019104003906,436.203857421875,0.0,205.49726104736328,185.0200904905796,482.34517669677734,0.1265340894460678,0,04_detection_yolo/reports/proposals/v3i_conf005/crops/000453_p0002.jpg,04_detection_yolo/reports/proposals/v3i_conf005/overlays/000453_p0002.jpg,val,,0.0,False,False
000453_p0003,datasets/dataset_yolo_bbox_v3i_li_archaeological_object_merged/images/val/000453.png,000453,025_ШУМГОРА,025_ШУМГОРА|Li|03_Шумгора_Li_карты_g.tif,1024,1024,461.00927734375,0.0,1024.0,240.24917602539062,320.2615966796875,0.0,1024.0,300.3114700317383,0.06282597780227661,0,04_detection_yolo/reports/proposals/v3i_conf005/crops/000453_p0003.jpg,04_detection_yolo/reports/proposals/v3i_conf005/overlays/000453_p0003.jpg,val,,0.0,False,False
000453_p0004,datasets/dataset_yolo_bbox_v3i_li_archaeological_object_merged/images/val/000453.png,000453,025_ШУМГОРА,025_ШУМГОРА|Li|03_Шумгора_Li_карты_g.tif,1024,1024,738.9461059570312,94.32742309570312,793.1148681640625,157.97903442382812,725.4039154052734,78.41452026367188,806.6570587158203,173.89193725585938,0.05852416157722473,0,04_detection_yolo/reports/proposals/v3i_conf005/crops/000453_p0004.jpg,04_detection_yolo/reports/proposals/v3i_conf005/overlays/000453_p0004.jpg,val,,0.0,False,False
000453_p0005,datasets/dataset_yolo_bbox_v3i_li_archaeological_object_merged/images/val/000453.png,000453,025_ШУМГОРА,025_ШУМГОРА|Li|03_Шумгора_Li_карты_g.tif,1024,1024,0.0,585.10107421875,691.1529541015625,1019.5321044921875,0.0,476.4933166503906,863.9411926269531,1024.0,0.050182703882455826,0,04_detection_yolo/reports/proposals/v3i_conf005/crops/000453_p0005.jpg,04_detection_yolo/reports/proposals/v3i_conf005/overlays/000453_p0005.jpg,val,,0.0,False,False
000454_p0001,datasets/dataset_yolo_bbox_v3i_li_archaeological_object_merged/images/val/000454.png,000454,025_ШУМГОРА,025_ШУМГОРА|Li|03_Шумгора_Li_карты_g.tif,1024,1024,605.3668212890625,619.7083740234375,719.7086181640625,678.853515625,576.7813720703125,604.9220886230469,748.2940673828125,693.6398010253906,0.12184106558561325,0,04_detection_yolo/reports/proposals/v3i_conf005/crops/000454_p0001.jpg,04_detection_yolo/reports/proposals/v3i_conf005/overlays/000454_p0001.jpg,val,000454:0,0.11382496545267021,False,False
000454_p0002,datasets/dataset_yolo_bbox_v3i_li_archaeological_object_merged/images/val/000454.png,000454,025_ШУМГОРА,025_ШУМГОРА|Li|03_Шумгора_Li_карты_g.tif,1024,1024,186.98556518554688,935.4192504882812,285.84405517578125,1024.0,162.27094268798828,913.2740631103516,310.55867767333984,1024.0,0.06559085100889206,0,04_detection_yolo/reports/proposals/v3i_conf005/crops/000454_p0002.jpg,04_detection_yolo/reports/proposals/v3i_conf005/overlays/000454_p0002.jpg,val,000454:0,0.0,False,False
000455_p0001,datasets/dataset_yolo_bbox_v3i_li_archaeological_object_merged/images/val/000455.png,000455,025_ШУМГОРА,025_ШУМГОРА|Li|03_Шумгора_Li_карты_g.tif,1024,1024,334.9766540527344,897.0389404296875,468.4732360839844,1023.4338989257812,301.6025085449219,865.4402008056641,501.8473815917969,1024.0,0.07701853662729263,0,04_detection_yolo/reports/proposals/v3i_conf005/crops/000455_p0001.jpg,04_detection_yolo/reports/proposals/v3i_conf005/overlays/000455_p0001.jpg,val,000455:0,0.0,False,False
000456_p0001,datasets/dataset_yolo_bbox_v3i_li_archaeological_object_merged/images/val/000456.png,000456,025_ШУМГОРА,025_ШУМГОРА|Li|03_Шумгора_Li_карты_g.tif,1024,1024,620.6126098632812,286.04730224609375,783.76904296875,417.33331298828125,579.8235015869141,253.22579956054688,824.5581512451172,450.1548156738281,0.2265721708536148,0,04_detection_yolo/reports/proposals/v3i_conf005/crops/000456_p0001.jpg,04_detection_yolo/reports/proposals/v3i_conf005/overlays/000456_p0001.jpg,val,000456:0,0.5526003698362468,True,True
000456_p0002,datasets/dataset_yolo_bbox_v3i_li_archaeological_object_merged/images/val/000456.png,000456,025_ШУМГОРА,025_ШУМГОРА|Li|03_Шумгора_Li_карты_g.tif,1024,1024,236.46728515625,724.3438720703125,365.6090393066406,809.482421875,204.18184661865234,703.0592346191406,397.8944778442383,830.7670593261719,0.17388753592967987,0,04_detection_yolo/reports/proposals/v3i_conf005/crops/000456_p0002.jpg,04_detection_yolo/reports/proposals/v3i_conf005/overlays/000456_p0002.jpg,val,000456:0,0.0,False,False
000456_p0003,datasets/dataset_yolo_bbox_v3i_li_archaeological_object_merged/images/val/000456.png,000456,025_ШУМГОРА,025_ШУМГОРА|Li|03_Шумгора_Li_карты_g.tif,1024,1024,272.0118408203125,256.0435485839844,1012.0296020507812,804.38427734375,87.00740051269531,118.95836639404297,1024.0,941.4694595336914,0.09794429689645767,0,04_detection_yolo/reports/proposals/v3i_conf005/crops/000456_p0003.jpg,04_detection_yolo/reports/proposals/v3i_conf005/overlays/000456_p0003.jpg,val,000456:0,0.09552539337690677,False,False
000456_p0004,datasets/dataset_yolo_bbox_v3i_li_archaeological_object_merged/images/val/000456.png,000456,025_ШУМГОРА,025_ШУМГОРА|Li|03_Шумгора_Li_карты_g.tif,1024,1024,141.3837890625,264.1205139160156,1024.0,542.529296875,0.0,194.51831817626953,1024.0,612.1314926147461,0.0763474553823471,0,04_detection_yolo/reports/proposals/v3i_conf005/crops/000456_p0004.jpg,04_detection_yolo/reports/proposals/v3i_conf005/overlays/000456_p0004.jpg,val,000456:0,0.15774538102158933,False,False
000456_p0005,datasets/dataset_yolo_bbox_v3i_li_archaeological_object_merged/images/val/000456.png,000456,025_ШУМГОРА,025_ШУМГОРА|Li|03_Шумгора_Li_карты_g.tif,1024,1024,239.3662109375,725.7254028320312,493.83868408203125,811.9122924804688,175.7480926513672,704.1786804199219,557.4568023681641,833.4590148925781,0.06516500562429428,0,04_detection_yolo/reports/proposals/v3i_conf005/crops/000456_p0005.jpg,04_detection_yolo/reports/proposals/v3i_conf005/overlays/000456_p0005.jpg,val,000456:0,0.0,False,False
000458_p0001,datasets/dataset_yolo_bbox_v3i_li_archaeological_object_merged/images/val/000458.png,000458,025_ШУМГОРА,025_ШУМГОРА|Li|03_Шумгора_Li_карты_g.tif,1024,1024,186.67294311523438,937.0299072265625,319.42926025390625,1024.0,153.4838638305664,915.2873840332031,352.6183395385742,1024.0,0.1988924890756607,0,04_detection_yolo/reports/proposals/v3i_conf005/crops/000458_p0001.jpg,04_detection_yolo/reports/proposals/v3i_conf005/overlays/000458_p0001.jpg,val,000458:0,0.7586475035072988,True,True
000458_p0002,datasets/dataset_yolo_bbox_v3i_li_archaeological_object_merged/images/val/000458.png,000458,025_ШУМГОРА,025_ШУМГОРА|Li|03_Шумгора_Li_карты_g.tif,1024,1024,424.4906311035156,4.396081447601318,565.2610473632812,78.6635971069336,389.2980270385742,0.0,600.4536514282227,97.23047602176666,0.0943463072180748,0,04_detection_yolo/reports/proposals/v3i_conf005/crops/000458_p0002.jpg,04_detection_yolo/reports/proposals/v3i_conf005/overlays/000458_p0002.jpg,val,000458:0,0.0,False,False
000458_p0003,datasets/dataset_yolo_bbox_v3i_li_archaeological_object_merged/images/val/000458.png,000458,025_ШУМГОРА,025_ШУМГОРА|Li|03_Шумгора_Li_карты_g.tif,1024,1024,430.2687072753906,0.0,503.7723083496094,66.55357360839844,411.89280700683594,0.0,522.1482086181641,83.19196701049805,0.06652865558862686,0,04_detection_yolo/reports/proposals/v3i_conf005/crops/000458_p0003.jpg,04_detection_yolo/reports/proposals/v3i_conf005/overlays/000458_p0003.jpg,val,000458:0,0.0,False,False
000459_p0001,datasets/dataset_yolo_bbox_v3i_li_archaeological_object_merged/images/val/000459.png,000459,025_ШУМГОРА,025_ШУМГОРА|Li|03_Шумгора_Li_карты_g.tif,1024,1024,556.1193237304688,761.0965576171875,1008.7625122070312,1019.5687255859375,442.9585266113281,696.478515625,1024.0,1024.0,0.08496969193220139,0,04_detection_yolo/reports/proposals/v3i_conf005/crops/000459_p0001.jpg,04_detection_yolo/reports/proposals/v3i_conf005/overlays/000459_p0001.jpg,val,000459:0,0.0,False,False
000459_p0002,datasets/dataset_yolo_bbox_v3i_li_archaeological_object_merged/images/val/000459.png,000459,025_ШУМГОРА,025_ШУМГОРА|Li|03_Шумгора_Li_карты_g.tif,1024,1024,386.3470764160156,318.39813232421875,1022.7913818359375,1024.0,227.23600006103516,141.99766540527344,1024.0,1024.0,0.0745190680027008,0,04_detection_yolo/reports/proposals/v3i_conf005/crops/000459_p0002.jpg,04_detection_yolo/reports/proposals/v3i_conf005/overlays/000459_p0002.jpg,val,000459:0,0.006088184234929195,False,False
000459_p0003,datasets/dataset_yolo_bbox_v3i_li_archaeological_object_merged/images/val/000459.png,000459,025_ШУМГОРА,025_ШУМГОРА|Li|03_Шумгора_Li_карты_g.tif,1024,1024,120.25721740722656,895.3820190429688,418.02850341796875,1024.0,45.814395904541016,863.2275238037109,492.4713249206543,1024.0,0.05090418830513954,0,04_detection_yolo/reports/proposals/v3i_conf005/crops/000459_p0003.jpg,04_detection_yolo/reports/proposals/v3i_conf005/overlays/000459_p0003.jpg,val,000459:0,0.8312490429268119,True,True
000460_p0001,datasets/dataset_yolo_bbox_v3i_li_archaeological_object_merged/images/val/000460.png,000460,025_ШУМГОРА,025_ШУМГОРА|Li|03_Шумгора_Li_карты_g.tif,1024,1024,338.18133544921875,522.6871948242188,539.2942504882812,700.6935424804688,287.9031066894531,478.18560791015625,589.5724792480469,745.1951293945312,0.31555333733558655,0,04_detection_yolo/reports/proposals/v3i_conf005/crops/000460_p0001.jpg,04_detection_yolo/reports/proposals/v3i_conf005/overlays/000460_p0001.jpg,val,000460:0,0.7535895878552833,True,True
000460_p0002,datasets/dataset_yolo_bbox_v3i_li_archaeological_object_merged/images/val/000460.png,000460,025_ШУМГОРА,025_ШУМГОРА|Li|03_Шумгора_Li_карты_g.tif,1024,1024,873.5853271484375,49.37773513793945,1024.0,247.3076629638672,835.9816589355469,0.0,1024.0,296.7901449203491,0.17982995510101318,0,04_detection_yolo/reports/proposals/v3i_conf005/crops/000460_p0002.jpg,04_detection_yolo/reports/proposals/v3i_conf005/overlays/000460_p0002.jpg,val,000460:0,0.0,False,False
000460_p0003,datasets/dataset_yolo_bbox_v3i_li_archaeological_object_merged/images/val/000460.png,000460,025_ШУМГОРА,025_ШУМГОРА|Li|03_Шумгора_Li_карты_g.tif,1024,1024,305.3285217285156,408.7711486816406,819.7531127929688,703.036376953125,176.72237396240234,335.20484161376953,948.359260559082,776.6026840209961,0.08406507968902588,0,04_detection_yolo/reports/proposals/v3i_conf005/crops/000460_p0003.jpg,04_detection_yolo/reports/proposals/v3i_conf005/overlays/000460_p0003.jpg,val,000460:0,0.17821722282431252,False,False
000460_p0004,datasets/dataset_yolo_bbox_v3i_li_archaeological_object_merged/images/val/000460.png,000460,025_ШУМГОРА,025_ШУМГОРА|Li|03_Шумгора_Li_карты_g.tif,1024,1024,0.0,475.5674743652344,656.66357421875,1012.1680908203125,0.0,341.41732025146484,820.8294677734375,1024.0,0.07589595764875412,0,04_detection_yolo/reports/proposals/v3i_conf005/crops/000460_p0004.jpg,04_detection_yolo/reports/proposals/v3i_conf005/overlays/000460_p0004.jpg,val,000460:0,0.07656252470487306,False,False
000460_p0005,datasets/dataset_yolo_bbox_v3i_li_archaeological_object_merged/images/val/000460.png,000460,025_ШУМГОРА,025_ШУМГОРА|Li|03_Шумгора_Li_карты_g.tif,1024,1024,5.41357421875,884.2315673828125,239.247802734375,1024.0,0.0,849.2894592285156,297.70635986328125,1024.0,0.05292655900120735,0,04_detection_yolo/reports/proposals/v3i_conf005/crops/000460_p0005.jpg,04_detection_yolo/reports/proposals/v3i_conf005/overlays/000460_p0005.jpg,val,000460:0,0.0,False,False
000461_p0001,datasets/dataset_yolo_bbox_v3i_li_archaeological_object_merged/images/val/000461.png,000461,025_ШУМГОРА,025_ШУМГОРА|Li|03_Шумгора_Li_карты_g.tif,1024,1024,797.7461547851562,694.18798828125,907.2531127929688,837.4952392578125,770.3694152832031,658.3611755371094,934.6298522949219,873.3220520019531,0.05027084797620773,0,04_detection_yolo/reports/proposals/v3i_conf005/crops/000461_p0001.jpg,04_detection_yolo/reports/proposals/v3i_conf005/overlays/000461_p0001.jpg,val,000461:0,0.7059486987635003,True,True
000463_p0001,datasets/dataset_yolo_bbox_v3i_li_archaeological_object_merged/images/val/000463.png,000463,025_ШУМГОРА,025_ШУМГОРА|Li|03_Шумгора_Li_карты_g.tif,1024,1024,480.57958984375,374.40484619140625,1023.0613403320312,781.0267944335938,344.9591522216797,272.7493591308594,1024.0,882.6822814941406,0.09815417975187302,0,04_detection_yolo/reports/proposals/v3i_conf005/crops/000463_p0001.jpg,04_detection_yolo/reports/proposals/v3i_conf005/overlays/000463_p0001.jpg,val,000463:0,0.0,False,False
000463_p0002,datasets/dataset_yolo_bbox_v3i_li_archaeological_object_merged/images/val/000463.png,000463,025_ШУМГОРА,025_ШУМГОРА|Li|03_Шумгора_Li_карты_g.tif,1024,1024,0.0,943.533203125,254.2799835205078,1024.0,0.0,923.41650390625,317.84997940063477,1024.0,0.07183322310447693,0,04_detection_yolo/reports/proposals/v3i_conf005/crops/000463_p0002.jpg,04_detection_yolo/reports/proposals/v3i_conf005/overlays/000463_p0002.jpg,val,000463:0,0.0,False,False
000464_p0001,datasets/dataset_yolo_bbox_v3i_li_archaeological_object_merged/images/val/000464.png,000464,025_ШУМГОРА,025_ШУМГОРА|Li|03_Шумгора_Li_карты_g.tif,1024,1024,186.17025756835938,172.2413330078125,326.318359375,297.7843933105469,151.13323211669922,140.8555679321289,361.35538482666016,329.17015838623047,0.5910066962242126,0,04_detection_yolo/reports/proposals/v3i_conf005/crops/000464_p0001.jpg,04_detection_yolo/reports/proposals/v3i_conf005/overlays/000464_p0001.jpg,val,000464:0,0.7669453196096004,True,True
000464_p0002,datasets/dataset_yolo_bbox_v3i_li_archaeological_object_merged/images/val/000464.png,000464,025_ШУМГОРА,025_ШУМГОРА|Li|03_Шумгора_Li_карты_g.tif,1024,1024,836.97802734375,191.15478515625,1023.3284301757812,444.43408203125,790.3904266357422,127.8349609375,1024.0,507.75390625,0.26094818115234375,0,04_detection_yolo/reports/proposals/v3i_conf005/crops/000464_p0002.jpg,04_detection_yolo/reports/proposals/v3i_conf005/overlays/000464_p0002.jpg,val,000464:1,0.7305459065909964,True,True
000464_p0003,datasets/dataset_yolo_bbox_v3i_li_archaeological_object_merged/images/val/000464.png,000464,025_ШУМГОРА,025_ШУМГОРА|Li|03_Шумгора_Li_карты_g.tif,1024,1024,742.90771484375,99.57950592041016,1022.68212890625,438.59130859375,672.964111328125,14.826555252075195,1024.0,523.344259262085,0.08191840350627899,0,04_detection_yolo/reports/proposals/v3i_conf005/crops/000464_p0003.jpg,04_detection_yolo/reports/proposals/v3i_conf005/overlays/000464_p0003.jpg,val,000464:1,0.5729670067917112,True,True
000464_p0004,datasets/dataset_yolo_bbox_v3i_li_archaeological_object_merged/images/val/000464.png,000464,025_ШУМГОРА,025_ШУМГОРА|Li|03_Шумгора_Li_карты_g.tif,1024,1024,198.6417236328125,220.93017578125,311.16558837890625,291.96051025390625,170.51075744628906,203.17259216308594,339.2965545654297,309.7180938720703,0.07572685927152634,0,04_detection_yolo/reports/proposals/v3i_conf005/crops/000464_p0004.jpg,04_detection_yolo/reports/proposals/v3i_conf005/overlays/000464_p0004.jpg,val,000464:0,0.5601992827783918,True,True
000465_p0001,datasets/dataset_yolo_bbox_v3i_li_archaeological_object_merged/images/val/000465.png,000465,025_ШУМГОРА,025_ШУМГОРА|Li|03_Шумгора_Li_карты_g.tif,1024,1024,5.251733303070068,131.447509765625,401.82012939453125,450.889892578125,0.0,51.5869140625,500.96222841739655,530.75048828125,0.5694469809532166,0,04_detection_yolo/reports/proposals/v3i_conf005/crops/000465_p0001.jpg,04_detection_yolo/reports/proposals/v3i_conf005/overlays/000465_p0001.jpg,val,000465:0,0.757053312578037,True,True
000465_p0002,datasets/dataset_yolo_bbox_v3i_li_archaeological_object_merged/images/val/000465.png,000465,025_ШУМГОРА,025_ШУМГОРА|Li|03_Шумгора_Li_карты_g.tif,1024,1024,1.292626976966858,939.0530395507812,222.8637237548828,1024.0,0.0,917.8162994384766,278.2564979493618,1024.0,0.061070673167705536,0,04_detection_yolo/reports/proposals/v3i_conf005/crops/000465_p0002.jpg,04_detection_yolo/reports/proposals/v3i_conf005/overlays/000465_p0002.jpg,val,000465:0,0.0,False,False
000467_p0001,datasets/dataset_yolo_bbox_v3i_li_archaeological_object_merged/images/val/000467.png,000467,025_ШУМГОРА,025_ШУМГОРА|Li|03_Шумгора_Li_карты_g.tif,1024,1024,303.57464599609375,280.33563232421875,1024.0,1024.0,123.46830749511719,94.41954040527344,1024.0,1024.0,0.07399703562259674,0,04_detection_yolo/reports/proposals/v3i_conf005/crops/000467_p0001.jpg,04_detection_yolo/reports/proposals/v3i_conf005/overlays/000467_p0001.jpg,val,,0.0,False,False
000467_p0002,datasets/dataset_yolo_bbox_v3i_li_archaeological_object_merged/images/val/000467.png,000467,025_ШУМГОРА,025_ШУМГОРА|Li|03_Шумгора_Li_карты_g.tif,1024,1024,842.6417236328125,680.9104614257812,1024.0,1024.0,797.3021545410156,595.1380767822266,1024.0,1024.0,0.0512184202671051,0,04_detection_yolo/reports/proposals/v3i_conf005/crops/000467_p0002.jpg,04_detection_yolo/reports/proposals/v3i_conf005/overlays/000467_p0002.jpg,val,,0.0,False,False
000468_p0001,datasets/dataset_yolo_bbox_v3i_li_archaeological_object_merged/images/val/000468.png,000468,025_ШУМГОРА,025_ШУМГОРА|Li|03_Шумгора_Li_карты_g.tif,1024,1024,0.0,346.6602478027344,102.12831115722656,984.1007690429688,0.0,187.30011749267578,127.6603889465332,1024.0,0.06540466099977493,0,04_detection_yolo/reports/proposals/v3i_conf005/crops/000468_p0001.jpg,04_detection_yolo/reports/proposals/v3i_conf005/overlays/000468_p0001.jpg,val,,0.0,False,False
000470_p0001,datasets/dataset_yolo_bbox_v3i_li_archaeological_object_merged/images/val/000470.png,000470,037_КЧР,037_КЧР|Li|03_КЧР_Li_карты_g.tif,1024,1024,625.9861450195312,766.1530151367188,688.7554931640625,821.5188598632812,610.2938079833984,752.3115539550781,704.4478302001953,835.3603210449219,0.42799678444862366,0,04_detection_yolo/reports/proposals/v3i_conf005/crops/000470_p0001.jpg,04_detection_yolo/reports/proposals/v3i_conf005/overlays/000470_p0001.jpg,val,000470:1,0.4761970275242939,True,False
000470_p0002,datasets/dataset_yolo_bbox_v3i_li_archaeological_object_merged/images/val/000470.png,000470,037_КЧР,037_КЧР|Li|03_КЧР_Li_карты_g.tif,1024,1024,823.6575927734375,677.4484252929688,1018.6917724609375,890.5779418945312,774.8990478515625,624.1660461425781,1024.0,943.8603210449219,0.16934984922409058,0,04_detection_yolo/reports/proposals/v3i_conf005/crops/000470_p0002.jpg,04_detection_yolo/reports/proposals/v3i_conf005/overlays/000470_p0002.jpg,val,000470:0,0.16953238237925172,False,False
000470_p0003,datasets/dataset_yolo_bbox_v3i_li_archaeological_object_merged/images/val/000470.png,000470,037_КЧР,037_КЧР|Li|03_КЧР_Li_карты_g.tif,1024,1024,849.0836791992188,734.6552734375,916.21337890625,827.36572265625,832.3012542724609,711.4776611328125,932.9958038330078,850.5433349609375,0.10646561533212662,0,04_detection_yolo/reports/proposals/v3i_conf005/crops/000470_p0003.jpg,04_detection_yolo/reports/proposals/v3i_conf005/overlays/000470_p0003.jpg,val,000470:0,0.5922960594180786,True,True
000471_p0001,datasets/dataset_yolo_bbox_v3i_li_archaeological_object_merged/images/val/000471.png,000471,037_КЧР,037_КЧР|Li|03_КЧР_Li_карты_g.tif,1024,1024,1.0860106945037842,473.18975830078125,105.50947570800781,563.3719482421875,0.0,450.6442108154297,131.61534196138382,585.9174957275391,0.0564788393676281,0,04_detection_yolo/reports/proposals/v3i_conf005/crops/000471_p0001.jpg,04_detection_yolo/reports/proposals/v3i_conf005/overlays/000471_p0001.jpg,val,000471:0,0.0,False,False
000471_p0002,datasets/dataset_yolo_bbox_v3i_li_archaeological_object_merged/images/val/000471.png,000471,037_КЧР,037_КЧР|Li|03_КЧР_Li_карты_g.tif,1024,1024,711.0343017578125,313.3365783691406,905.5009765625,413.10638427734375,662.4176330566406,288.39412689208984,954.1176452636719,438.04883575439453,0.05506041273474693,0,04_detection_yolo/reports/proposals/v3i_conf005/crops/000471_p0002.jpg,04_detection_yolo/reports/proposals/v3i_conf005/overlays/000471_p0002.jpg,val,000471:1,0.6003041286485827,True,True
000471_p0003,datasets/dataset_yolo_bbox_v3i_li_archaeological_object_merged/images/val/000471.png,000471,037_КЧР,037_КЧР|Li|03_КЧР_Li_карты_g.tif,1024,1024,422.87060546875,340.488525390625,708.7100830078125,518.1517333984375,351.4107360839844,296.0727233886719,780.1699523925781,562.5675354003906,0.05453271046280861,0,04_detection_yolo/reports/proposals/v3i_conf005/crops/000471_p0003.jpg,04_detection_yolo/reports/proposals/v3i_conf005/overlays/000471_p0003.jpg,val,000471:0,0.712004302318168,True,True
000472_p0001,datasets/dataset_yolo_bbox_v3i_li_archaeological_object_merged/images/val/000472.png,000472,037_КЧР,037_КЧР|Li|03_КЧР_Li_карты_g.tif,1024,1024,324.56317138671875,174.54574584960938,381.0616149902344,225.19638061523438,310.43856048583984,161.88308715820312,395.1862258911133,237.85903930664062,0.06950255483388901,0,04_detection_yolo/reports/proposals/v3i_conf005/crops/000472_p0001.jpg,04_detection_yolo/reports/proposals/v3i_conf005/overlays/000472_p0001.jpg,val,000472:0,0.49061786193849904,True,False
000473_p0001,datasets/dataset_yolo_bbox_v3i_li_archaeological_object_merged/images/val/000473.png,000473,037_КЧР,037_КЧР|Li|03_КЧР_Li_карты_g.tif,1024,1024,626.9788818359375,0.17703858017921448,687.2883911132812,53.81110763549805,611.9015045166016,0.0,702.3657684326172,67.21962489932775,0.3117440640926361,0,04_detection_yolo/reports/proposals/v3i_conf005/crops/000473_p0001.jpg,04_detection_yolo/reports/proposals/v3i_conf005/overlays/000473_p0001.jpg,val,000473:1,0.5768984685941276,True,True
000473_p0002,datasets/dataset_yolo_bbox_v3i_li_archaeological_object_merged/images/val/000473.png,000473,037_КЧР,037_КЧР|Li|03_КЧР_Li_карты_g.tif,1024,1024,561.00390625,776.2496948242188,1009.2899169921875,1017.72314453125,448.9324035644531,715.8813323974609,1024.0,1024.0,0.06728465855121613,0,04_detection_yolo/reports/proposals/v3i_conf005/crops/000473_p0002.jpg,04_detection_yolo/reports/proposals/v3i_conf005/overlays/000473_p0002.jpg,val,000473:0,0.0,False,False
000473_p0003,datasets/dataset_yolo_bbox_v3i_li_archaeological_object_merged/images/val/000473.png,000473,037_КЧР,037_КЧР|Li|03_КЧР_Li_карты_g.tif,1024,1024,742.2999267578125,196.56396484375,840.5186767578125,285.654541015625,717.7452392578125,174.29132080078125,865.0733642578125,307.92718505859375,0.05416305363178253,0,04_detection_yolo/reports/proposals/v3i_conf005/crops/000473_p0003.jpg,04_detection_yolo/reports/proposals/v3i_conf005/overlays/000473_p0003.jpg,val,000473:0,0.0,False,False
000473_p0004,datasets/dataset_yolo_bbox_v3i_li_archaeological_object_merged/images/val/000473.png,000473,037_КЧР,037_КЧР|Li|03_КЧР_Li_карты_g.tif,1024,1024,416.3584899902344,510.4175720214844,1018.5374755859375,1015.85546875,265.8137435913086,384.05809783935547,1024.0,1024.0,0.050223562866449356,0,04_detection_yolo/reports/proposals/v3i_conf005/crops/000473_p0004.jpg,04_detection_yolo/reports/proposals/v3i_conf005/overlays/000473_p0004.jpg,val,000473:0,0.0,False,False
000474_p0001,datasets/dataset_yolo_bbox_v3i_li_archaeological_object_merged/images/val/000474.png,000474,037_КЧР,037_КЧР|Li|03_КЧР_Li_карты_g.tif,1024,1024,843.1359252929688,518.8992919921875,1024.0,926.3904418945312,797.9199066162109,417.02650451660156,1024.0,1024.0,0.052420198917388916,0,04_detection_yolo/reports/proposals/v3i_conf005/crops/000474_p0001.jpg,04_detection_yolo/reports/proposals/v3i_conf005/overlays/000474_p0001.jpg,val,,0.0,False,False
000475_p0001,datasets/dataset_yolo_bbox_v3i_li_archaeological_object_merged/images/val/000475.png,000475,037_КЧР,037_КЧР|Li|03_КЧР_Li_карты_g.tif,1024,1024,584.4146728515625,459.70196533203125,1011.0553588867188,1001.1921997070312,477.75450134277344,324.32940673828125,1024.0,1024.0,0.16940796375274658,0,04_detection_yolo/reports/proposals/v3i_conf005/crops/000475_p0001.jpg,04_detection_yolo/reports/proposals/v3i_conf005/overlays/000475_p0001.jpg,val,000475:1,0.016881714668083695,False,False
000475_p0002,datasets/dataset_yolo_bbox_v3i_li_archaeological_object_merged/images/val/000475.png,000475,037_КЧР,037_КЧР|Li|03_КЧР_Li_карты_g.tif,1024,1024,5.5882568359375,514.3759765625,399.7320556640625,994.6806640625,0.0,394.2998046875,498.26800537109375,1024.0,0.07005388289690018,0,04_detection_yolo/reports/proposals/v3i_conf005/crops/000475_p0002.jpg,04_detection_yolo/reports/proposals/v3i_conf005/overlays/000475_p0002.jpg,val,000475:0,0.008404250156188854,False,False
000476_p0001,datasets/dataset_yolo_bbox_v3i_li_archaeological_object_merged/images/val/000476.png,000476,037_КЧР,037_КЧР|Li|03_КЧР_Li_карты_g.tif,1024,1024,9.116406440734863,439.841796875,583.5665893554688,994.4085693359375,0.0,301.2001037597656,727.1791350841522,1024.0,0.16399544477462769,0,04_detection_yolo/reports/proposals/v3i_conf005/crops/000476_p0001.jpg,04_detection_yolo/reports/proposals/v3i_conf005/overlays/000476_p0001.jpg,val,000476:0,0.012242306165588116,False,False
000476_p0002,datasets/dataset_yolo_bbox_v3i_li_archaeological_object_merged/images/val/000476.png,000476,037_КЧР,037_КЧР|Li|03_КЧР_Li_карты_g.tif,1024,1024,739.4844970703125,547.1429443359375,1016.1071166992188,779.4652099609375,670.3288421630859,489.0623779296875,1024.0,837.5457763671875,0.15662774443626404,0,04_detection_yolo/reports/proposals/v3i_conf005/crops/000476_p0002.jpg,04_detection_yolo/reports/proposals/v3i_conf005/overlays/000476_p0002.jpg,val,000476:0,0.0,False,False
000476_p0003,datasets/dataset_yolo_bbox_v3i_li_archaeological_object_merged/images/val/000476.png,000476,037_КЧР,037_КЧР|Li|03_КЧР_Li_карты_g.tif,1024,1024,495.61962890625,0.0,1016.9607543945312,525.2347412109375,365.2843475341797,0.0,1024.0,656.5434265136719,0.15108513832092285,0,04_detection_yolo/reports/proposals/v3i_conf005/crops/000476_p0003.jpg,04_detection_yolo/reports/proposals/v3i_conf005/overlays/000476_p0003.jpg,val,000476:0,0.0,False,False
000476_p0004,datasets/dataset_yolo_bbox_v3i_li_archaeological_object_merged/images/val/000476.png,000476,037_КЧР,037_КЧР|Li|03_КЧР_Li_карты_g.tif,1024,1024,596.1456298828125,201.53201293945312,1010.1754150390625,552.2945556640625,492.63818359375,113.84137725830078,1024.0,639.9851913452148,0.08365470170974731,0,04_detection_yolo/reports/proposals/v3i_conf005/crops/000476_p0004.jpg,04_detection_yolo/reports/proposals/v3i_conf005/overlays/000476_p0004.jpg,val,000476:0,0.0,False,False
000476_p0005,datasets/dataset_yolo_bbox_v3i_li_archaeological_object_merged/images/val/000476.png,000476,037_КЧР,037_КЧР|Li|03_КЧР_Li_карты_g.tif,1024,1024,487.76544189453125,555.7820434570312,1017.5458984375,821.6339111328125,355.32032775878906,489.31907653808594,1024.0,888.0968780517578,0.07311762124300003,0,04_detection_yolo/reports/proposals/v3i_conf005/crops/000476_p0005.jpg,04_detection_yolo/reports/proposals/v3i_conf005/overlays/000476_p0005.jpg,val,000476:0,0.0,False,False
