candidate_id,image_path,image_id,region,source_id,original_width,original_height,x1,y1,x2,y2,x1_pad,y1_pad,x2_pad,y2_pad,yolo_conf,yolo_class,crop_path,overlay_path,split,matched_gt_id,max_iou_with_gt,is_tp_iou03,is_tp_iou05,tile_touches_raster_edge,has_edge_object,valid_fraction,tile_std,tile_p2,tile_p98,tile_p98_minus_p2,n_objects,is_positive,bbox_w,bbox_h,bbox_area,bbox_area_norm,aspect_ratio,pad_w,pad_h,pad_area,pad_area_norm,bbox_touches_image_edge,pad_touches_image_edge,tp03,tp05,fp03,iou_bin
000409_p0001,datasets/dataset_yolo_bbox_v3i_li_archaeological_object_merged/images/val/000409.png,000409,004_ДЕМИДОВКА,004_ДЕМИДОВКА|Li|03_Демидовка_Li_карты_g.tif,1024,1024,422.9425659179688,498.9004821777344,599.2303466796875,707.8292236328125,378.8706207275391,446.6682968139648,643.3022918701172,760.061408996582,0.126746118068695,0,04_detection_yolo/reports/proposals/v3i_conf005/crops/000409_p0001.jpg,04_detection_yolo/reports/proposals/v3i_conf005/overlays/000409_p0001.jpg,val,,0.0,False,False,False,False,0.9999477863311768,30.666566848754883,79.0,230.0,151.0,0,False,176.2877807617187,208.92874145507812,36831.58416845462,0.03512533585401022,1.185157249993855,264.43167114257807,313.39311218261724,82871.06437902292,0.07903200567152302,False,False,False,False,True,0
000409_p0002,datasets/dataset_yolo_bbox_v3i_li_archaeological_object_merged/images/val/000409.png,000409,004_ДЕМИДОВКА,004_ДЕМИДОВКА|Li|03_Демидовка_Li_карты_g.tif,1024,1024,250.42135620117188,361.64794921875,1010.2506713867188,1007.7049560546876,60.46402740478516,200.1336975097656,1024.0,1024.0,0.1064569056034088,0,04_detection_yolo/reports/proposals/v3i_conf005/crops/000409_p0002.jpg,04_detection_yolo/reports/proposals/v3i_conf005/overlays/000409_p0002.jpg,val,,0.0,False,False,False,False,0.9999477863311768,30.666566848754883,79.0,230.0,151.0,0,False,759.8293151855469,646.0570068359376,490893.0530749746,0.4681520968198534,1.1761025840533932,963.5359725952148,823.8663024902344,793824.8190583515,0.7570503416617884,False,True,False,False,True,0
000409_p0003,datasets/dataset_yolo_bbox_v3i_li_archaeological_object_merged/images/val/000409.png,000409,004_ДЕМИДОВКА,004_ДЕМИДОВКА|Li|03_Демидовка_Li_карты_g.tif,1024,1024,139.8478546142578,296.4180603027344,891.9342041015625,711.9327392578125,0.0,192.53939056396484,1024.0,815.811408996582,0.0834303945302963,0,04_detection_yolo/reports/proposals/v3i_conf005/crops/000409_p0003.jpg,04_detection_yolo/reports/proposals/v3i_conf005/overlays/000409_p0003.jpg,val,,0.0,False,False,False,False,0.9999477863311768,30.666566848754883,79.0,230.0,151.0,0,False,752.0863494873047,415.5146789550781,312502.9180537141,0.29802600674983415,1.8100115051979038,1024.0,623.2720184326172,638230.546875,0.6086640805006027,False,True,False,False,True,0
000409_p0004,datasets/dataset_yolo_bbox_v3i_li_archaeological_object_merged/images/val/000409.png,000409,004_ДЕМИДОВКА,004_ДЕМИДОВКА|Li|03_Демидовка_Li_карты_g.tif,1024,1024,441.0784301757813,630.6546630859375,1021.3533325195312,1015.3043212890624,296.0097045898437,534.4922485351562,1024.0,1024.0,0.0815695971250534,0,04_detection_yolo/reports/proposals/v3i_conf005/crops/000409_p0004.jpg,04_detection_yolo/reports/proposals/v3i_conf005/overlays/000409_p0004.jpg,val,,0.0,False,False,False,False,0.9999477863311768,30.666566848754883,79.0,230.0,151.0,0,False,580.27490234375,384.6496582031249,223202.54285037512,0.2128625324729682,1.5085803144983423,727.9902954101562,489.50775146484375,356356.89259445295,0.33984841594167037,False,True,False,False,True,0
000409_p0005,datasets/dataset_yolo_bbox_v3i_li_archaeological_object_merged/images/val/000409.png,000409,004_ДЕМИДОВКА,004_ДЕМИДОВКА|Li|03_Демидовка_Li_карты_g.tif,1024,1024,243.8033447265625,455.0300903320313,895.55078125,789.0849609375,80.86648559570312,371.51637268066406,1024.0,872.5986785888672,0.073155328631401,0,04_detection_yolo/reports/proposals/v3i_conf005/crops/000409_p0005.jpg,04_detection_yolo/reports/proposals/v3i_conf005/overlays/000409_p0005.jpg,val,,0.0,False,False,False,False,0.9999477863311768,30.666566848754883,79.0,230.0,151.0,0,False,651.7474365234375,334.0548706054687,217719.40557528284,0.20763340528038296,1.9510191105495829,943.1335144042969,501.0823059082031,472587.5161770126,0.4506945764322401,False,True,False,False,True,0
000409_p0006,datasets/dataset_yolo_bbox_v3i_li_archaeological_object_merged/images/val/000409.png,000409,004_ДЕМИДОВКА,004_ДЕМИДОВКА|Li|03_Демидовка_Li_карты_g.tif,1024,1024,0.0,353.43463134765625,590.912353515625,703.6820068359375,0.0,265.87278747558594,738.6404418945312,791.2438507080078,0.0553675852715969,0,04_detection_yolo/reports/proposals/v3i_conf005/crops/000409_p0006.jpg,04_detection_yolo/reports/proposals/v3i_conf005/overlays/000409_p0006.jpg,val,,0.0,False,False,False,False,0.9999477863311768,30.666566848754883,79.0,230.0,151.0,0,False,590.912353515625,350.24737548828125,206965.5009624511,0.19737768265004263,1.6871285693199891,738.6404418945312,525.3710632324219,388060.3143045958,0.37008315496882993,True,True,False,False,True,0
000409_p0007,datasets/dataset_yolo_bbox_v3i_li_archaeological_object_merged/images/val/000409.png,000409,004_ДЕМИДОВКА,004_ДЕМИДОВКА|Li|03_Демидовка_Li_карты_g.tif,1024,1024,494.2527465820313,168.0919952392578,1021.6990356445312,822.4146728515625,362.3911743164063,4.511325836181641,1024.0,985.9953422546388,0.052355982363224,0,04_detection_yolo/reports/proposals/v3i_conf005/crops/000409_p0007.jpg,04_detection_yolo/reports/proposals/v3i_conf005/overlays/000409_p0007.jpg,val,,0.0,False,False,False,False,0.9999477863311768,30.666566848754883,79.0,230.0,151.0,0,False,527.4462890625,654.3226776123047,345120.06815604866,0.3291321450767981,1.2405484523842587,661.6088256835938,981.4840164184571,649358.4875298325,0.6192765116976094,False,True,False,False,True,0
000409_p0008,datasets/dataset_yolo_bbox_v3i_li_archaeological_object_merged/images/val/000409.png,000409,004_ДЕМИДОВКА,004_ДЕМИДОВКА|Li|03_Демидовка_Li_карты_g.tif,1024,1024,333.1952209472656,506.8638610839844,563.2266845703125,699.7667846679688,275.6873550415039,458.6381301879883,620.7345504760742,747.9925155639648,0.0512527525424957,0,04_detection_yolo/reports/proposals/v3i_conf005/crops/000409_p0008.jpg,04_detection_yolo/reports/proposals/v3i_conf005/overlays/000409_p0008.jpg,val,,0.0,False,False,False,False,0.9999477863311768,30.666566848754883,79.0,230.0,151.0,0,False,230.03146362304688,192.90292358398438,44373.74184918869,0.042318097924412434,1.1924726662989003,345.0471954345703,289.35438537597656,99840.91916067456,0.09521572032992798,False,False,False,False,True,0
000410_p0001,datasets/dataset_yolo_bbox_v3i_li_archaeological_object_merged/images/val/000410.png,000410,004_ДЕМИДОВКА,004_ДЕМИДОВКА|Li|03_Демидовка_Li_карты_g.tif,1024,1024,828.0987548828125,475.8845825195313,1022.37158203125,642.8084716796875,779.5305480957031,434.1536102294922,1024.0,684.5394439697266,0.0828737094998359,0,04_detection_yolo/reports/proposals/v3i_conf005/crops/000410_p0001.jpg,04_detection_yolo/reports/proposals/v3i_conf005/overlays/000410_p0001.jpg,val,000410:0,0.6067335849913773,True,True,False,True,0.9998927116394044,27.517061233520508,110.0,237.0,127.0,1,True,194.2728271484375,166.9238891601562,32428.775865755964,0.030926490655666317,1.1638407667463415,244.46945190429688,250.38583374023438,61211.6875390755,0.0583760142699008,True,True,True,True,False,0.5+
000410_p0002,datasets/dataset_yolo_bbox_v3i_li_archaeological_object_merged/images/val/000410.png,000410,004_ДЕМИДОВКА,004_ДЕМИДОВКА|Li|03_Демидовка_Li_карты_g.tif,1024,1024,3.1080322265625,888.5576171875,171.1046142578125,1024.0,0.0,854.697021484375,213.103759765625,1024.0,0.0805140137672424,0,04_detection_yolo/reports/proposals/v3i_conf005/crops/000410_p0002.jpg,04_detection_yolo/reports/proposals/v3i_conf005/overlays/000410_p0002.jpg,val,000410:0,0.0,False,False,False,True,0.9998927116394044,27.517061233520508,110.0,237.0,127.0,1,True,167.99658203125,135.4423828125,22753.85737466812,0.02169976937739193,1.240354596122371,213.103759765625,169.302978515625,36079.10126119852,0.03440771223182537,True,True,False,False,True,0
000410_p0003,datasets/dataset_yolo_bbox_v3i_li_archaeological_object_merged/images/val/000410.png,000410,004_ДЕМИДОВКА,004_ДЕМИДОВКА|Li|03_Демидовка_Li_карты_g.tif,1024,1024,854.08984375,886.4632568359375,1022.26953125,1024.0,812.044921875,852.0790710449219,1024.0,1024.0,0.0611648969352245,0,04_detection_yolo/reports/proposals/v3i_conf005/crops/000410_p0003.jpg,04_detection_yolo/reports/proposals/v3i_conf005/overlays/000410_p0003.jpg,val,000410:0,0.0,False,False,False,True,0.9998927116394044,27.517061233520508,110.0,237.0,127.0,1,True,168.1796875,137.5367431640625,23130.886485099792,0.02205933235654811,1.222798240171971,211.955078125,171.92092895507812,36439.51392799616,0.03475142853545776,True,True,False,False,True,0
000410_p0004,datasets/dataset_yolo_bbox_v3i_li_archaeological_object_merged/images/val/000410.png,000410,004_ДЕМИДОВКА,004_ДЕМИДОВКА|Li|03_Демидовка_Li_карты_g.tif,1024,1024,8.931933403015137,456.2400512695313,332.1072692871094,959.4845581054688,0.0,330.4289245605469,412.9011032581329,1024.0,0.0550754517316818,0,04_detection_yolo/reports/proposals/v3i_conf005/crops/000410_p0004.jpg,04_detection_yolo/reports/proposals/v3i_conf005/overlays/000410_p0004.jpg,val,000410:0,0.0,False,False,False,True,0.9998927116394044,27.517061233520508,110.0,237.0,127.0,1,True,323.17533588409424,503.24450683593744,162636.21252852943,0.1551019788060469,1.557187232309165,412.9011032581329,693.5710754394531,286376.2622368799,0.27310968612373343,False,True,False,False,True,0
000410_p0005,datasets/dataset_yolo_bbox_v3i_li_archaeological_object_merged/images/val/000410.png,000410,004_ДЕМИДОВКА,004_ДЕМИДОВКА|Li|03_Демидовка_Li_карты_g.tif,1024,1024,219.334228515625,732.9157104492188,735.740966796875,1017.5446166992188,90.2325439453125,661.7584838867188,864.8426513671875,1024.0,0.0502575449645519,0,04_detection_yolo/reports/proposals/v3i_conf005/crops/000410_p0005.jpg,04_detection_yolo/reports/proposals/v3i_conf005/overlays/000410_p0005.jpg,val,000410:0,0.0,False,False,False,True,0.9998927116394044,27.517061233520508,110.0,237.0,127.0,1,True,516.40673828125,284.62890625,146984.2850971222,0.14017513761245937,1.814315858093735,774.610107421875,362.24151611328125,280595.93970917165,0.2675971409885136,False,True,False,False,True,0
000411_p0001,datasets/dataset_yolo_bbox_v3i_li_archaeological_object_merged/images/val/000411.png,000411,004_ДЕМИДОВКА,004_ДЕМИДОВКА|Li|03_Демидовка_Li_карты_g.tif,1024,1024,311.5303649902344,895.6067504882812,636.9744873046875,1024.0,230.1693344116211,863.5084381103516,718.3355178833008,1024.0,0.0811702683568,0,04_detection_yolo/reports/proposals/v3i_conf005/crops/000411_p0001.jpg,04_detection_yolo/reports/proposals/v3i_conf005/overlays/000411_p0001.jpg,val,000411:0,0.0,False,False,False,False,0.987013816833496,28.367450714111328,99.0,235.0,136.0,1,True,325.4441223144531,128.39324951171875,41784.828398441896,0.03984911765903654,2.5347448059155875,488.1661834716797,160.49156188964844,78346.55324707855,0.0747170956106935,True,True,False,False,True,0
000411_p0002,datasets/dataset_yolo_bbox_v3i_li_archaeological_object_merged/images/val/000411.png,000411,004_ДЕМИДОВКА,004_ДЕМИДОВКА|Li|03_Демидовка_Li_карты_g.tif,1024,1024,112.26171875,845.1790771484375,841.7384643554688,1024.0,0.0,800.4738464355469,1024.0,1024.0,0.0762892365455627,0,04_detection_yolo/reports/proposals/v3i_conf005/crops/000411_p0002.jpg,04_detection_yolo/reports/proposals/v3i_conf005/overlays/000411_p0002.jpg,val,000411:0,0.0,False,False,False,False,0.987013816833496,28.367450714111328,99.0,235.0,136.0,1,True,729.4767456054688,178.8209228515625,130445.70484792441,0.12440271839897576,4.07937021000054,1024.0,223.52615356445312,228890.78125,0.21828725934028625,True,True,False,False,True,0
000411_p0003,datasets/dataset_yolo_bbox_v3i_li_archaeological_object_merged/images/val/000411.png,000411,004_ДЕМИДОВКА,004_ДЕМИДОВКА|Li|03_Демидовка_Li_карты_g.tif,1024,1024,34.98583984375,468.9288940429688,632.5490112304688,702.6705322265625,0.0,410.4934844970703,781.9398040771484,761.1059417724609,0.0725044980645179,0,04_detection_yolo/reports/proposals/v3i_conf005/crops/000411_p0003.jpg,04_detection_yolo/reports/proposals/v3i_conf005/overlays/000411_p0003.jpg,val,000411:0,0.6046221497043427,True,True,False,False,0.987013816833496,28.367450714111328,99.0,235.0,136.0,1,True,597.5631713867188,233.7416381835937,139675.3945981152,0.13320483646213074,2.556511437287692,781.9398040771484,350.6124572753906,274157.8361489265,0.2614572869767442,False,True,True,True,False,0.5+
000412_p0001,datasets/dataset_yolo_bbox_v3i_li_archaeological_object_merged/images/val/000412.png,000412,004_ДЕМИДОВКА,004_ДЕМИДОВКА|Li|03_Демидовка_Li_карты_g.tif,1024,1024,424.8252868652344,447.5524291992188,1024.0,1010.1806640625,275.03160858154297,306.89537048339844,1024.0,1024.0,0.0714464634656906,0,04_detection_yolo/reports/proposals/v3i_conf005/crops/000412_p0001.jpg,04_detection_yolo/reports/proposals/v3i_conf005/overlays/000412_p0001.jpg,val,,0.0,False,False,False,False,0.9999525547027588,32.80499267578125,84.0,235.0,151.0,0,False,599.1747131347656,562.6282348632812,337112.6112257261,0.32149563906262024,1.0649567085455018,748.968391418457,717.1046295166016,537088.7008477777,0.5122076996305253,True,True,False,False,True,0
000412_p0002,datasets/dataset_yolo_bbox_v3i_li_archaeological_object_merged/images/val/000412.png,000412,004_ДЕМИДОВКА,004_ДЕМИДОВКА|Li|03_Демидовка_Li_карты_g.tif,1024,1024,443.4017639160156,0.0,1024.0,428.0491638183594,298.2522048950196,0.0,1024.0,535.0614547729492,0.0618471652269363,0,04_detection_yolo/reports/proposals/v3i_conf005/crops/000412_p0002.jpg,04_detection_yolo/reports/proposals/v3i_conf005/overlays/000412_p0002.jpg,val,,0.0,False,False,False,False,0.9999525547027588,32.80499267578125,84.0,235.0,151.0,0,False,580.5982360839844,428.0491638183594,248524.58947016392,0.2370115179731025,1.3563821288770428,725.7477951049805,535.0614547729492,388319.6710471311,0.37033049683297264,True,True,False,False,True,0
000412_p0003,datasets/dataset_yolo_bbox_v3i_li_archaeological_object_merged/images/val/000412.png,000412,004_ДЕМИДОВКА,004_ДЕМИДОВКА|Li|03_Демидовка_Li_карты_g.tif,1024,1024,318.28765869140625,1.933886766433716,970.5435791015624,241.6245574951172,155.2236785888672,0.0,1024.0,301.54722517728806,0.0544365905225276,0,04_detection_yolo/reports/proposals/v3i_conf005/crops/000412_p0003.jpg,04_detection_yolo/reports/proposals/v3i_conf005/overlays/000412_p0003.jpg,val,,0.0,False,False,False,False,0.9999525547027588,32.80499267578125,84.0,235.0,151.0,0,False,652.2559204101561,239.69067072868347,156339.65904986512,0.14909711747156632,2.7212403320798146,868.7763214111328,301.54722517728806,261977.08902125884,0.24984082128644833,True,True,False,False,True,0
000414_p0001,datasets/dataset_yolo_bbox_v3i_li_archaeological_object_merged/images/val/000414.png,000414,004_ДЕМИДОВКА,004_ДЕМИДОВКА|Li|03_Демидовка_Li_карты_g.tif,1024,1024,729.0823974609375,566.2545166015625,1024.0,976.2822265625,655.3529968261719,463.7475891113281,1024.0,1024.0,0.1353078484535217,0,04_detection_yolo/reports/proposals/v3i_conf005/crops/000414_p0001.jpg,04_detection_yolo/reports/proposals/v3i_conf005/overlays/000414_p0001.jpg,val,,0.0,False,False,False,False,0.999952793121338,28.73457908630371,99.0,230.0,131.0,0,False,294.9176025390625,410.0277099609375,120924.38919626176,0.11532248420358826,1.3903127735708092,368.6470031738281,560.2524108886719,206535.37229502108,0.19696747998716457,True,True,False,False,True,0
000414_p0002,datasets/dataset_yolo_bbox_v3i_li_archaeological_object_merged/images/val/000414.png,000414,004_ДЕМИДОВКА,004_ДЕМИДОВКА|Li|03_Демидовка_Li_карты_g.tif,1024,1024,776.1798706054688,680.9816284179688,963.6497802734376,918.4127807617188,729.3123931884766,621.6238403320312,1010.5172576904296,977.7705688476562,0.0847882255911827,0,04_detection_yolo/reports/proposals/v3i_conf005/crops/000414_p0002.jpg,04_detection_yolo/reports/proposals/v3i_conf005/overlays/000414_p0002.jpg,val,,0.0,False,False,False,False,0.999952793121338,28.73457908630371,99.0,230.0,131.0,0,False,187.46990966796886,237.43115234375,44511.19668224457,0.04244918506836373,1.2665027297675042,281.204864501953,356.146728515625,100150.19253505017,0.09551066640381829,False,False,False,False,True,0
000414_p0003,datasets/dataset_yolo_bbox_v3i_li_archaeological_object_merged/images/val/000414.png,000414,004_ДЕМИДОВКА,004_ДЕМИДОВКА|Li|03_Демидовка_Li_карты_g.tif,1024,1024,739.7483520507812,267.89794921875,1021.9315185546876,510.1253051757813,669.2025604248047,207.3411102294922,1024.0,570.6821441650391,0.0820716693997383,0,04_detection_yolo/reports/proposals/v3i_conf005/crops/000414_p0003.jpg,04_detection_yolo/reports/proposals/v3i_conf005/overlays/000414_p0003.jpg,val,,0.0,False,False,False,False,0.999952793121338,28.73457908630371,99.0,230.0,131.0,0,False,282.18316650390636,242.2273559570313,68352.48231782396,0.06518600684912106,1.1649516851183515,354.7974395751953,363.3410339355469,128912.46853293618,0.12294051030439013,False,True,False,False,True,0
000414_p0004,datasets/dataset_yolo_bbox_v3i_li_archaeological_object_merged/images/val/000414.png,000414,004_ДЕМИДОВКА,004_ДЕМИДОВКА|Li|03_Демидовка_Li_карты_g.tif,1024,1024,3.061047315597534,202.23611450195312,136.39039611816406,309.3124084472656,0.0,175.467041015625,169.7227333188057,336.0814819335937,0.0707259699702262,0,04_detection_yolo/reports/proposals/v3i_conf005/crops/000414_p0004.jpg,04_detection_yolo/reports/proposals/v3i_conf005/overlays/000414_p0004.jpg,val,,0.0,False,False,False,False,0.999952793121338,28.73457908630371,99.0,230.0,131.0,0,False,133.32934880256653,107.0762939453125,14276.412543920713,0.013615047973557198,1.2451808321892646,169.7227333188057,160.6144409179687,27259.921923069473,0.025997087405271027,False,True,False,False,True,0
000414_p0005,datasets/dataset_yolo_bbox_v3i_li_archaeological_object_merged/images/val/000414.png,000414,004_ДЕМИДОВКА,004_ДЕМИДОВКА|Li|03_Демидовка_Li_карты_g.tif,1024,1024,685.9549560546875,745.326171875,941.9371948242188,908.7747802734376,621.9593963623047,704.4640197753906,1005.9327545166016,949.6369323730468,0.0660773143172264,0,04_detection_yolo/reports/proposals/v3i_conf005/crops/000414_p0005.jpg,04_detection_yolo/reports/proposals/v3i_conf005/overlays/000414_p0005.jpg,val,,0.0,False,False,False,False,0.999952793121338,28.73457908630371,99.0,230.0,131.0,0,False,255.98223876953125,163.4486083984376,41839.94070159647,0.03990167684707305,1.5661328736768747,383.9733581542969,245.17291259765614,94139.86657859194,0.08977877290591425,False,False,False,False,True,0
000415_p0001,datasets/dataset_yolo_bbox_v3i_li_archaeological_object_merged/images/val/000415.png,000415,004_ДЕМИДОВКА,004_ДЕМИДОВКА|Li|03_Демидовка_Li_карты_g.tif,1024,1024,2.395068407058716,188.1741943359375,476.4878540039063,654.3341674804688,0.0,71.63420104980469,595.0110504031181,770.8741607666016,0.0819234102964401,0,04_detection_yolo/reports/proposals/v3i_conf005/crops/000415_p0001.jpg,04_detection_yolo/reports/proposals/v3i_conf005/overlays/000415_p0001.jpg,val,000415:0,0.2593699272154952,False,False,False,False,0.5292649269104004,32.340232849121094,87.0,222.0,135.0,1,True,474.0927855968476,466.15997314453125,221003.08020184247,0.21076496143516776,1.0170173607974204,595.0110504031181,699.2399597167969,416055.50291492534,0.39678144732945,False,True,False,False,True,0.1-0.3
000416_p0001,datasets/dataset_yolo_bbox_v3i_li_archaeological_object_merged/images/val/000416.png,000416,004_ДЕМИДОВКА,004_ДЕМИДОВКА|Li|03_Демидовка_Li_карты_g.tif,1024,1024,4.523571968078613,0.0,187.2911071777344,172.03866577148438,0.0,0.0,232.98299098014832,215.04833221435547,0.1374053210020065,0,04_detection_yolo/reports/proposals/v3i_conf005/crops/000416_p0001.jpg,04_detection_yolo/reports/proposals/v3i_conf005/overlays/000416_p0001.jpg,val,,0.0,False,False,True,False,0.7561681270599365,18.904516220092773,138.0,212.0,74.0,0,False,182.7675352096558,172.03866577148438,31443.082903811974,0.02998646059399793,1.0623631286028594,232.98299098014832,215.04833221435547,50102.60364459312,0.04778156628093063,True,True,False,False,True,0
000417_p0001,datasets/dataset_yolo_bbox_v3i_li_archaeological_object_merged/images/val/000417.png,000417,005_ЛУБНО,005_ЛУБНО|Li|03_Лубно_Li_карты_g.tif,1024,1024,0.1708984375,568.4328002929688,550.3250732421875,815.8732299804688,0.0,506.57269287109375,687.8636169433594,877.7333374023438,0.1703205853700637,0,04_detection_yolo/reports/proposals/v3i_conf005/crops/000417_p0001.jpg,04_detection_yolo/reports/proposals/v3i_conf005/overlays/000417_p0001.jpg,val,,0.0,False,False,True,False,0.9552559852600098,28.47484397888184,110.0,224.0,114.0,0,False,550.1541748046875,247.4404296875,136130.38540804386,0.12982405224613558,2.2233802919736836,687.8636169433594,371.16064453125,255307.90341429412,0.24348059026173985,True,True,False,False,True,0
000417_p0002,datasets/dataset_yolo_bbox_v3i_li_archaeological_object_merged/images/val/000417.png,000417,005_ЛУБНО,005_ЛУБНО|Li|03_Лубно_Li_карты_g.tif,1024,1024,3.21240234375,567.2626953125,348.8041381835937,919.4226684570312,0.0,479.2227020263672,435.2020721435547,1007.462661743164,0.107012465596199,0,04_detection_yolo/reports/proposals/v3i_conf005/crops/000417_p0002.jpg,04_detection_yolo/reports/proposals/v3i_conf005/overlays/000417_p0002.jpg,val,,0.0,False,False,True,False,0.9552559852600098,28.47484397888184,110.0,224.0,114.0,0,False,345.5917358398437,352.15997314453125,121703.5764123313,0.11606557503922586,1.0190057707506393,435.2020721435547,528.2399597167968,229891.1250577778,0.21924126153733997,False,True,False,False,True,0
000417_p0003,datasets/dataset_yolo_bbox_v3i_li_archaeological_object_merged/images/val/000417.png,000417,005_ЛУБНО,005_ЛУБНО|Li|03_Лубно_Li_карты_g.tif,1024,1024,203.8355407714844,677.2398681640625,368.1492309570313,834.140625,162.75711822509766,638.0146789550781,409.227653503418,873.3658142089844,0.0842686221003532,0,04_detection_yolo/reports/proposals/v3i_conf005/crops/000417_p0003.jpg,04_detection_yolo/reports/proposals/v3i_conf005/overlays/000417_p0003.jpg,val,,0.0,False,False,True,False,0.9552559852600098,28.47484397888184,110.0,224.0,114.0,0,False,164.3136901855469,156.9007568359375,25780.942348618064,0.024586622570627274,1.0472460012245874,246.47053527832037,235.35113525390625,58007.12028439065,0.05531990078391137,False,False,False,False,True,0
000417_p0004,datasets/dataset_yolo_bbox_v3i_li_archaeological_object_merged/images/val/000417.png,000417,005_ЛУБНО,005_ЛУБНО|Li|03_Лубно_Li_карты_g.tif,1024,1024,5.696929931640625,633.2589111328125,207.41128540039065,779.7930297851562,0.0,596.6253814697266,257.8398742675781,816.4265594482422,0.0733238831162452,0,04_detection_yolo/reports/proposals/v3i_conf005/crops/000417_p0004.jpg,04_detection_yolo/reports/proposals/v3i_conf005/overlays/000417_p0004.jpg,val,,0.0,False,False,True,False,0.9552559852600098,28.47484397888184,110.0,224.0,114.0,0,False,201.71435546875003,146.53411865234375,29558.03529813886,0.028188739107264386,1.3765692067068893,257.8398742675781,219.80117797851562,56673.50809384603,0.05404806908974269,False,True,False,False,True,0
000418_p0001,datasets/dataset_yolo_bbox_v3i_li_archaeological_object_merged/images/val/000418.png,000418,005_ЛУБНО,005_ЛУБНО|Li|03_Лубно_Li_карты_g.tif,1024,1024,1.214208960533142,387.8231506347656,165.8599090576172,468.9345703125,0.0,367.545295715332,207.0213340818882,489.2124252319336,0.1398628652095794,0,04_detection_yolo/reports/proposals/v3i_conf005/crops/000418_p0001.jpg,04_detection_yolo/reports/proposals/v3i_conf005/overlays/000418_p0001.jpg,val,,0.0,False,False,False,False,0.9998798370361328,18.61430549621582,148.0,230.0,82.0,0,False,164.64570009708405,81.11141967773438,13354.646478708975,0.012735983351429916,2.029870772219764,207.0213340818882,121.66712951660162,25187.691466440745,0.024020854441109414,True,True,False,False,True,0
000418_p0002,datasets/dataset_yolo_bbox_v3i_li_archaeological_object_merged/images/val/000418.png,000418,005_ЛУБНО,005_ЛУБНО|Li|03_Лубно_Li_карты_g.tif,1024,1024,3.584521532058716,27.02008056640625,143.42208862304688,142.5477294921875,0.0,0.0,178.38148039579391,171.4296417236328,0.1122057884931564,0,04_detection_yolo/reports/proposals/v3i_conf005/crops/000418_p0002.jpg,04_detection_yolo/reports/proposals/v3i_conf005/overlays/000418_p0002.jpg,val,,0.0,False,False,False,False,0.9998798370361328,18.61430549621582,148.0,230.0,82.0,0,False,139.83756709098816,115.52764892578125,16155.105357523062,0.015406709058306753,1.2104251094110328,178.38148039579391,171.4296417236328,30579.873274382182,0.02916323974073618,False,True,False,False,True,0
000418_p0003,datasets/dataset_yolo_bbox_v3i_li_archaeological_object_merged/images/val/000418.png,000418,005_ЛУБНО,005_ЛУБНО|Li|03_Лубно_Li_карты_g.tif,1024,1024,449.890625,0.0,1024.0,158.78952026367188,306.36328125,0.0,1024.0,198.48690032958984,0.0713443383574485,0,04_detection_yolo/reports/proposals/v3i_conf005/crops/000418_p0003.jpg,04_detection_yolo/reports/proposals/v3i_conf005/overlays/000418_p0003.jpg,val,,0.0,False,False,False,False,0.9998798370361328,18.61430549621582,148.0,230.0,82.0,0,False,574.109375,158.78952026367188,91162.5522351265,0.08693938468468332,3.6155369324542614,717.63671875,198.48690032958984,142441.48786738515,0.13584278856981769,True,True,False,False,True,0
000418_p0004,datasets/dataset_yolo_bbox_v3i_li_archaeological_object_merged/images/val/000418.png,000418,005_ЛУБНО,005_ЛУБНО|Li|03_Лубно_Li_карты_g.tif,1024,1024,713.6046142578125,6.151562690734863,1024.0,369.5699768066406,636.0057678222656,0.0,1024.0,460.42458033561707,0.0549286417663097,0,04_detection_yolo/reports/proposals/v3i_conf005/crops/000418_p0004.jpg,04_detection_yolo/reports/proposals/v3i_conf005/overlays/000418_p0004.jpg,val,,0.0,False,False,False,False,0.9998798370361328,18.61430549621582,148.0,230.0,82.0,0,False,310.3953857421875,363.41841411590576,112803.39883532061,0.10757770427257596,1.1708241514187936,387.9942321777344,460.42458033561707,178642.0815230733,0.17036636497790653,True,True,False,False,True,0
000419_p0001,datasets/dataset_yolo_bbox_v3i_li_archaeological_object_merged/images/val/000419.png,000419,005_ЛУБНО,005_ЛУБНО|Li|03_Лубно_Li_карты_g.tif,1024,1024,0.0,249.12728881835935,109.46768951416016,363.3468322753906,0.0,220.5724029541016,136.8346118927002,391.9017181396485,0.0526149831712245,0,04_detection_yolo/reports/proposals/v3i_conf005/crops/000419_p0001.jpg,04_detection_yolo/reports/proposals/v3i_conf005/overlays/000419_p0001.jpg,val,000419:0,0.0,False,False,False,True,0.9998595714569092,23.24857711791992,125.0,230.0,105.0,2,True,109.46768951416016,114.21954345703128,12503.349519603424,0.01192412330589621,1.043408735161588,136.8346118927002,171.3293151855469,23443.780349256416,0.02235773119855539,True,True,False,False,True,0
000420_p0001,datasets/dataset_yolo_bbox_v3i_li_archaeological_object_merged/images/val/000420.png,000420,005_ЛУБНО,005_ЛУБНО|Li|03_Лубно_Li_карты_g.tif,1024,1024,98.29410552978516,0.0,198.6044006347656,94.1799087524414,73.21653175354004,0.0,223.68197441101077,117.72488594055176,0.1127937585115432,0,04_detection_yolo/reports/proposals/v3i_conf005/crops/000420_p0001.jpg,04_detection_yolo/reports/proposals/v3i_conf005/overlays/000420_p0001.jpg,val,000420:0,0.0,False,False,False,True,0.9998762607574464,23.3367977142334,125.0,240.0,115.0,6,True,100.31029510498044,94.1799087524414,9447.214439917529,0.009009565772931603,1.065092294457974,150.46544265747073,117.72488594055176,17713.527074845373,0.016892935824246762,True,True,False,False,True,0
000420_p0002,datasets/dataset_yolo_bbox_v3i_li_archaeological_object_merged/images/val/000420.png,000420,005_ЛУБНО,005_ЛУБНО|Li|03_Лубно_Li_карты_g.tif,1024,1024,921.5377197265624,483.5359497070313,1021.9554443359376,718.1943359375,896.4332885742188,424.87135314941406,1024.0,776.8589324951172,0.100207470357418,0,04_detection_yolo/reports/proposals/v3i_conf005/crops/000420_p0002.jpg,04_detection_yolo/reports/proposals/v3i_conf005/overlays/000420_p0002.jpg,val,000420:2,0.8493340133726859,True,True,False,True,0.9998762607574464,23.3367977142334,125.0,240.0,115.0,6,True,100.41772460937523,234.6583862304687,23563.861205771613,0.022472249227305997,2.3368223801454318,127.56671142578125,351.9875793457031,44901.89795985259,0.04282178684220561,False,True,True,True,False,0.5+
000420_p0003,datasets/dataset_yolo_bbox_v3i_li_archaeological_object_merged/images/val/000420.png,000420,005_ЛУБНО,005_ЛУБНО|Li|03_Лубно_Li_карты_g.tif,1024,1024,500.73388671875,622.8287963867188,1020.3173828125,1014.8056640625,370.8380126953125,524.8345794677734,1024.0,1024.0,0.0998658016324043,0,04_detection_yolo/reports/proposals/v3i_conf005/crops/000420_p0003.jpg,04_detection_yolo/reports/proposals/v3i_conf005/overlays/000420_p0003.jpg,val,000420:3,0.1085109937981227,False,False,False,True,0.9998762607574464,23.3367977142334,125.0,240.0,115.0,6,True,519.58349609375,391.97686767578125,203664.71129485965,0.19422980432020154,1.3255463241354257,653.1619873046875,499.16542053222656,326035.87806860916,0.3109320431409923,False,True,False,False,True,0.1-0.3
000420_p0004,datasets/dataset_yolo_bbox_v3i_li_archaeological_object_merged/images/val/000420.png,000420,005_ЛУБНО,005_ЛУБНО|Li|03_Лубно_Li_карты_g.tif,1024,1024,218.7873992919922,170.80117797851562,857.9851684570312,604.53125,58.98795700073242,62.36865997314453,1017.784610748291,712.9637680053711,0.0978782027959823,0,04_detection_yolo/reports/proposals/v3i_conf005/crops/000420_p0004.jpg,04_detection_yolo/reports/proposals/v3i_conf005/overlays/000420_p0004.jpg,val,000420:4,0.5369802437718675,True,True,False,True,0.9998762607574464,23.3367977142334,125.0,240.0,115.0,6,True,639.1977691650391,433.7300720214844,277239.29445592454,0.2643959946212049,1.4737225071481257,958.7966537475586,650.5951080322266,623788.4125258302,0.594890987897711,False,False,True,True,False,0.5+
000420_p0005,datasets/dataset_yolo_bbox_v3i_li_archaeological_object_merged/images/val/000420.png,000420,005_ЛУБНО,005_ЛУБНО|Li|03_Лубно_Li_карты_g.tif,1024,1024,98.5210189819336,96.0464324951172,830.0225830078125,464.3678588867188,0.0,3.966075897216797,1012.8979740142822,556.4482154846191,0.0967653095722198,0,04_detection_yolo/reports/proposals/v3i_conf005/crops/000420_p0005.jpg,04_detection_yolo/reports/proposals/v3i_conf005/overlays/000420_p0005.jpg,val,000420:0,0.5741572009087713,True,True,False,True,0.9998762607574464,23.3367977142334,125.0,240.0,115.0,6,True,731.5015640258789,368.3214263916016,269427.69946969923,0.256946277112674,1.9860412987436193,1012.8979740142822,552.4821395874023,559608.0398671557,0.5336838148757512,False,True,True,True,False,0.5+
000420_p0006,datasets/dataset_yolo_bbox_v3i_li_archaeological_object_merged/images/val/000420.png,000420,005_ЛУБНО,005_ЛУБНО|Li|03_Лубно_Li_карты_g.tif,1024,1024,931.7351684570312,476.5181579589844,1017.6787109375,551.6139526367188,910.249282836914,457.7442092895508,1024.0,570.3879013061523,0.0865273550152778,0,04_detection_yolo/reports/proposals/v3i_conf005/crops/000420_p0006.jpg,04_detection_yolo/reports/proposals/v3i_conf005/overlays/000420_p0006.jpg,val,000420:2,0.2414297945498958,False,False,False,True,0.9998762607574464,23.3367977142334,125.0,240.0,115.0,6,True,85.94354248046875,75.09579467773438,6453.998619990423,0.006155012722006248,1.1444521340946765,113.75071716308605,112.64369201660156,12813.300750786218,0.012219715834413737,False,True,False,False,True,0.1-0.3
000420_p0007,datasets/dataset_yolo_bbox_v3i_li_archaeological_object_merged/images/val/000420.png,000420,005_ЛУБНО,005_ЛУБНО|Li|03_Лубно_Li_карты_g.tif,1024,1024,912.2164306640624,882.3131713867188,1023.6867065429688,1024.0,884.3488616943359,846.8914642333984,1024.0,1024.0,0.0824083909392356,0,04_detection_yolo/reports/proposals/v3i_conf005/crops/000420_p0007.jpg,04_detection_yolo/reports/proposals/v3i_conf005/overlays/000420_p0007.jpg,val,000420:1,0.8366124719299407,True,True,False,True,0.9998762607574464,23.3367977142334,125.0,240.0,115.0,6,True,111.47027587890636,141.68682861328125,15793.869873929785,0.015062208055429254,1.2710727366208376,139.65113830566406,177.10853576660156,24733.408623455325,0.023587616561370206,True,True,True,True,False,0.5+
000420_p0008,datasets/dataset_yolo_bbox_v3i_li_archaeological_object_merged/images/val/000420.png,000420,005_ЛУБНО,005_ЛУБНО|Li|03_Лубно_Li_карты_g.tif,1024,1024,1.4784667491912842,0.0,617.9273681640625,433.06060791015625,0.0,0.0,772.0395935177803,541.3257598876953,0.0810949429869651,0,04_detection_yolo/reports/proposals/v3i_conf005/crops/000420_p0008.jpg,04_detection_yolo/reports/proposals/v3i_conf005/overlays/000420_p0008.jpg,val,000420:0,0.3954376510229199,True,False,False,True,0.9998762607574464,23.3367977142334,125.0,240.0,115.0,6,True,616.4489014148712,433.06060791015625,266959.7359922721,0.25459264373042306,1.4234702721859225,772.0395935177803,541.3257598876953,417924.91962439986,0.3985642620319365,True,True,True,False,False,0.3-0.5
000420_p0009,datasets/dataset_yolo_bbox_v3i_li_archaeological_object_merged/images/val/000420.png,000420,005_ЛУБНО,005_ЛУБНО|Li|03_Лубно_Li_карты_g.tif,1024,1024,426.3303833007813,192.70852661132807,1024.0,651.4764404296875,276.91297912597656,78.01654815673828,1024.0,766.1684188842773,0.0750814825296402,0,04_detection_yolo/reports/proposals/v3i_conf005/crops/000420_p0009.jpg,04_detection_yolo/reports/proposals/v3i_conf005/overlays/000420_p0009.jpg,val,000420:4,0.2718807882439553,False,False,False,True,0.9998762607574464,23.3367977142334,125.0,240.0,115.0,6,True,597.6696166992188,458.76791381835943,274191.6432057191,0.2614895278985206,1.3027711805840345,747.0870208740234,688.1518707275391,514109.33101072325,0.490292864809726,True,True,False,False,True,0.1-0.3
000420_p0010,datasets/dataset_yolo_bbox_v3i_li_archaeological_object_merged/images/val/000420.png,000420,005_ЛУБНО,005_ЛУБНО|Li|03_Лубно_Li_карты_g.tif,1024,1024,701.083984375,740.3572387695312,792.248046875,807.8834228515625,678.29296875,723.4756927490234,815.0390625,824.7649688720703,0.0611154846847057,0,04_detection_yolo/reports/proposals/v3i_conf005/crops/000420_p0010.jpg,04_detection_yolo/reports/proposals/v3i_conf005/overlays/000420_p0010.jpg,val,000420:3,0.2057214907529826,False,False,False,True,0.9998762607574464,23.3367977142334,125.0,240.0,115.0,6,True,91.1640625,67.52618408203125,6155.961266040802,0.005870782152214815,1.3500550007276184,136.74609375,101.28927612304688,13850.912848591805,0.013209259842483334,False,False,False,False,True,0.1-0.3
000421_p0001,datasets/dataset_yolo_bbox_v3i_li_archaeological_object_merged/images/val/000421.png,000421,005_ЛУБНО,005_ЛУБНО|Li|03_Лубно_Li_карты_g.tif,1024,1024,190.64540100097656,477.7649536132813,275.15936279296875,550.02001953125,169.51691055297852,459.70118713378906,296.2878532409668,568.0837860107422,0.275677353143692,0,04_detection_yolo/reports/proposals/v3i_conf005/crops/000421_p0001.jpg,04_detection_yolo/reports/proposals/v3i_conf005/overlays/000421_p0001.jpg,val,000421:2,0.1641384795909698,False,False,True,True,0.856236457824707,25.28293800354004,105.0,227.0,122.0,4,True,84.51396179199219,72.2550659179687,6106.561880269083,0.005823671226758083,1.169661403228682,126.77094268798828,108.38259887695312,13739.764230605448,0.013103260260205696,False,False,False,False,True,0.1-0.3
000421_p0002,datasets/dataset_yolo_bbox_v3i_li_archaeological_object_merged/images/val/000421.png,000421,005_ЛУБНО,005_ЛУБНО|Li|03_Лубно_Li_карты_g.tif,1024,1024,0.0,815.7123413085938,70.67071533203125,886.5838012695312,0.0,797.9944763183594,88.33839416503906,904.3016662597656,0.2352084368467331,0,04_detection_yolo/reports/proposals/v3i_conf005/crops/000421_p0002.jpg,04_detection_yolo/reports/proposals/v3i_conf005/overlays/000421_p0002.jpg,val,000421:3,0.5319986266462446,True,True,True,True,0.856236457824707,25.28293800354004,105.0,227.0,122.0,4,True,70.67071533203125,70.8714599609375,5008.536772064865,0.004776512882294526,1.0028405631379715,88.33839416503906,106.30718994140625,9391.006447621621,0.008955961654302236,True,True,True,True,False,0.5+
000421_p0003,datasets/dataset_yolo_bbox_v3i_li_archaeological_object_merged/images/val/000421.png,000421,005_ЛУБНО,005_ЛУБНО|Li|03_Лубно_Li_карты_g.tif,1024,1024,397.13275146484375,638.82177734375,500.7135620117188,738.4754638671875,371.237548828125,613.9083557128906,526.6087646484375,763.3888854980469,0.2083997428417205,0,04_detection_yolo/reports/proposals/v3i_conf005/crops/000421_p0003.jpg,04_detection_yolo/reports/proposals/v3i_conf005/overlays/000421_p0003.jpg,val,000421:1,0.2833797774333251,False,False,True,True,0.856236457824707,25.28293800354004,105.0,227.0,122.0,4,True,103.58081054687506,99.6536865234375,10322.209624081856,0.009844026207048278,1.039407714460357,155.3712158203125,149.48052978515625,23224.971654184163,0.022149058965858615,False,False,False,False,True,0.1-0.3
000421_p0004,datasets/dataset_yolo_bbox_v3i_li_archaeological_object_merged/images/val/000421.png,000421,005_ЛУБНО,005_ЛУБНО|Li|03_Лубно_Li_карты_g.tif,1024,1024,189.8335418701172,838.615234375,410.458984375,1024.0,134.67718124389648,792.26904296875,465.6153450012207,1024.0,0.2023391723632812,0,04_detection_yolo/reports/proposals/v3i_conf005/crops/000421_p0004.jpg,04_detection_yolo/reports/proposals/v3i_conf005/overlays/000421_p0004.jpg,val,000421:0,0.7752682234316495,True,True,True,True,0.856236457824707,25.28293800354004,105.0,227.0,122.0,4,True,220.6254425048828,185.384765625,40900.59594967961,0.03900584788291894,1.1900947834687148,330.9381637573242,231.73095703125,76688.61740564927,0.07313596478047302,True,True,True,True,False,0.5+
000421_p0005,datasets/dataset_yolo_bbox_v3i_li_archaeological_object_merged/images/val/000421.png,000421,005_ЛУБНО,005_ЛУБНО|Li|03_Лубно_Li_карты_g.tif,1024,1024,184.4849548339844,489.3043823242188,361.25494384765625,700.7196044921875,140.2924575805664,436.45057678222656,405.4474411010742,753.5734100341797,0.1609644144773483,0,04_detection_yolo/reports/proposals/v3i_conf005/crops/000421_p0005.jpg,04_detection_yolo/reports/proposals/v3i_conf005/overlays/000421_p0005.jpg,val,000421:2,0.757880699030625,True,True,True,True,0.856236457824707,25.28293800354004,105.0,227.0,122.0,4,True,176.76998901367185,211.4152221679687,37371.86649995482,0.03564058923717005,1.1959904695791845,265.1549835205078,317.1228332519531,84086.69962489838,0.08019132578363264,False,False,True,True,False,0.5+
000421_p0006,datasets/dataset_yolo_bbox_v3i_li_archaeological_object_merged/images/val/000421.png,000421,005_ЛУБНО,005_ЛУБНО|Li|03_Лубно_Li_карты_g.tif,1024,1024,223.8173370361328,823.0738525390625,572.8333740234375,1024.0,136.56332778930664,772.8423156738281,660.0873832702637,1024.0,0.1314616054296493,0,04_detection_yolo/reports/proposals/v3i_conf005/crops/000421_p0006.jpg,04_detection_yolo/reports/proposals/v3i_conf005/overlays/000421_p0006.jpg,val,000421:0,0.3618847823347133,True,False,True,True,0.856236457824707,25.28293800354004,105.0,227.0,122.0,4,True,349.0160369873047,200.9261474609375,70126.4477139432,0.06687779208559341,1.7370364255610766,523.524055480957,251.15768432617188,131487.0894636435,0.12539586016048765,True,True,True,False,False,0.3-0.5
000421_p0007,datasets/dataset_yolo_bbox_v3i_li_archaeological_object_merged/images/val/000421.png,000421,005_ЛУБНО,005_ЛУБНО|Li|03_Лубно_Li_карты_g.tif,1024,1024,0.0,819.7366943359375,423.0432739257813,1024.0,0.0,768.6708679199219,528.8040924072266,1024.0,0.1112133562564849,0,04_detection_yolo/reports/proposals/v3i_conf005/crops/000421_p0007.jpg,04_detection_yolo/reports/proposals/v3i_conf005/overlays/000421_p0007.jpg,val,000421:0,0.4410199585106719,True,False,True,True,0.856236457824707,25.28293800354004,105.0,227.0,122.0,4,True,423.0432739257813,204.2633056640625,86412.21757102759,0.08240911252119788,2.071068381814651,528.8040924072266,255.32913208007812,135019.0899547306,0.12876423831437167,True,True,True,False,False,0.3-0.5
000421_p0008,datasets/dataset_yolo_bbox_v3i_li_archaeological_object_merged/images/val/000421.png,000421,005_ЛУБНО,005_ЛУБНО|Li|03_Лубно_Li_карты_g.tif,1024,1024,56.64472579956055,796.7705078125,693.8170166015625,1021.4249877929688,0.0,740.6068878173828,853.110089302063,1024.0,0.1041494905948638,0,04_detection_yolo/reports/proposals/v3i_conf005/crops/000421_p0008.jpg,04_detection_yolo/reports/proposals/v3i_conf005/overlays/000421_p0008.jpg,val,000421:0,0.2621075203672574,False,False,True,True,0.856236457824707,25.28293800354004,105.0,227.0,122.0,4,True,637.172290802002,224.65447998046875,143143.60964808776,0.1365123840790632,2.8362322926184116,853.110089302063,283.3931121826172,241765.52324170212,0.2305655701081296,False,True,False,False,True,0.1-0.3
000421_p0009,datasets/dataset_yolo_bbox_v3i_li_archaeological_object_merged/images/val/000421.png,000421,005_ЛУБНО,005_ЛУБНО|Li|03_Лубно_Li_карты_g.tif,1024,1024,392.2716674804688,599.001953125,582.7686767578125,779.2301635742188,344.6474151611328,553.9449005126953,630.3929290771484,824.2872161865234,0.0916161686182022,0,04_detection_yolo/reports/proposals/v3i_conf005/crops/000421_p0009.jpg,04_detection_yolo/reports/proposals/v3i_conf005/overlays/000421_p0009.jpg,val,000421:1,0.7707552824132317,True,True,True,True,0.856236457824707,25.28293800354004,105.0,227.0,122.0,4,True,190.4970092773437,180.22821044921875,34332.93507798388,0.03274243839071644,1.0569766453460863,285.7455139160156,270.3423156738281,77249.10392546374,0.073670486379112,False,False,True,True,False,0.5+
000421_p0010,datasets/dataset_yolo_bbox_v3i_li_archaeological_object_merged/images/val/000421.png,000421,005_ЛУБНО,005_ЛУБНО|Li|03_Лубно_Li_карты_g.tif,1024,1024,340.4691467285156,428.3445434570313,864.3594970703125,783.4168701171875,209.4965591430664,339.5764617919922,995.3320846557616,872.1849517822266,0.0881087854504585,0,04_detection_yolo/reports/proposals/v3i_conf005/crops/000421_p0010.jpg,04_detection_yolo/reports/proposals/v3i_conf005/overlays/000421_p0010.jpg,val,000421:1,0.1658097653565332,False,False,True,True,0.856236457824707,25.28293800354004,105.0,227.0,122.0,4,True,523.8903503417969,355.0723266601562,186018.96561066617,0.1774015098673498,1.4754468625295554,785.8355255126952,532.6084899902344,418542.6726239989,0.39915339720153703,False,False,False,False,True,0.1-0.3
000421_p0011,datasets/dataset_yolo_bbox_v3i_li_archaeological_object_merged/images/val/000421.png,000421,005_ЛУБНО,005_ЛУБНО|Li|03_Лубно_Li_карты_g.tif,1024,1024,664.0735473632812,457.6185607910156,872.0791015625,737.2488403320312,612.0721588134766,387.7109909057617,924.0804901123048,807.1564102172852,0.0514581687748432,0,04_detection_yolo/reports/proposals/v3i_conf005/crops/000421_p0011.jpg,04_detection_yolo/reports/proposals/v3i_conf005/overlays/000421_p0011.jpg,val,000421:0,0.0,False,False,True,True,0.856236457824707,25.28293800354004,105.0,227.0,122.0,4,True,208.00555419921875,279.6302795410156,58164.651266811416,0.0554701340358843,1.3443404461844215,312.00833129882824,419.44541931152344,130870.46535032573,0.12480780158073972,False,False,False,False,True,0
000422_p0001,datasets/dataset_yolo_bbox_v3i_li_archaeological_object_merged/images/val/000422.png,000422,005_ЛУБНО,005_ЛУБНО|Li|03_Лубно_Li_карты_g.tif,1024,1024,832.7760009765625,84.10609436035156,1024.0,386.97467041015625,784.9700012207031,8.38895034790039,1024.0,462.6918144226074,0.1335953623056411,0,04_detection_yolo/reports/proposals/v3i_conf005/crops/000422_p0001.jpg,04_detection_yolo/reports/proposals/v3i_conf005/overlays/000422_p0001.jpg,val,000422:0,0.5547720248535691,True,True,False,True,0.9999933242797852,17.654237747192383,135.0,219.0,84.0,4,True,191.2239990234375,302.8685760498047,57915.74029077776,0.05523275403096939,1.5838418692032656,239.02999877929688,454.30286407470703,108592.0130452083,0.1035614138080676,True,True,True,True,False,0.5+
000422_p0002,datasets/dataset_yolo_bbox_v3i_li_archaeological_object_merged/images/val/000422.png,000422,005_ЛУБНО,005_ЛУБНО|Li|03_Лубно_Li_карты_g.tif,1024,1024,555.8269653320312,393.1282348632813,1017.0711669921876,773.1022338867188,440.5159149169922,298.1347351074219,1024.0,868.0957336425781,0.096123032271862,0,04_detection_yolo/reports/proposals/v3i_conf005/crops/000422_p0002.jpg,04_detection_yolo/reports/proposals/v3i_conf005/overlays/000422_p0002.jpg,val,000422:2,0.1779520653452052,False,False,False,True,0.9999933242797852,17.654237747192383,135.0,219.0,84.0,4,True,461.24420166015636,379.97399902343744,175260.80383118245,0.1671417272865128,1.2138835889971147,583.4840850830078,569.9609985351562,332563.1717632832,0.3171569554932434,False,True,False,False,True,0.1-0.3
000422_p0003,datasets/dataset_yolo_bbox_v3i_li_archaeological_object_merged/images/val/000422.png,000422,005_ЛУБНО,005_ЛУБНО|Li|03_Лубно_Li_карты_g.tif,1024,1024,703.05908203125,0.0,783.9635620117188,39.428802490234375,682.8329620361328,0.0,804.1896820068359,49.28600311279297,0.0890679284930229,0,04_detection_yolo/reports/proposals/v3i_conf005/crops/000422_p0003.jpg,04_detection_yolo/reports/proposals/v3i_conf005/overlays/000422_p0003.jpg,val,000422:1,0.1595963413771489,False,False,False,True,0.9999933242797852,17.654237747192383,135.0,219.0,84.0,4,True,80.90447998046875,39.428802490234375,3189.9667617250234,0.0030421893708467707,2.0519131921520306,121.35671997070312,49.28600311279297,5981.187678234419,0.005704105070337695,True,True,False,False,True,0.1-0.3
000422_p0004,datasets/dataset_yolo_bbox_v3i_li_archaeological_object_merged/images/val/000422.png,000422,005_ЛУБНО,005_ЛУБНО|Li|03_Лубно_Li_карты_g.tif,1024,1024,0.301806628704071,535.1222534179688,138.88894653320312,719.1046752929688,0.0,489.1266479492188,173.5357315093279,765.1002807617188,0.0754877552390098,0,04_detection_yolo/reports/proposals/v3i_conf005/crops/000422_p0004.jpg,04_detection_yolo/reports/proposals/v3i_conf005/overlays/000422_p0004.jpg,val,000422:0,0.0,False,False,False,True,0.9999933242797852,17.654237747192383,135.0,219.0,84.0,4,True,138.58713990449905,183.982421875,25497.597640359192,0.024316403999671166,1.3275576796070907,173.5357315093279,275.97363281249994,47891.286247403834,0.04567268967380889,True,True,False,False,True,0
000422_p0005,datasets/dataset_yolo_bbox_v3i_li_archaeological_object_merged/images/val/000422.png,000422,005_ЛУБНО,005_ЛУБНО|Li|03_Лубно_Li_карты_g.tif,1024,1024,557.6619262695312,419.4568481445313,738.4150390625,613.1873168945312,512.4736480712891,371.0242309570313,783.6033172607422,661.6199340820312,0.0675233453512191,0,04_detection_yolo/reports/proposals/v3i_conf005/crops/000422_p0005.jpg,04_detection_yolo/reports/proposals/v3i_conf005/overlays/000422_p0005.jpg,val,000422:2,0.8906439408847124,True,True,False,True,0.9999933242797852,17.654237747192383,135.0,219.0,84.0,4,True,180.75311279296875,193.73046874999994,35017.38526940345,0.033395180959132624,1.0717960302675131,271.1296691894531,290.59570312499994,78789.11685615777,0.0751391571580484,False,False,True,True,False,0.5+
000422_p0006,datasets/dataset_yolo_bbox_v3i_li_archaeological_object_merged/images/val/000422.png,000422,005_ЛУБНО,005_ЛУБНО|Li|03_Лубно_Li_карты_g.tif,1024,1024,607.7327880859375,3.576306104660034,683.5968627929688,94.39414978027344,588.7667694091797,0.0,702.5628814697266,117.0986106991768,0.055130872875452,0,04_detection_yolo/reports/proposals/v3i_conf005/crops/000422_p0006.jpg,04_detection_yolo/reports/proposals/v3i_conf005/overlays/000422_p0006.jpg,val,000422:1,0.1499751200975882,False,False,False,True,0.9999933242797852,17.654237747192383,135.0,219.0,84.0,4,True,75.86407470703125,90.8178436756134,6889.811677338221,0.006570636441553326,1.1971126521522868,113.79611206054688,117.0986106991768,13325.366625257877,0.012708059907205464,False,True,False,False,True,0.1-0.3
000423_p0001,datasets/dataset_yolo_bbox_v3i_li_archaeological_object_merged/images/val/000423.png,000423,005_ЛУБНО,005_ЛУБНО|Li|03_Лубно_Li_карты_g.tif,1024,1024,139.61813354492188,83.44111633300781,412.66937255859375,374.0323791503906,71.3553237915039,10.79330062866211,480.9321823120117,446.6801948547363,0.4953921437263489,0,04_detection_yolo/reports/proposals/v3i_conf005/crops/000423_p0001.jpg,04_detection_yolo/reports/proposals/v3i_conf005/overlays/000423_p0001.jpg,val,000423:0,0.8002642274648094,True,True,True,True,0.8144993782043457,22.90815162658692,105.0,227.0,122.0,5,True,273.0512390136719,290.5912628173828,79346.30435883394,0.07567053256877321,1.0642371148619205,409.5768585205078,435.8868942260742,178529.18480737635,0.17025869827973972,False,False,True,True,False,0.5+
000423_p0002,datasets/dataset_yolo_bbox_v3i_li_archaeological_object_merged/images/val/000423.png,000423,005_ЛУБНО,005_ЛУБНО|Li|03_Лубно_Li_карты_g.tif,1024,1024,183.50637817382807,54.9366455078125,642.1971435546875,377.7283935546875,68.83368682861328,0.0,756.8698348999023,458.4263305664063,0.2402235716581344,0,04_detection_yolo/reports/proposals/v3i_conf005/crops/000423_p0002.jpg,04_detection_yolo/reports/proposals/v3i_conf005/overlays/000423_p0002.jpg,val,000423:0,0.3833125703186755,True,False,True,True,0.8144993782043457,22.90815162658692,105.0,227.0,122.0,5,True,458.69076538085943,322.791748046875,148061.59397024664,0.1412025394155947,1.4210114358755215,688.0361480712891,458.4263305664063,315413.88665736566,0.3008021227430016,False,True,True,False,False,0.3-0.5
000423_p0003,datasets/dataset_yolo_bbox_v3i_li_archaeological_object_merged/images/val/000423.png,000423,005_ЛУБНО,005_ЛУБНО|Li|03_Лубно_Li_карты_g.tif,1024,1024,0.0,47.20795822143555,70.91796875,118.70894622802734,0.0,29.3327112197876,88.6474609375,136.5841932296753,0.2259465008974075,0,04_detection_yolo/reports/proposals/v3i_conf005/crops/000423_p0003.jpg,04_detection_yolo/reports/proposals/v3i_conf005/overlays/000423_p0003.jpg,val,000423:2,0.5885412453042764,True,True,True,True,0.8144993782043457,22.90815162658692,105.0,227.0,122.0,5,True,70.91796875,71.5009880065918,5070.704833045602,0.004835800965352632,1.0082210371626275,88.6474609375,107.2514820098877,9507.571561960503,0.009067126810036186,True,True,True,True,False,0.5+
000423_p0004,datasets/dataset_yolo_bbox_v3i_li_archaeological_object_merged/images/val/000423.png,000423,005_ЛУБНО,005_ЛУБНО|Li|03_Лубно_Li_карты_g.tif,1024,1024,595.1044921875,417.7984313964844,814.7122802734375,595.3585205078125,540.2025451660156,373.40840911865234,869.6142272949219,639.7485427856445,0.1527980864048004,0,04_detection_yolo/reports/proposals/v3i_conf005/crops/000423_p0004.jpg,04_detection_yolo/reports/proposals/v3i_conf005/overlays/000423_p0004.jpg,val,000423:4,0.38498684797418,True,False,True,True,0.8144993782043457,22.90815162658692,105.0,227.0,122.0,5,True,219.6077880859375,177.56008911132812,38993.578422080725,0.037187174245911336,1.2368082781725005,329.41168212890625,266.3401336669922,87735.55144968163,0.0836711420533005,False,False,True,False,False,0.3-0.5
000423_p0005,datasets/dataset_yolo_bbox_v3i_li_archaeological_object_merged/images/val/000423.png,000423,005_ЛУБНО,005_ЛУБНО|Li|03_Лубно_Li_карты_g.tif,1024,1024,271.14434814453125,498.0196228027344,426.8133239746094,694.7891845703125,232.2271041870117,448.82723236083984,465.7305679321289,743.981575012207,0.058885209262371,0,04_detection_yolo/reports/proposals/v3i_conf005/crops/000423_p0005.jpg,04_detection_yolo/reports/proposals/v3i_conf005/overlays/000423_p0005.jpg,val,000423:3,0.6115846986145769,True,True,True,True,0.8144993782043457,22.90815162658692,105.0,227.0,122.0,5,True,155.66897583007812,196.76956176757812,30630.916154892184,0.029211918024913963,1.264025543422112,233.50346374511722,295.1543426513672,68919.56134850743,0.06572681555605643,False,False,True,True,False,0.5+
000423_p0006,datasets/dataset_yolo_bbox_v3i_li_archaeological_object_merged/images/val/000423.png,000423,005_ЛУБНО,005_ЛУБНО|Li|03_Лубно_Li_карты_g.tif,1024,1024,421.6117248535156,410.2808532714844,827.4788818359375,614.8492431640625,320.14493560791016,359.13875579833984,928.945671081543,665.991340637207,0.0532019287347793,0,04_detection_yolo/reports/proposals/v3i_conf005/crops/000423_p0006.jpg,04_detection_yolo/reports/proposals/v3i_conf005/overlays/000423_p0006.jpg,val,000423:4,0.1808075448262723,False,False,True,True,0.8144993782043457,22.90815162658692,105.0,227.0,122.0,5,True,405.8671569824219,204.56838989257812,83027.59081417229,0.0791812809125636,1.9840169695599046,608.8007354736328,306.8525848388672,186812.07933188765,0.1781578820532681,False,False,False,False,True,0.1-0.3
000424_p0001,datasets/dataset_yolo_bbox_v3i_li_archaeological_object_merged/images/val/000424.png,000424,005_ЛУБНО,005_ЛУБНО|Li|03_Лубно_Li_карты_g.tif,1024,1024,900.9010620117188,2.2929930686950684,1020.2413330078124,107.5810546875,871.0659942626953,0.0,1024.0,133.90307009220123,0.2446066290140152,0,04_detection_yolo/reports/proposals/v3i_conf005/crops/000424_p0001.jpg,04_detection_yolo/reports/proposals/v3i_conf005/overlays/000424_p0001.jpg,val,000424:0,0.7950636545843421,True,True,True,True,0.9485433101654052,15.75978183746338,148.0,217.0,69.0,3,True,119.34027099609364,105.28806161880493,12565.105806241585,0.011983018690339646,1.1334644133554732,152.9340057373047,133.90307009220123,20478.332889723417,0.019529660119746606,False,True,True,True,False,0.5+
000424_p0002,datasets/dataset_yolo_bbox_v3i_li_archaeological_object_merged/images/val/000424.png,000424,005_ЛУБНО,005_ЛУБНО|Li|03_Лубно_Li_карты_g.tif,1024,1024,546.7232666015625,149.72903442382812,725.3341064453125,336.9727783203125,502.070556640625,102.91809844970705,769.98681640625,383.7837142944336,0.1208404153585434,0,04_detection_yolo/reports/proposals/v3i_conf005/crops/000424_p0002.jpg,04_detection_yolo/reports/proposals/v3i_conf005/overlays/000424_p0002.jpg,val,000424:1,0.9046158893198528,True,True,True,True,0.9485433101654052,15.75978183746338,148.0,217.0,69.0,3,True,178.61083984375,187.24374389648438,33443.76235283911,0.03189445719989692,1.048333595319783,267.916259765625,280.86561584472656,75248.465293888,0.07176252869976807,False,False,True,True,False,0.5+
000424_p0003,datasets/dataset_yolo_bbox_v3i_li_archaeological_object_merged/images/val/000424.png,000424,005_ЛУБНО,005_ЛУБНО|Li|03_Лубно_Li_карты_g.tif,1024,1024,547.96240234375,14.943262100219728,1020.6197509765624,482.2470703125,429.7980651855469,0.0,1024.0,599.0730223655701,0.1115022152662277,0,04_detection_yolo/reports/proposals/v3i_conf005/crops/000424_p0003.jpg,04_detection_yolo/reports/proposals/v3i_conf005/overlays/000424_p0003.jpg,val,000424:1,0.141202406169324,False,False,True,True,0.9485433101654052,15.75978183746338,148.0,217.0,69.0,3,True,472.6573486328124,467.3038082122803,220874.57899563265,0.21064241313517823,1.0114562310994482,594.2019348144531,599.0730223655701,355970.3489847639,0.33947977922893896,False,True,False,False,True,0.1-0.3
000424_p0004,datasets/dataset_yolo_bbox_v3i_li_archaeological_object_merged/images/val/000424.png,000424,005_ЛУБНО,005_ЛУБНО|Li|03_Лубно_Li_карты_g.tif,1024,1024,0.1167480498552322,255.4323272705078,128.28311157226562,439.3778381347656,0.0,209.44594955444336,160.32470245286822,485.3642158508301,0.0595240704715251,0,04_detection_yolo/reports/proposals/v3i_conf005/crops/000424_p0004.jpg,04_detection_yolo/reports/proposals/v3i_conf005/overlays/000424_p0004.jpg,val,000424:0,0.0,False,False,True,True,0.9485433101654052,15.75978183746338,148.0,217.0,69.0,3,True,128.1663635224104,183.9455108642578,23575.627213743956,0.02248347016691585,1.435208941011221,160.32470245286822,275.9182662963867,44236.51394527946,0.042187227196959935,True,True,False,False,True,0
000425_p0001,datasets/dataset_yolo_bbox_v3i_li_archaeological_object_merged/images/val/000425.png,000425,005_ЛУБНО,005_ЛУБНО|Li|03_Лубно_Li_карты_g.tif,1024,1024,596.68701171875,144.7099151611328,807.9205932617188,317.135498046875,543.8786163330078,101.60351943969728,860.7289886474609,360.24189376831055,0.2092014849185943,0,04_detection_yolo/reports/proposals/v3i_conf005/crops/000425_p0001.jpg,04_detection_yolo/reports/proposals/v3i_conf005/overlays/000425_p0001.jpg,val,000425:2,0.4121680463869541,True,False,True,True,0.7854206562042236,17.63380241394043,135.0,217.0,82.0,3,True,211.23358154296875,172.4255828857422,36422.07342258934,0.034734795973386134,1.2250710016908726,316.8503723144531,258.6383743286133,81949.66520082601,0.0781532909401188,False,False,True,False,False,0.3-0.5
000425_p0002,datasets/dataset_yolo_bbox_v3i_li_archaeological_object_merged/images/val/000425.png,000425,005_ЛУБНО,005_ЛУБНО|Li|03_Лубно_Li_карты_g.tif,1024,1024,174.421630859375,3.05145263671875,397.7093200683594,103.2327651977539,118.5997085571289,0.0,453.5312423706055,128.2780933380127,0.102835789322853,0,04_detection_yolo/reports/proposals/v3i_conf005/crops/000425_p0002.jpg,04_detection_yolo/reports/proposals/v3i_conf005/overlays/000425_p0002.jpg,val,000425:0,0.7880741084290557,True,True,True,True,0.7854206562042236,17.63380241394043,135.0,217.0,82.0,3,True,223.28768920898438,100.18131256103516,22369.25378367654,0.021332982810665646,2.228835732941181,334.9315338134766,128.2780933380127,42964.37855636891,0.040974024349564465,False,True,True,True,False,0.5+
000425_p0003,datasets/dataset_yolo_bbox_v3i_li_archaeological_object_merged/images/val/000425.png,000425,005_ЛУБНО,005_ЛУБНО|Li|03_Лубно_Li_карты_g.tif,1024,1024,249.238037109375,201.54103088378903,429.392333984375,417.8488159179688,204.199462890625,147.46408462524414,474.430908203125,471.9257621765137,0.0883824527263641,0,04_detection_yolo/reports/proposals/v3i_conf005/crops/000425_p0003.jpg,04_detection_yolo/reports/proposals/v3i_conf005/overlays/000425_p0003.jpg,val,000425:1,0.595215910099245,True,True,True,True,0.7854206562042236,17.63380241394043,135.0,217.0,82.0,3,True,180.154296875,216.30778503417977,38968.776921421304,0.03716352169172411,1.2006806875345575,270.2314453125,324.46167755126953,87679.7480731979,0.08361792380637922,False,False,True,True,False,0.5+
000425_p0004,datasets/dataset_yolo_bbox_v3i_li_archaeological_object_merged/images/val/000425.png,000425,005_ЛУБНО,005_ЛУБНО|Li|03_Лубно_Li_карты_g.tif,1024,1024,268.0751037597656,316.3930053710937,424.95947265625,420.7564086914063,228.85401153564453,290.3021545410156,464.1805648803711,446.8472595214844,0.0827256888151168,0,04_detection_yolo/reports/proposals/v3i_conf005/crops/000425_p0004.jpg,04_detection_yolo/reports/proposals/v3i_conf005/overlays/000425_p0004.jpg,val,000425:1,0.5257458322405034,True,True,True,True,0.7854206562042236,17.63380241394043,135.0,217.0,82.0,3,True,156.88436889648438,104.36340332031261,16372.986665796507,0.01561449686603213,1.5032507939107178,235.32655334472656,156.54510498046875,36839.2199980421,0.03513261794857225,False,False,True,True,False,0.5+
000425_p0005,datasets/dataset_yolo_bbox_v3i_li_archaeological_object_merged/images/val/000425.png,000425,005_ЛУБНО,005_ЛУБНО|Li|03_Лубно_Li_карты_g.tif,1024,1024,425.1127014160156,70.14823913574219,825.7073974609375,359.61737060546875,324.9640274047852,0.0,925.856071472168,431.9846534729004,0.0708510056138038,0,04_detection_yolo/reports/proposals/v3i_conf005/crops/000425_p0005.jpg,04_detection_yolo/reports/proposals/v3i_conf005/overlays/000425_p0005.jpg,val,000425:2,0.1294587866799627,False,False,True,True,0.7854206562042236,17.63380241394043,135.0,217.0,82.0,3,True,400.5946960449219,289.46913146972656,115959.79873550264,0.11058788178968681,1.383894351743053,600.8920440673828,431.9846534729004,259576.14143107116,0.24755109923464885,False,True,False,False,True,0.1-0.3
000425_p0006,datasets/dataset_yolo_bbox_v3i_li_archaeological_object_merged/images/val/000425.png,000425,005_ЛУБНО,005_ЛУБНО|Li|03_Лубно_Li_карты_g.tif,1024,1024,0.0,170.34884643554688,434.2933044433594,436.6024475097656,0.0,103.7854461669922,542.8666305541992,503.1658477783203,0.0575383678078651,0,04_detection_yolo/reports/proposals/v3i_conf005/crops/000425_p0006.jpg,04_detection_yolo/reports/proposals/v3i_conf005/overlays/000425_p0006.jpg,val,000425:1,0.2340707826822933,False,False,True,True,0.7854206562042236,17.63380241394043,135.0,217.0,82.0,3,True,434.2933044433594,266.25360107421875,115632.15623046644,0.11027541754767078,1.6311265000404602,542.8666305541992,399.3804016113281,216810.29293212458,0.20676640790188272,True,True,False,False,True,0.1-0.3
000426_p0001,datasets/dataset_yolo_bbox_v3i_li_archaeological_object_merged/images/val/000426.png,000426,006_МОСКОВИТЫ,006_МОСКОВИТЫ|Li|03_Московиты_Li_карты_g.tif,1024,1024,718.9215087890625,640.3521728515625,1024.0,1010.4892578125,642.6518859863281,547.8179016113281,1024.0,1024.0,0.173869326710701,0,04_detection_yolo/reports/proposals/v3i_conf005/crops/000426_p0001.jpg,04_detection_yolo/reports/proposals/v3i_conf005/overlays/000426_p0001.jpg,val,000426:0,0.9422347457628896,True,True,False,True,0.9748356938362122,23.284990310668945,112.0,219.0,107.0,4,True,305.0784912109375,370.1370849609375,112920.8634210974,0.10768972723111858,1.2132519847327328,381.3481140136719,476.1820983886719,181591.14514759276,0.17317881121405865,True,True,True,True,False,0.5+
000426_p0002,datasets/dataset_yolo_bbox_v3i_li_archaeological_object_merged/images/val/000426.png,000426,006_МОСКОВИТЫ,006_МОСКОВИТЫ|Li|03_Московиты_Li_карты_g.tif,1024,1024,749.6339111328125,778.8375854492188,835.7379150390625,851.78173828125,728.10791015625,760.6015472412109,857.263916015625,870.0177764892578,0.1515163481235504,0,04_detection_yolo/reports/proposals/v3i_conf005/crops/000426_p0002.jpg,04_detection_yolo/reports/proposals/v3i_conf005/overlays/000426_p0002.jpg,val,000426:3,0.5837801952381343,True,True,False,True,0.9748356938362122,23.284990310668945,112.0,219.0,107.0,4,True,86.10400390625,72.94415283203125,6280.783620387316,0.005989822025668445,1.1804099514942887,129.156005859375,109.41622924804688,14131.76314587146,0.013477099557754002,False,False,True,True,False,0.5+
000426_p0003,datasets/dataset_yolo_bbox_v3i_li_archaeological_object_merged/images/val/000426.png,000426,006_МОСКОВИТЫ,006_МОСКОВИТЫ|Li|03_Московиты_Li_карты_g.tif,1024,1024,732.6124877929688,612.7462768554688,939.8722534179688,862.732421875,680.7975463867188,550.2497406005859,991.6871948242188,925.2289581298828,0.0826805457472801,0,04_detection_yolo/reports/proposals/v3i_conf005/crops/000426_p0003.jpg,04_detection_yolo/reports/proposals/v3i_conf005/overlays/000426_p0003.jpg,val,000426:0,0.3860892198250588,True,False,False,True,0.9748356938362122,23.284990310668945,112.0,219.0,107.0,4,True,207.259765625,249.98614501953125,51812.06982624531,0.049411840273137386,1.206148932310563,310.8896484375,374.9792175292969,116577.15710905194,0.11117664061455912,False,False,True,False,False,0.3-0.5
000427_p0001,datasets/dataset_yolo_bbox_v3i_li_archaeological_object_merged/images/val/000427.png,000427,006_МОСКОВИТЫ,006_МОСКОВИТЫ|Li|03_Московиты_Li_карты_g.tif,1024,1024,466.9005737304688,714.5446166992188,721.9853515625,1024.0,403.12937927246094,637.1807708740234,785.7565460205078,1024.0,0.2168284058570861,0,04_detection_yolo/reports/proposals/v3i_conf005/crops/000427_p0001.jpg,04_detection_yolo/reports/proposals/v3i_conf005/overlays/000427_p0001.jpg,val,000427:0,0.2421214580747566,False,False,False,True,0.9995685815811156,32.35740280151367,79.0,237.0,158.0,5,True,255.0847778320312,309.45538330078125,78937.35769820584,0.0752805306417521,1.2131471972998409,382.6271667480469,386.81922912597656,148007.54568413598,0.1411509949532852,True,True,False,False,True,0.1-0.3
000427_p0002,datasets/dataset_yolo_bbox_v3i_li_archaeological_object_merged/images/val/000427.png,000427,006_МОСКОВИТЫ,006_МОСКОВИТЫ|Li|03_Московиты_Li_карты_g.tif,1024,1024,560.6188354492188,849.8583984375,636.7659301757812,917.4513549804688,541.5820617675781,832.9601593017578,655.8027038574219,934.3495941162108,0.0886740237474441,0,04_detection_yolo/reports/proposals/v3i_conf005/crops/000427_p0002.jpg,04_detection_yolo/reports/proposals/v3i_conf005/overlays/000427_p0002.jpg,val,000427:4,0.0926382823026752,False,False,False,True,0.9995685815811156,32.35740280151367,79.0,237.0,158.0,5,True,76.1470947265625,67.59295654296875,5147.007264725864,0.004908568634725441,1.1265536917024173,114.22064208984375,101.38943481445301,11580.766345633181,0.01104427942813223,False,False,False,False,True,0-0.1
000427_p0003,datasets/dataset_yolo_bbox_v3i_li_archaeological_object_merged/images/val/000427.png,000427,006_МОСКОВИТЫ,006_МОСКОВИТЫ|Li|03_Московиты_Li_карты_g.tif,1024,1024,0.0,781.822265625,71.087158203125,851.8645629882812,0.0,764.3116912841797,88.85894775390625,869.3751373291016,0.0642992183566093,0,04_detection_yolo/reports/proposals/v3i_conf005/crops/000427_p0003.jpg,04_detection_yolo/reports/proposals/v3i_conf005/overlays/000427_p0003.jpg,val,000427:3,0.7117531316369261,True,True,False,True,0.9995685815811156,32.35740280151367,79.0,237.0,158.0,5,True,71.087158203125,70.04229736328125,4979.107873573899,0.0047484472976435654,1.0149175695140962,88.85894775390625,105.06344604492188,9335.827262951061,0.008903338683081685,True,True,True,True,False,0.5+
000428_p0001,datasets/dataset_yolo_bbox_v3i_li_archaeological_object_merged/images/val/000428.png,000428,006_МОСКОВИТЫ,006_МОСКОВИТЫ|Li|03_Московиты_Li_карты_g.tif,1024,1024,745.53759765625,4.214410305023193,837.7112426757812,84.19525909423828,722.4941864013672,0.0,860.7546539306641,104.19047129154204,0.4305485486984253,0,04_detection_yolo/reports/proposals/v3i_conf005/crops/000428_p0001.jpg,04_detection_yolo/reports/proposals/v3i_conf005/overlays/000428_p0001.jpg,val,000428:5,0.6173970100171463,True,True,False,True,0.9843711256980896,26.463090896606445,107.0,227.0,120.0,6,True,92.17364501953125,79.98084878921509,7372.126364657917,0.007030607571275632,1.152446447054464,138.26046752929688,104.19047129154204,14405.423272866386,0.013738082192293536,False,True,True,True,False,0.5+
000428_p0002,datasets/dataset_yolo_bbox_v3i_li_archaeological_object_merged/images/val/000428.png,000428,006_МОСКОВИТЫ,006_МОСКОВИТЫ|Li|03_Московиты_Li_карты_g.tif,1024,1024,651.4629516601562,228.4619140625,1016.1160278320312,603.6329345703125,560.2996826171875,134.66915893554688,1024.0,697.4256896972656,0.3496361076831817,0,04_detection_yolo/reports/proposals/v3i_conf005/crops/000428_p0002.jpg,04_detection_yolo/reports/proposals/v3i_conf005/overlays/000428_p0002.jpg,val,000428:0,0.5959093408223148,True,True,False,True,0.9843711256980896,26.463090896606445,107.0,227.0,120.0,6,True,364.653076171875,375.1710205078125,136807.26671871543,0.13046957656737845,1.0288437011044986,463.7003173828125,562.7565307617188,260950.38192345947,0.24886167709680507,False,True,True,True,False,0.5+
000428_p0003,datasets/dataset_yolo_bbox_v3i_li_archaeological_object_merged/images/val/000428.png,000428,006_МОСКОВИТЫ,006_МОСКОВИТЫ|Li|03_Московиты_Li_карты_g.tif,1024,1024,852.0261840820312,408.9337768554688,1020.9812622070312,561.8865356445312,809.7874145507812,370.6955871582031,1024.0,600.1247253417969,0.1190135478973388,0,04_detection_yolo/reports/proposals/v3i_conf005/crops/000428_p0003.jpg,04_detection_yolo/reports/proposals/v3i_conf005/overlays/000428_p0003.jpg,val,000428:2,0.2507030364712889,False,False,False,True,0.9843711256980896,26.463090896606445,107.0,227.0,120.0,6,True,168.955078125,152.95275878906244,25842.145310640324,0.02464499026359589,1.1046226263758105,214.21258544921875,229.42913818359375,49146.60886769369,0.046869858615583126,False,True,False,False,True,0.1-0.3
000428_p0004,datasets/dataset_yolo_bbox_v3i_li_archaeological_object_merged/images/val/000428.png,000428,006_МОСКОВИТЫ,006_МОСКОВИТЫ|Li|03_Московиты_Li_карты_g.tif,1024,1024,659.6802978515625,405.230224609375,1015.6771240234376,592.1754150390625,570.6810913085938,358.4939270019531,1024.0,638.9117126464844,0.100005105137825,0,04_detection_yolo/reports/proposals/v3i_conf005/crops/000428_p0004.jpg,04_detection_yolo/reports/proposals/v3i_conf005/overlays/000428_p0004.jpg,val,000428:3,0.3131384410430552,True,False,False,True,0.9843711256980896,26.463090896606445,107.0,227.0,120.0,6,True,355.9968261718751,186.9451904296875,66551.89446106555,0.06346883245569758,1.9042844876277794,453.31890869140625,280.41778564453125,127118.68456603959,0.12122982460597953,False,True,True,False,False,0.3-0.5
000428_p0005,datasets/dataset_yolo_bbox_v3i_li_archaeological_object_merged/images/val/000428.png,000428,006_МОСКОВИТЫ,006_МОСКОВИТЫ|Li|03_Московиты_Li_карты_g.tif,1024,1024,874.4957275390625,5.925879001617432,1020.7799072265624,79.1384506225586,837.9246826171875,0.0,1024.0,97.44159352779388,0.0924552753567695,0,04_detection_yolo/reports/proposals/v3i_conf005/crops/000428_p0005.jpg,04_detection_yolo/reports/proposals/v3i_conf005/overlays/000428_p0005.jpg,val,000428:1,0.0787610573113675,False,False,False,True,0.9843711256980896,26.463090896606445,107.0,227.0,120.0,6,True,146.2841796874999,73.21257162094116,10709.840982381711,0.01021370027769252,1.9980745990577646,186.0753173828125,97.44159352779388,18131.475441971255,0.017291522447558647,False,True,False,False,True,0-0.1
000428_p0006,datasets/dataset_yolo_bbox_v3i_li_archaeological_object_merged/images/val/000428.png,000428,006_МОСКОВИТЫ,006_МОСКОВИТЫ|Li|03_Московиты_Li_карты_g.tif,1024,1024,625.89306640625,95.2324676513672,873.4749755859375,608.3238525390625,563.9975891113281,0.0,935.3704528808594,736.5966987609863,0.0801761597394943,0,04_detection_yolo/reports/proposals/v3i_conf005/crops/000428_p0006.jpg,04_detection_yolo/reports/proposals/v3i_conf005/overlays/000428_p0006.jpg,val,000428:0,0.4857189648937975,True,False,False,True,0.9843711256980896,26.463090896606445,107.0,227.0,120.0,6,True,247.5819091796875,513.0913848876953,127032.14465414546,0.12114729371466204,2.0724106482081814,371.37286376953125,736.5966987609863,273552.0254620502,0.26087954088406584,False,True,True,False,False,0.3-0.5
000429_p0001,datasets/dataset_yolo_bbox_v3i_li_archaeological_object_merged/images/val/000429.png,000429,006_МОСКОВИТЫ,006_МОСКОВИТЫ|Li|03_Московиты_Li_карты_g.tif,1024,1024,0.0,12.453283309936523,71.44698333740234,84.12065124511719,0.0,0.0,89.30872917175293,102.03749322891235,0.2542240917682647,0,04_detection_yolo/reports/proposals/v3i_conf005/crops/000429_p0001.jpg,04_detection_yolo/reports/proposals/v3i_conf005/overlays/000429_p0001.jpg,val,000429:5,0.7296051595198391,True,True,False,True,0.8768064379692078,29.00383377075196,92.0,224.0,132.0,7,True,71.44698333740234,71.66736793518066,5120.417242700336,0.004883210413647018,1.003084589264428,89.30872917175293,102.03749322891235,9112.838848145508,0.008690680359025486,True,True,True,True,False,0.5+
000429_p0002,datasets/dataset_yolo_bbox_v3i_li_archaeological_object_merged/images/val/000429.png,000429,006_МОСКОВИТЫ,006_МОСКОВИТЫ|Li|03_Московиты_Li_карты_g.tif,1024,1024,569.7322998046875,84.84321594238281,630.4520874023438,145.8794403076172,554.5523529052734,69.58415985107422,645.6320343017578,161.13849639892578,0.1198288723826408,0,04_detection_yolo/reports/proposals/v3i_conf005/crops/000429_p0002.jpg,04_detection_yolo/reports/proposals/v3i_conf005/overlays/000429_p0002.jpg,val,000429:6,0.0483242844066961,False,False,False,True,0.8768064379692078,29.00383377075196,92.0,224.0,132.0,7,True,60.71978759765625,61.036224365234375,3706.1065792199224,0.003534418658466265,1.0052114274456114,91.07968139648438,91.55433654785156,8338.739803244825,0.007952441981549097,False,False,False,False,True,0-0.1
000429_p0003,datasets/dataset_yolo_bbox_v3i_li_archaeological_object_merged/images/val/000429.png,000429,006_МОСКОВИТЫ,006_МОСКОВИТЫ|Li|03_Московиты_Li_карты_g.tif,1024,1024,481.6123962402344,457.54736328125,546.6243286132812,533.5252685546875,465.3594131469727,438.5528869628906,562.877311706543,552.5197448730469,0.100572757422924,0,04_detection_yolo/reports/proposals/v3i_conf005/crops/000429_p0003.jpg,04_detection_yolo/reports/proposals/v3i_conf005/overlays/000429_p0003.jpg,val,000429:1,0.0181460030034342,False,False,False,True,0.8768064379692078,29.00383377075196,92.0,224.0,132.0,7,True,65.01193237304688,75.9779052734375,4939.47043948248,0.004710646094782334,1.1686763106419673,97.51789855957026,113.96685791015625,11113.808488835573,0.010598953713260244,False,False,False,False,True,0-0.1
000429_p0004,datasets/dataset_yolo_bbox_v3i_li_archaeological_object_merged/images/val/000429.png,000429,006_МОСКОВИТЫ,006_МОСКОВИТЫ|Li|03_Московиты_Li_карты_g.tif,1024,1024,0.0,7.809814453125,104.09669494628906,408.68939208984375,0.0,0.0,130.12086868286133,508.9092864990234,0.1004259809851646,0,04_detection_yolo/reports/proposals/v3i_conf005/crops/000429_p0004.jpg,04_detection_yolo/reports/proposals/v3i_conf005/overlays/000429_p0004.jpg,val,000429:5,0.1076044494928741,False,False,False,True,0.8768064379692078,29.00383377075196,92.0,224.0,132.0,7,True,104.09669494628906,400.87957763671875,41730.239103446715,0.03979705725044891,3.8510307925103793,130.12086868286133,508.9092864990234,66219.71844002807,0.06315204471590811,True,True,False,False,True,0.1-0.3
000429_p0005,datasets/dataset_yolo_bbox_v3i_li_archaeological_object_merged/images/val/000429.png,000429,006_МОСКОВИТЫ,006_МОСКОВИТЫ|Li|03_Московиты_Li_карты_g.tif,1024,1024,503.5909118652344,0.0,708.1553955078125,604.9510498046875,452.4497909545898,0.0,759.296516418457,756.1888122558594,0.0632056593894958,0,04_detection_yolo/reports/proposals/v3i_conf005/crops/000429_p0005.jpg,04_detection_yolo/reports/proposals/v3i_conf005/overlays/000429_p0005.jpg,val,000429:0,0.2288372023767882,False,False,False,True,0.8768064379692078,29.00383377075196,92.0,224.0,132.0,7,True,204.56448364257812,604.9510498046875,123751.49913233146,0.11801862633927485,2.957263348126834,306.84672546386724,756.1888122558594,232034.06087312152,0.22128492438614036,True,True,False,False,True,0.1-0.3
000429_p0006,datasets/dataset_yolo_bbox_v3i_li_archaeological_object_merged/images/val/000429.png,000429,006_МОСКОВИТЫ,006_МОСКОВИТЫ|Li|03_Московиты_Li_карты_g.tif,1024,1024,303.89501953125,390.77447509765625,694.0672607421875,633.225830078125,206.3519592285156,330.16163635253906,791.6103210449219,693.8386688232422,0.06277896463871,0,04_detection_yolo/reports/proposals/v3i_conf005/crops/000429_p0006.jpg,04_detection_yolo/reports/proposals/v3i_conf005/overlays/000429_p0006.jpg,val,000429:0,0.2024264068292158,False,False,False,True,0.8768064379692078,29.00383377075196,92.0,224.0,132.0,7,True,390.1722412109375,242.45135498046875,94597.78855735809,0.09021548133598145,1.6092805141978637,585.2583618164062,363.6770324707031,212845.0242540557,0.20298483300595827,False,False,False,False,True,0.1-0.3
000429_p0007,datasets/dataset_yolo_bbox_v3i_li_archaeological_object_merged/images/val/000429.png,000429,006_МОСКОВИТЫ,006_МОСКОВИТЫ|Li|03_Московиты_Li_карты_g.tif,1024,1024,206.2108459472656,93.4267578125,730.7132568359375,647.7542114257812,75.08524322509766,0.0,861.8388595581055,786.3360748291016,0.0590300485491752,0,04_detection_yolo/reports/proposals/v3i_conf005/crops/000429_p0007.jpg,04_detection_yolo/reports/proposals/v3i_conf005/overlays/000429_p0007.jpg,val,000429:0,0.5525438865241992,True,True,False,True,0.8768064379692078,29.00383377075196,92.0,224.0,132.0,7,True,524.5024108886719,554.3274536132812,290746.08584194444,0.27727707466310925,1.0568634997770103,786.7536163330078,786.3360748291016,618652.7505248983,0.5899932389496787,False,True,True,True,False,0.5+
000429_p0008,datasets/dataset_yolo_bbox_v3i_li_archaeological_object_merged/images/val/000429.png,000429,006_МОСКОВИТЫ,006_МОСКОВИТЫ|Li|03_Московиты_Li_карты_g.tif,1024,1024,0.0,425.2174682617188,143.30125427246094,560.9568481445312,0.0,391.2826232910156,179.12656784057617,594.8916931152344,0.058448739349842,0,04_detection_yolo/reports/proposals/v3i_conf005/crops/000429_p0008.jpg,04_detection_yolo/reports/proposals/v3i_conf005/overlays/000429_p0008.jpg,val,000429:2,0.335430502060493,True,False,False,True,0.8768064379692078,29.00383377075196,92.0,224.0,132.0,7,True,143.30125427246094,135.73937988281244,19451.623391373076,0.01855051364075954,1.0557087736526929,179.12656784057617,203.60906982421875,36471.79385882453,0.03478221307642415,True,True,True,False,False,0.3-0.5
000429_p0009,datasets/dataset_yolo_bbox_v3i_li_archaeological_object_merged/images/val/000429.png,000429,006_МОСКОВИТЫ,006_МОСКОВИТЫ|Li|03_Московиты_Li_карты_g.tif,1024,1024,0.0,501.69140625,145.54727172851562,568.8556518554688,0.0,484.9003448486328,181.93408966064453,585.6467132568359,0.0580848269164562,0,04_detection_yolo/reports/proposals/v3i_conf005/crops/000429_p0009.jpg,04_detection_yolo/reports/proposals/v3i_conf005/overlays/000429_p0009.jpg,val,000429:2,0.1338783195214223,False,False,False,True,0.8768064379692078,29.00383377075196,92.0,224.0,132.0,7,True,145.54727172851562,67.16424560546875,9775.572705579922,0.009322712617473528,2.1670350112093666,181.93408966064453,100.74636840820312,18329.198822962353,0.017480086157762864,True,True,False,False,True,0.1-0.3
000429_p0010,datasets/dataset_yolo_bbox_v3i_li_archaeological_object_merged/images/val/000429.png,000429,006_МОСКОВИТЫ,006_МОСКОВИТЫ|Li|03_Московиты_Li_карты_g.tif,1024,1024,419.8310546875,278.08349609375,716.8088989257812,642.6793212890625,345.5865936279297,186.93453979492188,791.0533599853516,733.8282775878906,0.0552198551595211,0,04_detection_yolo/reports/proposals/v3i_conf005/crops/000429_p0010.jpg,04_detection_yolo/reports/proposals/v3i_conf005/overlays/000429_p0010.jpg,val,000429:0,0.2056053241706019,False,False,False,True,0.8768064379692078,29.00383377075196,92.0,224.0,132.0,7,True,296.97784423828125,364.5958251953125,108276.88218478113,0.10326088160017122,1.2276869546631153,445.4667663574219,546.8937377929688,243622.98491575755,0.23233698360038524,False,False,False,False,True,0.1-0.3
000430_p0001,datasets/dataset_yolo_bbox_v3i_li_archaeological_object_merged/images/val/000430.png,000430,011_РУНА,011_РУНА|Li|03_Руна_Li_карты_g.tif,1024,1024,0.749682605266571,968.3704223632812,84.89559173583984,1024.0,0.0,954.4630279541016,105.93206901848316,1024.0,0.059689313173294,0,04_detection_yolo/reports/proposals/v3i_conf005/crops/000430_p0001.jpg,04_detection_yolo/reports/proposals/v3i_conf005/overlays/000430_p0001.jpg,val,,0.0,False,False,True,False,0.9425911903381348,22.31439971923828,122.0,224.0,102.0,0,False,84.14590913057327,55.62957763671875,4681.001384791507,0.00446415079573775,1.5126109653407127,105.93206901848316,69.53697204589844,7366.195322102448,0.007024951288320968,True,True,False,False,True,0
000430_p0002,datasets/dataset_yolo_bbox_v3i_li_archaeological_object_merged/images/val/000430.png,000430,011_РУНА,011_РУНА|Li|03_Руна_Li_карты_g.tif,1024,1024,3.637890577316284,736.1719360351562,663.78369140625,964.3410034179688,0.0,679.1296691894531,828.8201416134834,1021.383270263672,0.0579550340771675,0,04_detection_yolo/reports/proposals/v3i_conf005/crops/000430_p0002.jpg,04_detection_yolo/reports/proposals/v3i_conf005/overlays/000430_p0002.jpg,val,,0.0,False,False,True,False,0.9425911903381348,22.31439971923828,122.0,224.0,102.0,0,False,660.1458008289337,228.1690673828125,150624.8517118177,0.14364705249006052,2.89323092039189,828.8201416134834,342.25360107421886,283666.67811005877,0.27052562533384206,False,True,False,False,True,0
000431_p0001,datasets/dataset_yolo_bbox_v3i_li_archaeological_object_merged/images/val/000431.png,000431,011_РУНА,011_РУНА|Li|03_Руна_Li_карты_g.tif,1024,1024,863.3587646484375,276.8179626464844,1024.0,469.18450927734375,823.1984558105469,228.72632598876956,1024.0,517.2761459350586,0.33343306183815,0,04_detection_yolo/reports/proposals/v3i_conf005/crops/000431_p0001.jpg,04_detection_yolo/reports/proposals/v3i_conf005/overlays/000431_p0001.jpg,val,000431:0,0.7582457723234761,True,True,True,True,0.8473753929138184,20.03824615478516,128.0,219.0,91.0,1,True,160.6412353515625,192.36654663085938,30901.999691095203,0.029470443430991367,1.197491703857146,200.80154418945312,288.54981994628906,57941.249420803506,0.05525708143310881,True,True,True,True,False,0.5+
000431_p0002,datasets/dataset_yolo_bbox_v3i_li_archaeological_object_merged/images/val/000431.png,000431,011_РУНА,011_РУНА|Li|03_Руна_Li_карты_g.tif,1024,1024,455.3533325195313,0.0,580.0703125,147.56924438476562,424.17408752441406,0.0,611.2495574951172,184.46155548095703,0.0692486017942428,0,04_detection_yolo/reports/proposals/v3i_conf005/crops/000431_p0002.jpg,04_detection_yolo/reports/proposals/v3i_conf005/overlays/000431_p0002.jpg,val,000431:0,0.0,False,False,True,True,0.8473753929138184,20.03824615478516,128.0,219.0,91.0,1,True,124.7169799804687,147.56924438476562,18404.390497667708,0.017551794526736934,1.1832329840561864,187.07546997070312,184.46155548095703,34508.232183126966,0.032909614737631765,True,True,False,False,True,0
000432_p0001,datasets/dataset_yolo_bbox_v3i_li_archaeological_object_merged/images/val/000432.png,000432,011_РУНА,011_РУНА|Li|03_Руна_Li_карты_g.tif,1024,1024,37.22021484375,275.8133850097656,318.7253112792969,478.035400390625,0.0,225.2578811645508,389.1015853881836,528.5909042358398,0.352812111377716,0,04_detection_yolo/reports/proposals/v3i_conf005/crops/000432_p0001.jpg,04_detection_yolo/reports/proposals/v3i_conf005/overlays/000432_p0001.jpg,val,000432:0,0.8067479680891831,True,True,False,False,0.9999635219573976,20.910070419311523,125.0,222.0,97.0,1,True,281.5050964355469,202.22201538085938,56926.52794117946,0.05428936761968561,1.3920595930436552,389.1015853881836,303.33302307128906,118027.36017762905,0.11255966203463463,False,True,True,True,False,0.5+
000432_p0002,datasets/dataset_yolo_bbox_v3i_li_archaeological_object_merged/images/val/000432.png,000432,011_РУНА,011_РУНА|Li|03_Руна_Li_карты_g.tif,1024,1024,289.8740234375,871.0022583007812,526.2611083984375,980.5715942382812,230.7772521972656,843.6099243164062,585.3578796386719,1007.9639282226562,0.2065554410219192,0,04_detection_yolo/reports/proposals/v3i_conf005/crops/000432_p0002.jpg,04_detection_yolo/reports/proposals/v3i_conf005/overlays/000432_p0002.jpg,val,000432:0,0.0,False,False,False,False,0.9999635219573976,20.910070419311523,125.0,222.0,97.0,1,True,236.3870849609375,109.5693359375,25900.775923371315,0.024700904773112597,2.157420075045232,354.58062744140625,164.35400390625,58276.74582758546,0.055577035739503344,False,False,False,False,True,0
000432_p0003,datasets/dataset_yolo_bbox_v3i_li_archaeological_object_merged/images/val/000432.png,000432,011_РУНА,011_РУНА|Li|03_Руна_Li_карты_g.tif,1024,1024,631.7498779296875,941.2434692382812,739.3895263671875,1024.0,604.8399658203125,920.5543365478516,766.2994384765625,1024.0,0.1199391409754753,0,04_detection_yolo/reports/proposals/v3i_conf005/crops/000432_p0003.jpg,04_detection_yolo/reports/proposals/v3i_conf005/overlays/000432_p0003.jpg,val,000432:0,0.0,False,False,False,False,0.9999635219573976,20.910070419311523,125.0,222.0,97.0,1,True,107.6396484375,82.75653076171875,8907.88387709856,0.008495220067118225,1.3006785983746385,161.45947265625,103.44566345214844,16702.2822695598,0.015928537625846673,True,True,False,False,True,0
000432_p0004,datasets/dataset_yolo_bbox_v3i_li_archaeological_object_merged/images/val/000432.png,000432,011_РУНА,011_РУНА|Li|03_Руна_Li_карты_g.tif,1024,1024,319.2044982910156,206.2071228027344,419.5712890625,301.0518493652344,294.11280059814453,182.49594116210935,444.6629867553711,324.7630310058594,0.1131405010819435,0,04_detection_yolo/reports/proposals/v3i_conf005/crops/000432_p0004.jpg,04_detection_yolo/reports/proposals/v3i_conf005/overlays/000432_p0004.jpg,val,000432:0,0.002810737411192,False,False,False,False,0.9999635219573976,20.910070419311523,125.0,222.0,97.0,1,True,100.36679077148438,94.84472656249997,9519.26082667708,0.009078274561574059,1.058222153293315,150.55018615722656,142.26708984375003,21418.336860023443,0.020426117763541644,False,False,False,False,True,0-0.1
000432_p0005,datasets/dataset_yolo_bbox_v3i_li_archaeological_object_merged/images/val/000432.png,000432,011_РУНА,011_РУНА|Li|03_Руна_Li_карты_g.tif,1024,1024,573.0538940429688,921.3095703125,807.2435302734375,1024.0,514.5064849853516,895.636962890625,865.7909393310547,1024.0,0.1109635084867477,0,04_detection_yolo/reports/proposals/v3i_conf005/crops/000432_p0005.jpg,04_detection_yolo/reports/proposals/v3i_conf005/overlays/000432_p0005.jpg,val,000432:0,0.0,False,False,False,False,0.9999635219573976,20.910070419311523,125.0,222.0,97.0,1,True,234.18963623046875,102.6904296875,24049.034372866154,0.02293494641577354,2.280540036137131,351.2844543457031,128.363037109375,45091.93944912404,0.043003024529575384,True,True,False,False,True,0
000432_p0006,datasets/dataset_yolo_bbox_v3i_li_archaeological_object_merged/images/val/000432.png,000432,011_РУНА,011_РУНА|Li|03_Руна_Li_карты_g.tif,1024,1024,607.0060424804688,1.389135718345642,1016.4996337890624,224.5985412597656,504.6326446533203,0.0,1024.0,280.4008926451206,0.0910461023449897,0,04_detection_yolo/reports/proposals/v3i_conf005/crops/000432_p0006.jpg,04_detection_yolo/reports/proposals/v3i_conf005/overlays/000432_p0006.jpg,val,000432:0,0.0,False,False,False,False,0.9999635219573976,20.910070419311523,125.0,222.0,97.0,1,True,409.49359130859364,223.20940554141995,91402.82108901236,0.08716852291966663,1.8345713986170076,519.3673553466797,280.4008926451206,145631.07004994454,0.13888461117739156,True,True,False,False,True,0
000432_p0007,datasets/dataset_yolo_bbox_v3i_li_archaeological_object_merged/images/val/000432.png,000432,011_РУНА,011_РУНА|Li|03_Руна_Li_карты_g.tif,1024,1024,783.7322387695312,0.0,1021.6519775390624,187.8317413330078,724.2523040771484,0.0,1024.0,234.78967666625977,0.0757143124938011,0,04_detection_yolo/reports/proposals/v3i_conf005/crops/000432_p0007.jpg,04_detection_yolo/reports/proposals/v3i_conf005/overlays/000432_p0007.jpg,val,000432:0,0.0,False,False,False,False,0.9999635219573976,20.910070419311523,125.0,222.0,97.0,1,True,237.91973876953114,187.8317413330078,44688.87883057536,0.042618635969710696,1.266664180830449,299.74769592285156,234.78967666625977,70377.66460718267,0.06711737118452327,True,True,False,False,True,0
000432_p0008,datasets/dataset_yolo_bbox_v3i_li_archaeological_object_merged/images/val/000432.png,000432,011_РУНА,011_РУНА|Li|03_Руна_Li_карты_g.tif,1024,1024,93.7033233642578,227.5107879638672,490.55859375,492.8057556152344,0.0,161.1870460510254,589.7724113464355,559.1294975280762,0.0641612336039543,0,04_detection_yolo/reports/proposals/v3i_conf005/crops/000432_p0008.jpg,04_detection_yolo/reports/proposals/v3i_conf005/overlays/000432_p0008.jpg,val,000432:0,0.4575137534299517,True,False,False,False,0.9999635219573976,20.910070419311523,125.0,222.0,97.0,1,True,396.8552703857422,265.2949676513672,105283.70611926005,0.10040636646200185,1.4959019912781109,589.7724113464355,397.9424514770508,234695.47918473216,0.22382305067513672,False,True,True,False,False,0.3-0.5
000432_p0009,datasets/dataset_yolo_bbox_v3i_li_archaeological_object_merged/images/val/000432.png,000432,011_РУНА,011_РУНА|Li|03_Руна_Li_карты_g.tif,1024,1024,191.65655517578125,840.9681396484375,541.5554809570312,999.2884521484376,104.18182373046876,801.3880615234375,629.0302124023438,1024.0,0.0617720372974872,0,04_detection_yolo/reports/proposals/v3i_conf005/crops/000432_p0009.jpg,04_detection_yolo/reports/proposals/v3i_conf005/overlays/000432_p0009.jpg,val,000432:0,0.0,False,False,False,False,0.9999635219573976,20.910070419311523,125.0,222.0,97.0,1,True,349.89892578125,158.3203125000001,55396.10727310184,0.052829844735242694,2.2100697014557102,524.848388671875,222.6119384765625,116837.5172085464,0.11142493935446396,False,True,False,False,True,0
000432_p0010,datasets/dataset_yolo_bbox_v3i_li_archaeological_object_merged/images/val/000432.png,000432,011_РУНА,011_РУНА|Li|03_Руна_Li_карты_g.tif,1024,1024,309.32110595703125,182.5172576904297,504.8488159179688,337.0936889648437,260.4391784667969,143.87314987182617,553.7307434082031,375.73779678344727,0.0607359483838081,0,04_detection_yolo/reports/proposals/v3i_conf005/crops/000432_p0010.jpg,04_detection_yolo/reports/proposals/v3i_conf005/overlays/000432_p0010.jpg,val,000432:0,0.0124853185165644,False,False,False,False,0.9999635219573976,20.910070419311523,125.0,222.0,97.0,1,True,195.52770996093756,154.576431274414,30223.975621020418,0.028823829289455812,1.2649257609902005,293.29156494140625,231.8646469116211,68003.94514729595,0.06485361590127559,False,False,False,False,True,0-0.1
000433_p0001,datasets/dataset_yolo_bbox_v3i_li_archaeological_object_merged/images/val/000433.png,000433,011_РУНА,011_РУНА|Li|03_Руна_Li_карты_g.tif,1024,1024,280.7801818847656,103.80622863769533,523.5538940429688,212.1742706298828,220.08675384521484,76.71421813964844,584.2473220825195,239.2662811279297,0.1820002943277359,0,04_detection_yolo/reports/proposals/v3i_conf005/crops/000433_p0001.jpg,04_detection_yolo/reports/proposals/v3i_conf005/overlays/000433_p0001.jpg,val,,0.0,False,False,False,False,0.8692750930786133,18.99809837341309,133.0,214.0,81.0,0,False,242.77371215820312,108.36804199218749,26308.911833759394,0.02509013350845279,2.2402703573411915,364.1605682373047,162.55206298828125,59195.051625958644,0.05645280039401879,False,False,False,False,True,0
000433_p0002,datasets/dataset_yolo_bbox_v3i_li_archaeological_object_merged/images/val/000433.png,000433,011_РУНА,011_РУНА|Li|03_Руна_Li_карты_g.tif,1024,1024,0.0,851.2493896484375,61.52824783325195,940.2658081054688,0.0,828.9952850341797,76.91030979156494,962.5199127197266,0.1457793563604354,0,04_detection_yolo/reports/proposals/v3i_conf005/crops/000433_p0002.jpg,04_detection_yolo/reports/proposals/v3i_conf005/overlays/000433_p0002.jpg,val,,0.0,False,False,False,False,0.8692750930786133,18.99809837341309,133.0,214.0,81.0,0,False,61.52824783325195,89.01641845703125,5477.024256052682,0.005223297363331492,1.446756922093331,76.91030979156494,133.52462768554688,10269.420480098779,0.009793682556246547,True,True,False,False,True,0
000433_p0003,datasets/dataset_yolo_bbox_v3i_li_archaeological_object_merged/images/val/000433.png,000433,011_РУНА,011_РУНА|Li|03_Руна_Li_карты_g.tif,1024,1024,638.9278564453125,173.53555297851562,737.4901123046875,258.1016540527344,614.2872924804688,152.39402770996094,762.1306762695312,279.24317932128906,0.1450365930795669,0,04_detection_yolo/reports/proposals/v3i_conf005/crops/000433_p0003.jpg,04_detection_yolo/reports/proposals/v3i_conf005/overlays/000433_p0003.jpg,val,,0.0,False,False,False,False,0.8692750930786133,18.99809837341309,133.0,214.0,81.0,0,False,98.562255859375,84.56610107421875,8335.025691106915,0.007948899928194919,1.1655054993356337,147.8433837890625,126.84915161132812,18753.80780499056,0.017885024838438568,False,False,False,False,True,0
000433_p0004,datasets/dataset_yolo_bbox_v3i_li_archaeological_object_merged/images/val/000433.png,000433,011_РУНА,011_РУНА|Li|03_Руна_Li_карты_g.tif,1024,1024,608.2152099609375,156.091796875,803.1302490234375,284.0643005371094,559.4864501953125,124.09867095947266,851.8590087890625,316.0574264526367,0.1306120306253433,0,04_detection_yolo/reports/proposals/v3i_conf005/crops/000433_p0004.jpg,04_detection_yolo/reports/proposals/v3i_conf005/overlays/000433_p0004.jpg,val,,0.0,False,False,False,False,0.8692750930786133,18.99809837341309,133.0,214.0,81.0,0,False,194.9150390625,127.97250366210938,24943.765550225973,0.023788228559709523,1.5231009278144743,292.37255859375,191.95875549316406,56123.47248800844,0.05352351425934643,False,False,False,False,True,0
000433_p0005,datasets/dataset_yolo_bbox_v3i_li_archaeological_object_merged/images/val/000433.png,000433,011_РУНА,011_РУНА|Li|03_Руна_Li_карты_g.tif,1024,1024,503.0091247558594,714.7373046875,617.5116577148438,821.1852416992188,474.3834915161133,688.1253204345703,646.1372909545898,847.7972259521484,0.0653025582432746,0,04_detection_yolo/reports/proposals/v3i_conf005/crops/000433_p0005.jpg,04_detection_yolo/reports/proposals/v3i_conf005/overlays/000433_p0005.jpg,val,,0.0,False,False,False,False,0.8692750930786133,18.99809837341309,133.0,214.0,81.0,0,False,114.50253295898438,106.44793701171875,12188.558416100219,0.011623915115452021,1.0756669990361476,171.75379943847656,159.67190551757812,27424.256436225493,0.02615380900976705,False,False,False,False,True,0
000433_p0006,datasets/dataset_yolo_bbox_v3i_li_archaeological_object_merged/images/val/000433.png,000433,011_РУНА,011_РУНА|Li|03_Руна_Li_карты_g.tif,1024,1024,3.136645555496216,508.2814331054688,195.7483367919922,689.166015625,0.0,463.06028747558594,243.90125960111615,734.3871612548828,0.0634041354060173,0,04_detection_yolo/reports/proposals/v3i_conf005/crops/000433_p0006.jpg,04_detection_yolo/reports/proposals/v3i_conf005/overlays/000433_p0006.jpg,val,,0.0,False,False,False,False,0.8692750930786133,18.99809837341309,133.0,214.0,81.0,0,False,192.61169123649597,180.8845825195312,34840.485357694415,0.033226476056761184,1.0648319970315796,243.90125960111615,271.3268737792969,66176.96627840356,0.06311127307739597,False,True,False,False,True,0
000434_p0001,datasets/dataset_yolo_bbox_v3i_li_archaeological_object_merged/images/val/000434.png,000434,011_РУНА,011_РУНА|Li|03_Руна_Li_карты_g.tif,1024,1024,0.0,128.5379180908203,103.22584533691406,212.2266845703125,0.0,107.61572647094728,129.03230667114258,233.14887619018555,0.3261833786964416,0,04_detection_yolo/reports/proposals/v3i_conf005/crops/000434_p0001.jpg,04_detection_yolo/reports/proposals/v3i_conf005/overlays/000434_p0001.jpg,val,,0.0,False,False,True,False,0.6946642398834229,17.799978256225586,138.0,214.0,76.0,0,False,103.22584533691406,83.68876647949219,8638.843665049179,0.008238643326806239,1.2334492391187222,129.03230667114258,125.53314971923827,16197.831871967208,0.015447456237761696,True,True,False,False,True,0
000434_p0002,datasets/dataset_yolo_bbox_v3i_li_archaeological_object_merged/images/val/000434.png,000434,011_РУНА,011_РУНА|Li|03_Руна_Li_карты_g.tif,1024,1024,1.897998094558716,104.3207015991211,181.6067657470703,237.8921356201172,0.0,70.92784309387207,226.5339576601982,271.2849941253662,0.2390140742063522,0,04_detection_yolo/reports/proposals/v3i_conf005/crops/000434_p0002.jpg,04_detection_yolo/reports/proposals/v3i_conf005/overlays/000434_p0002.jpg,val,,0.0,False,False,True,False,0.6946642398834229,17.799978256225586,138.0,214.0,76.0,0,False,179.7087676525116,133.5714340209961,24003.957801491968,0.022891958047382324,1.3454131788707395,226.5339576601982,200.35715103149414,45387.69836868643,0.0432850822150101,True,True,False,False,True,0
000434_p0003,datasets/dataset_yolo_bbox_v3i_li_archaeological_object_merged/images/val/000434.png,000434,011_РУНА,011_РУНА|Li|03_Руна_Li_карты_g.tif,1024,1024,438.7151489257813,588.5934448242188,597.5294189453125,718.7425537109375,399.0115814208984,556.0561676025391,637.2329864501953,751.2798309326172,0.0681506693363189,0,04_detection_yolo/reports/proposals/v3i_conf005/crops/000434_p0003.jpg,04_detection_yolo/reports/proposals/v3i_conf005/overlays/000434_p0003.jpg,val,,0.0,False,False,True,False,0.6946642398834229,17.799978256225586,138.0,214.0,76.0,0,False,158.8142700195312,130.14910888671875,20669.53572153672,0.019712005349671095,1.2202486162065274,238.22140502929693,195.22366333007812,46506.45537345765,0.044352012036759994,False,False,False,False,True,0
000435_p0001,datasets/dataset_yolo_bbox_v3i_li_archaeological_object_merged/images/val/000435.png,000435,012_ЛИХУША,012_ЛИХУША|Li|03_Лихуша_Li_карты_g.tif,1024,1024,695.3015747070312,455.5158081054688,827.6859130859375,639.7464599609375,662.2054901123047,409.4581451416016,860.7819976806641,685.8041229248047,0.2604011595249176,0,04_detection_yolo/reports/proposals/v3i_conf005/crops/000435_p0001.jpg,04_detection_yolo/reports/proposals/v3i_conf005/overlays/000435_p0001.jpg,val,000435:0,0.0118938205503407,False,False,False,False,0.9999899864196776,20.107738494873047,135.0,227.0,92.0,1,True,132.38433837890625,184.2306518554687,24389.25295500084,0.02325940413951954,1.39163479692114,198.57650756835938,276.34597778320307,54875.81914875189,0.052333659313918965,False,False,False,False,True,0-0.1
000435_p0002,datasets/dataset_yolo_bbox_v3i_li_archaeological_object_merged/images/val/000435.png,000435,012_ЛИХУША,012_ЛИХУША|Li|03_Лихуша_Li_карты_g.tif,1024,1024,775.47998046875,766.8167114257812,989.4290161132812,948.0953979492188,721.9927215576172,721.4970397949219,1024.0,993.415069580078,0.2329124361276626,0,04_detection_yolo/reports/proposals/v3i_conf005/crops/000435_p0002.jpg,04_detection_yolo/reports/proposals/v3i_conf005/overlays/000435_p0002.jpg,val,000435:0,0.0,False,False,False,False,0.9999899864196776,20.107738494873047,135.0,227.0,92.0,1,True,213.94903564453125,181.2786865234375,38784.40016459674,0.03698768631419824,1.180221678276943,302.0072784423828,271.91802978515614,82121.2241348298,0.07831690228922825,False,True,False,False,True,0
000435_p0003,datasets/dataset_yolo_bbox_v3i_li_archaeological_object_merged/images/val/000435.png,000435,012_ЛИХУША,012_ЛИХУША|Li|03_Лихуша_Li_карты_g.tif,1024,1024,692.8653564453125,411.2710876464844,1017.1580200195312,765.9427490234375,611.7921905517578,322.6031723022461,1024.0,854.6106643676758,0.1883176863193512,0,04_detection_yolo/reports/proposals/v3i_conf005/crops/000435_p0003.jpg,04_detection_yolo/reports/proposals/v3i_conf005/overlays/000435_p0003.jpg,val,000435:0,0.3583419975332372,True,False,False,False,0.9999899864196776,20.107738494873047,135.0,227.0,92.0,1,True,324.29266357421875,354.6716613769531,115017.4177622255,0.10968915725920247,1.0936777214381284,412.2078094482422,532.0074920654297,219297.64291434386,0.2091385296958388,False,True,True,False,False,0.3-0.5
000435_p0004,datasets/dataset_yolo_bbox_v3i_li_archaeological_object_merged/images/val/000435.png,000435,012_ЛИХУША,012_ЛИХУША|Li|03_Лихуша_Li_карты_g.tif,1024,1024,678.1858520507812,164.88232421875,1022.8118286132812,918.3868408203124,592.0293579101562,0.0,1024.0,1024.0,0.1679806113243103,0,04_detection_yolo/reports/proposals/v3i_conf005/crops/000435_p0004.jpg,04_detection_yolo/reports/proposals/v3i_conf005/overlays/000435_p0004.jpg,val,000435:0,0.158718464654693,False,False,False,False,0.9999899864196776,20.107738494873047,135.0,227.0,92.0,1,True,344.6259765625,753.5045166015624,259677.22987806794,0.24764750469023508,2.186441440420292,431.97064208984375,1024.0,442337.9375,0.42184633016586304,True,True,False,False,True,0.1-0.3
000435_p0005,datasets/dataset_yolo_bbox_v3i_li_archaeological_object_merged/images/val/000435.png,000435,012_ЛИХУША,012_ЛИХУША|Li|03_Лихуша_Li_карты_g.tif,1024,1024,610.8199462890625,506.0162048339844,1009.41455078125,998.1023559570312,511.1712951660156,382.99466705322266,1024.0,1024.0,0.0637554824352264,0,04_detection_yolo/reports/proposals/v3i_conf005/crops/000435_p0005.jpg,04_detection_yolo/reports/proposals/v3i_conf005/overlays/000435_p0005.jpg,val,000435:0,0.120681847813301,False,False,False,False,0.9999899864196776,20.107738494873047,135.0,227.0,92.0,1,True,398.5946044921875,492.0861511230469,196142.88478297368,0.18705643156335228,1.2345529657883059,512.8287048339844,641.0053329467773,328725.93468677276,0.3134974810474136,False,True,False,False,True,0.1-0.3
000436_p0001,datasets/dataset_yolo_bbox_v3i_li_archaeological_object_merged/images/val/000436.png,000436,012_ЛИХУША,012_ЛИХУША|Li|03_Лихуша_Li_карты_g.tif,1024,1024,13.952807426452637,764.2437744140625,216.8140869140625,950.814453125,0.0,717.6011047363281,267.52940678596497,997.4571228027344,0.3506283164024353,0,04_detection_yolo/reports/proposals/v3i_conf005/crops/000436_p0001.jpg,04_detection_yolo/reports/proposals/v3i_conf005/overlays/000436_p0001.jpg,val,000436:0,0.0,False,False,False,False,0.999985694885254,21.21997261047364,125.0,219.0,94.0,1,True,202.86127948760986,186.5706787109375,37847.966598172556,0.036094633672878795,1.087315975314171,267.52940678596497,279.85601806640625,74869.71449878796,0.07140132379416271,False,True,False,False,True,0
000436_p0002,datasets/dataset_yolo_bbox_v3i_li_archaeological_object_merged/images/val/000436.png,000436,012_ЛИХУША,012_ЛИХУША|Li|03_Лихуша_Li_карты_g.tif,1024,1024,1.101953148841858,272.17791748046875,395.19049072265625,749.2390747070312,0.0,152.91262817382812,493.71262511610985,868.5043640136719,0.1253076046705246,0,04_detection_yolo/reports/proposals/v3i_conf005/crops/000436_p0002.jpg,04_detection_yolo/reports/proposals/v3i_conf005/overlays/000436_p0002.jpg,val,000436:0,0.2192267082482946,False,False,False,False,0.999985694885254,21.21997261047364,125.0,219.0,94.0,1,True,394.0885375738144,477.0611572265625,188004.33378468757,0.17929490450352437,1.2105430930916306,493.71262511610985,715.5917358398438,353296.67441288306,0.33692996445930773,True,True,False,False,True,0.1-0.3
000436_p0003,datasets/dataset_yolo_bbox_v3i_li_archaeological_object_merged/images/val/000436.png,000436,012_ЛИХУША,012_ЛИХУША|Li|03_Лихуша_Li_карты_g.tif,1024,1024,0.0866455063223838,226.3291473388672,124.1981430053711,390.39739990234375,0.0,185.31208419799805,155.22601738013327,431.4144630432129,0.074966937303543,0,04_detection_yolo/reports/proposals/v3i_conf005/crops/000436_p0003.jpg,04_detection_yolo/reports/proposals/v3i_conf005/overlays/000436_p0003.jpg,val,000436:0,0.0,False,False,False,False,0.999985694885254,21.21997261047364,125.0,219.0,94.0,1,True,124.11149749904871,164.06825256347656,20362.756517705213,0.01941943790216943,1.3219424136328233,155.22601738013327,246.10237884521484,38201.49213591946,0.03643178189842173,True,True,False,False,True,0
000436_p0004,datasets/dataset_yolo_bbox_v3i_li_archaeological_object_merged/images/val/000436.png,000436,012_ЛИХУША,012_ЛИХУША|Li|03_Лихуша_Li_карты_g.tif,1024,1024,0.0,410.6209106445313,278.6778259277344,756.1871337890625,0.0,324.22935485839844,348.347282409668,842.5786895751953,0.060401439666748,0,04_detection_yolo/reports/proposals/v3i_conf005/crops/000436_p0004.jpg,04_detection_yolo/reports/proposals/v3i_conf005/overlays/000436_p0004.jpg,val,000436:0,0.427984088477216,True,False,False,False,0.999985694885254,21.21997261047364,125.0,219.0,94.0,1,True,278.6778259277344,345.5662231445312,96301.64377997628,0.09184040430066708,1.2400205218844431,348.347282409668,518.3493347167969,180565.58208745558,0.17220075806375082,True,True,True,False,False,0.3-0.5
000436_p0005,datasets/dataset_yolo_bbox_v3i_li_archaeological_object_merged/images/val/000436.png,000436,012_ЛИХУША,012_ЛИХУША|Li|03_Лихуша_Li_карты_g.tif,1024,1024,0.0,192.57275390625,685.2960815429688,746.6961669921875,0.0,54.041900634765625,856.6201019287109,885.2270202636719,0.0578951574862003,0,04_detection_yolo/reports/proposals/v3i_conf005/crops/000436_p0005.jpg,04_detection_yolo/reports/proposals/v3i_conf005/overlays/000436_p0005.jpg,val,000436:0,0.1085366903251954,False,False,False,False,0.999985694885254,21.21997261047364,125.0,219.0,94.0,1,True,685.2960815429688,554.1234130859375,379738.6036790088,0.3621469532766426,1.2367210360712335,856.6201019287109,831.1851196289062,712009.8818981415,0.6790255373937049,True,True,False,False,True,0.1-0.3
000437_p0001,datasets/dataset_yolo_bbox_v3i_li_archaeological_object_merged/images/val/000437.png,000437,012_ЛИХУША,012_ЛИХУША|Li|03_Лихуша_Li_карты_g.tif,1024,1024,12.118578910827637,12.053918838500977,231.3607635498047,184.1504364013672,0.0,0.0,286.1713097095489,227.1745657920837,0.2542555332183838,0,04_detection_yolo/reports/proposals/v3i_conf005/crops/000437_p0001.jpg,04_detection_yolo/reports/proposals/v3i_conf005/overlays/000437_p0001.jpg,val,000437:0,0.0,False,False,False,False,0.9999964237213136,20.70244789123535,122.0,214.0,92.0,1,True,219.24218463897705,172.0965175628662,37730.81647924287,0.03598291061329162,1.2739489894610372,286.1713097095489,227.1745657920837,65010.84302541868,0.06199917128126019,False,True,False,False,True,0
000438_p0001,datasets/dataset_yolo_bbox_v3i_li_archaeological_object_merged/images/val/000438.png,000438,012_ЛИХУША,012_ЛИХУША|Li|03_Лихуша_Li_карты_g.tif,1024,1024,110.7234115600586,755.2857666015625,183.2760467529297,834.0321044921875,92.58525276184082,735.5991821289062,201.41420555114743,853.7186889648438,0.1249463483691215,0,04_detection_yolo/reports/proposals/v3i_conf005/crops/000438_p0001.jpg,04_detection_yolo/reports/proposals/v3i_conf005/overlays/000438_p0001.jpg,val,000438:0,0.0,False,False,False,False,0.9999446868896484,17.925233840942383,130.0,209.0,79.0,1,True,72.5526351928711,78.746337890625,5713.254325753078,0.005448583913567617,1.0853684043493226,108.82895278930661,118.1195068359375,12854.822232944422,0.012259313805527135,False,False,False,False,True,0
000438_p0002,datasets/dataset_yolo_bbox_v3i_li_archaeological_object_merged/images/val/000438.png,000438,012_ЛИХУША,012_ЛИХУША|Li|03_Лихуша_Li_карты_g.tif,1024,1024,493.3523559570313,943.4337768554688,570.5379028320312,1022.9501953125,474.0559692382813,923.5546722412108,589.8342895507812,1024.0,0.0638451874256134,0,04_detection_yolo/reports/proposals/v3i_conf005/crops/000438_p0002.jpg,04_detection_yolo/reports/proposals/v3i_conf005/overlays/000438_p0002.jpg,val,000438:0,0.0,False,False,False,False,0.9999446868896484,17.925233840942383,130.0,209.0,79.0,1,True,77.18554687499994,79.51641845703125,6137.518244147296,0.0058531935159180605,1.0301982906956155,115.77832031249994,100.44532775878918,11629.391331151135,0.011090651827956328,True,True,False,False,True,0
000439_p0001,datasets/dataset_yolo_bbox_v3i_li_archaeological_object_merged/images/val/000439.png,000439,012_ЛИХУША,012_ЛИХУША|Li|03_Лихуша_Li_карты_g.tif,1024,1024,720.7056274414062,482.3992309570313,792.6055908203125,560.634765625,702.7306365966797,462.8403472900391,810.5805816650391,580.1936492919922,0.0501794219017028,0,04_detection_yolo/reports/proposals/v3i_conf005/crops/000439_p0001.jpg,04_detection_yolo/reports/proposals/v3i_conf005/overlays/000439_p0001.jpg,val,000439:0,0.0,False,False,False,False,0.9999992847442628,18.114789962768555,133.0,209.0,76.0,1,True,71.89996337890625,78.2355346679687,5625.1320775561,0.005364543988758182,1.0881164744921297,107.84994506835938,117.35330200195307,12656.547174501227,0.012070223974705913,False,False,False,False,True,0
000440_p0001,datasets/dataset_yolo_bbox_v3i_li_archaeological_object_merged/images/val/000440.png,000440,012_ЛИХУША,012_ЛИХУША|Li|03_Лихуша_Li_карты_g.tif,1024,1024,586.9248657226562,594.6467895507812,656.8778686523438,657.02490234375,569.4366149902344,579.0522613525391,674.3661193847656,672.6194305419922,0.6267064809799194,0,04_detection_yolo/reports/proposals/v3i_conf005/crops/000440_p0001.jpg,04_detection_yolo/reports/proposals/v3i_conf005/overlays/000440_p0001.jpg,val,000440:3,0.7708735968587774,True,True,False,False,0.8080453872680664,19.23429107666016,128.0,214.0,86.0,4,True,69.9530029296875,62.37811279296875,4363.53630695492,0.004161392504649086,1.1214350642806332,104.92950439453125,93.56716918945312,9817.95669064857,0.009363133135460444,False,False,True,True,False,0.5+
000440_p0002,datasets/dataset_yolo_bbox_v3i_li_archaeological_object_merged/images/val/000440.png,000440,012_ЛИХУША,012_ЛИХУША|Li|03_Лихуша_Li_карты_g.tif,1024,1024,532.4725952148438,544.56689453125,598.7925415039062,614.86083984375,515.8926086425781,526.993408203125,615.3725280761719,632.434326171875,0.4381486475467682,0,04_detection_yolo/reports/proposals/v3i_conf005/crops/000440_p0002.jpg,04_detection_yolo/reports/proposals/v3i_conf005/overlays/000440_p0002.jpg,val,000440:2,0.6294079434607994,True,True,False,False,0.8080453872680664,19.23429107666016,128.0,214.0,86.0,4,True,66.3199462890625,70.2939453125,4661.890677571297,0.004445925405093476,1.0599216260838995,99.47991943359375,105.44091796875,10489.254024535418,0.010003332161460321,False,False,True,True,False,0.5+
000440_p0003,datasets/dataset_yolo_bbox_v3i_li_archaeological_object_merged/images/val/000440.png,000440,012_ЛИХУША,012_ЛИХУША|Li|03_Лихуша_Li_карты_g.tif,1024,1024,478.0735778808594,418.4299926757813,534.6465454101562,487.6483459472656,463.9303359985352,401.12540435791016,548.7897872924805,504.9529342651367,0.0859571620821952,0,04_detection_yolo/reports/proposals/v3i_conf005/crops/000440_p0003.jpg,04_detection_yolo/reports/proposals/v3i_conf005/overlays/000440_p0003.jpg,val,000440:1,0.3833042348129573,True,False,False,False,0.8080453872680664,19.23429107666016,128.0,214.0,86.0,4,True,56.572967529296875,69.21835327148432,3915.8876520590825,0.003734481479701121,1.2235234652599567,84.85945129394526,103.82752990722656,8810.747217132937,0.008402583329327524,False,False,True,False,False,0.3-0.5
000441_p0001,datasets/dataset_yolo_bbox_v3i_li_archaeological_object_merged/images/val/000441.png,000441,012_ЛИХУША,012_ЛИХУША|Li|03_Лихуша_Li_карты_g.tif,1024,1024,586.22900390625,386.7835083007813,659.8053588867188,450.5039978027344,567.8349151611328,370.85338592529297,678.1994476318359,466.43412017822266,0.622647225856781,0,04_detection_yolo/reports/proposals/v3i_conf005/crops/000441_p0001.jpg,04_detection_yolo/reports/proposals/v3i_conf005/overlays/000441_p0001.jpg,val,000441:2,0.7174710676112704,True,True,True,False,0.6474258899688721,19.143022537231445,128.0,214.0,86.0,3,True,73.57635498046875,63.72048950195307,4688.321355124931,0.004471131663441592,1.1546734112614372,110.36453247070312,95.58073425292969,10548.723049031105,0.010060046242743592,False,False,True,True,False,0.5+
000441_p0002,datasets/dataset_yolo_bbox_v3i_li_archaeological_object_merged/images/val/000441.png,000441,012_ЛИХУША,012_ЛИХУША|Li|03_Лихуша_Li_карты_g.tif,1024,1024,532.66162109375,339.0458984375,598.8748779296875,406.246826171875,516.1083068847656,322.24566650390625,615.4281921386719,423.0470581054688,0.4235031008720398,0,04_detection_yolo/reports/proposals/v3i_conf005/crops/000441_p0002.jpg,04_detection_yolo/reports/proposals/v3i_conf005/overlays/000441_p0002.jpg,val,000441:1,0.6594381764206274,True,True,True,False,0.6474258899688721,19.143022537231445,128.0,214.0,86.0,3,True,66.2132568359375,67.200927734375,4449.592287689447,0.004243461883248756,1.0149165128802642,99.31988525390625,100.80139160156256,10011.582647301262,0.009547789237309706,False,False,True,True,False,0.5+
000441_p0003,datasets/dataset_yolo_bbox_v3i_li_archaeological_object_merged/images/val/000441.png,000441,012_ЛИХУША,012_ЛИХУША|Li|03_Лихуша_Li_карты_g.tif,1024,1024,478.388916015625,211.785400390625,534.0609741210938,277.12261962890625,464.4709014892578,195.4510955810547,547.9789886474609,293.45692443847656,0.1020812317728996,0,04_detection_yolo/reports/proposals/v3i_conf005/crops/000441_p0003.jpg,04_detection_yolo/reports/proposals/v3i_conf005/overlays/000441_p0003.jpg,val,000441:0,0.4126443633125788,True,False,True,False,0.6474258899688721,19.143022537231445,128.0,214.0,86.0,3,True,55.67205810546875,65.33721923828125,3637.4574658833444,0.003468949762233109,1.1736088346958935,83.50808715820312,98.00582885742188,8184.279298237525,0.007805136965024495,False,False,True,False,False,0.3-0.5
000441_p0004,datasets/dataset_yolo_bbox_v3i_li_archaeological_object_merged/images/val/000441.png,000441,012_ЛИХУША,012_ЛИХУША|Li|03_Лихуша_Li_карты_g.tif,1024,1024,525.9326171875,343.1710510253906,655.1591796875,450.36273193359375,493.6259765625,316.37313079833984,687.4658203125,477.1606521606445,0.0567488931119442,0,04_detection_yolo/reports/proposals/v3i_conf005/crops/000441_p0004.jpg,04_detection_yolo/reports/proposals/v3i_conf005/overlays/000441_p0004.jpg,val,000441:2,0.2428336633058797,False,False,True,False,0.6474258899688721,19.143022537231445,128.0,214.0,86.0,3,True,129.2265625,107.19168090820312,13852.012452363968,0.01321030850635907,1.2055652211543089,193.83984375,160.78752136230463,31167.028017818917,0.029723194139307896,False,False,False,False,True,0.1-0.3
000443_p0001,datasets/dataset_yolo_bbox_v3i_li_archaeological_object_merged/images/val/000443.png,000443,013_БЕРВЕНЕЦ,013_БЕРВЕНЕЦ|Li|03_Бервенец_Li_карты_g.tif,1024,1024,871.75,871.9461059570312,1024.0,1024.0,833.6875,833.9326324462891,1024.0,1024.0,0.0894660428166389,0,04_detection_yolo/reports/proposals/v3i_conf005/crops/000443_p0001.jpg,04_detection_yolo/reports/proposals/v3i_conf005/overlays/000443_p0001.jpg,val,,0.0,False,False,True,False,0.7892007827758789,20.027324676513672,130.0,217.0,87.0,0,False,152.25,152.05389404296875,23150.205368041992,0.022077756279031746,1.0012897134812992,190.3125,190.06736755371094,36172.19588756561,0.0344964941859871,True,True,False,False,True,0
000444_p0001,datasets/dataset_yolo_bbox_v3i_li_archaeological_object_merged/images/val/000444.png,000444,013_БЕРВЕНЕЦ,013_БЕРВЕНЕЦ|Li|03_Бервенец_Li_карты_g.tif,1024,1024,488.67767333984375,489.8861389160156,562.8116455078125,564.7646484375,470.1441802978516,471.1665115356445,581.3451385498047,583.4842758178711,0.9308977127075196,0,04_detection_yolo/reports/proposals/v3i_conf005/crops/000444_p0001.jpg,04_detection_yolo/reports/proposals/v3i_conf005/overlays/000444_p0001.jpg,val,000444:5,0.6430300689245049,True,True,False,False,0.9835824966430664,15.647581100463867,145.0,217.0,72.0,7,True,74.13397216796875,74.87850952148438,5551.041340844706,0.005293885556072908,1.0100431331512723,111.20095825195307,112.31776428222662,12489.843016900588,0.011911242501164043,False,False,True,True,False,0.5+
000444_p0002,datasets/dataset_yolo_bbox_v3i_li_archaeological_object_merged/images/val/000444.png,000444,013_БЕРВЕНЕЦ,013_БЕРВЕНЕЦ|Li|03_Бервенец_Li_карты_g.tif,1024,1024,607.765625,539.9491577148438,681.6224365234375,608.028076171875,589.3014221191406,522.9294281005859,700.0866394042969,625.0478057861328,0.8497762680053711,0,04_detection_yolo/reports/proposals/v3i_conf005/crops/000444_p0002.jpg,04_detection_yolo/reports/proposals/v3i_conf005/overlays/000444_p0002.jpg,val,000444:6,0.7958600647114041,True,True,False,False,0.9835824966430664,15.647581100463867,145.0,217.0,72.0,7,True,73.8568115234375,68.07891845703125,5028.0918492004275,0.004795162057114055,1.0848705178836386,110.78521728515625,102.11837768554688,11313.206660700962,0.010789114628506624,False,False,True,True,False,0.5+
000444_p0003,datasets/dataset_yolo_bbox_v3i_li_archaeological_object_merged/images/val/000444.png,000444,013_БЕРВЕНЕЦ,013_БЕРВЕНЕЦ|Li|03_Бервенец_Li_карты_g.tif,1024,1024,592.7048950195312,598.3712158203125,660.5691528320312,660.0706176757812,575.7388305664062,582.9463653564453,677.5352172851562,675.4954681396484,0.8270813226699829,0,04_detection_yolo/reports/proposals/v3i_conf005/crops/000444_p0003.jpg,04_detection_yolo/reports/proposals/v3i_conf005/overlays/000444_p0003.jpg,val,000444:3,0.7758777505749423,True,True,False,False,0.9835824966430664,15.647581100463867,145.0,217.0,72.0,7,True,67.8642578125,61.69940185546875,4187.184114396572,0.00399320994796426,1.09991759679409,101.79638671875,92.54910278320312,9421.164257392287,0.008984722382919585,False,False,True,True,False,0.5+
000444_p0004,datasets/dataset_yolo_bbox_v3i_li_archaeological_object_merged/images/val/000444.png,000444,013_БЕРВЕНЕЦ,013_БЕРВЕНЕЦ|Li|03_Бервенец_Li_карты_g.tif,1024,1024,571.9612426757812,833.0682373046875,650.7950439453125,903.2145385742188,552.2527923583984,815.5316619873047,670.5034942626953,920.7511138916016,0.7680602669715881,0,04_detection_yolo/reports/proposals/v3i_conf005/crops/000444_p0004.jpg,04_detection_yolo/reports/proposals/v3i_conf005/overlays/000444_p0004.jpg,val,000444:2,0.6936256758578904,True,True,False,False,0.9835824966430664,15.647581100463867,145.0,217.0,72.0,7,True,78.83380126953125,70.14630126953125,5529.899574074894,0.005273723196101088,1.1238482976688822,118.25070190429688,105.21945190429688,12442.274041668512,0.011865877191227447,False,False,True,True,False,0.5+
000444_p0005,datasets/dataset_yolo_bbox_v3i_li_archaeological_object_merged/images/val/000444.png,000444,013_БЕРВЕНЕЦ,013_БЕРВЕНЕЦ|Li|03_Бервенец_Li_карты_g.tif,1024,1024,598.64453125,457.1004943847656,653.7664184570312,513.6041870117188,584.8640594482422,442.97457122802734,667.5468902587891,527.730110168457,0.6086872220039368,0,04_detection_yolo/reports/proposals/v3i_conf005/crops/000444_p0005.jpg,04_detection_yolo/reports/proposals/v3i_conf005/overlays/000444_p0005.jpg,val,000444:1,0.7493467912979519,True,True,False,False,0.9835824966430664,15.647581100463867,145.0,217.0,72.0,7,True,55.12188720703125,56.503692626953125,3114.5901717636734,0.002970304652942346,1.025068180534748,82.68283081054688,84.75553894042969,7007.827886468265,0.0066831854691202786,False,False,True,True,False,0.5+
000444_p0006,datasets/dataset_yolo_bbox_v3i_li_archaeological_object_merged/images/val/000444.png,000444,013_БЕРВЕНЕЦ,013_БЕРВЕНЕЦ|Li|03_Бервенец_Li_карты_g.tif,1024,1024,519.3675537109375,585.4241943359375,562.7804565429688,623.5986328125,508.5143280029297,575.8805847167969,573.6336822509766,633.1422424316406,0.3362134099006653,0,04_detection_yolo/reports/proposals/v3i_conf005/crops/000444_p0006.jpg,04_detection_yolo/reports/proposals/v3i_conf005/overlays/000444_p0006.jpg,val,000444:4,0.5706779448786574,True,True,False,False,0.9835824966430664,15.647581100463867,145.0,217.0,72.0,7,True,43.41290283203125,38.1744384765625,1657.2631882503629,0.0015804893381599072,1.137224398433128,65.11935424804688,57.26165771484375,3728.8421735633165,0.0035561010108597912,False,False,True,True,False,0.5+
000444_p0007,datasets/dataset_yolo_bbox_v3i_li_archaeological_object_merged/images/val/000444.png,000444,013_БЕРВЕНЕЦ,013_БЕРВЕНЕЦ|Li|03_Бервенец_Li_карты_g.tif,1024,1024,590.8053588867188,553.0060424804688,686.0348510742188,658.951171875,566.9979858398438,526.5197601318359,709.8422241210938,685.4374542236328,0.2099359929561615,0,04_detection_yolo/reports/proposals/v3i_conf005/crops/000444_p0007.jpg,04_detection_yolo/reports/proposals/v3i_conf005/overlays/000444_p0007.jpg,val,000444:6,0.4321318594450162,True,False,False,False,0.9835824966430664,15.647581100463867,145.0,217.0,72.0,7,True,95.2294921875,105.94512939453125,10089.10087198019,0.009621716377239409,1.112524355227401,142.84423828125,158.91769409179688,22700.476961955428,0.02164886184878867,False,False,True,False,False,0.3-0.5
000444_p0008,datasets/dataset_yolo_bbox_v3i_li_archaeological_object_merged/images/val/000444.png,000444,013_БЕРВЕНЕЦ,013_БЕРВЕНЕЦ|Li|03_Бервенец_Li_карты_g.tif,1024,1024,593.7962036132812,526.3268432617188,659.8259887695312,597.53564453125,577.2887573242188,508.524642944336,676.3334350585938,615.3378448486328,0.1509400010108947,0,04_detection_yolo/reports/proposals/v3i_conf005/crops/000444_p0008.jpg,04_detection_yolo/reports/proposals/v3i_conf005/overlays/000444_p0008.jpg,val,000444:6,0.4019295508952138,True,False,False,False,0.9835824966430664,15.647581100463867,145.0,217.0,72.0,7,True,66.02978515625,71.20880126953125,4701.901849061251,0.004484083031712771,1.0784345443654837,99.044677734375,106.81320190429682,10579.279160387809,0.01008918682135373,False,False,True,False,False,0.3-0.5
000444_p0009,datasets/dataset_yolo_bbox_v3i_li_archaeological_object_merged/images/val/000444.png,000444,013_БЕРВЕНЕЦ,013_БЕРВЕНЕЦ|Li|03_Бервенец_Li_карты_g.tif,1024,1024,434.1853637695313,794.51806640625,477.7229614257813,835.2254638671875,423.3009643554688,784.3412170410156,488.60736083984375,845.4023132324219,0.1365034431219101,0,04_detection_yolo/reports/proposals/v3i_conf005/crops/000444_p0009.jpg,04_detection_yolo/reports/proposals/v3i_conf005/overlays/000444_p0009.jpg,val,000444:0,0.0,False,False,False,False,0.9835824966430664,15.647581100463867,145.0,217.0,72.0,7,True,43.53759765625,40.7073974609375,1772.3022922873497,0.001690199177062368,1.0695254516830348,65.30639648437494,61.06109619140625,3987.680157646533,0.0038029481483903248,False,False,False,False,True,0
000444_p0010,datasets/dataset_yolo_bbox_v3i_li_archaeological_object_merged/images/val/000444.png,000444,013_БЕРВЕНЕЦ,013_БЕРВЕНЕЦ|Li|03_Бервенец_Li_карты_g.tif,1024,1024,514.59130859375,339.2645568847656,577.5856323242188,435.8865661621094,498.8427276611328,315.1090545654297,593.3342132568359,460.0420684814453,0.125919908285141,0,04_detection_yolo/reports/proposals/v3i_conf005/crops/000444_p0010.jpg,04_detection_yolo/reports/proposals/v3i_conf005/overlays/000444_p0010.jpg,val,000444:0,0.4396824561310674,True,False,False,False,0.9835824966430664,15.647581100463867,145.0,217.0,72.0,7,True,62.99432373046875,96.62200927734375,6086.638131905347,0.005804670459657046,1.533820883461761,94.49148559570312,144.93301391601562,13694.935796787031,0.013060508534228354,False,False,True,False,False,0.3-0.5
000444_p0011,datasets/dataset_yolo_bbox_v3i_li_archaeological_object_merged/images/val/000444.png,000444,013_БЕРВЕНЕЦ,013_БЕРВЕНЕЦ|Li|03_Бервенец_Li_карты_g.tif,1024,1024,645.2996215820312,567.577880859375,688.33935546875,620.5009155273438,634.5396881103516,554.3471221923828,699.0992889404297,633.7316741943359,0.0921459197998046,0,04_detection_yolo/reports/proposals/v3i_conf005/crops/000444_p0011.jpg,04_detection_yolo/reports/proposals/v3i_conf005/overlays/000444_p0011.jpg,val,000444:6,0.2817875092778402,False,False,False,False,0.9835824966430664,15.647581100463867,145.0,217.0,72.0,7,True,43.03973388671875,52.92303466796875,2277.793328586966,0.0021722729955548914,1.2296320141584287,64.55960083007812,79.38455200195312,5125.034989320673,0.004887614239998506,False,False,False,False,True,0.1-0.3
000444_p0012,datasets/dataset_yolo_bbox_v3i_li_archaeological_object_merged/images/val/000444.png,000444,013_БЕРВЕНЕЦ,013_БЕРВЕНЕЦ|Li|03_Бервенец_Li_карты_g.tif,1024,1024,704.8541870117188,364.7247619628906,738.1672973632812,397.5481872558594,696.5259094238281,356.51890563964844,746.4955749511719,405.7540435791016,0.0803422629833221,0,04_detection_yolo/reports/proposals/v3i_conf005/crops/000444_p0012.jpg,04_detection_yolo/reports/proposals/v3i_conf005/overlays/000444_p0012.jpg,val,000444:0,0.0,False,False,False,False,0.9835824966430664,15.647581100463867,145.0,217.0,72.0,7,True,33.3131103515625,32.82342529296875,1093.4503889009356,0.001042795552159248,1.0149187677466023,49.96966552734375,49.23513793945318,2460.263375027108,0.0023462899923583106,False,False,False,False,True,0
000445_p0001,datasets/dataset_yolo_bbox_v3i_li_archaeological_object_merged/images/val/000445.png,000445,013_БЕРВЕНЕЦ,013_БЕРВЕНЕЦ|Li|03_Бервенец_Li_карты_g.tif,1024,1024,493.0354919433594,0.0,561.299560546875,51.956993103027344,475.96947479248047,0.0,578.3655776977539,64.94624137878418,0.8876851797103882,0,04_detection_yolo/reports/proposals/v3i_conf005/crops/000445_p0001.jpg,04_detection_yolo/reports/proposals/v3i_conf005/overlays/000445_p0001.jpg,val,000445:3,0.7735099035558247,True,True,True,True,0.732816219329834,13.963457107543944,145.0,207.0,62.0,5,True,68.26406860351562,51.956993103027344,3546.7957416174468,0.003382488004319617,1.313857183154391,102.39610290527344,64.94624137878418,6650.242015532713,0.006342165008099282,True,True,True,True,False,0.5+
000445_p0002,datasets/dataset_yolo_bbox_v3i_li_archaeological_object_merged/images/val/000445.png,000445,013_БЕРВЕНЕЦ,013_БЕРВЕНЕЦ|Li|03_Бервенец_Li_карты_g.tif,1024,1024,593.9635009765625,83.9144058227539,660.4581909179688,146.26699829101562,577.3398284912109,68.32625770568848,677.0818634033203,161.85514640808103,0.8523210883140564,0,04_detection_yolo/reports/proposals/v3i_conf005/crops/000445_p0002.jpg,04_detection_yolo/reports/proposals/v3i_conf005/overlays/000445_p0002.jpg,val,000445:1,0.7835629187242363,True,True,True,True,0.732816219329834,13.963457107543944,145.0,207.0,62.0,5,True,66.49468994140625,62.35259246826172,4146.116303219926,0.003954044631214071,1.0664302366457805,99.74203491210938,93.52888870239255,9328.761682244829,0.008896600420231656,False,False,True,True,False,0.5+
000445_p0003,datasets/dataset_yolo_bbox_v3i_li_archaeological_object_merged/images/val/000445.png,000445,013_БЕРВЕНЕЦ,013_БЕРВЕНЕЦ|Li|03_Бервенец_Li_карты_g.tif,1024,1024,598.0858154296875,12.917040824890137,687.9708251953125,92.14971923828124,575.6145629882812,0.0,710.4420776367188,111.95788884162904,0.8119804859161377,0,04_detection_yolo/reports/proposals/v3i_conf005/crops/000445_p0003.jpg,04_detection_yolo/reports/proposals/v3i_conf005/overlays/000445_p0003.jpg,val,000445:4,0.5924475366799837,True,True,True,True,0.732816219329834,13.963457107543944,145.0,207.0,62.0,5,True,89.885009765625,79.2326784133911,7121.830072944284,0.006791906426376614,1.1344436609432296,134.8275146484375,111.95788884162904,15095.003897802877,0.014395717523386838,False,True,True,True,False,0.5+
000445_p0004,datasets/dataset_yolo_bbox_v3i_li_archaeological_object_merged/images/val/000445.png,000445,013_БЕРВЕНЕЦ,013_БЕРВЕНЕЦ|Li|03_Бервенец_Li_карты_g.tif,1024,1024,570.93896484375,317.19830322265625,649.9049682617188,388.9962463378906,551.1974639892578,299.24881744384766,669.6464691162109,406.9457321166992,0.7691256999969482,0,04_detection_yolo/reports/proposals/v3i_conf005/crops/000445_p0004.jpg,04_detection_yolo/reports/proposals/v3i_conf005/overlays/000445_p0004.jpg,val,000445:0,0.6933810265810596,True,True,True,True,0.732816219329834,13.963457107543944,145.0,207.0,62.0,5,True,78.96600341796875,71.79794311523438,5669.5966214407235,0.005406948682251667,1.0998365690118694,118.44900512695312,107.69691467285156,12756.592398241628,0.01216563453506625,False,False,True,True,False,0.5+
000445_p0005,datasets/dataset_yolo_bbox_v3i_li_archaeological_object_merged/images/val/000445.png,000445,013_БЕРВЕНЕЦ,013_БЕРВЕНЕЦ|Li|03_Бервенец_Li_карты_g.tif,1024,1024,518.87646484375,71.50590515136719,561.8856201171875,107.77181243896484,508.1241760253906,62.43942832946777,572.6379089355469,116.83828926086426,0.3479756116867065,0,04_detection_yolo/reports/proposals/v3i_conf005/crops/000445_p0005.jpg,04_detection_yolo/reports/proposals/v3i_conf005/overlays/000445_p0005.jpg,val,000445:2,0.5506666384793377,True,True,True,True,0.732816219329834,13.963457107543944,145.0,207.0,62.0,5,True,43.0091552734375,36.265907287597656,1559.7660376643762,0.0014875088097232592,1.1859390400015146,64.51373291015625,54.398860931396484,3509.4735847448464,0.003346894821877333,False,False,True,True,False,0.5+
000445_p0006,datasets/dataset_yolo_bbox_v3i_li_archaeological_object_merged/images/val/000445.png,000445,013_БЕРВЕНЕЦ,013_БЕРВЕНЕЦ|Li|03_Бервенец_Li_карты_g.tif,1024,1024,593.0439453125,50.996131896972656,684.4542846679688,144.24525451660156,570.1913604736328,27.68385124206543,707.3068695068359,167.5575351715088,0.2650898993015289,0,04_detection_yolo/reports/proposals/v3i_conf005/crops/000445_p0006.jpg,04_detection_yolo/reports/proposals/v3i_conf005/overlays/000445_p0006.jpg,val,000445:1,0.3811318827136121,True,False,True,True,0.732816219329834,13.963457107543944,145.0,207.0,62.0,5,True,91.41033935546875,93.2491226196289,8523.933943259995,0.008129056876430507,1.020115703290518,137.11550903320312,139.87368392944336,19178.85137233499,0.01829037797196864,False,False,True,False,False,0.3-0.5
000445_p0007,datasets/dataset_yolo_bbox_v3i_li_archaeological_object_merged/images/val/000445.png,000445,013_БЕРВЕНЕЦ,013_БЕРВЕНЕЦ|Li|03_Бервенец_Li_карты_g.tif,1024,1024,432.2168884277344,278.0086975097656,475.6532287597656,323.16339111328125,421.35780334472656,266.7200241088867,486.51231384277344,334.45206451416016,0.1984408795833587,0,04_detection_yolo/reports/proposals/v3i_conf005/crops/000445_p0007.jpg,04_detection_yolo/reports/proposals/v3i_conf005/overlays/000445_p0007.jpg,val,000445:0,0.0,False,False,True,True,0.732816219329834,13.963457107543944,145.0,207.0,62.0,5,True,43.43634033203125,45.154693603515625,1961.3546389508992,0.0018704935445317261,1.0395602681613858,65.15451049804688,67.73204040527344,4413.047937639523,0.004208610475196384,False,False,False,False,True,0
000445_p0008,datasets/dataset_yolo_bbox_v3i_li_archaeological_object_merged/images/val/000445.png,000445,013_БЕРВЕНЕЦ,013_БЕРВЕНЕЦ|Li|03_Бервенец_Li_карты_g.tif,1024,1024,507.5415954589844,7.418688774108887,689.8810424804688,152.30975341796875,461.9567337036133,0.0,735.4659042358398,188.5325195789337,0.0669859945774078,0,04_detection_yolo/reports/proposals/v3i_conf005/crops/000445_p0008.jpg,04_detection_yolo/reports/proposals/v3i_conf005/overlays/000445_p0008.jpg,val,000445:4,0.1989150775527107,False,False,True,True,0.732816219329834,13.963457107543944,145.0,207.0,62.0,5,True,182.33944702148438,144.89106464385986,26419.356605515553,0.02519546185065799,1.2584588806057302,273.50917053222656,188.5325195789337,51565.373048384914,0.04917657189215175,False,True,False,False,True,0.1-0.3
000447_p0001,datasets/dataset_yolo_bbox_v3i_li_archaeological_object_merged/images/val/000447.png,000447,025_ШУМГОРА,025_ШУМГОРА|Li|03_Шумгора_Li_карты_g.tif,1024,1024,0.0,1.7395508289337158,436.8140563964844,407.742919921875,0.0,0.0,546.0175704956055,509.2437621951103,0.109506718814373,0,04_detection_yolo/reports/proposals/v3i_conf005/crops/000447_p0001.jpg,04_detection_yolo/reports/proposals/v3i_conf005/overlays/000447_p0001.jpg,val,000447:0,0.0,False,False,False,False,0.9999456405639648,22.33478164672852,117.0,224.0,107.0,1,True,436.8140563964844,406.0033690929413,177347.9785641267,0.16913221222317382,1.0758877626369894,546.0175704956055,509.2437621951103,278056.041823816,0.2651749056089554,True,True,False,False,True,0
000447_p0002,datasets/dataset_yolo_bbox_v3i_li_archaeological_object_merged/images/val/000447.png,000447,025_ШУМГОРА,025_ШУМГОРА|Li|03_Шумгора_Li_карты_g.tif,1024,1024,0.0,370.0301818847656,630.2296752929688,1024.0,0.0,206.53772735595703,787.7870941162109,1024.0,0.0716339200735092,0,04_detection_yolo/reports/proposals/v3i_conf005/crops/000447_p0002.jpg,04_detection_yolo/reports/proposals/v3i_conf005/overlays/000447_p0002.jpg,val,000447:0,0.3855342015998141,True,False,False,False,0.9999456405639648,22.33478164672852,117.0,224.0,107.0,1,True,630.2296752929688,653.9698181152344,412151.186122166,0.39305800068108177,1.0376690336125949,787.7870941162109,817.462272644043,643986.2283158844,0.6141531260641903,True,True,True,False,False,0.3-0.5
000449_p0001,datasets/dataset_yolo_bbox_v3i_li_archaeological_object_merged/images/val/000449.png,000449,025_ШУМГОРА,025_ШУМГОРА|Li|03_Шумгора_Li_карты_g.tif,1024,1024,844.4962158203125,571.8426513671875,1024.0,1020.36181640625,799.6202697753906,459.7128601074219,1024.0,1024.0,0.1513211578130722,0,04_detection_yolo/reports/proposals/v3i_conf005/crops/000449_p0001.jpg,04_detection_yolo/reports/proposals/v3i_conf005/overlays/000449_p0001.jpg,val,000449:0,0.0,False,False,False,True,0.999964475631714,18.852846145629883,133.0,219.0,86.0,1,True,179.5037841796875,448.5191650390625,80510.88740162551,0.07678116550600578,2.4986613351286473,224.37973022460938,564.2871398925781,126614.59621831309,0.1207490884955531,True,True,False,False,True,0
000450_p0001,datasets/dataset_yolo_bbox_v3i_li_archaeological_object_merged/images/val/000450.png,000450,025_ШУМГОРА,025_ШУМГОРА|Li|03_Шумгора_Li_карты_g.tif,1024,1024,308.62017822265625,216.9215850830078,525.3514404296875,409.1143493652344,254.43736267089844,168.87339401245117,579.5342559814453,457.162540435791,0.0637262612581253,0,04_detection_yolo/reports/proposals/v3i_conf005/crops/000450_p0001.jpg,04_detection_yolo/reports/proposals/v3i_conf005/overlays/000450_p0001.jpg,val,000450:0,0.0,False,False,False,True,0.9999599456787108,20.47602272033692,128.0,222.0,94.0,1,True,216.73126220703125,192.19276428222656,41654.180389945395,0.0397245220088438,1.1276764919660087,325.0968933105469,288.28914642333984,93721.90587737714,0.08938017451989855,False,False,False,False,True,0
000451_p0001,datasets/dataset_yolo_bbox_v3i_li_archaeological_object_merged/images/val/000451.png,000451,025_ШУМГОРА,025_ШУМГОРА|Li|03_Шумгора_Li_карты_g.tif,1024,1024,6.241003513336182,337.3517150878906,179.7970733642578,490.1282653808594,0.0,299.15757751464844,223.18609082698825,528.3224029541016,0.1182995811104774,0,04_detection_yolo/reports/proposals/v3i_conf005/crops/000451_p0001.jpg,04_detection_yolo/reports/proposals/v3i_conf005/overlays/000451_p0001.jpg,val,,0.0,False,False,False,False,0.9600517749786376,16.160503387451172,138.0,207.0,69.0,0,False,173.55606985092163,152.77655029296875,26515.297634229326,0.02528695834563191,1.136012493528002,223.18609082698825,229.16482543945312,51146.40154488069,0.04877700952995366,False,True,False,False,True,0
000451_p0002,datasets/dataset_yolo_bbox_v3i_li_archaeological_object_merged/images/val/000451.png,000451,025_ШУМГОРА,025_ШУМГОРА|Li|03_Шумгора_Li_карты_g.tif,1024,1024,762.7898559570312,887.2047119140625,1023.7150268554688,1024.0,697.5585632324219,853.0058898925781,1024.0,1024.0,0.0729648172855377,0,04_detection_yolo/reports/proposals/v3i_conf005/crops/000451_p0002.jpg,04_detection_yolo/reports/proposals/v3i_conf005/overlays/000451_p0002.jpg,val,,0.0,False,False,False,False,0.9600517749786376,16.160503387451172,138.0,207.0,69.0,0,False,260.9251708984375,136.7952880859375,35693.33392192423,0.03403981582825111,1.907413439083656,326.4414367675781,170.99411010742188,55819.56298226025,0.05323368356920266,True,True,False,False,True,0
000451_p0003,datasets/dataset_yolo_bbox_v3i_li_archaeological_object_merged/images/val/000451.png,000451,025_ШУМГОРА,025_ШУМГОРА|Li|03_Шумгора_Li_карты_g.tif,1024,1024,0.0,363.1958923339844,118.69319152832033,482.6421813964844,0.0,333.3343200683594,148.3664894104004,512.5037536621094,0.0638687163591384,0,04_detection_yolo/reports/proposals/v3i_conf005/crops/000451_p0003.jpg,04_detection_yolo/reports/proposals/v3i_conf005/overlays/000451_p0003.jpg,val,,0.0,False,False,False,False,0.9600517749786376,16.160503387451172,138.0,207.0,69.0,0,False,118.69319152832033,119.4462890625,14177.461265042426,0.013520680680315424,1.0063449092949868,148.3664894104004,179.16943359375,26582.739871954545,0.025351276275591417,True,True,False,False,True,0
000451_p0004,datasets/dataset_yolo_bbox_v3i_li_archaeological_object_merged/images/val/000451.png,000451,025_ШУМГОРА,025_ШУМГОРА|Li|03_Шумгора_Li_карты_g.tif,1024,1024,0.0,4.033349514007568,337.9623413085937,80.8116226196289,0.0,0.0,422.4529266357422,100.00619089603424,0.0624563544988632,0,04_detection_yolo/reports/proposals/v3i_conf005/crops/000451_p0004.jpg,04_detection_yolo/reports/proposals/v3i_conf005/overlays/000451_p0004.jpg,val,,0.0,False,False,False,False,0.9600517749786376,16.160503387451172,138.0,207.0,69.0,0,False,337.9623413085937,76.77827310562134,25948.16494040642,0.024746098461538715,4.401796597374235,422.4529266357422,100.00619089603424,42247.90802572238,0.04029074480602492,True,True,False,False,True,0
000452_p0001,datasets/dataset_yolo_bbox_v3i_li_archaeological_object_merged/images/val/000452.png,000452,025_ШУМГОРА,025_ШУМГОРА|Li|03_Шумгора_Li_карты_g.tif,1024,1024,853.9564208984375,345.74676513671875,1024.0,889.5369262695312,811.4455261230469,209.7992248535156,1024.0,1024.0,0.084852211177349,0,04_detection_yolo/reports/proposals/v3i_conf005/crops/000452_p0001.jpg,04_detection_yolo/reports/proposals/v3i_conf005/overlays/000452_p0001.jpg,val,,0.0,False,False,False,False,0.9621593952178956,15.116846084594728,135.0,207.0,72.0,0,False,170.0435791015625,543.7901611328125,92468.02527923882,0.08818438079761393,3.197945867794403,212.55447387695312,814.2007751464844,173062.0173914684,0.16504480113169517,True,True,False,False,True,0
000453_p0001,datasets/dataset_yolo_bbox_v3i_li_archaeological_object_merged/images/val/000453.png,000453,025_ШУМГОРА,025_ШУМГОРА|Li|03_Шумгора_Li_карты_g.tif,1024,1024,744.0299072265625,0.1845214813947677,1023.2666015625,230.99282836914065,674.2207336425781,0.0,1024.0,288.6949050910771,0.1391428858041763,0,04_detection_yolo/reports/proposals/v3i_conf005/crops/000453_p0001.jpg,04_detection_yolo/reports/proposals/v3i_conf005/overlays/000453_p0001.jpg,val,,0.0,False,False,False,False,0.9999914169311525,11.625531196594238,153.0,201.0,48.0,0,False,279.2366943359375,230.80830688774589,64450.14864060876,0.06146445144711376,1.2098208166820654,349.7792663574219,288.6949050910771,100979.49210388248,0.09630154810322045,True,True,False,False,True,0
000453_p0002,datasets/dataset_yolo_bbox_v3i_li_archaeological_object_merged/images/val/000453.png,000453,025_ШУМГОРА,025_ШУМГОРА|Li|03_Шумгора_Li_карты_g.tif,1024,1024,0.8205932378768921,251.6385803222656,148.18019104003906,436.203857421875,0.0,205.49726104736328,185.0200904905796,482.3451766967773,0.1265340894460678,0,04_detection_yolo/reports/proposals/v3i_conf005/crops/000453_p0002.jpg,04_detection_yolo/reports/proposals/v3i_conf005/overlays/000453_p0002.jpg,val,,0.0,False,False,False,False,0.9999914169311525,11.625531196594238,153.0,201.0,48.0,0,False,147.35959780216217,184.5652770996094,27197.465001643053,0.025937523843424848,1.252482226148566,185.0200904905796,276.847915649414,51222.426405582926,0.048849512487013746,True,True,False,False,True,0
000453_p0003,datasets/dataset_yolo_bbox_v3i_li_archaeological_object_merged/images/val/000453.png,000453,025_ШУМГОРА,025_ШУМГОРА|Li|03_Шумгора_Li_карты_g.tif,1024,1024,461.00927734375,0.0,1024.0,240.24917602539065,320.2615966796875,0.0,1024.0,300.3114700317383,0.0628259778022766,0,04_detection_yolo/reports/proposals/v3i_conf005/crops/000453_p0003.jpg,04_detection_yolo/reports/proposals/v3i_conf005/overlays/000453_p0003.jpg,val,,0.0,False,False,False,False,0.9999914169311525,11.625531196594238,153.0,201.0,48.0,0,False,562.99072265625,240.24917602539065,135258.0572281033,0.12899213526544887,2.3433617212354165,703.7384033203125,300.3114700317383,211340.71441891138,0.2015502113522638,True,True,False,False,True,0
000453_p0004,datasets/dataset_yolo_bbox_v3i_li_archaeological_object_merged/images/val/000453.png,000453,025_ШУМГОРА,025_ШУМГОРА|Li|03_Шумгора_Li_карты_g.tif,1024,1024,738.9461059570312,94.32742309570312,793.1148681640625,157.97903442382812,725.4039154052734,78.41452026367188,806.6570587158203,173.89193725585938,0.0585241615772247,0,04_detection_yolo/reports/proposals/v3i_conf005/crops/000453_p0004.jpg,04_detection_yolo/reports/proposals/v3i_conf005/overlays/000453_p0004.jpg,val,,0.0,False,False,False,False,0.9999914169311525,11.625531196594238,153.0,201.0,48.0,0,False,54.16876220703125,63.651611328125,3447.9289981275797,0.003288201330306606,1.1750612111986352,81.25314331054688,95.4774169921875,7757.840245787054,0.0073984529931898635,False,False,False,False,True,0
000453_p0005,datasets/dataset_yolo_bbox_v3i_li_archaeological_object_merged/images/val/000453.png,000453,025_ШУМГОРА,025_ШУМГОРА|Li|03_Шумгора_Li_карты_g.tif,1024,1024,0.0,585.10107421875,691.1529541015625,1019.5321044921876,0.0,476.4933166503906,863.9411926269531,1024.0,0.0501827038824558,0,04_detection_yolo/reports/proposals/v3i_conf005/crops/000453_p0005.jpg,04_detection_yolo/reports/proposals/v3i_conf005/overlays/000453_p0005.jpg,val,,0.0,False,False,False,False,0.9999914169311525,11.625531196594238,153.0,201.0,48.0,0,False,691.1529541015625,434.4310302734376,300258.2899268717,0.286348619391319,1.590938275441651,863.9411926269531,547.5066833496094,473013.5769842891,0.451100899681367,True,True,False,False,True,0
000454_p0001,datasets/dataset_yolo_bbox_v3i_li_archaeological_object_merged/images/val/000454.png,000454,025_ШУМГОРА,025_ШУМГОРА|Li|03_Шумгора_Li_карты_g.tif,1024,1024,605.3668212890625,619.7083740234375,719.7086181640625,678.853515625,576.7813720703125,604.9220886230469,748.2940673828125,693.6398010253906,0.1218410655856132,0,04_detection_yolo/reports/proposals/v3i_conf005/crops/000454_p0001.jpg,04_detection_yolo/reports/proposals/v3i_conf005/overlays/000454_p0001.jpg,val,000454:0,0.1138249654526702,False,False,False,False,0.999992847442627,14.30336570739746,145.0,209.0,64.0,1,True,114.341796875,59.1451416015625,6762.761767148972,0.006449472205304119,1.933240732523317,171.5126953125,88.71771240234375,15216.213976085186,0.014511312461934267,False,False,False,False,True,0.1-0.3
000454_p0002,datasets/dataset_yolo_bbox_v3i_li_archaeological_object_merged/images/val/000454.png,000454,025_ШУМГОРА,025_ШУМГОРА|Li|03_Шумгора_Li_карты_g.tif,1024,1024,186.98556518554688,935.4192504882812,285.84405517578125,1024.0,162.27094268798828,913.2740631103516,310.55867767333984,1024.0,0.065590851008892,0,04_detection_yolo/reports/proposals/v3i_conf005/crops/000454_p0002.jpg,04_detection_yolo/reports/proposals/v3i_conf005/overlays/000454_p0002.jpg,val,000454:0,0.0,False,False,False,False,0.999992847442627,14.30336570739746,145.0,209.0,64.0,1,True,98.85848999023438,88.58074951171875,8756.959138931707,0.008351287020618159,1.116026795157744,148.28773498535156,110.72593688964844,16419.29838549695,0.015658663163659048,True,True,False,False,True,0
000455_p0001,datasets/dataset_yolo_bbox_v3i_li_archaeological_object_merged/images/val/000455.png,000455,025_ШУМГОРА,025_ШУМГОРА|Li|03_Шумгора_Li_карты_g.tif,1024,1024,334.9766540527344,897.0389404296875,468.4732360839844,1023.4338989257812,301.6025085449219,865.4402008056641,501.8473815917969,1024.0,0.0770185366272926,0,04_detection_yolo/reports/proposals/v3i_conf005/crops/000455_p0001.jpg,04_detection_yolo/reports/proposals/v3i_conf005/overlays/000455_p0001.jpg,val,000455:0,0.0,False,False,True,True,0.7557907104492188,13.640326499938965,148.0,209.0,61.0,1,True,133.49658203125,126.39495849609375,16873.29494521022,0.01609162802239439,1.0561859714948656,200.244873046875,158.55979919433594,31750.786860007793,0.030279909954078477,True,True,False,False,True,0
000456_p0001,datasets/dataset_yolo_bbox_v3i_li_archaeological_object_merged/images/val/000456.png,000456,025_ШУМГОРА,025_ШУМГОРА|Li|03_Шумгора_Li_карты_g.tif,1024,1024,620.6126098632812,286.0473022460937,783.76904296875,417.3333129882813,579.8235015869141,253.22579956054688,824.5581512451172,450.1548156738281,0.2265721708536148,0,04_detection_yolo/reports/proposals/v3i_conf005/crops/000456_p0001.jpg,04_detection_yolo/reports/proposals/v3i_conf005/overlays/000456_p0001.jpg,val,000456:0,0.5526003698362468,True,True,False,False,0.9999709129333496,19.62802124023437,120.0,219.0,99.0,1,True,163.15643310546875,131.2860107421876,21420.157229341585,0.02042785380300673,1.2427556613466346,244.73464965820312,196.92901611328125,48195.353766018525,0.0459626710567651,False,False,True,True,False,0.5+
000456_p0002,datasets/dataset_yolo_bbox_v3i_li_archaeological_object_merged/images/val/000456.png,000456,025_ШУМГОРА,025_ШУМГОРА|Li|03_Шумгора_Li_карты_g.tif,1024,1024,236.46728515625,724.3438720703125,365.6090393066406,809.482421875,204.18184661865237,703.0592346191406,397.8944778442383,830.7670593261719,0.1738875359296798,0,04_detection_yolo/reports/proposals/v3i_conf005/crops/000456_p0002.jpg,04_detection_yolo/reports/proposals/v3i_conf005/overlays/000456_p0002.jpg,val,000456:0,0.0,False,False,False,False,0.9999709129333496,19.62802124023437,120.0,219.0,99.0,1,True,129.14175415039062,85.1385498046875,10994.94166759774,0.01048559347877287,1.5168423052383309,193.7126312255859,127.70782470703125,24738.618752094913,0.023592585327238954,False,False,False,False,True,0
000456_p0003,datasets/dataset_yolo_bbox_v3i_li_archaeological_object_merged/images/val/000456.png,000456,025_ШУМГОРА,025_ШУМГОРА|Li|03_Шумгора_Li_карты_g.tif,1024,1024,272.0118408203125,256.0435485839844,1012.0296020507812,804.38427734375,87.00740051269531,118.95836639404295,1024.0,941.4694595336914,0.0979442968964576,0,04_detection_yolo/reports/proposals/v3i_conf005/crops/000456_p0003.jpg,04_detection_yolo/reports/proposals/v3i_conf005/overlays/000456_p0003.jpg,val,000456:0,0.0955253933769067,False,False,False,False,0.9999709129333496,19.62802124023437,120.0,219.0,99.0,1,True,740.0177612304688,548.3407287597656,405781.87848828547,0.38698375557735964,1.3495582626230178,936.9925994873047,822.5110931396484,770686.8072680638,0.7349842140846861,False,True,False,False,True,0-0.1
000456_p0004,datasets/dataset_yolo_bbox_v3i_li_archaeological_object_merged/images/val/000456.png,000456,025_ШУМГОРА,025_ШУМГОРА|Li|03_Шумгора_Li_карты_g.tif,1024,1024,141.3837890625,264.1205139160156,1024.0,542.529296875,0.0,194.51831817626956,1024.0,612.1314926147461,0.0763474553823471,0,04_detection_yolo/reports/proposals/v3i_conf005/crops/000456_p0004.jpg,04_detection_yolo/reports/proposals/v3i_conf005/overlays/000456_p0004.jpg,val,000456:0,0.1577453810215893,False,False,False,False,0.9999709129333496,19.62802124023437,120.0,219.0,99.0,1,True,882.6162109375,278.4087829589844,245728.1051069796,0.23434458265970193,3.1702168356790974,1024.0,417.61317443847656,427635.890625,0.40782536566257477,True,True,False,False,True,0.1-0.3
000456_p0005,datasets/dataset_yolo_bbox_v3i_li_archaeological_object_merged/images/val/000456.png,000456,025_ШУМГОРА,025_ШУМГОРА|Li|03_Шумгора_Li_карты_g.tif,1024,1024,239.3662109375,725.7254028320312,493.8386840820313,811.9122924804688,175.7480926513672,704.1786804199219,557.4568023681641,833.4590148925781,0.0651650056242942,0,04_detection_yolo/reports/proposals/v3i_conf005/crops/000456_p0005.jpg,04_detection_yolo/reports/proposals/v3i_conf005/overlays/000456_p0005.jpg,val,000456:0,0.0,False,False,False,False,0.9999709129333496,19.62802124023437,120.0,219.0,99.0,1,True,254.4724731445313,86.1868896484375,21932.190961472694,0.020916167222473806,2.952565920205994,381.7087097167969,129.28033447265625,49347.42966331355,0.047061376250566056,False,False,False,False,True,0
000458_p0001,datasets/dataset_yolo_bbox_v3i_li_archaeological_object_merged/images/val/000458.png,000458,025_ШУМГОРА,025_ШУМГОРА|Li|03_Шумгора_Li_карты_g.tif,1024,1024,186.6729431152344,937.0299072265624,319.42926025390625,1024.0,153.4838638305664,915.2873840332032,352.6183395385742,1024.0,0.1988924890756607,0,04_detection_yolo/reports/proposals/v3i_conf005/crops/000458_p0001.jpg,04_detection_yolo/reports/proposals/v3i_conf005/overlays/000458_p0001.jpg,val,000458:0,0.7586475035072988,True,True,False,True,0.9999775886535645,13.178834915161133,156.0,212.0,56.0,2,True,132.75631713867185,86.97009277343761,11545.829217810196,0.011010960786638447,1.5264594173138362,199.1344757080078,108.71261596679676,21648.429783394073,0.020645551474947045,True,True,True,True,False,0.5+
000458_p0002,datasets/dataset_yolo_bbox_v3i_li_archaeological_object_merged/images/val/000458.png,000458,025_ШУМГОРА,025_ШУМГОРА|Li|03_Шумгора_Li_карты_g.tif,1024,1024,424.4906311035156,4.396081447601318,565.2610473632812,78.6635971069336,389.2980270385742,0.0,600.4536514282227,97.23047602176666,0.0943463072180748,0,04_detection_yolo/reports/proposals/v3i_conf005/crops/000458_p0002.jpg,04_detection_yolo/reports/proposals/v3i_conf005/overlays/000458_p0002.jpg,val,000458:0,0.0,False,False,False,True,0.9999775886535645,13.178834915161133,156.0,212.0,56.0,2,True,140.77041625976562,74.26751565933228,10454.669093942866,0.009970349401419512,1.8954507231059743,211.15562438964844,97.23047602176666,20530.761874078882,0.019579660295561678,False,True,False,False,True,0
000458_p0003,datasets/dataset_yolo_bbox_v3i_li_archaeological_object_merged/images/val/000458.png,000458,025_ШУМГОРА,025_ШУМГОРА|Li|03_Шумгора_Li_карты_g.tif,1024,1024,430.2687072753906,0.0,503.7723083496094,66.55357360839844,411.892807006836,0.0,522.1482086181641,83.19196701049805,0.0665286555886268,0,04_detection_yolo/reports/proposals/v3i_conf005/crops/000458_p0003.jpg,04_detection_yolo/reports/proposals/v3i_conf005/overlays/000458_p0003.jpg,val,000458:0,0.0,False,False,False,True,0.9999775886535645,13.178834915161133,156.0,212.0,56.0,2,True,73.50360107421875,66.55357360839844,4891.927324575372,0.004665305447173473,1.104427562473419,110.25540161132807,83.19196701049805,9172.363733578817,0.008747447713450257,True,True,False,False,True,0
000459_p0001,datasets/dataset_yolo_bbox_v3i_li_archaeological_object_merged/images/val/000459.png,000459,025_ШУМГОРА,025_ШУМГОРА|Li|03_Шумгора_Li_карты_g.tif,1024,1024,556.1193237304688,761.0965576171875,1008.7625122070312,1019.5687255859376,442.9585266113281,696.478515625,1024.0,1024.0,0.0849696919322013,0,04_detection_yolo/reports/proposals/v3i_conf005/crops/000459_p0001.jpg,04_detection_yolo/reports/proposals/v3i_conf005/overlays/000459_p0001.jpg,val,000459:0,0.0,False,False,False,True,0.9999775886535645,14.919461250305176,148.0,217.0,69.0,1,True,452.6431884765625,258.4721679687501,116995.66624182469,0.11157576202566594,1.7512260296098423,581.0414733886719,327.521484375,190303.56584769487,0.1814876230694722,False,True,False,False,True,0
000459_p0002,datasets/dataset_yolo_bbox_v3i_li_archaeological_object_merged/images/val/000459.png,000459,025_ШУМГОРА,025_ШУМГОРА|Li|03_Шумгора_Li_карты_g.tif,1024,1024,386.3470764160156,318.39813232421875,1022.7913818359376,1024.0,227.2360000610352,141.99766540527344,1024.0,1024.0,0.0745190680027008,0,04_detection_yolo/reports/proposals/v3i_conf005/crops/000459_p0002.jpg,04_detection_yolo/reports/proposals/v3i_conf005/overlays/000459_p0002.jpg,val,000459:0,0.0060881842349291,False,False,False,True,0.9999775886535645,14.919461250305176,148.0,217.0,69.0,1,True,636.444305419922,705.6018676757812,449076.2905759123,0.42827252442923763,1.1086623945990521,796.7639999389648,882.0023345947266,702747.7080671996,0.6701924400970455,True,True,False,False,True,0-0.1
000459_p0003,datasets/dataset_yolo_bbox_v3i_li_archaeological_object_merged/images/val/000459.png,000459,025_ШУМГОРА,025_ШУМГОРА|Li|03_Шумгора_Li_карты_g.tif,1024,1024,120.25721740722656,895.3820190429688,418.0285034179688,1024.0,45.814395904541016,863.2275238037109,492.4713249206543,1024.0,0.0509041883051395,0,04_detection_yolo/reports/proposals/v3i_conf005/crops/000459_p0003.jpg,04_detection_yolo/reports/proposals/v3i_conf005/overlays/000459_p0003.jpg,val,000459:0,0.8312490429268119,True,True,False,True,0.9999775886535645,14.919461250305176,148.0,217.0,69.0,1,True,297.77128601074224,128.61798095703125,38298.74159368035,0.03652452620857272,2.3151606314689532,446.6569290161133,160.77247619628906,71810.14048815065,0.06848348664107384,True,True,True,True,False,0.5+
000460_p0001,datasets/dataset_yolo_bbox_v3i_li_archaeological_object_merged/images/val/000460.png,000460,025_ШУМГОРА,025_ШУМГОРА|Li|03_Шумгора_Li_карты_g.tif,1024,1024,338.18133544921875,522.6871948242188,539.2942504882812,700.6935424804688,287.9031066894531,478.18560791015625,589.5724792480469,745.1951293945312,0.3155533373355865,0,04_detection_yolo/reports/proposals/v3i_conf005/crops/000460_p0001.jpg,04_detection_yolo/reports/proposals/v3i_conf005/overlays/000460_p0001.jpg,val,000460:0,0.7535895878552833,True,True,False,False,0.9999747276306152,17.333051681518555,135.0,212.0,77.0,1,True,201.1129150390625,178.00634765625,35799.37547260523,0.034140944931607464,1.1298075472422693,301.66937255859375,267.009521484375,80548.59481336176,0.0768171260961168,False,False,True,True,False,0.5+
000460_p0002,datasets/dataset_yolo_bbox_v3i_li_archaeological_object_merged/images/val/000460.png,000460,025_ШУМГОРА,025_ШУМГОРА|Li|03_Шумгора_Li_карты_g.tif,1024,1024,873.5853271484375,49.37773513793945,1024.0,247.3076629638672,835.9816589355469,0.0,1024.0,296.7901449203491,0.1798299551010131,0,04_detection_yolo/reports/proposals/v3i_conf005/crops/000460_p0002.jpg,04_detection_yolo/reports/proposals/v3i_conf005/overlays/000460_p0002.jpg,val,000460:0,0.0,False,False,False,False,0.9999747276306152,17.333051681518555,135.0,212.0,77.0,1,True,150.4146728515625,197.92992782592773,29771.565341470297,0.02839237722537069,1.3158950790742066,188.01834106445312,296.7901449203491,55801.99069220267,0.05321692532749431,True,True,False,False,True,0
000460_p0003,datasets/dataset_yolo_bbox_v3i_li_archaeological_object_merged/images/val/000460.png,000460,025_ШУМГОРА,025_ШУМГОРА|Li|03_Шумгора_Li_карты_g.tif,1024,1024,305.3285217285156,408.7711486816406,819.7531127929688,703.036376953125,176.72237396240234,335.2048416137696,948.359260559082,776.6026840209961,0.0840650796890258,0,04_detection_yolo/reports/proposals/v3i_conf005/crops/000460_p0003.jpg,04_detection_yolo/reports/proposals/v3i_conf005/overlays/000460_p0003.jpg,val,000460:0,0.1782172228243125,False,False,False,False,0.9999747276306152,17.333051681518555,135.0,212.0,77.0,1,True,514.4245910644531,294.2652282714844,151377.2697180463,0.14436461421780233,1.7481664214497448,771.6368865966797,441.3978424072265,340598.8568656041,0.3248203819900552,False,False,False,False,True,0.1-0.3
000460_p0004,datasets/dataset_yolo_bbox_v3i_li_archaeological_object_merged/images/val/000460.png,000460,025_ШУМГОРА,025_ШУМГОРА|Li|03_Шумгора_Li_карты_g.tif,1024,1024,0.0,475.5674743652344,656.66357421875,1012.1680908203124,0.0,341.41732025146484,820.8294677734375,1024.0,0.0758959576487541,0,04_detection_yolo/reports/proposals/v3i_conf005/crops/000460_p0004.jpg,04_detection_yolo/reports/proposals/v3i_conf005/overlays/000460_p0004.jpg,val,000460:0,0.076562524704873,False,False,False,False,0.9999747276306152,17.333051681518555,135.0,212.0,77.0,1,True,656.66357421875,536.600616455078,352366.07872937614,0.33604247925698866,1.2237473347623766,820.8294677734375,682.5826797485352,560283.9777293568,0.534328439454419,True,True,False,False,True,0-0.1
000460_p0005,datasets/dataset_yolo_bbox_v3i_li_archaeological_object_merged/images/val/000460.png,000460,025_ШУМГОРА,025_ШУМГОРА|Li|03_Шумгора_Li_карты_g.tif,1024,1024,5.41357421875,884.2315673828125,239.247802734375,1024.0,0.0,849.2894592285156,297.70635986328125,1024.0,0.0529265590012073,0,04_detection_yolo/reports/proposals/v3i_conf005/crops/000460_p0005.jpg,04_detection_yolo/reports/proposals/v3i_conf005/overlays/000460_p0005.jpg,val,000460:0,0.0,False,False,False,False,0.9999747276306152,17.333051681518555,135.0,212.0,77.0,1,True,233.834228515625,139.7684326171875,32682.643611878157,0.031168597804906994,1.6730117390389203,297.70635986328125,174.71054077148438,52012.439122824,0.04960292732508087,True,True,False,False,True,0
000461_p0001,datasets/dataset_yolo_bbox_v3i_li_archaeological_object_merged/images/val/000461.png,000461,025_ШУМГОРА,025_ШУМГОРА|Li|03_Шумгора_Li_карты_g.tif,1024,1024,797.7461547851562,694.18798828125,907.2531127929688,837.4952392578125,770.3694152832031,658.3611755371094,934.629852294922,873.3220520019531,0.0502708479762077,0,04_detection_yolo/reports/proposals/v3i_conf005/crops/000461_p0001.jpg,04_detection_yolo/reports/proposals/v3i_conf005/overlays/000461_p0001.jpg,val,000461:0,0.7059486987635003,True,True,False,False,0.9421043395996094,13.82469367980957,150.0,209.0,59.0,1,True,109.5069580078125,143.3072509765625,15693.141114905477,0.014966145625024296,1.3086588613514276,164.26043701171886,214.96087646484375,35309.567508537344,0.03367382765630469,False,False,True,True,False,0.5+
000463_p0001,datasets/dataset_yolo_bbox_v3i_li_archaeological_object_merged/images/val/000463.png,000463,025_ШУМГОРА,025_ШУМГОРА|Li|03_Шумгора_Li_карты_g.tif,1024,1024,480.57958984375,374.4048461914063,1023.0613403320312,781.0267944335938,344.9591522216797,272.7493591308594,1024.0,882.6822814941406,0.098154179751873,0,04_detection_yolo/reports/proposals/v3i_conf005/crops/000463_p0001.jpg,04_detection_yolo/reports/proposals/v3i_conf005/overlays/000463_p0001.jpg,val,000463:0,0.0,False,False,False,True,1.0,14.932592391967772,143.0,207.0,64.0,1,True,542.4817504882812,406.62194824218744,220584.98626937714,0.2103662359899303,1.3341182216882561,679.0408477783203,609.9329223632812,414169.3686894709,0.3949826895613393,True,True,False,False,True,0
000463_p0002,datasets/dataset_yolo_bbox_v3i_li_archaeological_object_merged/images/val/000463.png,000463,025_ШУМГОРА,025_ШУМГОРА|Li|03_Шумгора_Li_карты_g.tif,1024,1024,0.0,943.533203125,254.2799835205078,1024.0,0.0,923.41650390625,317.8499794006348,1024.0,0.0718332231044769,0,04_detection_yolo/reports/proposals/v3i_conf005/crops/000463_p0002.jpg,04_detection_yolo/reports/proposals/v3i_conf005/overlays/000463_p0002.jpg,val,000463:0,0.0,False,False,False,True,1.0,14.932592391967772,143.0,207.0,64.0,1,True,254.2799835205078,80.466796875,20461.09578332305,0.019513221534083414,3.160060961734508,317.8499794006348,100.58349609375,31970.462161442272,0.03048940864700534,True,True,False,False,True,0
000464_p0001,datasets/dataset_yolo_bbox_v3i_li_archaeological_object_merged/images/val/000464.png,000464,025_ШУМГОРА,025_ШУМГОРА|Li|03_Шумгора_Li_карты_g.tif,1024,1024,186.17025756835935,172.2413330078125,326.318359375,297.7843933105469,151.13323211669922,140.8555679321289,361.35538482666016,329.17015838623047,0.5910066962242126,0,04_detection_yolo/reports/proposals/v3i_conf005/crops/000464_p0001.jpg,04_detection_yolo/reports/proposals/v3i_conf005/overlays/000464_p0001.jpg,val,000464:0,0.7669453196096004,True,True,False,True,0.9999818801879884,20.36443901062012,117.0,222.0,105.0,2,True,140.14810180664065,125.54306030273438,17594.621596424844,0.016779538723397106,1.1163349170291668,210.22215270996094,188.31459045410156,39587.89859195589,0.03775396212764348,False,False,True,True,False,0.5+
000464_p0002,datasets/dataset_yolo_bbox_v3i_li_archaeological_object_merged/images/val/000464.png,000464,025_ШУМГОРА,025_ШУМГОРА|Li|03_Шумгора_Li_карты_g.tif,1024,1024,836.97802734375,191.15478515625,1023.3284301757812,444.43408203125,790.3904266357422,127.8349609375,1024.0,507.75390625,0.2609481811523437,0,04_detection_yolo/reports/proposals/v3i_conf005/crops/000464_p0002.jpg,04_detection_yolo/reports/proposals/v3i_conf005/overlays/000464_p0002.jpg,val,000464:1,0.7305459065909964,True,True,False,True,0.9999818801879884,20.36443901062012,117.0,222.0,105.0,2,True,186.35040283203125,253.279296875,47198.699001669884,0.04501218700568188,1.3591561543513042,233.6095733642578,379.9189453125,88752.70272745192,0.08464117310280983,True,True,True,True,False,0.5+
000464_p0003,datasets/dataset_yolo_bbox_v3i_li_archaeological_object_merged/images/val/000464.png,000464,025_ШУМГОРА,025_ШУМГОРА|Li|03_Шумгора_Li_карты_g.tif,1024,1024,742.90771484375,99.57950592041016,1022.68212890625,438.59130859375,672.964111328125,14.826555252075195,1024.0,523.344259262085,0.0819184035062789,0,04_detection_yolo/reports/proposals/v3i_conf005/crops/000464_p0003.jpg,04_detection_yolo/reports/proposals/v3i_conf005/overlays/000464_p0003.jpg,val,000464:1,0.5729670067917112,True,True,False,True,0.9999818801879884,20.36443901062012,117.0,222.0,105.0,2,True,279.7744140625,339.01180267333984,94846.82845320553,0.09045298428841164,1.2117326875988257,351.035888671875,508.51770401000977,178507.96413253527,0.17023846066716697,True,True,True,True,False,0.5+
000464_p0004,datasets/dataset_yolo_bbox_v3i_li_archaeological_object_merged/images/val/000464.png,000464,025_ШУМГОРА,025_ШУМГОРА|Li|03_Шумгора_Li_карты_g.tif,1024,1024,198.6417236328125,220.93017578125,311.16558837890625,291.96051025390625,170.51075744628906,203.17259216308597,339.2965545654297,309.7180938720703,0.0757268592715263,0,04_detection_yolo/reports/proposals/v3i_conf005/crops/000464_p0004.jpg,04_detection_yolo/reports/proposals/v3i_conf005/overlays/000464_p0004.jpg,val,000464:0,0.5601992827783918,True,True,False,True,0.9999818801879884,20.36443901062012,117.0,222.0,105.0,2,True,112.52386474609375,71.03033447265625,7992.607749070972,0.007622344731398556,1.5841663365587952,168.78579711914062,106.54550170898435,17983.367435409684,0.017150275645646747,False,False,True,True,False,0.5+
000465_p0001,datasets/dataset_yolo_bbox_v3i_li_archaeological_object_merged/images/val/000465.png,000465,025_ШУМГОРА,025_ШУМГОРА|Li|03_Шумгора_Li_карты_g.tif,1024,1024,5.251733303070068,131.447509765625,401.8201293945313,450.889892578125,0.0,51.5869140625,500.96222841739655,530.75048828125,0.5694469809532166,0,04_detection_yolo/reports/proposals/v3i_conf005/crops/000465_p0001.jpg,04_detection_yolo/reports/proposals/v3i_conf005/overlays/000465_p0001.jpg,val,000465:0,0.757053312578037,True,True,False,False,0.9999639987945556,25.77537727355957,89.0,227.0,138.0,1,True,396.56839609146124,319.4423828125,126680.75339558769,0.12081218089636582,1.241439512815778,500.96222841739655,479.16357421875,240042.85191706958,0.22892270271021803,False,True,True,True,False,0.5+
000465_p0002,datasets/dataset_yolo_bbox_v3i_li_archaeological_object_merged/images/val/000465.png,000465,025_ШУМГОРА,025_ШУМГОРА|Li|03_Шумгора_Li_карты_g.tif,1024,1024,1.292626976966858,939.0530395507812,222.8637237548828,1024.0,0.0,917.8162994384766,278.2564979493618,1024.0,0.0610706731677055,0,04_detection_yolo/reports/proposals/v3i_conf005/crops/000465_p0002.jpg,04_detection_yolo/reports/proposals/v3i_conf005/overlays/000465_p0002.jpg,val,000465:0,0.0,False,False,False,False,0.9999639987945556,25.77537727355957,89.0,227.0,138.0,1,True,221.57109677791595,84.94696044921875,18821.791194683647,0.017949858851131102,2.6083463799787285,278.2564979493618,106.18370056152344,29546.304657553195,0.028177551896622844,True,True,False,False,True,0
000467_p0001,datasets/dataset_yolo_bbox_v3i_li_archaeological_object_merged/images/val/000467.png,000467,025_ШУМГОРА,025_ШУМГОРА|Li|03_Шумгора_Li_карты_g.tif,1024,1024,303.5746459960937,280.33563232421875,1024.0,1024.0,123.4683074951172,94.41954040527344,1024.0,1024.0,0.0739970356225967,0,04_detection_yolo/reports/proposals/v3i_conf005/crops/000467_p0001.jpg,04_detection_yolo/reports/proposals/v3i_conf005/overlays/000467_p0001.jpg,val,,0.0,False,False,False,False,0.9999191761016846,23.996644973754883,99.0,224.0,125.0,0,False,720.4253540039062,743.6643676757812,535754.6653429158,0.5109354642323645,1.0322573512199698,900.5316925048828,929.5804595947266,837116.664598306,0.7983366628630695,True,True,False,False,True,0
000467_p0002,datasets/dataset_yolo_bbox_v3i_li_archaeological_object_merged/images/val/000467.png,000467,025_ШУМГОРА,025_ШУМГОРА|Li|03_Шумгора_Li_карты_g.tif,1024,1024,842.6417236328125,680.9104614257812,1024.0,1024.0,797.3021545410156,595.1380767822266,1024.0,1024.0,0.0512184202671051,0,04_detection_yolo/reports/proposals/v3i_conf005/crops/000467_p0002.jpg,04_detection_yolo/reports/proposals/v3i_conf005/overlays/000467_p0002.jpg,val,,0.0,False,False,False,False,0.9999191761016846,23.996644973754883,99.0,224.0,125.0,0,False,181.3582763671875,343.08953857421875,62222.127355434,0.05933964477103615,1.8917776759169327,226.69784545898438,428.86192321777344,97222.07399286563,0.09271819495474398,True,True,False,False,True,0
000468_p0001,datasets/dataset_yolo_bbox_v3i_li_archaeological_object_merged/images/val/000468.png,000468,025_ШУМГОРА,025_ШУМГОРА|Li|03_Шумгора_Li_карты_g.tif,1024,1024,0.0,346.6602478027344,102.12831115722656,984.1007690429688,0.0,187.30011749267575,127.6603889465332,1024.0,0.0654046609997749,0,04_detection_yolo/reports/proposals/v3i_conf005/crops/000468_p0001.jpg,04_detection_yolo/reports/proposals/v3i_conf005/overlays/000468_p0001.jpg,val,,0.0,False,False,False,False,0.932502508163452,17.751522064208984,133.0,214.0,81.0,0,False,102.12831115722656,637.4405212402344,65100.723897447344,0.06208488836045012,6.241565282117458,127.6603889465332,836.6998825073242,106813.43243240364,0.10186522715797772,True,True,False,False,True,0
000470_p0001,datasets/dataset_yolo_bbox_v3i_li_archaeological_object_merged/images/val/000470.png,000470,037_КЧР,037_КЧР|Li|03_КЧР_Li_карты_g.tif,1024,1024,625.9861450195312,766.1530151367188,688.7554931640625,821.5188598632812,610.2938079833984,752.3115539550781,704.4478302001953,835.3603210449219,0.4279967844486236,0,04_detection_yolo/reports/proposals/v3i_conf005/crops/000470_p0001.jpg,04_detection_yolo/reports/proposals/v3i_conf005/overlays/000470_p0001.jpg,val,000470:1,0.4761970275242939,True,False,True,False,0.9980478286743164,26.74845314025879,114.0,240.0,126.0,2,True,62.76934814453125,55.3658447265625,3475.277982957661,0.003314283354718839,1.1337196868309827,94.15402221679688,83.04876708984375,7819.375461654738,0.007457137548117387,False,False,True,False,False,0.3-0.5
000470_p0002,datasets/dataset_yolo_bbox_v3i_li_archaeological_object_merged/images/val/000470.png,000470,037_КЧР,037_КЧР|Li|03_КЧР_Li_карты_g.tif,1024,1024,823.6575927734375,677.4484252929688,1018.6917724609376,890.5779418945312,774.8990478515625,624.1660461425781,1024.0,943.860321044922,0.1693498492240905,0,04_detection_yolo/reports/proposals/v3i_conf005/crops/000470_p0002.jpg,04_detection_yolo/reports/proposals/v3i_conf005/overlays/000470_p0002.jpg,val,000470:0,0.1695323823792517,False,False,True,False,0.9980478286743164,26.74845314025879,114.0,240.0,126.0,2,True,195.0341796875001,213.1295166015625,41567.54043757918,0.039641895711497475,1.092780336980196,249.1009521484375,319.69427490234386,79636.14827457818,0.07594694926698511,False,True,False,False,True,0.1-0.3
000470_p0003,datasets/dataset_yolo_bbox_v3i_li_archaeological_object_merged/images/val/000470.png,000470,037_КЧР,037_КЧР|Li|03_КЧР_Li_карты_g.tif,1024,1024,849.0836791992188,734.6552734375,916.21337890625,827.36572265625,832.3012542724609,711.4776611328125,932.9958038330078,850.5433349609375,0.1064656153321266,0,04_detection_yolo/reports/proposals/v3i_conf005/crops/000470_p0003.jpg,04_detection_yolo/reports/proposals/v3i_conf005/overlays/000470_p0003.jpg,val,000470:0,0.5922960594180786,True,True,True,False,0.9980478286743164,26.74845314025879,114.0,240.0,126.0,2,True,67.12969970703125,92.71044921875,6223.6246157586575,0.005935310951002748,1.381064560445805,100.69454956054688,139.065673828125,14003.15538545698,0.013354449639756183,False,False,True,True,False,0.5+
000471_p0001,datasets/dataset_yolo_bbox_v3i_li_archaeological_object_merged/images/val/000471.png,000471,037_КЧР,037_КЧР|Li|03_КЧР_Li_карты_g.tif,1024,1024,1.0860106945037842,473.1897583007813,105.5094757080078,563.3719482421875,0.0,450.6442108154297,131.61534196138382,585.9174957275391,0.0564788393676281,0,04_detection_yolo/reports/proposals/v3i_conf005/crops/000471_p0001.jpg,04_detection_yolo/reports/proposals/v3i_conf005/overlays/000471_p0001.jpg,val,000471:0,0.0,False,False,True,False,0.9990234375,40.740631103515625,80.0,239.0,159.0,2,True,104.42346501350401,90.1821899414062,9417.136756187603,0.008980881458461383,1.1579167137253017,131.61534196138382,135.27328491210938,17804.03965194698,0.016979255344340305,True,True,False,False,True,0
000471_p0002,datasets/dataset_yolo_bbox_v3i_li_archaeological_object_merged/images/val/000471.png,000471,037_КЧР,037_КЧР|Li|03_КЧР_Li_карты_g.tif,1024,1024,711.0343017578125,313.3365783691406,905.5009765625,413.10638427734375,662.4176330566406,288.39412689208984,954.117645263672,438.0488357543945,0.0550604127347469,0,04_detection_yolo/reports/proposals/v3i_conf005/crops/000471_p0002.jpg,04_detection_yolo/reports/proposals/v3i_conf005/overlays/000471_p0002.jpg,val,000471:1,0.6003041286485827,True,True,True,False,0.9990234375,40.740631103515625,80.0,239.0,159.0,2,True,194.4666748046875,99.76980590820312,19401.902400877327,0.018503096009137465,1.949153584438299,291.70001220703136,149.65470886230463,43654.280401973985,0.0416319660205593,False,False,True,True,False,0.5+
000471_p0003,datasets/dataset_yolo_bbox_v3i_li_archaeological_object_merged/images/val/000471.png,000471,037_КЧР,037_КЧР|Li|03_КЧР_Li_карты_g.tif,1024,1024,422.87060546875,340.488525390625,708.7100830078125,518.1517333984375,351.4107360839844,296.0727233886719,780.1699523925781,562.5675354003906,0.0545327104628086,0,04_detection_yolo/reports/proposals/v3i_conf005/crops/000471_p0003.jpg,04_detection_yolo/reports/proposals/v3i_conf005/overlays/000471_p0003.jpg,val,000471:0,0.712004302318168,True,True,True,False,0.9990234375,40.740631103515625,80.0,239.0,159.0,2,True,285.8394775390625,177.6632080078125,50783.15855486691,0.04843059401976291,1.6088839143695588,428.75921630859375,266.49481201171875,114262.10674845055,0.10896883654446654,False,False,True,True,False,0.5+
000472_p0001,datasets/dataset_yolo_bbox_v3i_li_archaeological_object_merged/images/val/000472.png,000472,037_КЧР,037_КЧР|Li|03_КЧР_Li_карты_g.tif,1024,1024,324.56317138671875,174.54574584960938,381.0616149902344,225.1963806152344,310.43856048583984,161.88308715820312,395.1862258911133,237.85903930664065,0.069502554833889,0,04_detection_yolo/reports/proposals/v3i_conf005/crops/000472_p0001.jpg,04_detection_yolo/reports/proposals/v3i_conf005/overlays/000472_p0001.jpg,val,000472:0,0.490617861938499,True,False,False,True,1.0,27.65059280395508,97.0,231.0,134.0,2,True,56.498443603515625,50.65063476562503,2861.6820317879337,0.0027291126554374063,1.1154538114862742,84.74766540527344,75.97595214843753,6438.78457152285,0.006140503474734163,False,False,True,False,False,0.3-0.5
000473_p0001,datasets/dataset_yolo_bbox_v3i_li_archaeological_object_merged/images/val/000473.png,000473,037_КЧР,037_КЧР|Li|03_КЧР_Li_карты_g.tif,1024,1024,626.9788818359375,0.1770385801792144,687.2883911132812,53.81110763549805,611.9015045166016,0.0,702.3657684326172,67.21962489932775,0.3117440640926361,0,04_detection_yolo/reports/proposals/v3i_conf005/crops/000473_p0001.jpg,04_detection_yolo/reports/proposals/v3i_conf005/overlays/000473_p0001.jpg,val,000473:1,0.5768984685941276,True,True,True,True,0.9990234375,32.3065299987793,66.0,215.0,149.0,2,True,60.30950927734375,53.63406905531883,3234.6443852734465,0.003084797272942969,1.1244626846256953,90.46426391601562,67.21962489932775,6080.9738872283615,0.005799268614986764,True,True,True,True,False,0.5+
000473_p0002,datasets/dataset_yolo_bbox_v3i_li_archaeological_object_merged/images/val/000473.png,000473,037_КЧР,037_КЧР|Li|03_КЧР_Li_карты_g.tif,1024,1024,561.00390625,776.2496948242188,1009.2899169921876,1017.72314453125,448.9324035644531,715.8813323974609,1024.0,1024.0,0.0672846585512161,0,04_detection_yolo/reports/proposals/v3i_conf005/crops/000473_p0002.jpg,04_detection_yolo/reports/proposals/v3i_conf005/overlays/000473_p0002.jpg,val,000473:0,0.0,False,False,True,True,0.9990234375,32.3065299987793,66.0,215.0,149.0,2,True,448.2860107421876,241.47344970703125,108249.16946931931,0.1032344526951974,1.8564608708993582,575.0675964355469,308.11866760253906,177189.06159511534,0.16898065719138655,False,True,False,False,True,0
000473_p0003,datasets/dataset_yolo_bbox_v3i_li_archaeological_object_merged/images/val/000473.png,000473,037_КЧР,037_КЧР|Li|03_КЧР_Li_карты_g.tif,1024,1024,742.2999267578125,196.56396484375,840.5186767578125,285.654541015625,717.7452392578125,174.29132080078125,865.0733642578125,307.9271850585937,0.0541630536317825,0,04_detection_yolo/reports/proposals/v3i_conf005/crops/000473_p0003.jpg,04_detection_yolo/reports/proposals/v3i_conf005/overlays/000473_p0003.jpg,val,000473:0,0.0,False,False,True,True,0.9990234375,32.3065299987793,66.0,215.0,149.0,2,True,98.21875,89.090576171875,8750.365028381348,0.008344998386746738,1.1024594768644753,147.328125,133.63586425781244,19688.321313858025,0.018776246370180154,False,False,False,False,True,0
000473_p0004,datasets/dataset_yolo_bbox_v3i_li_archaeological_object_merged/images/val/000473.png,000473,037_КЧР,037_КЧР|Li|03_КЧР_Li_карты_g.tif,1024,1024,416.3584899902344,510.4175720214844,1018.5374755859376,1015.85546875,265.8137435913086,384.0580978393554,1024.0,1024.0,0.0502235628664493,0,04_detection_yolo/reports/proposals/v3i_conf005/crops/000473_p0004.jpg,04_detection_yolo/reports/proposals/v3i_conf005/overlays/000473_p0004.jpg,val,000473:0,0.0,False,False,True,True,0.9990234375,32.3065299987793,66.0,215.0,149.0,2,True,602.1789855957032,505.4378967285156,304364.07993360335,0.2902642058692964,1.191400544940044,758.1862564086914,639.9419021606445,485195.15511823614,0.4627181578810083,False,True,False,False,True,0
000474_p0001,datasets/dataset_yolo_bbox_v3i_li_archaeological_object_merged/images/val/000474.png,000474,037_КЧР,037_КЧР|Li|03_КЧР_Li_карты_g.tif,1024,1024,843.1359252929688,518.8992919921875,1024.0,926.3904418945312,797.9199066162109,417.0265045166016,1024.0,1024.0,0.0524201989173889,0,04_detection_yolo/reports/proposals/v3i_conf005/crops/000474_p0001.jpg,04_detection_yolo/reports/proposals/v3i_conf005/overlays/000474_p0001.jpg,val,,0.0,False,False,True,False,0.9980478286743164,39.26927947998047,29.0,194.0,165.0,0,False,180.86407470703125,407.49114990234375,73700.50977839157,0.07028628328169972,2.2530242700901737,226.08009338378906,606.9734954833984,137224.6245403716,0.1308676000026432,True,True,False,False,True,0
000475_p0001,datasets/dataset_yolo_bbox_v3i_li_archaeological_object_merged/images/val/000475.png,000475,037_КЧР,037_КЧР|Li|03_КЧР_Li_карты_g.tif,1024,1024,584.4146728515625,459.7019653320313,1011.0553588867188,1001.1921997070312,477.75450134277344,324.32940673828125,1024.0,1024.0,0.1694079637527465,0,04_detection_yolo/reports/proposals/v3i_conf005/crops/000475_p0001.jpg,04_detection_yolo/reports/proposals/v3i_conf005/overlays/000475_p0001.jpg,val,000475:1,0.0168817146680836,False,False,True,False,0.9990234375,43.09975814819336,12.0,205.0,193.0,2,True,426.64068603515625,541.490234375,231021.76507508755,0.2203195238829494,1.2691950207730067,546.2454986572266,699.6705932617188,382191.9121120451,0.3644866105194522,False,True,False,False,True,0-0.1
000475_p0002,datasets/dataset_yolo_bbox_v3i_li_archaeological_object_merged/images/val/000475.png,000475,037_КЧР,037_КЧР|Li|03_КЧР_Li_карты_g.tif,1024,1024,5.5882568359375,514.3759765625,399.7320556640625,994.6806640625,0.0,394.2998046875,498.26800537109375,1024.0,0.0700538828969001,0,04_detection_yolo/reports/proposals/v3i_conf005/crops/000475_p0002.jpg,04_detection_yolo/reports/proposals/v3i_conf005/overlays/000475_p0002.jpg,val,000475:0,0.0084042501561888,False,False,True,False,0.9990234375,43.09975814819336,12.0,205.0,193.0,2,True,394.143798828125,480.3046875,189309.11412620544,0.18053924000378174,1.2186026747802452,498.26800537109375,629.7001953125,313759.46030014753,0.29922433881773713,False,True,False,False,True,0-0.1
000476_p0001,datasets/dataset_yolo_bbox_v3i_li_archaeological_object_merged/images/val/000476.png,000476,037_КЧР,037_КЧР|Li|03_КЧР_Li_карты_g.tif,1024,1024,9.116406440734863,439.841796875,583.5665893554688,994.4085693359376,0.0,301.2001037597656,727.1791350841522,1024.0,0.1639954447746276,0,04_detection_yolo/reports/proposals/v3i_conf005/crops/000476_p0001.jpg,04_detection_yolo/reports/proposals/v3i_conf005/overlays/000476_p0001.jpg,val,000476:0,0.0122423061655881,False,False,True,False,0.9980478286743164,52.432315826416016,6.0,242.0,236.0,1,True,574.4501829147339,554.5667724609376,318570.9838786192,0.30381296527730867,1.0358539520237788,727.1791350841522,722.7998962402344,525605.0033868887,0.5012559923046958,False,True,False,False,True,0-0.1
000476_p0002,datasets/dataset_yolo_bbox_v3i_li_archaeological_object_merged/images/val/000476.png,000476,037_КЧР,037_КЧР|Li|03_КЧР_Li_карты_g.tif,1024,1024,739.4844970703125,547.1429443359375,1016.1071166992188,779.4652099609375,670.3288421630859,489.0623779296875,1024.0,837.5457763671875,0.156627744436264,0,04_detection_yolo/reports/proposals/v3i_conf005/crops/000476_p0002.jpg,04_detection_yolo/reports/proposals/v3i_conf005/overlays/000476_p0002.jpg,val,000476:0,0.0,False,False,True,False,0.9980478286743164,52.432315826416016,6.0,242.0,236.0,1,True,276.62261962890625,232.322265625,64265.5937153101,0.06128844615489015,1.1906849258926095,353.67115783691406,348.4833984375,123248.52701233327,0.11753895474656417,False,True,False,False,True,0
000476_p0003,datasets/dataset_yolo_bbox_v3i_li_archaeological_object_merged/images/val/000476.png,000476,037_КЧР,037_КЧР|Li|03_КЧР_Li_карты_g.tif,1024,1024,495.61962890625,0.0,1016.9607543945312,525.2347412109375,365.2843475341797,0.0,1024.0,656.5434265136719,0.1510851383209228,0,04_detection_yolo/reports/proposals/v3i_conf005/crops/000476_p0003.jpg,04_detection_yolo/reports/proposals/v3i_conf005/overlays/000476_p0003.jpg,val,000476:0,0.0,False,False,True,False,0.9980478286743164,52.432315826416016,6.0,242.0,236.0,1,True,521.3411254882812,525.2347412109375,273826.4711284563,0.2611412726673663,1.007468460730025,658.7156524658203,656.5434265136719,432475.4315680987,0.4124407115632045,True,True,False,False,True,0
000476_p0004,datasets/dataset_yolo_bbox_v3i_li_archaeological_object_merged/images/val/000476.png,000476,037_КЧР,037_КЧР|Li|03_КЧР_Li_карты_g.tif,1024,1024,596.1456298828125,201.53201293945312,1010.1754150390624,552.2945556640625,492.63818359375,113.84137725830078,1024.0,639.9851913452148,0.0836547017097473,0,04_detection_yolo/reports/proposals/v3i_conf005/crops/000476_p0004.jpg,04_detection_yolo/reports/proposals/v3i_conf005/overlays/000476_p0004.jpg,val,000476:0,0.0,False,False,True,False,0.9980478286743164,52.432315826416016,6.0,242.0,236.0,1,True,414.0297851562499,350.7625427246094,145226.14020512995,0.13849843998444553,1.1803705775998803,531.36181640625,526.1438140869141,279572.73274413496,0.26662133478559014,False,True,False,False,True,0
000476_p0005,datasets/dataset_yolo_bbox_v3i_li_archaeological_object_merged/images/val/000476.png,000476,037_КЧР,037_КЧР|Li|03_КЧР_Li_карты_g.tif,1024,1024,487.7654418945313,555.7820434570312,1017.5458984375,821.6339111328125,355.32032775878906,489.31907653808594,1024.0,888.0968780517578,0.073117621243,0,04_detection_yolo/reports/proposals/v3i_conf005/crops/000476_p0005.jpg,04_detection_yolo/reports/proposals/v3i_conf005/overlays/000476_p0005.jpg,val,000476:0,0.0,False,False,True,False,0.9980478286743164,52.432315826416016,6.0,242.0,236.0,1,True,529.7804565429688,265.85186767578125,140843.1238300763,0.13431846983916884,1.9927655997852938,668.6796722412109,398.7778015136719,266654.6096132328,0.25430165253947523,False,True,False,False,True,0
